# Blender v2.74 (sub 0) OBJ File: ''
# www.blender.org
mtllib F16.mtl
o Tire_1_1
v -0.423250 -0.284373 -0.253659
v -0.423250 -0.284823 -0.252422
v -0.423250 -0.274634 -0.280417
v -0.406193 -0.267167 -0.279101
v -0.406193 -0.267167 -0.311525
v -0.384376 -0.267167 -0.311525
v -0.406193 -0.278257 -0.248632
v -0.384376 -0.267167 -0.279101
v -0.423250 -0.303973 -0.229602
v -0.406193 -0.299099 -0.223794
v -0.384376 -0.278257 -0.248632
v -0.384376 -0.299099 -0.223794
v -0.367318 -0.284823 -0.252423
v -0.367318 -0.303972 -0.229602
v -0.423250 -0.329769 -0.214706
v -0.406193 -0.327179 -0.207582
v -0.384376 -0.327179 -0.207582
v -0.367318 -0.329769 -0.214706
v -0.423250 -0.359108 -0.209533
v -0.406193 -0.359108 -0.201951
v -0.384376 -0.359108 -0.201951
v -0.367318 -0.359108 -0.209533
v -0.423250 -0.388447 -0.214706
v -0.406193 -0.391046 -0.207582
v -0.384376 -0.391046 -0.207582
v -0.367318 -0.388447 -0.214706
v -0.423250 -0.414246 -0.229602
v -0.406193 -0.419124 -0.223794
v -0.384376 -0.419124 -0.223794
v -0.367318 -0.414246 -0.229602
v -0.423250 -0.433401 -0.252422
v -0.406193 -0.439967 -0.248632
v -0.384376 -0.439967 -0.248632
v -0.367318 -0.433401 -0.252423
v -0.423250 -0.443585 -0.280417
v -0.406193 -0.451054 -0.279101
v -0.384376 -0.451054 -0.279101
v -0.367318 -0.443585 -0.280417
v -0.367318 -0.274634 -0.280417
v -0.367318 -0.284823 -0.252423
v -0.367318 -0.274634 -0.310209
v -0.367318 -0.284823 -0.338203
v -0.367318 -0.303972 -0.229602
v -0.367318 -0.303972 -0.361024
v -0.367318 -0.329769 -0.214706
v -0.367318 -0.329769 -0.375920
v -0.367318 -0.359108 -0.209533
v -0.367318 -0.359108 -0.381093
v -0.367318 -0.388447 -0.214706
v -0.367318 -0.388447 -0.375920
v -0.367318 -0.414246 -0.229602
v -0.367318 -0.414246 -0.361024
v -0.367318 -0.433401 -0.252423
v -0.367318 -0.433401 -0.338203
v -0.367318 -0.443585 -0.280417
v -0.367318 -0.443585 -0.310209
v -0.423250 -0.443585 -0.280417
v -0.423250 -0.433401 -0.252422
v -0.423250 -0.443585 -0.310209
v -0.423250 -0.433401 -0.338203
v -0.423250 -0.414246 -0.229602
v -0.423250 -0.414246 -0.361024
v -0.423250 -0.388447 -0.214706
v -0.423250 -0.388447 -0.375920
v -0.423250 -0.359108 -0.381093
v -0.423250 -0.359108 -0.209533
v -0.423250 -0.329769 -0.214706
v -0.423250 -0.329769 -0.375920
v -0.423250 -0.303973 -0.229602
v -0.423250 -0.303973 -0.361024
v -0.423250 -0.284823 -0.252422
v -0.423250 -0.284373 -0.253659
v -0.423250 -0.284823 -0.338203
v -0.423250 -0.274634 -0.280417
v -0.423250 -0.274634 -0.310208
v -0.367318 -0.274634 -0.280417
v -0.423250 -0.443585 -0.280417
v -0.423250 -0.443585 -0.310209
v -0.406193 -0.451054 -0.279101
v -0.406193 -0.451054 -0.311525
v -0.384376 -0.451054 -0.279101
v -0.384376 -0.451054 -0.311525
v -0.367318 -0.443585 -0.280417
v -0.367318 -0.443585 -0.310209
v -0.423250 -0.433401 -0.338203
v -0.406193 -0.439967 -0.341994
v -0.384376 -0.439967 -0.341994
v -0.367318 -0.433401 -0.338203
v -0.423250 -0.414246 -0.361024
v -0.406193 -0.419124 -0.366832
v -0.384376 -0.419124 -0.366832
v -0.367318 -0.414246 -0.361024
v -0.423250 -0.388447 -0.375920
v -0.406193 -0.391046 -0.383044
v -0.384376 -0.391046 -0.383044
v -0.367318 -0.388447 -0.375920
v -0.406193 -0.359108 -0.388675
v -0.384376 -0.359108 -0.388675
v -0.367318 -0.359108 -0.381093
v -0.423250 -0.359108 -0.381093
v -0.423250 -0.329769 -0.375920
v -0.406193 -0.327179 -0.383044
v -0.384376 -0.327179 -0.383044
v -0.367318 -0.329769 -0.375920
v -0.384376 -0.299099 -0.366832
v -0.367318 -0.303972 -0.361024
v -0.384376 -0.278257 -0.341994
v -0.367318 -0.284823 -0.338203
v -0.384376 -0.267167 -0.311525
v -0.367318 -0.274634 -0.310209
v -0.384376 -0.267167 -0.279101
v -0.367318 -0.274634 -0.280417
v -0.406193 -0.299099 -0.366832
v -0.406193 -0.278257 -0.341994
v -0.406193 -0.267167 -0.311525
v -0.423250 -0.284823 -0.338203
v -0.423250 -0.274634 -0.310208
v -0.423250 -0.303973 -0.361024
v -0.423250 -0.274634 -0.310208
vt 0.554455 0.935761
vt 0.554660 0.935761
vt 0.550009 0.935761
vt 0.546601 0.943547
vt 0.546247 0.955628
vt 0.551663 0.943547
vt 0.546601 0.953506
vt 0.563401 0.935761
vt 0.561177 0.943547
vt 0.551663 0.953506
vt 0.561177 0.953506
vt 0.554660 0.961292
vt 0.563401 0.961292
vt 0.575178 0.935761
vt 0.573994 0.943547
vt 0.573994 0.953506
vt 0.575178 0.961292
vt 0.588570 0.935761
vt 0.588570 0.943547
vt 0.588570 0.953506
vt 0.588570 0.961292
vt 0.601962 0.935761
vt 0.603145 0.943547
vt 0.603145 0.953506
vt 0.601962 0.961292
vt 0.613738 0.935761
vt 0.615963 0.943547
vt 0.615963 0.953506
vt 0.613738 0.961292
vt 0.622479 0.935761
vt 0.625476 0.943547
vt 0.625476 0.953506
vt 0.622479 0.961292
vt 0.627130 0.935761
vt 0.630538 0.943547
vt 0.630538 0.953506
vt 0.627130 0.961292
vt 0.573500 0.874357
vt 0.581750 0.877360
vt 0.564722 0.874357
vt 0.556472 0.877360
vt 0.588475 0.883002
vt 0.549747 0.883002
vt 0.592864 0.890605
vt 0.545358 0.890605
vt 0.594389 0.899251
vt 0.543833 0.899251
vt 0.592864 0.907896
vt 0.545358 0.907896
vt 0.588475 0.915499
vt 0.549747 0.915499
vt 0.581750 0.921142
vt 0.556472 0.921142
vt 0.573500 0.924145
vt 0.564722 0.924145
vt 0.563049 0.865674
vt 0.554799 0.862672
vt 0.571828 0.865674
vt 0.580077 0.862672
vt 0.548074 0.857029
vt 0.586802 0.857029
vt 0.543685 0.849426
vt 0.591192 0.849426
vt 0.592620 0.841327
vt 0.542161 0.840781
vt 0.543685 0.832135
vt 0.591192 0.832135
vt 0.548074 0.824532
vt 0.586802 0.824532
vt 0.554799 0.818889
vt 0.555164 0.818757
vt 0.580077 0.818889
vt 0.563049 0.815887
vt 0.571828 0.815887
vt 0.550009 0.961292
vt 0.627272 0.991400
vt 0.630741 0.983476
vt 0.630741 0.973341
vt 0.627272 0.965417
vt 0.622539 0.991400
vt 0.625589 0.983476
vt 0.625589 0.973341
vt 0.622539 0.965417
vt 0.613643 0.991400
vt 0.615907 0.983476
vt 0.615907 0.973341
vt 0.613643 0.965418
vt 0.601658 0.991400
vt 0.602863 0.983476
vt 0.602863 0.973341
vt 0.601658 0.965418
vt 0.588029 0.983476
vt 0.588029 0.973341
vt 0.588029 0.965418
vt 0.588890 0.991400
vt 0.574400 0.991400
vt 0.573196 0.983476
vt 0.573196 0.973341
vt 0.574400 0.965418
vt 0.560151 0.973341
vt 0.562415 0.965417
vt 0.550469 0.973341
vt 0.553519 0.965417
vt 0.545318 0.973341
vt 0.548786 0.965417
vt 0.560151 0.983476
vt 0.550469 0.983476
vt 0.545318 0.983476
vt 0.553519 0.991400
vt 0.548786 0.991400
vt 0.562415 0.991400
vn -0.401000 0.860900 0.313100
vn -0.406200 0.791300 0.456900
vn -0.406300 0.899900 0.158700
vn -0.203100 0.964300 0.170000
vn -0.203100 0.964300 -0.170000
vn 0.203100 0.964300 -0.170000
vn -0.203100 0.848000 0.489600
vn 0.203100 0.964300 0.170000
vn -0.406200 0.587400 0.700000
vn -0.203100 0.629400 0.750100
vn 0.203100 0.848000 0.489600
vn 0.203100 0.629400 0.750100
vn 0.406200 0.791400 0.456900
vn 0.406100 0.587400 0.700000
vn -0.406100 0.312600 0.858700
vn -0.203100 0.334900 0.920100
vn 0.203100 0.334900 0.920100
vn 0.406100 0.312600 0.858700
vn -0.406200 0.000000 0.913800
vn -0.203100 0.000000 0.979200
vn 0.203100 0.000000 0.979200
vn 0.406200 0.000000 0.913800
vn -0.406200 -0.312500 0.858700
vn -0.203100 -0.334900 0.920100
vn 0.203100 -0.334900 0.920100
vn 0.406200 -0.312500 0.858700
vn -0.406300 -0.587300 0.700000
vn -0.203100 -0.629400 0.750100
vn 0.203200 -0.629400 0.750100
vn 0.406300 -0.587300 0.700000
vn -0.406200 -0.791400 0.456900
vn -0.203100 -0.848000 0.489500
vn 0.203100 -0.848000 0.489600
vn 0.406200 -0.791300 0.456900
vn -0.406200 -0.899900 0.158700
vn -0.203100 -0.964300 0.170000
vn 0.203100 -0.964300 0.170000
vn 0.406200 -0.899900 0.158700
vn 1.000000 -0.000000 0.000000
vn -1.000000 0.000000 0.000000
vn 0.406200 0.899900 0.158700
vn -0.406300 -0.899900 -0.158600
vn -0.203100 -0.964300 -0.170000
vn 0.203100 -0.964300 -0.170000
vn 0.406300 -0.899900 -0.158600
vn -0.406200 -0.791300 -0.456900
vn -0.203100 -0.848000 -0.489600
vn 0.203100 -0.848000 -0.489500
vn 0.406200 -0.791400 -0.456900
vn -0.406300 -0.587300 -0.700000
vn -0.203200 -0.629400 -0.750100
vn 0.203100 -0.629400 -0.750100
vn 0.406300 -0.587300 -0.700000
vn -0.406200 -0.312500 -0.858700
vn -0.203100 -0.334900 -0.920100
vn 0.203100 -0.334900 -0.920100
vn 0.406200 -0.312500 -0.858700
vn -0.203100 0.000000 -0.979200
vn 0.203100 0.000000 -0.979200
vn 0.406200 0.000000 -0.913800
vn -0.406200 -0.000000 -0.913800
vn -0.406100 0.312600 -0.858700
vn -0.203100 0.334900 -0.920100
vn 0.203100 0.334900 -0.920100
vn 0.406100 0.312600 -0.858700
vn 0.203100 0.629400 -0.750100
vn 0.406100 0.587400 -0.700000
vn 0.203100 0.848000 -0.489600
vn 0.406200 0.791400 -0.456900
vn 0.406200 0.899900 -0.158700
vn -0.203100 0.629400 -0.750100
vn -0.203100 0.848000 -0.489600
vn -0.406200 0.791400 -0.456900
vn -0.406200 0.899900 -0.158700
vn -0.406200 0.587400 -0.700000
usemtl Tire_1_1_Phong
s 1
f 1/1/1 2/2/2 3/3/3
f 4/4/4 3/3/3 2/2/2
f 3/3/3 4/4/4 5/4/5
f 6/5/6 5/4/5 4/4/4
f 2/2/2 7/6/7 4/4/4
f 8/7/8 4/4/4 7/6/7
f 4/4/4 8/7/8 6/5/6
f 2/2/2 9/8/9 7/6/7
f 10/9/10 7/6/7 9/8/9
f 7/6/7 10/9/10 11/10/11
f 12/11/12 11/10/11 10/9/10
f 11/10/11 12/11/12 13/12/13
f 14/13/14 13/12/13 12/11/12
f 9/8/9 15/14/15 10/9/10
f 16/15/16 10/9/10 15/14/15
f 10/9/10 16/15/16 12/11/12
f 17/16/17 12/11/12 16/15/16
f 12/11/12 17/16/17 14/13/14
f 18/17/18 14/13/14 17/16/17
f 15/14/15 19/18/19 16/15/16
f 20/19/20 16/15/16 19/18/19
f 16/15/16 20/19/20 17/16/17
f 21/20/21 17/16/17 20/19/20
f 17/16/17 21/20/21 18/17/18
f 22/21/22 18/17/18 21/20/21
f 19/18/19 23/22/23 20/19/20
f 24/23/24 20/19/20 23/22/23
f 20/19/20 24/23/24 21/20/21
f 25/24/25 21/20/21 24/23/24
f 21/20/21 25/24/25 22/21/22
f 26/25/26 22/21/22 25/24/25
f 23/22/23 27/26/27 24/23/24
f 28/27/28 24/23/24 27/26/27
f 24/23/24 28/27/28 25/24/25
f 29/28/29 25/24/25 28/27/28
f 25/24/25 29/28/29 26/25/26
f 30/29/30 26/25/26 29/28/29
f 27/26/27 31/30/31 28/27/28
f 32/31/32 28/27/28 31/30/31
f 28/27/28 32/31/32 29/28/29
f 33/32/33 29/28/29 32/31/32
f 29/28/29 33/32/33 30/29/30
f 34/33/34 30/29/30 33/32/33
f 31/30/31 35/34/35 32/31/32
f 36/35/36 32/31/32 35/34/35
f 32/31/32 36/35/36 33/32/33
f 37/36/37 33/32/33 36/35/36
f 33/32/33 37/36/37 34/33/34
f 38/37/38 34/33/34 37/36/37
f 39/38/39 40/39/39 41/40/39
f 42/41/39 41/40/39 40/39/39
f 40/39/39 43/42/39 42/41/39
f 44/43/39 42/41/39 43/42/39
f 43/42/39 45/44/39 44/43/39
f 46/45/39 44/43/39 45/44/39
f 45/44/39 47/46/39 46/45/39
f 48/47/39 46/45/39 47/46/39
f 47/46/39 49/48/39 48/47/39
f 50/49/39 48/47/39 49/48/39
f 49/48/39 51/50/39 50/49/39
f 52/51/39 50/49/39 51/50/39
f 51/50/39 53/52/39 52/51/39
f 54/53/39 52/51/39 53/52/39
f 53/52/39 55/54/39 54/53/39
f 56/55/39 54/53/39 55/54/39
f 57/56/40 58/57/40 59/58/40
f 60/59/40 59/58/40 58/57/40
f 58/57/40 61/60/40 60/59/40
f 62/61/40 60/59/40 61/60/40
f 61/60/40 63/62/40 62/61/40
f 64/63/40 62/61/40 63/62/40
f 64/63/40 63/62/40 65/64/40
f 66/65/40 65/64/40 63/62/40
f 65/64/40 66/65/40 67/66/40
f 65/64/40 67/66/40 68/67/40
f 69/68/40 68/67/40 67/66/40
f 68/67/40 69/68/40 70/69/40
f 71/70/40 70/69/40 69/68/40
f 70/69/40 71/70/40 72/71/40
f 70/69/40 72/71/40 73/72/40
f 74/73/40 73/72/40 72/71/40
f 73/72/40 74/73/40 75/74/40
f 7/6/7 11/10/11 8/7/8
f 76/75/41 8/7/8 11/10/11
f 77/76/35 78/76/42 79/77/36
f 80/77/43 79/77/36 78/76/42
f 79/77/36 80/77/43 81/78/37
f 82/78/44 81/78/37 80/77/43
f 81/78/37 82/78/44 83/79/38
f 84/79/45 83/79/38 82/78/44
f 78/76/42 85/80/46 80/77/43
f 86/81/47 80/77/43 85/80/46
f 80/77/43 86/81/47 82/78/44
f 87/82/48 82/78/44 86/81/47
f 82/78/44 87/82/48 84/79/45
f 88/83/49 84/79/45 87/82/48
f 85/80/46 89/84/50 86/81/47
f 90/85/51 86/81/47 89/84/50
f 86/81/47 90/85/51 87/82/48
f 91/86/52 87/82/48 90/85/51
f 87/82/48 91/86/52 88/83/49
f 92/87/53 88/83/49 91/86/52
f 89/84/50 93/88/54 90/85/51
f 94/89/55 90/85/51 93/88/54
f 90/85/51 94/89/55 91/86/52
f 95/90/56 91/86/52 94/89/55
f 91/86/52 95/90/56 92/87/53
f 96/91/57 92/87/53 95/90/56
f 94/89/55 97/92/58 95/90/56
f 98/93/59 95/90/56 97/92/58
f 95/90/56 98/93/59 96/91/57
f 99/94/60 96/91/57 98/93/59
f 94/89/55 93/88/54 97/92/58
f 100/95/61 97/92/58 93/88/54
f 97/92/58 100/95/61 101/96/62
f 101/96/62 102/97/63 97/92/58
f 98/93/59 97/92/58 102/97/63
f 102/97/63 103/98/64 98/93/59
f 99/94/60 98/93/59 103/98/64
f 99/94/60 103/98/64 104/99/65
f 105/100/66 104/99/65 103/98/64
f 104/99/65 105/100/66 106/101/67
f 107/102/68 106/101/67 105/100/66
f 106/101/67 107/102/68 108/103/69
f 109/104/6 108/103/69 107/102/68
f 108/103/69 109/104/6 110/105/70
f 111/104/8 110/105/70 109/104/6
f 110/105/70 111/104/8 112/105/41
f 103/98/64 113/106/71 105/100/66
f 114/107/72 105/100/66 113/106/71
f 105/100/66 114/107/72 107/102/68
f 115/108/5 107/102/68 114/107/72
f 107/102/68 115/108/5 109/104/6
f 113/106/71 116/109/73 114/107/72
f 117/110/74 114/107/72 116/109/73
f 114/107/72 117/110/74 115/108/5
f 116/109/73 113/106/71 118/111/75
f 102/97/63 118/111/75 113/106/71
f 118/111/75 102/97/63 101/96/62
f 13/12/13 76/75/41 11/10/11
f 102/97/63 113/106/71 103/98/64
f 3/3/3 5/4/5 119/3/74
o Tire_1_3
v 0.016761 -0.346169 0.835121
v 0.016761 -0.346453 0.834339
v 0.016761 -0.340012 0.852037
v 0.005977 -0.335292 0.851205
v 0.005977 -0.335292 0.871704
v -0.007816 -0.335292 0.871704
v 0.005977 -0.342303 0.831943
v -0.007816 -0.335292 0.851205
v 0.016761 -0.358560 0.819912
v 0.005977 -0.355479 0.816240
v -0.007816 -0.342303 0.831943
v -0.007816 -0.355479 0.816240
v -0.018599 -0.346453 0.834339
v -0.018599 -0.358560 0.819912
v 0.016761 -0.374869 0.810494
v 0.005977 -0.373231 0.805990
v -0.007816 -0.373231 0.805990
v -0.018599 -0.374869 0.810494
v 0.016761 -0.393417 0.807224
v 0.005977 -0.393417 0.802431
v -0.007816 -0.393417 0.802431
v -0.018599 -0.393417 0.807224
v 0.016761 -0.411966 0.810494
v 0.005977 -0.413609 0.805990
v -0.007816 -0.413609 0.805990
v -0.018599 -0.411966 0.810494
v 0.016761 -0.428276 0.819912
v 0.005977 -0.431360 0.816240
v -0.007816 -0.431360 0.816240
v -0.018599 -0.428276 0.819912
v 0.016761 -0.440386 0.834339
v 0.005977 -0.444537 0.831943
v -0.007816 -0.444537 0.831943
v -0.018599 -0.440386 0.834339
v 0.016761 -0.446825 0.852037
v 0.005977 -0.451546 0.851205
v -0.007816 -0.451546 0.851205
v -0.018599 -0.446825 0.852037
v -0.018599 -0.340012 0.852037
v -0.018599 -0.346453 0.834339
v -0.018599 -0.340012 0.870872
v -0.018599 -0.346453 0.888570
v -0.018599 -0.358560 0.819912
v -0.018599 -0.358560 0.902998
v -0.018599 -0.374869 0.810494
v -0.018599 -0.374869 0.912415
v -0.018599 -0.393417 0.807224
v -0.018599 -0.393418 0.915686
v -0.018599 -0.411966 0.810494
v -0.018599 -0.411966 0.912415
v -0.018599 -0.428276 0.819912
v -0.018599 -0.428276 0.902998
v -0.018599 -0.440386 0.834339
v -0.018599 -0.440386 0.888570
v -0.018599 -0.446825 0.852037
v -0.018599 -0.446825 0.870872
v 0.016761 -0.446825 0.852037
v 0.016761 -0.440386 0.834339
v 0.016761 -0.446825 0.870872
v 0.016761 -0.440386 0.888570
v 0.016761 -0.428276 0.819912
v 0.016761 -0.428276 0.902998
v 0.016761 -0.411966 0.810494
v 0.016761 -0.411966 0.912415
v 0.016761 -0.393418 0.915686
v 0.016761 -0.393417 0.807224
v 0.016761 -0.374869 0.810494
v 0.016761 -0.374869 0.912415
v 0.016761 -0.358560 0.819912
v 0.016761 -0.358560 0.902998
v 0.016761 -0.346453 0.834339
v 0.016761 -0.346169 0.835121
v 0.016761 -0.346453 0.888570
v 0.016761 -0.340012 0.852037
v 0.016761 -0.340012 0.870872
v -0.018599 -0.340012 0.852037
v 0.016761 -0.446825 0.852037
v 0.016761 -0.446825 0.870872
v 0.005977 -0.451546 0.851205
v 0.005977 -0.451546 0.871704
v -0.007816 -0.451546 0.851205
v -0.007816 -0.451546 0.871704
v -0.018599 -0.446825 0.852037
v -0.018599 -0.446825 0.870872
v 0.016761 -0.440386 0.888570
v 0.005977 -0.444537 0.890967
v -0.007816 -0.444537 0.890967
v -0.018599 -0.440386 0.888570
v 0.016761 -0.428276 0.902998
v 0.005977 -0.431360 0.906670
v -0.007816 -0.431360 0.906670
v -0.018599 -0.428276 0.902998
v 0.016761 -0.411966 0.912415
v 0.005977 -0.413609 0.916919
v -0.007816 -0.413609 0.916919
v -0.018599 -0.411966 0.912415
v 0.005977 -0.393418 0.920479
v -0.007816 -0.393418 0.920479
v -0.018599 -0.393418 0.915686
v 0.016761 -0.393418 0.915686
v 0.016761 -0.374869 0.912415
v 0.005977 -0.373231 0.916919
v -0.007816 -0.373231 0.916919
v -0.018599 -0.374869 0.912415
v -0.007816 -0.355479 0.906670
v -0.018599 -0.358560 0.902998
v -0.007816 -0.342303 0.890967
v -0.018599 -0.346453 0.888570
v -0.007816 -0.335292 0.871704
v -0.018599 -0.340012 0.870872
v -0.007816 -0.335292 0.851205
v -0.018599 -0.340012 0.852037
v 0.005977 -0.355479 0.906670
v 0.005977 -0.342303 0.890967
v 0.005977 -0.335292 0.871704
v 0.016761 -0.346453 0.888570
v 0.016761 -0.340012 0.870872
v 0.016761 -0.358560 0.902998
v 0.016761 -0.340012 0.870872
vt 0.554455 0.935761
vt 0.554660 0.935761
vt 0.550009 0.935761
vt 0.546601 0.943547
vt 0.546247 0.955628
vt 0.551663 0.943547
vt 0.546601 0.953506
vt 0.563401 0.935761
vt 0.561177 0.943547
vt 0.551663 0.953506
vt 0.561177 0.953506
vt 0.554660 0.961292
vt 0.563401 0.961292
vt 0.575178 0.935761
vt 0.573994 0.943547
vt 0.573994 0.953506
vt 0.575178 0.961292
vt 0.588570 0.935761
vt 0.588570 0.943547
vt 0.588570 0.953506
vt 0.588570 0.961292
vt 0.601962 0.935761
vt 0.603145 0.943547
vt 0.603145 0.953506
vt 0.601962 0.961292
vt 0.613738 0.935761
vt 0.615963 0.943547
vt 0.615963 0.953506
vt 0.613738 0.961292
vt 0.622479 0.935761
vt 0.625476 0.943547
vt 0.625476 0.953506
vt 0.622479 0.961292
vt 0.627130 0.935761
vt 0.630538 0.943547
vt 0.630538 0.953506
vt 0.627130 0.961292
vt 0.573500 0.874357
vt 0.581750 0.877360
vt 0.564722 0.874357
vt 0.556472 0.877360
vt 0.588475 0.883002
vt 0.549747 0.883002
vt 0.592864 0.890605
vt 0.545358 0.890605
vt 0.594389 0.899251
vt 0.543833 0.899251
vt 0.592864 0.907896
vt 0.545358 0.907896
vt 0.588475 0.915499
vt 0.549747 0.915499
vt 0.581750 0.921142
vt 0.556472 0.921142
vt 0.573500 0.924145
vt 0.564722 0.924145
vt 0.563049 0.865674
vt 0.554799 0.862672
vt 0.571828 0.865674
vt 0.580077 0.862672
vt 0.548074 0.857029
vt 0.586802 0.857029
vt 0.543685 0.849426
vt 0.591192 0.849426
vt 0.592620 0.841327
vt 0.542161 0.840781
vt 0.543685 0.832135
vt 0.591192 0.832135
vt 0.548074 0.824532
vt 0.586802 0.824532
vt 0.554799 0.818889
vt 0.555164 0.818757
vt 0.580077 0.818889
vt 0.563049 0.815887
vt 0.571828 0.815887
vt 0.550009 0.961292
vt 0.627272 0.991400
vt 0.630741 0.983476
vt 0.630741 0.973341
vt 0.627272 0.965417
vt 0.622539 0.991400
vt 0.625589 0.983476
vt 0.625589 0.973341
vt 0.622539 0.965417
vt 0.613643 0.991400
vt 0.615907 0.983476
vt 0.615907 0.973341
vt 0.613643 0.965418
vt 0.601658 0.991400
vt 0.602863 0.983476
vt 0.602863 0.973341
vt 0.601658 0.965418
vt 0.588029 0.983476
vt 0.588029 0.973341
vt 0.588029 0.965418
vt 0.588890 0.991400
vt 0.574400 0.991400
vt 0.573196 0.983476
vt 0.573196 0.973341
vt 0.574400 0.965418
vt 0.560151 0.973341
vt 0.562415 0.965417
vt 0.550469 0.973341
vt 0.553519 0.965417
vt 0.545318 0.973341
vt 0.548786 0.965417
vt 0.560151 0.983476
vt 0.550469 0.983476
vt 0.545318 0.983476
vt 0.553519 0.991400
vt 0.548786 0.991400
vt 0.562415 0.991400
vn 0.400800 0.860900 -0.313500
vn 0.406200 0.791400 -0.456900
vn 0.406200 0.899900 -0.158700
vn 0.203100 0.964300 -0.170000
vn 0.203100 0.964300 0.170000
vn -0.203100 0.964300 0.170000
vn 0.203100 0.848000 -0.489600
vn -0.203100 0.964300 -0.170000
vn 0.406200 0.587400 -0.700000
vn 0.203100 0.629400 -0.750100
vn -0.203100 0.848000 -0.489600
vn -0.203100 0.629400 -0.750100
vn -0.406100 0.791400 -0.456900
vn -0.406100 0.587400 -0.700000
vn 0.406100 0.312600 -0.858700
vn 0.203100 0.334900 -0.920100
vn -0.203100 0.334900 -0.920100
vn -0.406100 0.312600 -0.858700
vn 0.406200 0.000000 -0.913800
vn 0.203100 0.000000 -0.979200
vn -0.203100 0.000000 -0.979200
vn -0.406200 0.000000 -0.913800
vn 0.406200 -0.312500 -0.858700
vn 0.203100 -0.334900 -0.920100
vn -0.203100 -0.334900 -0.920100
vn -0.406300 -0.312500 -0.858700
vn 0.406300 -0.587300 -0.700000
vn 0.203200 -0.629400 -0.750100
vn -0.203200 -0.629400 -0.750100
vn -0.406300 -0.587300 -0.700000
vn 0.406200 -0.791400 -0.456900
vn 0.203100 -0.848000 -0.489500
vn -0.203100 -0.848000 -0.489600
vn -0.406200 -0.791300 -0.456900
vn 0.406200 -0.899900 -0.158700
vn 0.203100 -0.964300 -0.170000
vn -0.203100 -0.964300 -0.170000
vn -0.406200 -0.899900 -0.158700
vn -1.000000 0.000000 0.000000
vn 1.000000 -0.000000 0.000000
vn -0.406200 0.899900 -0.158700
vn 0.406300 -0.899900 0.158600
vn 0.203100 -0.964300 0.170000
vn -0.203100 -0.964300 0.170000
vn -0.406300 -0.899900 0.158600
vn 0.406200 -0.791300 0.456900
vn 0.203100 -0.848000 0.489600
vn -0.203100 -0.848000 0.489500
vn -0.406200 -0.791400 0.456900
vn 0.406300 -0.587300 0.700000
vn 0.203200 -0.629400 0.750100
vn -0.203100 -0.629400 0.750100
vn -0.406300 -0.587300 0.700000
vn 0.406200 -0.312500 0.858700
vn 0.203100 -0.334900 0.920100
vn -0.203100 -0.334900 0.920100
vn -0.406200 -0.312500 0.858700
vn 0.203100 0.000000 0.979200
vn -0.203100 0.000000 0.979200
vn -0.406200 0.000000 0.913800
vn 0.406200 0.000000 0.913800
vn 0.406100 0.312600 0.858700
vn 0.203100 0.334900 0.920100
vn -0.203100 0.334900 0.920100
vn -0.406100 0.312600 0.858700
vn -0.203100 0.629400 0.750100
vn -0.406100 0.587400 0.700000
vn -0.203100 0.848000 0.489600
vn -0.406200 0.791400 0.456900
vn -0.406200 0.899900 0.158700
vn 0.203100 0.629400 0.750100
vn 0.203100 0.848000 0.489600
vn 0.406200 0.791400 0.456900
vn 0.406200 0.899900 0.158700
vn 0.406200 0.587400 0.700000

f 120/112/76 121/113/77 122/114/78
f 123/115/79 122/114/78 121/113/77
f 122/114/78 123/115/79 124/115/80
f 125/116/81 124/115/80 123/115/79
f 121/113/77 126/117/82 123/115/79
f 127/118/83 123/115/79 126/117/82
f 123/115/79 127/118/83 125/116/81
f 121/113/77 128/119/84 126/117/82
f 129/120/85 126/117/82 128/119/84
f 126/117/82 129/120/85 130/121/86
f 131/122/87 130/121/86 129/120/85
f 130/121/86 131/122/87 132/123/88
f 133/124/89 132/123/88 131/122/87
f 128/119/84 134/125/90 129/120/85
f 135/126/91 129/120/85 134/125/90
f 129/120/85 135/126/91 131/122/87
f 136/127/92 131/122/87 135/126/91
f 131/122/87 136/127/92 133/124/89
f 137/128/93 133/124/89 136/127/92
f 134/125/90 138/129/94 135/126/91
f 139/130/95 135/126/91 138/129/94
f 135/126/91 139/130/95 136/127/92
f 140/131/96 136/127/92 139/130/95
f 136/127/92 140/131/96 137/128/93
f 141/132/97 137/128/93 140/131/96
f 138/129/94 142/133/98 139/130/95
f 143/134/99 139/130/95 142/133/98
f 139/130/95 143/134/99 140/131/96
f 144/135/100 140/131/96 143/134/99
f 140/131/96 144/135/100 141/132/97
f 145/136/101 141/132/97 144/135/100
f 142/133/98 146/137/102 143/134/99
f 147/138/103 143/134/99 146/137/102
f 143/134/99 147/138/103 144/135/100
f 148/139/104 144/135/100 147/138/103
f 144/135/100 148/139/104 145/136/101
f 149/140/105 145/136/101 148/139/104
f 146/137/102 150/141/106 147/138/103
f 151/142/107 147/138/103 150/141/106
f 147/138/103 151/142/107 148/139/104
f 152/143/108 148/139/104 151/142/107
f 148/139/104 152/143/108 149/140/105
f 153/144/109 149/140/105 152/143/108
f 150/141/106 154/145/110 151/142/107
f 155/146/111 151/142/107 154/145/110
f 151/142/107 155/146/111 152/143/108
f 156/147/112 152/143/108 155/146/111
f 152/143/108 156/147/112 153/144/109
f 157/148/113 153/144/109 156/147/112
f 158/149/114 159/150/114 160/151/114
f 161/152/114 160/151/114 159/150/114
f 159/150/114 162/153/114 161/152/114
f 163/154/114 161/152/114 162/153/114
f 162/153/114 164/155/114 163/154/114
f 165/156/114 163/154/114 164/155/114
f 164/155/114 166/157/114 165/156/114
f 167/158/114 165/156/114 166/157/114
f 166/157/114 168/159/114 167/158/114
f 169/160/114 167/158/114 168/159/114
f 168/159/114 170/161/114 169/160/114
f 171/162/114 169/160/114 170/161/114
f 170/161/114 172/163/114 171/162/114
f 173/164/114 171/162/114 172/163/114
f 172/163/114 174/165/114 173/164/114
f 175/166/114 173/164/114 174/165/114
f 176/167/115 177/168/115 178/169/115
f 179/170/115 178/169/115 177/168/115
f 177/168/115 180/171/115 179/170/115
f 181/172/115 179/170/115 180/171/115
f 180/171/115 182/173/115 181/172/115
f 183/174/115 181/172/115 182/173/115
f 183/174/115 182/173/115 184/175/115
f 185/176/115 184/175/115 182/173/115
f 184/175/115 185/176/115 186/177/115
f 184/175/115 186/177/115 187/178/115
f 188/179/115 187/178/115 186/177/115
f 187/178/115 188/179/115 189/180/115
f 190/181/115 189/180/115 188/179/115
f 189/180/115 190/181/115 191/182/115
f 189/180/115 191/182/115 192/183/115
f 193/184/115 192/183/115 191/182/115
f 192/183/115 193/184/115 194/185/115
f 126/117/82 130/121/86 127/118/83
f 195/186/116 127/118/83 130/121/86
f 196/187/110 197/187/117 198/188/111
f 199/188/118 198/188/111 197/187/117
f 198/188/111 199/188/118 200/189/112
f 201/189/119 200/189/112 199/188/118
f 200/189/112 201/189/119 202/190/113
f 203/190/120 202/190/113 201/189/119
f 197/187/117 204/191/121 199/188/118
f 205/192/122 199/188/118 204/191/121
f 199/188/118 205/192/122 201/189/119
f 206/193/123 201/189/119 205/192/122
f 201/189/119 206/193/123 203/190/120
f 207/194/124 203/190/120 206/193/123
f 204/191/121 208/195/125 205/192/122
f 209/196/126 205/192/122 208/195/125
f 205/192/122 209/196/126 206/193/123
f 210/197/127 206/193/123 209/196/126
f 206/193/123 210/197/127 207/194/124
f 211/198/128 207/194/124 210/197/127
f 208/195/125 212/199/129 209/196/126
f 213/200/130 209/196/126 212/199/129
f 209/196/126 213/200/130 210/197/127
f 214/201/131 210/197/127 213/200/130
f 210/197/127 214/201/131 211/198/128
f 215/202/132 211/198/128 214/201/131
f 213/200/130 216/203/133 214/201/131
f 217/204/134 214/201/131 216/203/133
f 214/201/131 217/204/134 215/202/132
f 218/205/135 215/202/132 217/204/134
f 213/200/130 212/199/129 216/203/133
f 219/206/136 216/203/133 212/199/129
f 216/203/133 219/206/136 220/207/137
f 220/207/137 221/208/138 216/203/133
f 217/204/134 216/203/133 221/208/138
f 221/208/138 222/209/139 217/204/134
f 218/205/135 217/204/134 222/209/139
f 218/205/135 222/209/139 223/210/140
f 224/211/141 223/210/140 222/209/139
f 223/210/140 224/211/141 225/212/142
f 226/213/143 225/212/142 224/211/141
f 225/212/142 226/213/143 227/214/144
f 228/215/81 227/214/144 226/213/143
f 227/214/144 228/215/81 229/216/145
f 230/215/83 229/216/145 228/215/81
f 229/216/145 230/215/83 231/216/116
f 222/209/139 232/217/146 224/211/141
f 233/218/147 224/211/141 232/217/146
f 224/211/141 233/218/147 226/213/143
f 234/219/80 226/213/143 233/218/147
f 226/213/143 234/219/80 228/215/81
f 232/217/146 235/220/148 233/218/147
f 236/221/149 233/218/147 235/220/148
f 233/218/147 236/221/149 234/219/80
f 235/220/148 232/217/146 237/222/150
f 221/208/138 237/222/150 232/217/146
f 237/222/150 221/208/138 220/207/137
f 132/123/88 195/186/116 130/121/86
f 221/208/138 232/217/146 222/209/139
f 122/114/78 124/115/80 238/114/149
o F16_15_1
v -0.220082 0.114036 -1.712127
v -0.217905 0.110627 -1.609359
v -0.220287 0.088878 -1.712306
v -0.218120 0.071115 -1.609538
v -0.022868 0.306401 1.376755
v -0.022868 0.290495 1.469728
v 0.020317 0.306401 1.376755
v 0.020317 0.290495 1.469728
v 0.218348 0.099818 -1.486697
v 0.218373 0.050399 -1.486861
v 0.197123 0.094682 -1.486720
v 0.189980 0.035941 -1.486861
v 0.312428 -0.238934 -0.284684
v 0.312662 -0.234159 -0.284527
v 0.305479 -0.238933 -0.284636
v 0.305810 -0.236383 -0.284527
v 1.380940 0.110215 -0.781520
v 1.380940 0.121517 -0.828037
v 1.380940 0.106973 -0.845131
v 1.380940 0.119908 -0.900953
v -0.329820 -0.301325 -0.284527
v -0.336672 -0.301325 -0.284527
v -0.329820 -0.309944 -0.284527
v -0.336672 -0.323600 -0.284527
v -0.329820 -0.318309 -0.284527
v -0.329820 -0.323600 -0.284527
v -0.324277 -0.323600 -0.288555
v -0.329820 -0.362236 -0.284527
v -0.324277 -0.367775 -0.288555
v -0.336672 -0.355382 -0.284527
v -0.342216 -0.349834 -0.288555
v -0.342216 -0.323600 -0.288555
v -0.344333 -0.347718 -0.295072
v -0.344333 -0.323600 -0.295072
v -0.342216 -0.349834 -0.301588
v -0.342216 -0.323600 -0.301588
v -0.336672 -0.355382 -0.305615
v -0.336672 -0.323600 -0.305615
v -0.329820 -0.362236 -0.305615
v -0.329820 -0.323600 -0.305615
v -0.324277 -0.367760 -0.301588
v -0.324277 -0.323600 -0.301588
v -0.342216 -0.301325 -0.288555
v -0.344333 -0.301325 -0.295072
v -0.342216 -0.301325 -0.301588
v -0.336672 -0.301325 -0.305615
v -0.329820 -0.316745 -0.305615
v -0.306590 -0.303718 -0.305433
v -0.302406 -0.307901 -0.301588
v -0.322159 -0.323600 -0.295072
v -0.301140 -0.309168 -0.295072
v -0.302406 -0.307902 -0.288555
v -0.305711 -0.304596 -0.284527
v -0.272432 -0.287200 -0.301588
v -0.271530 -0.288763 -0.295072
v -0.272432 -0.287201 -0.288555
v -0.301971 -0.301998 -0.284527
v -0.274788 -0.283119 -0.284527
v -0.275373 -0.282107 -0.305474
v -0.266258 -0.275826 -0.305479
v -0.263324 -0.280910 -0.301588
v -0.145529 -0.199558 -0.301589
v -0.144549 -0.201256 -0.295073
v -0.262416 -0.282482 -0.295072
v -0.145528 -0.199561 -0.288557
v -0.263323 -0.280910 -0.288555
v -0.148090 -0.195123 -0.284528
v -0.265694 -0.276803 -0.284527
v -0.310092 0.135644 -1.486393
v -0.311292 0.125826 -1.486285
v -0.310092 0.150431 -1.237421
v -0.311292 0.128260 -1.237304
v 1.380940 0.088086 -0.289911
v 1.380940 0.097540 -0.505675
v 1.380940 0.087871 -0.580014
v 1.380940 0.096906 -0.605183
v 0.010813 -0.102873 -0.273723
v 0.013971 -0.097214 -0.271495
v 0.009607 -0.106735 -0.279253
v 0.017873 -0.091922 -0.273420
v 0.021030 -0.089016 -0.278761
v 0.027645 -0.091598 -0.316289
v 0.016222 -0.110118 -0.316490
v 0.019379 -0.107211 -0.321832
v 0.023282 -0.101918 -0.323756
v 0.112284 -0.170237 -0.278954
v 0.107934 -0.177289 -0.285191
v 0.150041 -0.196698 -0.279017
v 0.145814 -0.203555 -0.285319
v 0.106330 -0.179907 -0.295075
v 0.144283 -0.206061 -0.295074
v 0.107981 -0.177221 -0.305065
v 0.145872 -0.203472 -0.304970
v 0.112643 -0.169671 -0.311206
v 0.150539 -0.195907 -0.311159
v 1.380940 0.088086 -0.289911
v 1.438490 0.088086 -0.289911
v 1.385787 0.088086 -0.241420
v 1.438490 0.088086 -0.241420
v 0.314323 0.148554 -0.628267
v 0.310346 0.127146 -0.834417
v 0.318975 0.173595 -0.387135
v 0.310346 0.171352 -0.834534
v 0.218348 0.099818 -1.486697
v 0.197123 0.094682 -1.486720
v 0.218321 0.153160 -1.486526
v 0.189735 0.158602 -1.486573
v -0.311292 0.125826 -1.486285
v -0.313355 0.076901 -1.486285
v -0.311292 0.128260 -1.237304
v -0.313355 0.076901 -1.237304
v -0.301458 -0.300083 -0.305460
v 0.053863 0.294980 1.455117
v 0.053843 0.303825 1.404943
v -0.056468 0.294980 1.455117
v -0.056448 0.303825 1.404943
v 0.133794 -0.192145 -0.118639
v 0.122841 -0.193451 -0.120572
v 0.138980 -0.183162 -0.118639
v 0.131331 -0.178745 -0.120572
v -0.077599 0.073738 1.656584
v 0.073155 0.075711 1.657883
v -0.089398 0.076357 1.592203
v 0.087288 0.077734 1.594553
v -0.212892 -0.091427 -0.301588
v -0.214709 -0.090325 -0.295072
v -0.216739 -0.088635 -0.304972
v -0.219431 -0.086898 -0.295072
v -0.219532 -0.017747 0.172175
v -0.265125 -0.040448 0.170997
v -0.211379 -0.020361 -0.327366
v -0.265385 -0.049654 -0.328805
v -0.297804 -0.073301 0.169857
v -0.303377 -0.087227 -0.330120
v -0.316166 -0.099747 0.169073
v -0.319161 -0.120531 -0.330982
v -0.326495 -0.125687 0.168435
v -0.330548 -0.154074 -0.331774
v -0.344055 -0.171684 0.167316
v -0.334983 -0.191764 -0.332522
v -0.335934 -0.211980 -0.332900
v -0.340406 -0.211125 -0.051956
v 0.139495 -0.196454 -0.110187
v 0.135938 -0.203354 -0.101153
v 0.133794 -0.192145 -0.118639
v 0.122841 -0.193451 -0.120572
v -0.079829 -0.256748 0.478259
v -0.074838 -0.286162 0.527363
v -0.083219 -0.256695 0.478409
v -0.078231 -0.286103 0.527363
v 0.150041 -0.196698 -0.279017
v 0.151135 -0.195123 -0.284528
v 0.155444 -0.187949 -0.279146
v 0.154506 -0.189284 -0.284748
v -0.311292 0.125198 -0.992883
v -0.313355 0.076901 -0.992883
v -0.312493 0.123250 -0.834417
v -0.313355 0.076901 -0.834417
v 0.135938 -0.203354 -0.101153
v 0.139495 -0.196454 -0.110187
v 0.145033 -0.187601 -0.101153
v 0.144713 -0.187416 -0.110187
v -0.078216 -0.164420 0.482290
v -0.072428 -0.139319 0.527363
v -0.080143 -0.187475 0.481285
v -0.078265 -0.178564 0.527363
v -0.080979 -0.212255 0.527363
v -0.076283 -0.178979 0.603975
v -0.079417 -0.215543 0.603975
v -0.077676 -0.219463 0.693613
v -0.077473 -0.252552 0.603975
v -0.074629 -0.258094 0.693613
v -0.070807 -0.293796 0.693613
v -0.069398 -0.268244 0.804047
v -0.065626 -0.298535 0.804047
v -0.061424 -0.302379 0.893601
v -0.073032 -0.289686 0.603975
v -0.074838 -0.286162 0.527363
v -0.079359 -0.246685 0.527363
v -0.080950 -0.233640 0.479269
v -0.082071 -0.210531 0.480280
v -0.032764 0.290722 1.477874
v -0.032764 0.310028 1.475976
v -0.032764 0.301081 1.421304
v -0.032764 0.312018 1.421304
v 0.145138 -0.172496 -0.118639
v 0.141368 -0.161361 -0.120572
v 0.150836 -0.176812 -0.110187
v 0.154458 -0.171276 -0.101153
v -0.082214 0.335594 0.904725
v -0.101416 0.318253 0.904725
v 0.082391 0.335594 0.904725
v 0.103466 0.316561 0.904725
v -0.090165 0.167206 0.904725
v 0.091990 0.165514 0.904725
v -0.004923 -0.146449 0.507944
v -0.005089 -0.255922 0.790814
v -0.004890 -0.136595 0.513633
v -0.006091 -0.246068 0.796414
v -0.604312 0.103886 -0.065258
v -0.543860 0.103886 -0.002164
v -0.543860 0.103886 -0.133282
v -0.526730 0.103886 -0.002164
v -0.526730 0.103886 -0.133282
v -0.466278 0.103886 -0.065258
v 0.001679 -0.120690 0.008829
v 0.122841 -0.193451 -0.120572
v 0.000666 -0.122445 0.034177
v 0.135938 -0.203354 -0.101153
v 0.000666 -0.122445 0.034177
v 0.135938 -0.203354 -0.101153
v 0.009760 -0.106692 0.034177
v 0.145033 -0.187601 -0.101153
v 0.019185 -0.090368 0.034177
v 0.154458 -0.171276 -0.101153
v -0.074838 -0.286162 0.527363
v -0.073032 -0.289686 0.603975
v -0.078231 -0.286103 0.527363
v -0.076425 -0.289627 0.603975
v -0.070807 -0.293796 0.693613
v -0.074204 -0.293736 0.693613
v -0.219958 -0.009683 0.172312
v -0.211826 -0.012207 -0.327229
v -0.267355 -0.035800 0.171042
v -0.269124 -0.045497 -0.328794
v -0.302429 -0.069849 0.169840
v -0.308917 -0.084013 -0.330156
v -0.321692 -0.096568 0.169037
v -0.325366 -0.117442 -0.331032
v -0.332621 -0.122592 0.168386
v -0.336883 -0.151006 -0.331827
v -0.350169 -0.168604 0.167267
v -0.340801 -0.188669 -0.332566
v -0.345553 -0.207995 -0.051987
v -0.340723 -0.208832 -0.332925
v -0.170179 -0.117370 -0.288555
v -0.170179 -0.117370 -0.301588
v -0.153845 -0.094043 -0.288555
v -0.153845 -0.094043 -0.301588
v -0.081606 -0.164367 0.482441
v -0.075821 -0.139260 0.527363
v -0.078216 -0.164420 0.482290
v -0.072428 -0.139319 0.527363
v 0.131331 -0.178745 -0.120572
v 0.010169 -0.105984 0.008829
v 0.141368 -0.161361 -0.120572
v 0.020206 -0.088600 0.008829
v -0.070621 -0.142547 0.603975
v -0.068505 -0.146324 0.693613
v -0.073412 -0.181450 0.693613
v -0.068091 -0.181511 0.804047
v -0.073601 -0.224333 0.804047
v -0.064564 -0.277618 0.894836
v -0.068634 -0.228533 0.897182
v -0.062866 -0.180471 0.899077
v -0.058863 -0.155820 0.899999
v -0.063361 -0.151403 0.804047
v 0.311977 0.125943 -1.609079
v 0.311546 0.125826 -1.486285
v 0.311977 0.081487 -1.608962
v 0.313609 0.076901 -1.486285
v -0.032764 0.301081 1.421304
v -0.032764 0.312018 1.421304
v -0.026919 0.301081 1.421304
v -0.026919 0.312018 1.421304
v -0.082071 -0.210531 0.480280
v -0.080950 -0.233640 0.479269
v -0.085460 -0.210479 0.480431
v -0.084340 -0.233587 0.479419
v -0.079829 -0.256748 0.478259
v -0.083219 -0.256695 0.478409
v 0.019185 -0.090368 0.034177
v 0.154458 -0.171276 -0.101153
v 0.020206 -0.088600 0.008829
v 0.141368 -0.161361 -0.120572
v -0.329820 -0.318309 -0.284527
v -0.305711 -0.304596 -0.284527
v -0.329820 -0.309944 -0.284527
v -0.308693 -0.298352 -0.285146
v -0.324277 -0.301325 -0.288555
v -0.315233 -0.295075 -0.288555
v -0.322159 -0.296733 -0.295072
v -0.317123 -0.293185 -0.295072
v -0.324277 -0.301325 -0.301588
v -0.315233 -0.295075 -0.301588
v -0.329820 -0.308839 -0.305615
v -0.309075 -0.296171 -0.303929
v -0.329820 -0.316745 -0.305615
v -0.306590 -0.303718 -0.305433
v -0.326598 -0.278876 -0.299902
v -0.325028 -0.278876 -0.295072
v -0.326598 -0.278876 -0.290241
v -0.329820 -0.301325 -0.284527
v -0.330707 -0.278876 -0.287255
v -0.336672 -0.301325 -0.284527
v -0.335786 -0.278876 -0.287255
v -0.342216 -0.301325 -0.288555
v -0.339895 -0.278876 -0.290241
v -0.344333 -0.301325 -0.295072
v -0.341465 -0.278876 -0.295072
v -0.342216 -0.301325 -0.301588
v -0.339895 -0.278876 -0.299902
v -0.330707 -0.278876 -0.302888
v -0.329820 -0.301325 -0.305615
v -0.335786 -0.278876 -0.302888
v -0.336672 -0.301325 -0.305615
v -0.311292 0.128260 -1.237304
v -0.313355 0.076901 -1.237304
v -0.311292 0.125198 -0.992883
v -0.313355 0.076901 -0.992883
v 0.211033 -0.020361 -0.327366
v 0.219187 -0.017747 0.172175
v 0.211480 -0.012207 -0.327229
v 0.219612 -0.009683 0.172312
v -0.302535 -0.238936 -0.305275
v -0.299900 -0.263021 -0.313427
v -0.309480 -0.238938 -0.305188
v -0.311595 -0.263062 -0.313350
v -0.301774 -0.291597 -0.304149
v -0.301458 -0.300083 -0.305460
v -0.278955 -0.275902 -0.304266
v -0.281384 -0.271694 -0.301593
v -0.272275 -0.265406 -0.301597
v -0.273760 -0.262833 -0.295071
v -0.154470 -0.184073 -0.301639
v -0.155934 -0.181537 -0.295069
v -0.151904 -0.188517 -0.304922
v -0.269836 -0.269630 -0.304314
v -0.275373 -0.282107 -0.305474
v -0.148392 -0.194599 -0.305543
v -0.266258 -0.275826 -0.305479
v 0.314640 -0.263062 -0.313350
v 0.302944 -0.263021 -0.313427
v 0.312525 -0.238938 -0.305188
v 0.305580 -0.238936 -0.305275
v 0.004514 -0.243972 0.809914
v -0.008659 -0.244048 0.809927
v 0.004479 -0.127966 0.791132
v -0.008750 -0.127966 0.791132
v -0.002136 -0.116101 0.792799
v 0.067803 -0.116101 0.792799
v 0.067803 -0.127966 0.791132
v 0.014600 -0.138544 0.796757
v 0.067803 -0.138544 0.796757
v 0.062580 -0.143796 0.807525
v 0.067803 -0.143796 0.807525
v 0.062580 -0.141716 0.819324
v 0.067803 -0.141716 0.819324
v 0.067803 -0.133098 0.827647
v 0.067803 -0.107483 0.801122
v -0.002136 -0.107483 0.801122
v 0.067803 -0.105402 0.812921
v -0.002136 -0.105402 0.812921
v 0.067803 -0.110655 0.823689
v -0.002136 -0.110655 0.823689
v 0.067803 -0.121233 0.829315
v 0.004479 -0.121233 0.829315
v 0.014600 -0.133098 0.827647
v -0.072313 -0.107483 0.801122
v -0.072313 -0.105402 0.812921
v -0.072313 -0.110655 0.823689
v -0.072313 -0.121233 0.829315
v -0.008750 -0.121233 0.829315
v -0.072313 -0.133098 0.827647
v -0.018871 -0.133098 0.827646
v -0.066851 -0.141716 0.819324
v -0.072313 -0.141716 0.819324
v -0.072313 -0.143796 0.807525
v -0.072313 -0.138544 0.796757
v -0.066851 -0.143796 0.807525
v -0.066851 -0.143796 0.807525
v -0.018871 -0.138544 0.796757
v -0.026919 0.310028 1.475976
v -0.032764 0.310028 1.475976
v -0.026919 0.290722 1.477874
v -0.032764 0.290722 1.477874
v -0.023091 0.344392 1.405542
v -0.023091 0.344986 1.390059
v -0.027660 0.344392 1.405542
v -0.027660 0.344986 1.390059
v -0.310092 0.163008 -0.993000
v -0.311292 0.125198 -0.992883
v -0.310092 0.171352 -0.834534
v -0.310092 0.127145 -0.834417
v 0.218348 0.099818 -1.486697
v 0.218321 0.153160 -1.486526
v 0.218169 0.108731 -1.609367
v 0.217969 0.145771 -1.609195
v -0.272432 -0.287201 -0.288555
v -0.271530 -0.288763 -0.295072
v -0.272439 -0.287206 -0.272231
v -0.271537 -0.288767 -0.272231
v -0.023091 0.344986 1.390059
v -0.023091 0.303403 1.406055
v -0.027660 0.344986 1.390059
v -0.027660 0.303403 1.406055
v -0.138323 -0.161361 -0.120572
v -0.128286 -0.178745 -0.120572
v -0.142093 -0.172496 -0.118639
v -0.135935 -0.183162 -0.118639
v -0.062253 -0.155768 0.900150
v -0.066256 -0.180418 0.899228
v -0.058863 -0.155820 0.899999
v -0.062866 -0.180471 0.899077
v -0.072024 -0.228481 0.897332
v -0.068634 -0.228533 0.897182
v -0.067953 -0.277565 0.894986
v -0.064564 -0.277618 0.894836
v -0.064814 -0.302327 0.893751
v -0.061424 -0.302379 0.893601
v -0.023091 0.327406 1.438218
v -0.027660 0.327406 1.438218
v -0.023091 0.298953 1.459871
v -0.027660 0.298953 1.459871
v -0.336672 -0.355382 -0.284527
v -0.342216 -0.349834 -0.288555
v -0.369592 -0.355382 -0.284527
v -0.369592 -0.349834 -0.288555
v 0.002380 -0.122445 0.034177
v -0.006715 -0.106692 0.034177
v -0.132893 -0.203354 -0.101153
v -0.141988 -0.187601 -0.101153
v -0.081606 -0.164367 0.482441
v -0.083533 -0.187423 0.481435
v -0.075821 -0.139260 0.527363
v -0.081659 -0.178527 0.527363
v -0.079676 -0.178924 0.603975
v -0.084371 -0.212197 0.527363
v -0.082809 -0.215484 0.603975
v -0.080867 -0.252491 0.603975
v -0.081068 -0.219403 0.693613
v -0.078025 -0.258028 0.693613
v -0.072796 -0.268176 0.804047
v -0.074204 -0.293736 0.693613
v -0.069022 -0.298476 0.804047
v -0.076806 -0.181394 0.693613
v -0.071898 -0.146265 0.693613
v -0.071488 -0.181460 0.804047
v -0.066757 -0.151344 0.804047
v -0.062253 -0.155768 0.900150
v -0.076997 -0.224274 0.804047
v -0.072024 -0.228481 0.897332
v -0.067953 -0.277565 0.894986
v -0.064814 -0.302327 0.893751
v -0.066256 -0.180418 0.899228
v -0.958722 -0.076324 0.264363
v -0.944803 -0.076324 0.211712
v -0.958722 -0.058242 0.254972
v -0.944803 -0.046655 0.211712
v -0.958722 -0.037303 0.212183
v -0.944803 -0.018105 0.009376
v -0.958722 -0.011211 0.009376
v -0.958722 -0.011212 -0.120414
v -0.944803 -0.076323 0.009376
v -0.944803 -0.076323 -0.157111
v -0.944803 -0.011212 -0.157111
v -0.958722 0.101600 -0.281725
v -0.944803 -0.011212 -0.559965
v -0.944803 0.101600 -0.318421
v -0.944803 -0.076324 -0.559965
v -0.944803 -0.011212 -0.625403
v -0.958722 -0.011212 -0.581695
v -0.958722 -0.011212 -0.677110
v -0.958722 0.101600 -0.568632
v -0.944803 0.101600 -0.546902
v -0.958722 0.101600 -0.318421
v -0.958722 0.101600 -0.281725
v -0.972640 0.101600 -0.318421
v -0.958722 0.101600 -0.568632
v -0.972640 0.101600 -0.546902
v -0.972640 -0.011212 -0.559965
v -0.972640 -0.011212 -0.157111
v -0.972640 -0.076324 -0.559965
v -0.972640 -0.076323 -0.157111
v -0.958722 -0.076323 -0.160254
v -0.958722 -0.076323 0.009376
v -0.944803 -0.076323 -0.157111
v -0.944803 -0.076323 0.009376
v -0.972640 -0.076324 -0.625403
v -0.958722 -0.076324 -0.567706
v -0.944803 -0.076324 -0.559965
v -0.958722 -0.076324 -0.677110
v -0.944803 -0.076324 -0.625403
v -0.123619 0.255189 1.318980
v -0.121412 0.248683 1.402601
v -0.109905 0.104142 1.318980
v -0.107942 0.097637 1.402601
v -0.023091 0.298953 1.459871
v -0.027660 0.298953 1.459871
v -0.023091 0.294189 1.460462
v -0.027660 0.294189 1.460462
v -0.076425 -0.289627 0.603975
v -0.078231 -0.286103 0.527363
v -0.082753 -0.246605 0.527363
v -0.084340 -0.233587 0.479419
v -0.085460 -0.210479 0.480431
v -0.411963 0.105565 0.298606
v -0.400072 0.103652 0.481505
v -0.411942 0.119589 0.311887
v -0.400033 0.124516 0.481505
v -0.411923 0.133614 0.298606
v -0.310169 0.149311 0.481505
v -0.318722 0.158303 0.298606
v -0.197913 0.225630 0.298606
v -0.325464 0.170976 0.112841
v -0.197789 0.215800 0.112842
v -0.203668 0.213742 -0.327469
v -0.108482 0.285581 -0.327758
v -0.108919 0.285482 -0.387874
v -0.020190 0.319336 -0.362007
v -0.020190 0.324809 -0.834993
v -0.366931 0.124516 0.610944
v -0.293712 0.143793 0.610944
v -0.199455 0.235779 0.481505
v -0.111983 0.300339 0.298606
v -0.106917 0.283652 0.112841
v 0.000127 0.336964 0.298606
v 0.000127 0.317930 0.112841
v 0.107171 0.283652 0.112841
v 0.108735 0.285581 -0.327758
v 0.198043 0.215800 0.112841
v 0.203922 0.213742 -0.327469
v 0.325718 0.170976 0.112841
v -0.193105 0.231011 0.610823
v -0.116844 0.317565 0.481505
v 0.000127 0.353519 0.481505
v 0.112237 0.300339 0.298606
v 0.198167 0.225630 0.298606
v -0.120847 0.313183 0.610703
v -0.009745 0.362150 0.610703
v 0.000127 0.362965 0.607944
v 0.010000 0.362150 0.610703
v 0.000127 0.366518 0.607944
v 0.006002 0.366518 0.610703
v 0.000127 0.370382 0.610703
v 0.000127 0.386926 0.688295
v -0.005747 0.366518 0.610703
v -0.031112 0.373259 0.688295
v -0.030452 0.359420 0.688295
v 0.106330 -0.179907 -0.295075
v 0.109641 -0.175101 -0.295073
v 0.107981 -0.177221 -0.305065
v 0.110645 -0.173364 -0.301590
v -0.074014 -0.142488 0.603975
v 0.113485 -0.168445 -0.305564
v 0.112643 -0.169671 -0.311206
v 0.110645 -0.173364 -0.301590
v 0.107981 -0.177221 -0.305065
v -1.380686 0.104485 -0.492393
v -1.380686 0.111430 -0.505675
v -1.380686 0.105416 -0.289911
v -1.380686 0.123977 -0.289911
v -0.340723 -0.208832 -0.332925
v -0.335934 -0.211980 -0.332900
v -0.345553 -0.207995 -0.051987
v -0.340406 -0.211125 -0.051956
v -0.262416 -0.282482 -0.295072
v -0.263323 -0.280910 -0.288555
v -0.262423 -0.282487 -0.272232
v -0.263331 -0.280915 -0.272232
v -0.027660 0.303403 1.406055
v -0.027660 0.294189 1.460462
v -0.027660 0.327406 1.438218
v -0.027660 0.298953 1.459871
v 0.212709 -0.093201 -0.279006
v 0.211181 -0.094311 -0.284527
v 0.219784 -0.088634 -0.285171
v 0.215937 -0.091427 -0.288555
v -0.022868 0.306401 1.376755
v -0.022868 0.101720 1.440296
v -0.022868 0.290495 1.469728
v -0.022868 0.097720 1.499223
v 1.380940 0.087871 -0.580014
v 1.380940 0.096906 -0.605183
v 1.380940 0.088137 -0.653692
v 1.380940 0.095675 -0.651335
v 1.380940 0.088436 -0.742744
v 1.380940 0.097394 -0.707126
v 1.380940 0.090853 -0.828038
v 1.380940 0.100574 -0.781520
v -0.153845 -0.094043 -0.301588
v -0.174486 -0.081517 -0.301588
v -0.153845 -0.094043 -0.288555
v -0.175203 -0.081166 -0.294087
v -0.211826 -0.012207 -0.327229
v -0.211379 -0.020361 -0.327366
v -0.269124 -0.045497 -0.328794
v -0.265385 -0.049654 -0.328805
v -0.308917 -0.084013 -0.330156
v -0.303377 -0.087227 -0.330120
v -0.325366 -0.117442 -0.331032
v -0.319161 -0.120531 -0.330982
v -0.336883 -0.151006 -0.331827
v -0.330548 -0.154074 -0.331774
v -0.340801 -0.188669 -0.332566
v -0.334983 -0.191764 -0.332522
v -0.340723 -0.208832 -0.332925
v -0.335934 -0.211980 -0.332900
v -0.119092 -0.154185 -0.305373
v -0.121323 -0.150538 -0.295090
v -0.116537 -0.157884 -0.301652
v -0.118007 -0.155339 -0.295069
v 1.380940 0.115335 -0.605183
v 1.380940 0.123913 -0.580014
v 1.380940 0.115318 -0.651335
v 1.380940 0.123859 -0.653692
v 1.380940 0.114009 -0.707126
v 1.380940 0.123399 -0.742744
v 1.380940 0.110215 -0.781520
v 1.380940 0.121517 -0.828037
v 1.380940 0.097540 -0.505675
v 1.380940 0.088086 -0.289911
v 1.380940 0.104485 -0.492394
v 1.380940 0.105416 -0.289911
v 1.380940 0.088436 -0.742744
v 1.438490 0.088436 -0.742744
v 1.380940 0.088137 -0.653692
v 1.438490 0.088137 -0.653692
v 0.198778 -0.067780 -0.301588
v 0.202585 -0.065017 -0.305040
v 0.194154 -0.070847 -0.305615
v 0.195578 -0.069813 -0.311179
v -0.196863 0.098491 -1.486713
v -0.189481 0.158602 -1.486573
v -0.169756 0.095115 -1.620298
v -0.156120 0.162242 -1.620298
v -0.120252 0.255121 -1.486861
v -0.120427 0.274554 -1.237880
v -0.020190 0.294035 -1.486861
v -0.020190 0.322285 -1.237880
v -0.104805 0.231749 -1.620298
v -0.004211 0.270954 -1.620298
v 0.000127 0.294035 -1.486861
v 0.000127 0.270954 -1.620298
v 0.004464 0.270954 -1.620298
v 0.020444 0.294035 -1.486861
v 0.105059 0.231749 -1.620298
v 0.120506 0.255121 -1.486861
v 0.120680 0.274554 -1.237880
v 0.189735 0.158602 -1.486573
v 0.216262 0.192645 -1.237592
v 0.218321 0.153160 -1.486526
v 0.310346 0.135644 -1.486393
v 0.311977 0.125943 -1.609079
v 0.311546 0.125826 -1.486285
v 0.020444 0.322285 -1.237880
v 0.116042 0.281601 -0.993459
v 0.216262 0.206787 -0.993171
v 0.310346 0.150431 -1.237421
v 0.310346 0.163008 -0.993000
v 0.112427 0.284743 -0.834993
v 0.218029 0.210168 -0.834705
v 0.310346 0.171352 -0.834534
v 0.205575 0.213322 -0.386907
v 0.109173 0.285482 -0.387874
v 0.020444 0.324809 -0.834993
v 0.020444 0.319336 -0.362007
v 0.020444 0.324548 -0.993459
v 0.150041 -0.196698 -0.279017
v 0.155444 -0.187949 -0.279146
v 0.112284 -0.170237 -0.278954
v 0.117696 -0.161470 -0.279138
v 0.160041 -0.180408 -0.284700
v 0.122180 -0.154111 -0.284830
v 0.162296 -0.176735 -0.295087
v 0.124367 -0.150538 -0.295091
v 0.160011 -0.180459 -0.305480
v 0.122137 -0.154185 -0.305373
v 0.156005 -0.187024 -0.310463
v 0.118093 -0.160816 -0.310622
v 0.150539 -0.195907 -0.311159
v 0.112643 -0.169671 -0.311206
v -1.438236 0.118905 -0.093966
v -1.438236 0.114484 -0.063852
v -1.405162 0.118905 -0.093966
v -1.412452 0.114484 -0.063852
v -0.004890 -0.136595 0.513633
v -0.006091 -0.246068 0.796414
v 0.016758 -0.136521 0.513439
v 0.015232 -0.245995 0.800160
v -1.385533 0.088086 -0.241419
v -1.385533 0.105416 -0.241419
v -1.397763 0.088406 -0.186360
v -1.397763 0.105423 -0.186360
v 1.405416 0.105531 -0.093967
v 1.398017 0.105424 -0.186361
v 1.405416 0.093044 -0.093967
v 1.398017 0.088407 -0.186360
v 1.412706 0.105845 -0.063853
v 1.405416 0.105531 -0.093967
v 1.412706 0.097780 -0.063853
v 1.405416 0.093044 -0.093967
v 1.421941 0.111181 -0.045860
v 1.438490 0.111181 -0.045860
v 1.412706 0.114484 -0.063853
v 1.438490 0.114484 -0.063853
v 0.112643 -0.169671 -0.311206
v 0.113485 -0.168445 -0.305564
v 0.118093 -0.160816 -0.310622
v 0.116976 -0.162399 -0.305117
v 1.421941 0.106275 -0.045860
v 1.412706 0.105845 -0.063853
v 1.421941 0.101695 -0.045860
v 1.412706 0.097780 -0.063853
v -0.273760 -0.262833 -0.295071
v -0.282871 -0.269119 -0.295071
v -0.273768 -0.262838 -0.272232
v -0.282878 -0.269125 -0.272232
v -0.072313 -0.138544 0.796757
v -0.072313 -0.127966 0.791132
v -0.018871 -0.138544 0.796757
v -0.008750 -0.127966 0.791132
v -0.072313 -0.116101 0.792799
v -0.002136 -0.116101 0.792799
v -0.026919 0.290722 1.477874
v -0.026919 0.301081 1.421304
v -0.026919 0.310028 1.475976
v -0.026919 0.312018 1.421304
v 0.108701 0.096958 1.402204
v -0.107942 0.097637 1.402601
v 0.105153 0.090065 1.475026
v -0.103883 0.091238 1.476255
v 1.380940 0.088086 -0.289911
v 1.385787 0.088086 -0.241420
v 1.380940 0.105416 -0.289911
v 1.385787 0.105416 -0.241420
v 1.438490 0.123399 -0.742744
v 1.380940 0.123399 -0.742744
v 1.438490 0.123859 -0.653692
v 1.380940 0.123859 -0.653692
v -0.315180 -0.238932 -0.288555
v -0.309384 -0.238934 -0.284684
v -0.315160 -0.232360 -0.288555
v -0.309617 -0.234159 -0.284527
v 0.215830 0.125036 -1.830105
v 0.220154 0.136231 -1.711971
v 0.311977 0.106609 -1.831529
v 0.311977 0.117635 -1.711854
v 0.217969 0.145771 -1.609195
v -0.958722 -0.076324 0.264363
v -0.958722 -0.058242 0.254972
v -0.972640 -0.076324 0.211712
v -0.972640 -0.046655 0.211712
v -0.972640 -0.076323 0.009376
v -0.972640 -0.018105 0.009376
v -0.958722 -0.076324 0.264363
v -0.944803 -0.076324 0.211712
v 0.118093 -0.160816 -0.310622
v 0.116976 -0.162399 -0.305117
v 0.122137 -0.154185 -0.305373
v 0.119582 -0.157884 -0.301652
v -1.438236 0.110216 -0.969372
v -1.438236 0.116523 -0.939698
v -1.380686 0.110216 -0.969372
v -1.380686 0.116523 -0.939698
v 0.292819 -0.262775 -0.283346
v 0.288981 -0.262748 -0.295072
v 0.299799 -0.277046 -0.288555
v 0.297551 -0.277147 -0.295071
v 1.438490 0.111181 -0.045860
v 1.438490 0.101695 -0.045860
v 1.438490 0.114484 -0.063853
v 1.438490 0.097780 -0.063853
v 0.053863 0.294980 1.455117
v -0.056468 0.294980 1.455117
v 0.053611 0.283916 1.513608
v -0.056215 0.283916 1.513608
v -1.380686 0.123977 -0.289911
v -1.380686 0.123913 -0.580014
v -1.438236 0.123977 -0.289911
v -1.438236 0.123913 -0.580014
v -0.310092 0.150431 -1.237421
v -0.311292 0.128260 -1.237304
v -0.310092 0.163008 -0.993000
v -0.311292 0.125198 -0.992883
v 1.380940 0.088137 -0.653692
v 1.438490 0.088137 -0.653692
v 1.380940 0.087871 -0.580014
v 1.438490 0.087871 -0.580014
v 1.380940 0.123913 -0.580014
v 1.438490 0.123913 -0.580014
v 1.380940 0.123859 -0.653692
v 1.438490 0.123859 -0.653692
v 0.119626 -0.157807 -0.288554
v 0.122180 -0.154111 -0.284830
v 0.121052 -0.155339 -0.295069
v 0.124367 -0.150538 -0.295091
v -0.194725 -0.102775 -0.283834
v -0.177993 -0.079718 -0.283834
v -0.200867 -0.098885 -0.278950
v -0.183898 -0.075721 -0.278993
v -1.438236 0.123858 -0.653684
v -1.438236 0.123913 -0.580014
v -1.380686 0.123858 -0.653684
v -1.380686 0.123913 -0.580014
v 1.438490 0.123399 -0.742744
v 1.438490 0.123859 -0.653692
v 1.438490 0.088436 -0.742744
v 1.438490 0.088137 -0.653692
v -0.219958 -0.009683 0.172312
v -0.219532 -0.017747 0.172175
v -0.211826 -0.012207 -0.327229
v -0.211379 -0.020361 -0.327366
v -0.289992 -0.262832 -0.307086
v -0.297164 -0.238558 -0.301588
v -0.285936 -0.262748 -0.295071
v -0.295043 -0.238902 -0.295072
v -0.366970 0.103652 0.610944
v -0.342734 0.122020 0.702832
v -0.281517 0.138298 0.702832
v -0.261215 0.134873 0.810855
v -0.189914 0.213058 0.803913
v -0.189095 0.204858 0.910615
v -0.145921 0.278023 0.904725
v -0.150879 0.268565 0.967379
v -0.101377 0.318253 0.904725
v -0.108425 0.307812 0.963664
v -0.342773 0.104788 0.702832
v -0.316194 0.119992 0.810855
v -0.246745 0.131693 0.916507
v -0.189653 0.198945 0.972591
v -0.155836 0.259107 1.030031
v -0.115951 0.296928 1.022651
v -0.316233 0.106716 0.810855
v -0.293163 0.117524 0.916507
v -0.238961 0.129326 0.977803
v -0.190212 0.193033 1.034566
v -0.158786 0.243923 1.095005
v -0.124693 0.283269 1.092601
v -0.293202 0.108268 0.916507
v -0.281109 0.116314 0.977803
v -0.231176 0.126959 1.039100
v -0.188294 0.185527 1.103571
v -0.161470 0.226431 1.207195
v -0.124701 0.266561 1.204736
v -0.281148 0.108656 0.977803
v -0.269054 0.115105 1.039100
v -0.220239 0.127131 1.112145
v -0.186997 0.171009 1.206183
v -0.161157 0.214646 1.321221
v -0.123580 0.255189 1.318980
v -0.269093 0.109045 1.039100
v -0.255473 0.113510 1.112145
v -0.208796 0.123683 1.205320
v -0.184090 0.153831 1.321010
v -0.160997 0.208647 1.379261
v -0.121373 0.248684 1.402601
v -0.197576 0.118071 1.320886
v -0.182703 0.144758 1.382357
v -0.158148 0.203438 1.435394
v -0.116806 0.242284 1.476255
v -0.192579 0.115689 1.383773
v -0.180367 0.136423 1.433628
v -0.154962 0.200211 1.471276
v -0.109737 0.236894 1.541477
v -0.187586 0.114650 1.433045
v -0.179824 0.131862 1.465216
v -0.154949 0.192170 1.538310
v -0.100515 0.227404 1.592203
v -0.219035 0.109495 1.432422
v -0.215869 0.108881 1.467176
v -0.186320 0.114005 1.463636
v -0.182715 0.110778 1.530670
v -0.178779 0.122317 1.531759
v -0.171172 0.105096 1.632683
v -0.147564 0.181500 1.639234
v -0.087243 0.224784 1.656584
v -0.215907 0.105498 1.465760
v -0.200230 0.106993 1.534218
v -0.200265 0.104528 1.532802
v -0.171309 0.101712 1.631283
v -0.145563 0.090172 1.868733
v -0.129039 0.157856 1.868733
v -0.078719 0.195476 1.868733
v -0.078719 0.195476 1.868733
v -0.064895 0.172948 2.004807
v 0.000128 0.186172 2.004807
v 0.000128 0.150458 2.140447
v 0.065150 0.172948 2.004807
v 0.052841 0.139660 2.140447
v 0.112749 0.136817 2.004807
v 0.091429 0.110160 2.140447
v 0.000128 0.217592 1.868733
v 0.078974 0.195476 1.868733
v 0.129295 0.157856 1.868733
v 0.145819 0.090172 1.868733
v 0.127841 0.080860 2.004807
v 0.147820 0.181500 1.639234
v 0.082319 0.226758 1.657883
v 0.078974 0.195476 1.868733
v 0.171427 0.105096 1.632683
v 0.155205 0.192170 1.538310
v 0.179034 0.122317 1.531759
v 0.180080 0.131862 1.465216
v 0.186574 0.114005 1.463636
v 0.187841 0.114650 1.433045
v 0.216123 0.108881 1.467176
v 0.219291 0.109495 1.432422
v 0.216162 0.105498 1.465760
v 0.219261 0.105955 1.432212
v 0.171564 0.101712 1.631283
v 0.200520 0.104528 1.532802
v 0.200485 0.106993 1.534218
v 0.182971 0.110778 1.530670
v -0.189481 0.158602 -1.486573
v -0.196863 0.098491 -1.486713
v -0.218068 0.153160 -1.486526
v -0.218093 0.103740 -1.486689
v -0.044445 0.272632 1.572955
v 0.041840 0.272632 1.572955
v -0.056215 0.283916 1.513608
v 0.053611 0.283916 1.513608
v 0.025980 0.327406 1.438218
v 0.025980 0.303403 1.406055
v 0.025980 0.344392 1.405542
v 0.025980 0.344986 1.390059
v -0.054171 0.298975 1.404943
v -0.085379 0.264221 1.409868
v -0.056448 0.303825 1.404943
v -0.091185 0.266354 1.409868
v 0.345208 -0.207995 -0.051987
v 0.349824 -0.168604 0.167267
v 0.340060 -0.211125 -0.051956
v 0.343709 -0.171684 0.167316
v 1.385787 0.105416 -0.241420
v 1.398017 0.105424 -0.186361
v 1.385787 0.123978 -0.241420
v 1.398017 0.123650 -0.186361
v -0.191108 -0.070847 -0.305615
v -0.139552 0.000203 -0.305615
v -0.185393 -0.074637 -0.305615
v -0.134006 -0.003822 -0.305615
v -0.180769 -0.077703 -0.301588
v -0.129519 -0.007077 -0.301588
v -0.179003 -0.078874 -0.295072
v -0.127806 -0.008321 -0.295072
v -0.180769 -0.077703 -0.288555
v -0.129519 -0.007077 -0.288555
v -0.185393 -0.074637 -0.284527
v -0.134006 -0.003822 -0.284527
v -0.191108 -0.070847 -0.284527
v -0.139552 0.000203 -0.284527
v -0.220082 0.114036 -1.712127
v -0.219901 0.136231 -1.711971
v -0.217905 0.110627 -1.609359
v -0.217715 0.145770 -1.609195
v -0.217905 0.110627 -1.609359
v -0.217715 0.145770 -1.609195
v -0.218093 0.103740 -1.486689
v -0.218068 0.153160 -1.486526
v 0.041840 0.272632 1.572955
v -0.044445 0.272632 1.572955
v 0.034666 0.270186 1.585753
v -0.037271 0.270186 1.585753
v 0.122180 -0.154111 -0.284830
v 0.119626 -0.157807 -0.288554
v 0.117696 -0.161470 -0.279138
v 0.116657 -0.162950 -0.284685
v 1.438490 0.093044 -0.093967
v 1.405416 0.093044 -0.093967
v 1.438490 0.088407 -0.186360
v 1.398017 0.088407 -0.186360
v -0.006405 -0.257273 0.798364
v -0.005089 -0.255922 0.790814
v 0.014624 -0.257202 0.802059
v 0.015945 -0.255844 0.794474
v 0.000089 0.258073 1.678570
v 0.000081 0.107027 1.678570
v -0.087282 0.224784 1.656584
v -0.077599 0.073738 1.656584
v 0.148574 -0.199558 -0.301589
v 0.145872 -0.203472 -0.304970
v 0.151437 -0.194599 -0.305543
v 0.150539 -0.195907 -0.311159
v 0.099438 0.153806 0.963944
v 0.111842 0.304852 0.963944
v 0.091990 0.165514 0.904725
v 0.103466 0.316561 0.904725
v 0.313609 0.076901 -0.834417
v 0.313609 0.076901 -0.992883
v 0.312746 0.123250 -0.834417
v 0.311546 0.125198 -0.992883
v 1.380940 0.121517 -0.828037
v 1.438490 0.121517 -0.828037
v 1.380940 0.119908 -0.900953
v 1.438490 0.119908 -0.900953
v 1.380940 0.119908 -0.900953
v 1.438490 0.119908 -0.900953
v 1.380940 0.116524 -0.939698
v 1.438490 0.116524 -0.939698
v 0.112284 -0.170237 -0.278954
v 0.113267 -0.168822 -0.284528
v 0.107934 -0.177289 -0.285191
v 0.110643 -0.173367 -0.288557
v 0.113267 -0.168822 -0.284528
v 0.112284 -0.170237 -0.278954
v 0.116657 -0.162950 -0.284685
v 0.117696 -0.161470 -0.279138
v -0.156995 -0.180408 -0.284700
v -0.159250 -0.176735 -0.295087
v -0.154505 -0.184012 -0.288554
v -0.155934 -0.181537 -0.295069
v 0.271169 -0.286797 -0.263779
v 0.139495 -0.196454 -0.110187
v 0.265468 -0.282487 -0.272232
v 0.133794 -0.192145 -0.118639
v 0.188438 -0.074636 -0.284527
v 0.186943 -0.075721 -0.278993
v 0.194154 -0.070847 -0.284527
v 0.195578 -0.069813 -0.278964
v 0.148573 -0.199561 -0.288557
v 0.145814 -0.203555 -0.285319
v 0.147594 -0.201256 -0.295073
v 0.144283 -0.206061 -0.295074
v 0.124053 0.284255 1.092539
v 0.110294 0.133209 1.092539
v 0.124451 0.267069 1.204713
v 0.110648 0.116023 1.204713
v 0.151135 -0.195123 -0.284528
v 0.150041 -0.196698 -0.279017
v 0.148573 -0.199561 -0.288557
v 0.145814 -0.203555 -0.285319
v 0.124451 0.267069 1.204713
v 0.110648 0.116023 1.204713
v 0.123052 0.255992 1.318941
v 0.109404 0.104946 1.318941
v -0.124731 0.283268 1.092601
v -0.124740 0.266561 1.204744
v -0.110894 0.132222 1.092601
v -0.110901 0.115514 1.204744
v 0.098177 0.228781 1.594553
v 0.087288 0.077734 1.594553
v 0.082280 0.226758 1.657883
v 0.073155 0.075711 1.657883
v -0.101416 0.318253 0.904725
v -0.108464 0.307812 0.963664
v -0.090165 0.167206 0.904725
v -0.096431 0.156765 0.963664
v 0.160041 -0.180408 -0.284700
v 0.157550 -0.184012 -0.288554
v 0.162296 -0.176735 -0.295087
v 0.158979 -0.181536 -0.295069
v -0.108464 0.307812 0.963664
v -0.115990 0.296928 1.022650
v -0.096431 0.156765 0.963664
v -0.103123 0.145881 1.022650
v -0.110894 0.132222 1.092601
v -0.103123 0.145881 1.022650
v -0.124731 0.283268 1.092601
v -0.115990 0.296928 1.022650
v 0.097537 0.086048 1.541858
v -0.097598 0.085847 1.541477
v 0.087288 0.077734 1.594553
v -0.089398 0.076357 1.592203
v 0.154949 -0.188517 -0.304922
v 0.156005 -0.187024 -0.310463
v 0.157515 -0.184073 -0.301639
v 0.160011 -0.180459 -0.305480
v -0.103883 0.091238 1.476255
v -0.107942 0.097637 1.402601
v -0.116845 0.242284 1.476255
v -0.121412 0.248683 1.402601
v 0.151437 -0.194599 -0.305543
v 0.150539 -0.195907 -0.311159
v 0.154949 -0.188517 -0.304922
v 0.156005 -0.187024 -0.310463
v 0.087288 0.077734 1.594553
v 0.098177 0.228781 1.594553
v 0.097537 0.086048 1.541858
v 0.109704 0.237095 1.541858
v -0.077599 0.073738 1.656584
v -0.089398 0.076357 1.592203
v -0.087282 0.224784 1.656584
v -0.100554 0.227403 1.592203
v -0.309617 -0.234159 -0.305615
v -0.302765 -0.236383 -0.305615
v -0.309480 -0.238938 -0.305188
v -0.302535 -0.238936 -0.305275
v 0.147594 -0.201256 -0.295073
v 0.144283 -0.206061 -0.295074
v 0.148574 -0.199558 -0.301589
v 0.145872 -0.203472 -0.304970
v 0.036112 -0.173466 0.824868
v 0.036112 -0.175547 0.813070
v 0.062580 -0.141716 0.819324
v 0.062580 -0.143796 0.807525
v -0.329820 -0.362236 -0.284527
v -0.336606 -0.362236 -0.284527
v -0.331307 -0.390633 -0.289104
v -0.335186 -0.390633 -0.289104
v -0.023091 0.303403 1.406055
v -0.023091 0.327406 1.438218
v -0.023091 0.294189 1.460462
v -0.023091 0.298953 1.459871
v -0.342216 -0.367760 -0.301588
v -0.336672 -0.362236 -0.305615
v -0.338323 -0.390633 -0.298760
v -0.335186 -0.390633 -0.301039
v -0.329820 -0.362236 -0.305615
v -0.336672 -0.362236 -0.305615
v -0.336672 -0.355382 -0.305615
v -0.369592 -0.355382 -0.305615
v -0.219006 0.105954 1.432212
v -0.223090 0.106614 1.383773
v -0.223116 0.110355 1.383773
v -0.228653 0.111467 1.320886
v -0.228651 0.107471 1.320886
v -0.242743 0.109045 1.205320
v -0.242704 0.113510 1.205320
v -0.255512 0.109045 1.112145
v 0.157515 -0.184073 -0.301639
v 0.160011 -0.180459 -0.305480
v 0.158979 -0.181536 -0.295069
v 0.162296 -0.176735 -0.295087
v 0.412217 0.105565 0.298606
v 0.412196 0.119589 0.311887
v 0.400326 0.103653 0.481505
v 0.400288 0.124517 0.481505
v 0.367185 0.124516 0.610944
v 0.293966 0.143793 0.610944
v 0.281772 0.138298 0.702832
v 0.191552 0.224249 0.695564
v 0.190168 0.213058 0.803913
v 0.137628 0.291243 0.796970
v 0.146176 0.278023 0.904725
v 0.103505 0.316561 0.904725
v 0.111881 0.304852 0.963944
v 0.189350 0.204858 0.910615
v 0.261471 0.134873 0.810855
v 0.342990 0.122020 0.702832
v 0.367224 0.103652 0.610944
v 0.247000 0.131693 0.916507
v 0.316448 0.119992 0.810855
v 0.343028 0.104788 0.702832
v 0.293418 0.117524 0.916507
v 0.316488 0.106716 0.810855
v 0.281364 0.116314 0.977803
v 0.239216 0.129326 0.977803
v 0.231431 0.126960 1.039100
v 0.190468 0.193033 1.034566
v 0.188550 0.185527 1.103571
v 0.159041 0.243923 1.095005
v 0.161725 0.226431 1.207195
v 0.124490 0.267070 1.204705
v 0.123091 0.255993 1.318941
v 0.189909 0.198945 0.972591
v 0.156091 0.259107 1.030031
v 0.124092 0.284256 1.092539
v 0.151133 0.268565 0.967379
v 0.118562 0.294694 1.023087
v -0.191298 0.224249 0.695564
v -0.128000 0.305662 0.688295
v -0.137373 0.291243 0.796970
v -0.057031 0.350279 0.796970
v -0.046413 0.385265 0.796970
v 0.000127 0.407600 0.796970
v 0.031366 0.373259 0.688295
v -0.065722 0.397329 0.904725
v 0.000128 0.426811 0.904725
v 0.046667 0.385265 0.796970
v 0.030706 0.359420 0.688295
v 0.121102 0.313183 0.610703
v 0.117098 0.317565 0.481505
v 0.193359 0.231011 0.610823
v 0.199709 0.235779 0.481505
v 0.310423 0.149311 0.481505
v 0.065977 0.397329 0.904725
v 0.057285 0.350279 0.796970
v 0.128254 0.305662 0.688295
v 0.082430 0.335595 0.904725
v 0.090683 0.324449 0.962091
v 0.075137 0.400902 0.946865
v 0.000128 0.433547 0.939236
v -0.074882 0.400902 0.946865
v -0.082175 0.335595 0.904725
v -0.090429 0.324449 0.962091
v 0.151135 -0.195123 -0.284528
v 0.268740 -0.276803 -0.284527
v 0.154506 -0.189284 -0.284748
v 0.272052 -0.271066 -0.284944
v 0.157550 -0.184012 -0.288554
v 0.275326 -0.265396 -0.288554
v 0.158979 -0.181536 -0.295069
v 0.276805 -0.262833 -0.295071
v 0.157515 -0.184073 -0.301639
v 0.275319 -0.265406 -0.301597
v 0.154949 -0.188517 -0.304922
v 0.272880 -0.269630 -0.304314
v 0.151437 -0.194599 -0.305543
v 0.269304 -0.275826 -0.305479
v 0.284429 -0.271694 -0.301593
v 0.281999 -0.275902 -0.304266
v 0.278417 -0.282107 -0.305474
v 0.304819 -0.291597 -0.304149
v 0.304504 -0.300083 -0.305460
v 0.299727 -0.282256 -0.301588
v 0.285916 -0.269119 -0.295071
v 0.297551 -0.277147 -0.295071
v 0.284432 -0.271688 -0.288554
v 0.299727 -0.282257 -0.288555
v 0.281141 -0.277389 -0.284958
v 0.304387 -0.293563 -0.284997
v 0.277833 -0.283119 -0.284527
v 0.305016 -0.301998 -0.284527
v 0.311739 -0.298351 -0.285146
v 0.308757 -0.304596 -0.284527
v 0.332865 -0.309944 -0.284527
v 0.332865 -0.318309 -0.284527
v 0.327322 -0.301325 -0.288555
v 0.318278 -0.295075 -0.288555
v 0.325205 -0.296732 -0.295072
v 0.328073 -0.278875 -0.295072
v 0.329643 -0.278875 -0.299902
v 0.327322 -0.301325 -0.301588
v 0.320168 -0.293185 -0.295072
v 0.318278 -0.295075 -0.301588
v 0.332865 -0.308839 -0.305615
v 0.312120 -0.296171 -0.303929
v 0.332865 -0.316745 -0.305615
v 0.309635 -0.303717 -0.305433
v -1.380686 0.096303 -0.939698
v -1.380686 0.116523 -0.939698
v -1.380686 0.092919 -0.900953
v -1.380686 0.119907 -0.900953
v 0.333751 -0.278875 -0.302888
v 0.332865 -0.301325 -0.305615
v 0.338831 -0.278875 -0.302888
v 0.339717 -0.301325 -0.305615
v 0.342941 -0.278875 -0.299902
v 0.345261 -0.301325 -0.301588
v 0.344510 -0.278875 -0.295072
v 0.347378 -0.301325 -0.295072
v 0.342941 -0.278875 -0.290241
v 0.345261 -0.301325 -0.288555
v 0.338831 -0.278875 -0.287255
v 0.339717 -0.301325 -0.284527
v 0.333751 -0.278875 -0.287255
v 0.332865 -0.301325 -0.284527
v 0.329643 -0.278875 -0.290241
v -0.311723 0.117635 -1.711854
v -0.311723 0.090092 -1.711746
v -0.311723 0.125943 -1.609079
v -0.311723 0.081487 -1.608962
v 1.438490 0.123978 -0.289911
v 1.438490 0.123978 -0.241420
v 1.438490 0.088086 -0.289911
v 1.438490 0.088086 -0.241420
v 1.438490 0.110217 -0.969372
v 1.380940 0.110217 -0.969372
v 1.438490 0.116524 -0.939698
v 1.380940 0.116524 -0.939698
v -0.326971 -0.390633 -0.295072
v -0.328170 -0.390633 -0.298760
v -0.322159 -0.369892 -0.295072
v -0.324277 -0.367760 -0.301588
v -0.322066 -0.262943 -0.307198
v -0.315180 -0.238932 -0.301588
v -0.311595 -0.263062 -0.313350
v -0.309480 -0.238938 -0.305188
v -0.022737 -0.251458 0.836983
v -0.016851 -0.249723 0.846517
v -0.022737 -0.234701 0.834071
v -0.017254 -0.232932 0.843596
v -1.385533 0.105416 -0.241419
v -1.385533 0.123977 -0.241419
v -1.397763 0.105423 -0.186360
v -1.397763 0.123650 -0.186360
v -0.040383 -0.175547 0.813070
v -0.066851 -0.143796 0.807525
v -0.018871 -0.138544 0.796757
v -0.066851 -0.141716 0.819324
v -0.066851 -0.143796 0.807525
v -0.040383 -0.173466 0.824868
v -0.040383 -0.175547 0.813070
v 1.385787 0.123978 -0.241420
v 1.438490 0.123978 -0.241420
v 1.380940 0.123978 -0.289911
v 1.438490 0.123978 -0.289911
v -0.339521 -0.390633 -0.295072
v -0.338323 -0.390633 -0.291383
v -0.344333 -0.369892 -0.295072
v -0.342212 -0.367760 -0.288549
v -1.385533 0.088086 -0.241419
v -1.397763 0.088406 -0.186360
v -1.438236 0.088086 -0.241419
v -1.438236 0.088406 -0.186360
v -0.027660 0.327406 1.438218
v -0.023091 0.327406 1.438218
v -0.027660 0.344392 1.405542
v -0.023091 0.344392 1.405542
v 1.438490 0.123913 -0.580014
v 1.380940 0.123913 -0.580014
v 1.438490 0.123978 -0.289911
v 1.380940 0.123978 -0.289911
v 1.438490 0.092919 -0.900953
v 1.380940 0.092919 -0.900953
v 1.438490 0.096303 -0.939698
v 1.380940 0.096303 -0.939698
v 1.385787 0.088086 -0.241420
v 1.398017 0.088407 -0.186360
v 1.385787 0.105416 -0.241420
v 1.398017 0.105424 -0.186361
v 1.405416 0.118906 -0.093967
v 1.438490 0.118906 -0.093967
v 1.398017 0.123650 -0.186361
v 1.438490 0.123650 -0.186361
v -0.189727 0.035940 -1.486861
v -0.218120 0.050399 -1.486861
v -0.196863 0.098491 -1.486713
v -0.218093 0.103740 -1.486689
v 1.438490 0.102610 -0.969372
v 1.380940 0.102610 -0.969372
v 1.438490 0.110217 -0.969372
v 1.380940 0.110217 -0.969372
v -0.342216 -0.349834 -0.301588
v -0.336672 -0.355382 -0.305615
v -0.369592 -0.349834 -0.301588
v -0.369592 -0.355382 -0.305615
v 0.318257 -0.277047 -0.288555
v 0.312016 -0.277046 -0.284961
v 0.318278 -0.295075 -0.288555
v 0.311739 -0.298351 -0.285146
v -0.335186 -0.390633 -0.289104
v -0.338323 -0.390633 -0.291383
v -0.331307 -0.390633 -0.289104
v -0.328170 -0.390633 -0.291383
v -0.339521 -0.390633 -0.295072
v -0.326971 -0.390633 -0.295072
v -0.338323 -0.390633 -0.298760
v -0.328170 -0.390633 -0.298760
v -0.335186 -0.390633 -0.301039
v -0.331307 -0.390633 -0.301039
v -0.344333 -0.347718 -0.295072
v -0.342216 -0.349834 -0.301588
v -0.369592 -0.347718 -0.295072
v -0.369592 -0.349834 -0.301588
v -0.006091 -0.246068 0.796414
v -0.008659 -0.244048 0.809927
v 0.015232 -0.245995 0.800160
v 0.004514 -0.243972 0.809914
v -0.322159 -0.369892 -0.295072
v -0.324277 -0.367775 -0.288555
v -0.326971 -0.390633 -0.295072
v -0.328170 -0.390633 -0.291383
v 0.318278 -0.295075 -0.288555
v 0.320168 -0.293185 -0.295072
v 0.318257 -0.277047 -0.288555
v 0.320209 -0.277047 -0.295072
v -0.331307 -0.390633 -0.289104
v -0.328170 -0.390633 -0.291383
v -0.329820 -0.362236 -0.284527
v -0.324277 -0.367775 -0.288555
v -0.338323 -0.390633 -0.291383
v -0.335186 -0.390633 -0.289104
v -0.342212 -0.367760 -0.288549
v -0.336606 -0.362236 -0.284527
v 1.380940 0.090853 -0.828038
v 1.438490 0.090853 -0.828038
v 1.380940 0.088436 -0.742744
v 1.438490 0.088436 -0.742744
v -0.103123 0.145881 1.022650
v 0.105378 0.143647 1.023087
v -0.096431 0.156765 0.963664
v 0.099438 0.153806 0.963944
v -0.344333 -0.369892 -0.295072
v -0.342216 -0.367760 -0.301588
v -0.339521 -0.390633 -0.295072
v -0.338323 -0.390633 -0.298760
v -0.177993 -0.079718 -0.306309
v -0.194725 -0.102775 -0.306309
v -0.183898 -0.075721 -0.311151
v -0.200867 -0.098885 -0.311192
v 0.010169 -0.105984 0.008829
v 0.131331 -0.178745 -0.120572
v 0.001679 -0.120690 0.008829
v 0.122841 -0.193451 -0.120572
v 0.304770 -0.277046 -0.284870
v 0.299799 -0.277046 -0.288555
v 0.304387 -0.293563 -0.284997
v 0.299727 -0.282257 -0.288555
v -0.328170 -0.390633 -0.298760
v -0.331307 -0.390633 -0.301039
v -0.324277 -0.367760 -0.301588
v -0.329820 -0.362236 -0.305615
v 0.304387 -0.293563 -0.284997
v 0.311739 -0.298351 -0.285146
v 0.304770 -0.277046 -0.284870
v 0.312016 -0.277046 -0.284961
v 0.004479 -0.127966 0.791132
v 0.014600 -0.138544 0.796757
v 0.004514 -0.243972 0.809914
v 0.012990 -0.243330 0.813567
v -0.342216 -0.367760 -0.301588
v -0.344333 -0.369892 -0.295072
v -0.369592 -0.367775 -0.301588
v -0.369592 -0.369892 -0.295072
v 0.311546 0.128260 -1.237304
v 0.311546 0.125826 -1.486285
v 0.310346 0.150431 -1.237421
v 0.310346 0.135644 -1.486393
v -0.369592 -0.347718 -0.295072
v -0.369592 -0.349834 -0.288555
v -0.344333 -0.347718 -0.295072
v -0.342216 -0.349834 -0.288555
v -0.369592 -0.367775 -0.301588
v -0.369592 -0.362236 -0.305615
v -0.342216 -0.367760 -0.301588
v -0.336672 -0.362236 -0.305615
v -0.082214 0.335594 0.904725
v 0.082391 0.335594 0.904725
v -0.090468 0.324449 0.962090
v 0.090644 0.324449 0.962090
v -0.342212 -0.367760 -0.288549
v -0.336606 -0.362236 -0.284527
v -0.369592 -0.367775 -0.288555
v -0.369592 -0.362236 -0.284527
v -0.369592 -0.355382 -0.284527
v -0.369592 -0.362236 -0.284527
v -0.336672 -0.355382 -0.284527
v -0.336606 -0.362236 -0.284527
v 0.312120 -0.296171 -0.303929
v 0.304819 -0.291597 -0.304149
v 0.312276 -0.277042 -0.304414
v 0.305070 -0.277044 -0.304521
v -0.344333 -0.369892 -0.295072
v -0.342212 -0.367760 -0.288549
v -0.369592 -0.369892 -0.295072
v -0.369592 -0.367775 -0.288555
v -0.958722 0.101600 -0.568632
v -0.958722 -0.011212 -0.581695
v -0.972640 -0.011212 -0.625403
v -0.958722 -0.011212 -0.677110
v -0.958722 -0.076324 -0.677110
v 0.096574 0.237439 1.413664
v 0.121214 0.227516 1.414964
v 0.092631 0.232168 1.413664
v 0.121214 0.219801 1.414964
v -0.958722 -0.076324 -0.677110
v -0.944803 -0.076324 -0.625403
v 0.141368 -0.161361 -0.120572
v 0.145138 -0.172496 -0.118639
v 0.131331 -0.178745 -0.120572
v 0.138980 -0.183162 -0.118639
v 0.105378 0.143647 1.023087
v 0.118523 0.294693 1.023087
v 0.099438 0.153806 0.963944
v 0.111842 0.304852 0.963944
v 0.272052 -0.271066 -0.284944
v 0.272059 -0.271071 -0.272232
v 0.275326 -0.265396 -0.288554
v 0.275333 -0.265400 -0.272232
v -0.026919 0.312018 1.421304
v -0.032764 0.312018 1.421304
v -0.026919 0.310028 1.475976
v -0.032764 0.310028 1.475976
v 0.312276 -0.277042 -0.304414
v 0.318257 -0.277047 -0.301588
v 0.312120 -0.296171 -0.303929
v 0.318278 -0.295075 -0.301588
v 0.051566 0.298975 1.404943
v -0.054171 0.298975 1.404943
v 0.053843 0.303825 1.404943
v -0.056448 0.303825 1.404943
v 0.025239 0.312018 1.421304
v 0.031083 0.312018 1.421304
v 0.025239 0.301081 1.421304
v 0.031083 0.301081 1.421304
v 1.438490 0.092919 -0.900953
v 1.438490 0.119908 -0.900953
v 1.438490 0.090853 -0.828038
v 1.438490 0.121517 -0.828037
v -0.122278 0.219801 1.414964
v -0.122278 0.227516 1.414964
v -0.095236 0.232168 1.413664
v -0.099180 0.237439 1.413664
v -0.091185 0.266354 1.409868
v -0.085379 0.264221 1.409868
v -0.099180 0.237439 1.413664
v -0.095236 0.232168 1.413664
v 0.092631 0.232168 1.413664
v 0.121214 0.219801 1.414964
v 0.092631 0.228088 1.444046
v 0.121214 0.215721 1.445345
v -0.148090 -0.195123 -0.284528
v -0.151461 -0.189284 -0.284748
v -0.265694 -0.276803 -0.284527
v -0.269007 -0.271066 -0.284944
v -0.154505 -0.184012 -0.288554
v -0.272281 -0.265396 -0.288554
v -0.005089 -0.255922 0.790814
v -0.004923 -0.146449 0.507944
v 0.015945 -0.255844 0.794474
v 0.016426 -0.146371 0.507719
v 0.318225 -0.238932 -0.288555
v 0.312428 -0.238934 -0.284684
v 0.325261 -0.262914 -0.283133
v 0.314667 -0.262953 -0.276318
v -0.089398 0.076357 1.592203
v -0.097598 0.085847 1.541477
v -0.100554 0.227403 1.592203
v -0.109776 0.236893 1.541477
v 0.018592 -0.251458 0.836983
v 0.018592 -0.252354 0.824979
v 0.018592 -0.234701 0.834071
v 0.018592 -0.236781 0.822271
v 0.082775 0.260141 1.440249
v 0.051566 0.294894 1.435324
v 0.082775 0.264221 1.409868
v 0.051566 0.298975 1.404943
v 0.312428 -0.238934 -0.284684
v 0.305479 -0.238933 -0.284636
v 0.314667 -0.262953 -0.276318
v 0.302366 -0.262882 -0.276325
v 1.380940 0.106973 -0.845131
v 1.380940 0.119908 -0.900953
v 1.380940 0.103294 -0.845131
v 1.380940 0.092919 -0.900953
v 1.380940 0.116524 -0.939698
v 1.380940 0.096303 -0.939698
v 1.380940 0.110217 -0.969372
v 1.380940 0.102610 -0.969372
v -0.070013 0.084444 1.225455
v -0.058804 0.084444 1.225455
v -0.070013 0.374831 1.088392
v -0.058804 0.374831 1.088392
v 0.305479 -0.238933 -0.284636
v 0.300209 -0.238558 -0.288555
v 0.302366 -0.262882 -0.276325
v 0.292819 -0.262775 -0.283346
v 0.092631 0.228088 1.444046
v 0.082775 0.260141 1.440249
v 0.092631 0.232168 1.413664
v 0.082775 0.264221 1.409868
v 0.020317 0.306401 1.376755
v 0.020317 0.290495 1.469728
v 0.020317 0.101720 1.440296
v 0.020317 0.097720 1.499223
v 0.318257 -0.277047 -0.301588
v 0.320209 -0.277047 -0.295072
v 0.318278 -0.295075 -0.301588
v 0.320168 -0.293185 -0.295072
v -0.322159 -0.369892 -0.295072
v 0.067803 -0.138544 0.796757
v 0.067803 -0.127966 0.791132
v 0.067803 -0.143796 0.807525
v 0.067803 -0.116101 0.792799
v 0.067803 -0.107483 0.801122
v 0.067803 -0.141716 0.819324
v 0.067803 -0.105402 0.812921
v 0.067803 -0.133098 0.827647
v 0.067803 -0.121233 0.829315
v 0.310346 0.150431 -1.237421
v 0.310346 0.163008 -0.993000
v 0.311546 0.128260 -1.237304
v 0.311546 0.125198 -0.992883
v 0.298088 -0.238902 -0.295072
v 0.300209 -0.238558 -0.301588
v 0.288981 -0.262748 -0.295072
v 0.293037 -0.262832 -0.307086
v 0.014006 0.038023 2.407088
v 0.020798 0.041157 2.375921
v 0.012147 0.043326 2.407088
v 0.018028 0.050550 2.375921
v 0.007067 0.047208 2.407088
v 0.010463 0.057425 2.375921
v 0.000128 0.048629 2.407088
v 0.000128 0.059942 2.375921
v -0.006812 0.047208 2.407088
v -0.010207 0.057425 2.375921
v -0.011891 0.043326 2.407088
v -0.017773 0.050550 2.375921
v -0.013751 0.038023 2.407088
v -0.020542 0.041157 2.375921
v 0.072080 0.055219 2.252216
v 0.062440 0.081958 2.252216
v 0.036104 0.101533 2.252216
v 0.000128 0.108698 2.252216
v -0.035848 0.101533 2.252216
v -0.052586 0.139660 2.140447
v -0.091174 0.110160 2.140447
v -0.112494 0.136817 2.004807
v -0.127586 0.080860 2.004807
v 0.105554 0.069864 2.140447
v 0.300209 -0.238558 -0.301588
v 0.305580 -0.238936 -0.305275
v 0.293037 -0.262832 -0.307086
v 0.302944 -0.263021 -0.313427
v 0.412196 0.119589 0.311887
v 0.412217 0.105565 0.298606
v 1.104169 0.108800 -0.262613
v 1.104177 0.099833 -0.275894
v 1.380940 0.104485 -0.492394
v 1.380940 0.097540 -0.505675
v 1.104177 0.098429 -0.400046
v 0.412216 0.102237 0.112841
v 1.104177 0.094953 -0.558728
v 1.380940 0.096906 -0.605183
v 1.380940 0.095675 -0.651335
v 1.104177 0.096390 -0.615702
v 1.380940 0.097394 -0.707126
v 1.380940 0.100574 -0.781520
v 0.412216 0.093147 -0.327181
v 0.412216 0.093881 -0.387135
v 1.104177 0.102294 -0.737741
v 1.104177 0.107341 -0.842065
v 1.380940 0.103294 -0.845131
v 1.104169 0.111848 -0.842065
v 1.380940 0.106973 -0.845131
v 1.380940 0.110215 -0.781520
v 1.104169 0.117536 -0.737741
v 1.104169 0.124191 -0.615702
v 1.380940 0.114009 -0.707126
v 1.104169 0.125125 -0.558728
v 1.380940 0.115318 -0.651335
v 1.104169 0.123179 -0.400046
v 1.380940 0.115335 -0.605183
v 1.104169 0.117768 -0.275894
v 1.380940 0.111431 -0.505675
v 1.104169 0.108800 -0.262613
v 1.380940 0.104485 -0.492394
v 0.412177 0.135841 -0.628267
v 0.412177 0.149647 -0.387135
v 0.412177 0.149647 -0.327181
v 0.412177 0.142791 0.112841
v 0.412178 0.133614 0.298606
v 0.412196 0.119589 0.311887
v 0.412178 0.133614 0.298606
v 0.318975 0.158303 0.298606
v 0.412177 0.142791 0.112841
v 0.412177 0.149647 -0.327181
v 0.318975 0.177591 -0.327181
v 0.412177 0.149647 -0.387135
v 0.318975 0.173595 -0.387135
v 0.412177 0.135841 -0.628267
v 0.314323 0.148554 -0.628267
v 0.310346 0.127146 -0.834417
v 0.300209 -0.238558 -0.288555
v 0.298088 -0.238902 -0.295072
v 0.292819 -0.262775 -0.283346
v 0.288981 -0.262748 -0.295072
v 0.325261 -0.262914 -0.283133
v 0.329114 -0.262881 -0.295072
v 0.318225 -0.238932 -0.288555
v 0.320281 -0.238932 -0.295072
v 0.196978 -0.036862 1.139546
v 0.203886 -0.035401 1.138519
v 0.177428 -0.009886 1.178680
v 0.182256 -0.005553 1.181816
v 0.148354 -0.000423 1.189223
v 0.150088 0.004917 1.193478
v 0.000128 -0.004362 1.194451
v 0.000128 0.000559 1.199267
v 0.185323 -0.005064 1.141818
v 0.206524 -0.034957 1.105127
v 0.203886 -0.057688 1.128942
v 0.206523 -0.057244 1.094445
v 0.170905 -0.100264 1.128942
v 0.174342 -0.099821 1.094445
v 0.097324 -0.139140 1.128942
v 0.102335 -0.142171 1.094445
v 0.050019 -0.150260 1.094445
v 0.054747 -0.152916 1.041602
v 0.000128 -0.161005 1.041602
v 0.000128 -0.162493 1.016067
v -0.054492 -0.152916 1.041602
v 0.047514 -0.147229 1.128942
v 0.000128 -0.158350 1.094445
v -0.049764 -0.150260 1.094445
v -0.102080 -0.142171 1.094445
v -0.111536 -0.144828 1.041602
v -0.179103 -0.099195 1.041602
v -0.115466 -0.146316 1.016067
v -0.181249 -0.098787 1.016067
v -0.183395 -0.098379 0.990531
v -0.211744 -0.055803 0.990531
v -0.213918 -0.054138 0.916575
v -0.213918 -0.031851 0.925480
v 0.000128 -0.155318 1.128942
v -0.047259 -0.147229 1.128942
v -0.097070 -0.139140 1.128942
v -0.174088 -0.099821 1.094445
v -0.209199 -0.056617 1.041602
v -0.210471 -0.056210 1.016067
v -0.211744 -0.033516 0.996071
v -0.200171 -0.002353 0.953037
v -0.170650 -0.100265 1.128942
v -0.206268 -0.057244 1.094445
v -0.209199 -0.034330 1.050779
v -0.210471 -0.033922 1.023425
v -0.195270 -0.003488 1.015506
v -0.161433 0.008529 0.953037
v -0.177384 0.016945 0.796478
v -0.124793 0.021370 0.750972
v -0.188881 0.029810 0.629258
v -0.185169 0.048439 0.621485
v -0.203630 -0.057688 1.128942
v -0.206268 -0.034957 1.105127
v -0.189780 -0.004317 1.082884
v -0.192525 -0.003903 1.049193
v -0.158496 0.008013 1.024206
v -0.055759 0.011648 0.953037
v -0.132405 0.047098 0.724935
v -0.203630 -0.035401 1.138519
v -0.185067 -0.005064 1.141818
v -0.153685 0.006438 1.102536
v -0.156091 0.007225 1.063371
v -0.037530 0.008567 1.024206
v -0.051409 0.042546 0.953036
v -0.151086 0.004917 1.156888
v -0.015964 0.003677 1.102536
v -0.026747 0.006121 1.063371
v -0.037530 0.036621 1.024206
v 0.000128 0.000559 1.156888
v -0.015964 0.026676 1.102536
v -0.026747 0.031649 1.063371
v 0.000128 0.000559 1.199267
v -0.149833 0.004917 1.193478
v 0.000128 -0.004362 1.194451
v -0.148100 -0.000423 1.189223
v -0.182000 -0.005553 1.181816
v -0.177173 -0.009886 1.178680
v 0.025239 0.312018 1.421304
v 0.025239 0.301081 1.421304
v 0.025239 0.310028 1.475976
v 0.025239 0.290722 1.477874
v -0.164345 -0.015430 0.210996
v -0.143585 -0.025468 0.210996
v -0.170493 -0.012161 0.210996
v -0.114387 -0.035078 0.210996
v -0.157457 -0.004158 0.210996
v -0.066035 -0.041882 0.210996
v -0.135631 0.007037 0.210996
v -0.002780 -0.043228 0.210996
v 0.000127 0.003839 0.210996
v 0.135886 0.007037 0.210996
v 0.135887 0.007037 0.676091
v 0.157712 -0.004158 0.678269
v 0.157712 -0.013131 0.855446
v 0.189503 -0.030287 0.857812
v 0.190871 -0.033057 0.946489
v 0.066289 -0.041882 0.210996
v 0.157712 -0.004158 0.210996
v 0.188070 -0.021314 0.680635
v 0.114641 -0.035078 0.210996
v 0.170747 -0.012161 0.210996
v 0.143838 -0.025468 0.210996
v 0.164599 -0.015430 0.210996
v -0.218120 0.050399 -1.486861
v -0.189727 0.035940 -1.486861
v -0.216414 0.044360 -1.237880
v -0.207745 0.035940 -1.237880
v -0.216414 0.044360 -0.993459
v -0.207745 0.035940 -0.993459
v -0.224581 0.050741 -0.387712
v -0.220185 0.035940 -0.387712
v -0.227096 0.050741 -0.327758
v -0.223336 0.035940 -0.327758
v -0.232895 0.029711 0.129101
v -0.219879 0.021141 -0.327758
v -0.230944 0.017974 0.150089
v -0.214166 -0.007810 -0.327758
v -0.225735 -0.007810 0.173929
v -0.199672 0.021143 -1.237880
v -0.202270 0.021143 -0.993459
v -0.217597 0.021143 -0.387712
v -0.185700 -0.007807 -1.237880
v -0.194316 -0.007807 -0.993459
v -0.212644 -0.007807 -0.387712
v -0.167741 -0.088903 -0.327758
v -0.162593 -0.007807 -1.486861
v -0.150241 -0.055636 -1.237880
v -0.152870 -0.069683 -0.993459
v -0.165935 -0.088903 -0.387712
v -0.099004 -0.136163 -0.387712
v -0.102749 -0.136163 -0.327758
v -0.021186 -0.144253 -0.327758
v -0.095607 -0.067712 -1.486861
v -0.098850 -0.097281 -1.237880
v -0.098850 -0.112499 -0.993459
v -0.008848 -0.090811 -1.486861
v -0.008848 -0.117509 -1.237880
v -0.008848 -0.135119 -0.993459
v -0.008848 -0.144253 -0.387712
v 0.009102 -0.144253 -0.387712
v 0.021440 -0.144253 -0.327758
v 0.099257 -0.136163 -0.387712
v 0.103002 -0.136163 -0.327758
v 0.167995 -0.088903 -0.327758
v 0.009101 -0.090811 -1.486861
v 0.009101 -0.117509 -1.237880
v 0.009101 -0.135119 -0.993459
v 0.099103 -0.097281 -1.237880
v 0.099103 -0.112499 -0.993459
v 0.153124 -0.069683 -0.993459
v 0.166188 -0.088903 -0.387712
v 0.212898 -0.007807 -0.387712
v 0.194569 -0.007807 -0.993459
v 0.150494 -0.055636 -1.237880
v 0.185953 -0.007807 -1.237880
v 0.162846 -0.007807 -1.486861
v 0.199926 0.021143 -1.237880
v 0.189980 0.035941 -1.486861
v 0.207998 0.035941 -1.237880
v 0.216668 0.044360 -1.237880
v 0.216668 0.044360 -0.993459
v 0.202524 0.021143 -0.993459
v 0.207998 0.035940 -0.993459
v 0.224835 0.050741 -0.387712
v 0.220438 0.035940 -0.387712
v 0.217851 0.021143 -0.387712
v 0.220132 0.021141 -0.327758
v 0.214420 -0.007810 -0.327758
v 0.223589 0.035940 -0.327758
v 0.233148 0.029711 0.129101
v 0.231197 0.017974 0.150089
v 0.208684 0.035940 0.298606
v 0.214332 0.022606 0.298606
v 0.211805 0.023873 0.481505
v 0.214420 0.006342 0.481505
v 0.194124 0.022846 0.633413
v 0.205965 0.006341 0.643870
v 0.203433 0.002661 0.796478
v 0.216148 -0.027720 0.796478
v 0.214174 -0.031851 0.925480
v 0.214174 -0.054138 0.916575
v 0.211999 -0.055802 0.990531
v 0.203036 0.050741 0.298606
v 0.207200 0.035841 0.481505
v 0.189135 0.029810 0.629258
v 0.177639 0.016945 0.796478
v 0.200426 -0.002353 0.953036
v 0.211999 -0.033515 0.996071
v 0.210726 -0.056210 1.016067
v 0.181504 -0.098787 1.016067
v 0.179358 -0.099195 1.041602
v 0.202471 0.050741 0.481505
v 0.185424 0.048439 0.621485
v 0.125048 0.021370 0.750972
v 0.161688 0.008529 0.953036
v 0.195525 -0.003488 1.015506
v 0.210726 -0.033923 1.023425
v 0.209454 -0.056617 1.041602
v 0.132660 0.047098 0.724935
v 0.056013 0.011648 0.953036
v 0.158751 0.008013 1.024206
v 0.192781 -0.003903 1.049193
v 0.209454 -0.034330 1.050779
v 0.051664 0.042546 0.953036
v 0.037785 0.008567 1.024206
v 0.156345 0.007225 1.063371
v 0.190036 -0.004317 1.082884
v 0.037785 0.036621 1.024206
v 0.027002 0.006121 1.063371
v 0.153941 0.006438 1.102536
v 0.027002 0.031649 1.063371
v 0.016219 0.003677 1.102536
v 0.151340 0.004917 1.156888
v 0.016219 0.026676 1.102536
v 0.000128 0.000559 1.156888
v -0.234945 0.042994 0.117762
v -0.202782 0.050740 0.298606
v -0.208430 0.035940 0.298606
v -0.214078 0.022606 0.298606
v -0.219726 0.006341 0.298606
v -0.212668 -0.019993 0.173929
v -0.212367 -0.019993 0.298606
v -0.199602 -0.046326 0.173929
v -0.205008 -0.046326 0.298606
v -0.165310 -0.088903 0.173929
v -0.176625 -0.088903 0.298606
v -0.108532 -0.136164 0.173929
v -0.120385 -0.136164 0.298606
v -0.068295 -0.144253 0.173929
v -0.212903 -0.046326 0.481505
v -0.191228 -0.088903 0.481505
v -0.138167 -0.136164 0.481505
v -0.068295 -0.144253 0.298606
v -0.068295 -0.144253 0.481505
v 0.000127 -0.157964 0.298606
v 0.000127 -0.157964 0.481505
v 0.068550 -0.144253 0.481505
v 0.060968 -0.106069 0.481505
v 0.068550 -0.144253 0.643870
v 0.060968 -0.106069 0.645789
v 0.060066 -0.109750 0.798398
v 0.000127 -0.114158 0.481505
v 0.000128 -0.114158 0.645789
v 0.000128 -0.117839 0.798398
v 0.058158 -0.114508 0.927078
v 0.000128 -0.122597 0.927078
v 0.065740 -0.152692 0.925159
v 0.000128 -0.160780 0.925159
v 0.058676 -0.155893 0.990531
v 0.000128 -0.163982 0.990531
v -0.056457 -0.154404 1.016067
v -0.058422 -0.155893 0.990531
v -0.065485 -0.152692 0.925159
v -0.057904 -0.114508 0.927078
v -0.059811 -0.109750 0.798398
v -0.060714 -0.106069 0.645789
v -0.060714 -0.106069 0.481505
v -0.068295 -0.144253 0.643870
v -0.067392 -0.147933 0.796478
v -0.133521 -0.144603 0.925159
v -0.144399 -0.139844 0.796478
v -0.152193 -0.136164 0.643870
v -0.199207 -0.088903 0.643870
v -0.196115 -0.092584 0.796478
v -0.191143 -0.096715 0.916575
v -0.119395 -0.147804 0.990531
v -0.215893 -0.050007 0.796479
v -0.216258 -0.046326 0.643870
v -0.215893 -0.027720 0.796479
v -0.218322 -0.024039 0.643870
v -0.205710 0.006341 0.643870
v -0.213534 -0.019993 0.481505
v -0.214166 0.006341 0.481505
v -0.211551 0.023873 0.481505
v -0.206945 0.035841 0.481505
v -0.202217 0.050740 0.481505
v -0.193869 0.022845 0.633413
v -0.203179 0.002661 0.796478
v 0.025239 0.312018 1.421304
v 0.025239 0.310028 1.475976
v 0.031083 0.312018 1.421304
v 0.031083 0.310028 1.475976
v 0.000127 0.220568 -1.559535
v 0.000127 0.245609 -1.865038
v 0.073733 0.198953 -1.559535
v 0.081629 0.219393 -1.865038
v 0.114555 0.158132 -1.559535
v 0.126828 0.169882 -1.865038
v 0.129497 0.102368 -1.559535
v 0.143373 0.102250 -1.865038
v 0.114555 0.046605 -1.559535
v 0.126828 0.034617 -1.865038
v 0.073733 0.005783 -1.559535
v 0.081629 -0.014893 -1.865038
v 0.000127 -0.009158 -1.559535
v 0.000127 -0.033015 -1.865038
v -0.073480 0.005783 -1.559535
v -0.081375 -0.014893 -1.865038
v 0.004464 0.270954 -1.620298
v 0.105059 0.231749 -1.620298
v 0.156373 0.162242 -1.620298
v 0.170010 0.095116 -1.620298
v 0.149714 0.019373 -1.620298
v 0.088324 -0.042017 -1.620298
v 0.004464 -0.064488 -1.620298
v -0.004211 -0.064488 -1.620298
v -0.088071 -0.042017 -1.620298
v -0.149461 0.019373 -1.620298
v -0.126575 0.034617 -1.865038
v -0.114301 0.046605 -1.559535
v -0.129243 0.102368 -1.559535
v -0.169756 0.095115 -1.620298
v -0.143120 0.102250 -1.865038
v -0.114301 0.158132 -1.559535
v -0.156120 0.162242 -1.620298
v -0.126575 0.169882 -1.865038
v -0.073480 0.198953 -1.559535
v -0.104805 0.231749 -1.620298
v -0.081375 0.219393 -1.865038
v 0.000127 0.220568 -1.559535
v -0.004211 0.270954 -1.620298
v 0.000127 0.245609 -1.865038
v -0.021186 -0.157964 0.173929
v 0.021440 -0.157964 0.173929
v 0.068550 -0.144253 0.298606
v 0.068550 -0.144253 0.173929
v 0.120640 -0.136164 0.298606
v 0.108786 -0.136164 0.173929
v 0.176880 -0.088903 0.298606
v 0.165563 -0.088903 0.173929
v 0.205262 -0.046326 0.298606
v 0.199855 -0.046326 0.173929
v 0.212621 -0.019993 0.298606
v 0.212922 -0.019993 0.173929
v 0.213158 -0.046326 0.481504
v 0.191483 -0.088903 0.481504
v 0.138421 -0.136164 0.481505
v 0.216512 -0.046326 0.643870
v 0.199462 -0.088903 0.643870
v 0.152448 -0.136164 0.643870
v 0.144655 -0.139844 0.796478
v 0.196371 -0.092584 0.796478
v 0.216148 -0.050007 0.796478
v 0.218577 -0.024039 0.643870
v 0.191399 -0.096715 0.916575
v 0.133777 -0.144603 0.925159
v 0.067647 -0.147933 0.796478
v 0.183651 -0.098379 0.990531
v 0.119650 -0.147804 0.990531
v 0.115720 -0.146316 1.016067
v 0.111791 -0.144828 1.041602
v 0.056712 -0.154404 1.016067
v -0.085460 -0.210479 0.480431
v -0.083533 -0.187423 0.481435
v -0.082071 -0.210531 0.480280
v -0.080143 -0.187475 0.481285
v -0.081606 -0.164367 0.482441
v -0.078216 -0.164420 0.482290
v 0.225989 -0.007810 0.173929
v 0.219980 0.006342 0.298606
v 0.213789 -0.019993 0.481504
v -1.421687 0.111180 -0.045859
v -1.412452 0.114484 -0.063852
v -1.438236 0.111180 -0.045859
v -1.438236 0.114484 -0.063852
v 0.329114 -0.262881 -0.295072
v 0.325111 -0.262943 -0.307199
v 0.320281 -0.238932 -0.295072
v 0.318225 -0.238932 -0.301588
v 0.023282 -0.101918 -0.323756
v 0.069604 -0.129817 -0.305362
v 0.019379 -0.107211 -0.321832
v 0.066140 -0.135817 -0.305590
v 0.016222 -0.110118 -0.316490
v 0.063329 -0.140838 -0.300719
v 0.062297 -0.140289 -0.293984
v 0.109641 -0.175101 -0.295073
v 0.110643 -0.173367 -0.288557
v 0.110645 -0.173364 -0.301590
v 0.113485 -0.168445 -0.305564
v -0.128286 -0.178745 -0.120572
v -0.119796 -0.193451 -0.120572
v -0.135935 -0.183162 -0.118639
v -0.130749 -0.192145 -0.118639
v -0.301971 -0.301998 -0.284527
v -0.301342 -0.293563 -0.284997
v -0.274788 -0.283119 -0.284527
v -0.278096 -0.277390 -0.284958
v -0.296682 -0.282257 -0.288554
v -0.281388 -0.271688 -0.288554
v -0.294506 -0.277148 -0.295071
v -0.282871 -0.269119 -0.295071
v -0.296682 -0.282256 -0.301588
v -1.380686 0.092919 -0.900953
v -1.380686 0.119907 -0.900953
v -1.380686 0.103294 -0.845131
v -1.380686 0.106972 -0.845131
v -1.438236 0.088086 -0.241419
v -1.438236 0.088086 -0.289911
v -1.385533 0.088086 -0.241419
v -1.380686 0.088086 -0.289911
v -0.329820 -0.308839 -0.305615
v -0.329820 -0.301325 -0.305615
v -0.324277 -0.301325 -0.301588
v -1.380686 0.105416 -0.289911
v -1.380686 0.088086 -0.289911
v -1.380686 0.104485 -0.492393
v -1.380686 0.097539 -0.505675
v -1.397763 0.105423 -0.186360
v -1.397763 0.123650 -0.186360
v -1.405162 0.105530 -0.093966
v -1.405162 0.118905 -0.093966
v 0.335588 -0.211980 -0.332900
v 0.334638 -0.191764 -0.332522
v 0.340377 -0.208832 -0.332925
v 0.340456 -0.188669 -0.332566
v 0.330202 -0.154074 -0.331774
v 0.336537 -0.151006 -0.331827
v 0.318815 -0.120531 -0.330983
v 0.325021 -0.117442 -0.331032
v 0.303031 -0.087227 -0.330120
v 0.308571 -0.084013 -0.330156
v 0.265040 -0.049654 -0.328805
v 0.268778 -0.045497 -0.328794
v 0.211033 -0.020361 -0.327366
v 0.211480 -0.012207 -0.327229
v 0.372637 -0.367775 -0.288555
v 0.372637 -0.369892 -0.295072
v 0.372637 -0.362236 -0.284527
v 0.372637 -0.367775 -0.301588
v 0.372637 -0.362236 -0.305615
v 0.372637 -0.355381 -0.284527
v 0.372637 -0.355381 -0.305615
v 0.372637 -0.349834 -0.288555
v 0.372637 -0.347718 -0.295072
v -1.438236 0.121553 -0.826373
v -1.438236 0.090805 -0.826373
v -1.438236 0.123398 -0.742744
v -1.438236 0.088435 -0.742744
v -1.438236 0.093043 -0.093966
v -1.438236 0.097780 -0.063852
v -1.438236 0.118905 -0.093966
v -1.438236 0.114484 -0.063852
v -0.269014 -0.271071 -0.272232
v -0.265702 -0.276808 -0.272232
v -0.269007 -0.271066 -0.284944
v -0.265694 -0.276803 -0.284527
v 0.109641 -0.175101 -0.295073
v 0.106330 -0.179907 -0.295075
v 0.110643 -0.173367 -0.288557
v 0.107934 -0.177289 -0.285191
v 0.025239 0.310028 1.475976
v 0.025239 0.290722 1.477874
v 0.031083 0.310028 1.475976
v 0.031083 0.290722 1.477874
v -0.056448 0.303825 1.404943
v -0.091185 0.266354 1.409868
v -0.056468 0.294980 1.455117
v -0.088745 0.258766 1.460438
v -0.056215 0.283916 1.513608
v -0.082855 0.251408 1.511951
v -0.066049 0.243129 1.572831
v -0.078548 0.217631 1.571850
v -0.046184 0.240026 1.616454
v -0.063866 0.214867 1.631112
v -0.023390 0.223543 1.641942
v -0.024050 0.221218 1.679045
v 0.021445 0.221218 1.679045
v -0.099180 0.237439 1.413664
v -0.096225 0.229879 1.463940
v -0.090888 0.224377 1.511749
v -0.110914 0.209346 1.569898
v -0.093437 0.201080 1.658661
v -0.122278 0.227516 1.414964
v -0.119582 0.221392 1.465356
v -0.116668 0.215998 1.513390
v -0.023091 0.344986 1.390059
v -0.023091 0.344392 1.405542
v -0.023091 0.303403 1.406055
v -0.023091 0.327406 1.438218
v 0.318257 -0.277047 -0.288555
v 0.320209 -0.277047 -0.295072
v 0.325261 -0.262914 -0.283133
v 0.329114 -0.262881 -0.295072
v -0.044445 0.272632 1.572955
v -0.037271 0.270186 1.585753
v -0.018057 0.268496 1.595681
v -0.021278 0.242646 1.627183
v 0.020785 0.223543 1.641942
v 0.061262 0.214867 1.631112
v 0.090832 0.201080 1.658661
v 0.109850 0.209346 1.569898
v 0.015451 0.268496 1.595681
v 0.018672 0.242646 1.627183
v 0.043578 0.240026 1.616454
v 0.075944 0.217631 1.571850
v 0.088283 0.224377 1.511749
v 0.115604 0.215998 1.513390
v 0.118518 0.221392 1.465356
v 0.063444 0.243129 1.572831
v 0.080250 0.251408 1.511951
v 0.093620 0.229879 1.463940
v 0.086140 0.258766 1.460438
v 0.096574 0.237439 1.413664
v 0.088580 0.266354 1.409868
v 0.053611 0.283916 1.513608
v 0.053863 0.294980 1.455117
v 0.053843 0.303825 1.404943
v 0.041840 0.272632 1.572955
v 0.034666 0.270186 1.585753
v 0.312016 -0.277046 -0.284961
v 0.318257 -0.277047 -0.288555
v 0.314667 -0.262953 -0.276318
v 0.325261 -0.262914 -0.283133
v 0.013971 -0.097214 -0.271495
v 0.066028 -0.136013 -0.284528
v 0.017873 -0.091922 -0.273420
v 0.069441 -0.130100 -0.284607
v 0.021030 -0.089016 -0.278761
v 0.072318 -0.125117 -0.288553
v 0.073738 -0.122658 -0.295069
v 0.121052 -0.155339 -0.295069
v 0.119582 -0.157884 -0.301652
v 0.119626 -0.157807 -0.288554
v 0.116657 -0.162950 -0.284685
v 0.113267 -0.168822 -0.284528
v -0.062185 0.081958 2.252216
v -0.071824 0.055219 2.252216
v -0.105299 0.069864 2.140447
v -0.326070 -0.262881 -0.295072
v -0.317164 -0.277047 -0.295072
v -0.322216 -0.262915 -0.283133
v -0.315212 -0.277047 -0.288555
v 0.150836 -0.176812 -0.110187
v 0.154458 -0.171276 -0.101153
v 0.144713 -0.187416 -0.110187
v 0.145033 -0.187601 -0.101153
v -0.369592 -0.349834 -0.301588
v -0.369592 -0.355382 -0.305615
v -0.369592 -0.347718 -0.295072
v -0.369592 -0.349834 -0.288555
v -0.369592 -0.355382 -0.284527
v -0.369592 -0.362236 -0.305615
v -0.369592 -0.362236 -0.284527
v -0.369592 -0.367775 -0.301588
v -0.369592 -0.369892 -0.295072
v 0.025980 0.298953 1.459871
v 0.025980 0.327406 1.438218
v 0.021411 0.298953 1.459871
v 0.021411 0.327406 1.438218
v 1.438490 0.102610 -0.969372
v 1.438490 0.110217 -0.969372
v 1.438490 0.096303 -0.939698
v 1.438490 0.116524 -0.939698
v 1.438490 0.119908 -0.900953
v -0.326070 -0.262881 -0.295072
v -0.317235 -0.238932 -0.295072
v -0.322066 -0.262943 -0.307198
v -0.315180 -0.238932 -0.301588
v -0.017161 -0.088600 0.008829
v -0.007124 -0.105984 0.008829
v -0.138323 -0.161361 -0.120572
v -0.128286 -0.178745 -0.120572
v -1.380686 0.123398 -0.742744
v -1.380686 0.123858 -0.653684
v -1.380686 0.114009 -0.707118
v -1.380686 0.115317 -0.651335
v -1.380686 0.123913 -0.580014
v -1.380686 0.115335 -0.605183
v 0.123052 0.255992 1.318941
v 0.109404 0.104946 1.318941
v 0.122261 0.248005 1.402204
v 0.108701 0.096958 1.402204
v 0.304770 -0.277046 -0.284870
v 0.312016 -0.277046 -0.284961
v 0.302366 -0.262882 -0.276325
v 0.314667 -0.262953 -0.276318
v -0.008659 -0.244048 0.809927
v -0.006091 -0.246068 0.796414
v -0.008629 -0.255257 0.811879
v -0.006405 -0.257273 0.798364
v -0.322066 -0.262943 -0.307198
v -0.315212 -0.277047 -0.301588
v -0.326070 -0.262881 -0.295072
v -0.317164 -0.277047 -0.295072
v -0.269014 -0.271071 -0.272232
v -0.272288 -0.265400 -0.272232
v -0.135935 -0.183162 -0.118639
v -0.273768 -0.262838 -0.272232
v -0.142093 -0.172496 -0.118639
v -1.397763 0.123650 -0.186360
v -1.385533 0.123977 -0.241419
v -1.438236 0.123650 -0.186360
v -1.438236 0.123977 -0.241419
v -0.309231 -0.277043 -0.304414
v -0.311595 -0.263062 -0.313350
v -0.302025 -0.277044 -0.304521
v -0.299900 -0.263021 -0.313427
v 0.025980 0.294189 1.460462
v 0.025980 0.298953 1.459871
v 0.021411 0.294189 1.460462
v 0.021411 0.298953 1.459871
v 0.299799 -0.277046 -0.288555
v 0.304770 -0.277046 -0.284870
v 0.292819 -0.262775 -0.283346
v 0.302366 -0.262882 -0.276325
v 0.220320 0.115893 -1.712111
v 0.218169 0.108731 -1.609367
v 0.220154 0.136231 -1.711971
v 0.217969 0.145771 -1.609195
v -0.958722 0.101600 -0.281725
v -0.958722 -0.011212 -0.120414
v -0.958722 -0.011211 0.009376
v -0.958722 -0.037303 0.212183
v -0.104936 -0.177221 -0.305065
v -0.109598 -0.169671 -0.311206
v -0.107600 -0.173364 -0.301590
v -0.110440 -0.168445 -0.305564
v 0.098215 0.228781 1.594545
v 0.109743 0.237095 1.541858
v 0.155218 0.200211 1.471276
v 0.158404 0.203438 1.435394
v 0.180623 0.136423 1.433628
v 0.182957 0.144758 1.382357
v 0.192834 0.115689 1.383773
v 0.197831 0.118071 1.320886
v 0.223371 0.110355 1.383773
v 0.228909 0.111467 1.320886
v 0.228905 0.107471 1.320886
v 0.242998 0.109045 1.205320
v 0.223346 0.106614 1.383773
v 0.030692 0.410297 1.125690
v 0.029628 0.403378 1.125690
v 0.020065 0.410344 1.125690
v 0.020065 0.403332 1.125690
v -0.315233 -0.295075 -0.301588
v -0.315212 -0.277047 -0.301588
v -0.309075 -0.296171 -0.303929
v -0.309231 -0.277043 -0.304414
v -0.202221 -0.063182 -0.295072
v -0.199540 -0.065017 -0.285102
v -0.197499 -0.066609 -0.295072
v -0.195733 -0.067780 -0.288555
v 0.118309 0.241112 1.475026
v 0.161252 0.208647 1.379261
v 0.122299 0.248005 1.402204
v 0.161412 0.214646 1.321221
v 0.184346 0.153831 1.321010
v 0.187253 0.171009 1.206183
v 0.209051 0.123683 1.205320
v 0.220495 0.127131 1.112145
v 0.255729 0.113510 1.112145
v 0.269310 0.115105 1.039100
v 0.269349 0.109045 1.039100
v 0.281403 0.108656 0.977803
v 0.255768 0.109045 1.112145
v 0.242959 0.113510 1.205320
v -0.315212 -0.277047 -0.301588
v -0.315233 -0.295075 -0.301588
v -0.317164 -0.277047 -0.295072
v -0.317123 -0.293185 -0.295072
v -0.147791 -0.176812 -0.110187
v -0.142093 -0.172496 -0.118639
v -0.279465 -0.267154 -0.263779
v -0.273768 -0.262838 -0.272232
v -0.124740 0.266561 1.204744
v -0.123619 0.255189 1.318980
v -0.110901 0.115514 1.204744
v -0.109905 0.104142 1.318980
v -0.271530 -0.288763 -0.295072
v -0.262416 -0.282482 -0.295072
v -0.271537 -0.288767 -0.272231
v -0.262423 -0.282487 -0.272232
v -0.060743 0.127417 1.373846
v -0.060743 0.193182 1.353936
v -0.060743 0.096648 1.269770
v -0.060743 0.161730 1.246858
v -0.060743 0.079021 1.209614
v -0.060743 0.137983 1.182018
v -0.060743 0.187321 1.237343
v -0.060743 0.154771 1.173421
v -0.060743 0.190537 1.157285
v -0.060743 0.221795 1.229283
v -0.060743 0.261729 1.197252
v -0.060743 0.233609 1.136419
v -0.060743 0.336093 1.163618
v -0.060743 0.308826 1.101501
v 0.021411 0.303403 1.406055
v 0.021411 0.294189 1.460462
v 0.021411 0.327406 1.438218
v 0.021411 0.298953 1.459871
v -0.016863 -0.254690 0.815544
v -0.022737 -0.253538 0.825185
v -0.017211 -0.240185 0.813020
v -0.022737 -0.236781 0.822271
v 0.030692 0.410297 1.125690
v 0.020065 0.410344 1.125690
v 0.030692 0.410297 1.127518
v 0.020065 0.410344 1.127518
v 0.004476 -0.251693 0.850613
v 0.012644 -0.252304 0.846966
v 0.004483 -0.249151 0.850171
v 0.012703 -0.249861 0.846541
v 0.004527 -0.232409 0.847255
v 0.013103 -0.233165 0.843636
v 0.014600 -0.133098 0.827647
v 0.018592 -0.253945 0.837416
v 0.018592 -0.251458 0.836983
v 0.018592 -0.255874 0.825590
v 0.018592 -0.252354 0.824979
v 0.012654 -0.257318 0.816000
v 0.012721 -0.254541 0.815517
v 0.004477 -0.257958 0.812350
v 0.004484 -0.255181 0.811867
v 0.062501 0.308826 1.101501
v 0.062501 0.336093 1.163618
v 0.062501 0.233609 1.136419
v 0.062501 0.261729 1.197252
v 0.062501 0.190537 1.157285
v 0.062501 0.221795 1.229283
v 0.062501 0.187321 1.237343
v 0.062501 0.154771 1.173421
v 0.062501 0.137983 1.182018
v 0.062501 0.161730 1.246858
v 0.062501 0.079021 1.209614
v 0.062501 0.096648 1.269770
v 0.062501 0.193182 1.353936
v 0.062501 0.127417 1.373846
v 0.013093 0.308032 1.104598
v 0.013093 0.376845 1.070451
v 0.013093 0.318946 1.125488
v 0.013093 0.391796 1.091325
v -0.015044 0.391796 1.091325
v -0.015044 0.376845 1.070451
v -0.015044 0.318946 1.125488
v -0.015044 0.308032 1.104598
v 0.013093 0.308032 1.104598
v -0.015044 0.308032 1.104598
v 0.029628 0.403378 1.125690
v 0.051361 0.394482 1.124717
v 0.029628 0.403378 1.127518
v 0.051361 0.394482 1.128491
v -0.164558 -0.042314 -1.109881
v -0.154903 -0.045091 -1.113507
v -0.205416 -0.193782 -1.118408
v -0.201196 -0.195141 -1.118455
v -0.196943 -0.196393 -1.118486
v -0.145296 -0.048250 -1.110076
v 0.305070 -0.277044 -0.304521
v 0.299799 -0.277046 -0.301588
v 0.302944 -0.263021 -0.313427
v 0.293037 -0.262832 -0.307086
v 0.020065 0.403332 1.125690
v 0.029628 0.403378 1.125690
v 0.020065 0.403332 1.127518
v 0.029628 0.403378 1.127518
v 0.138072 -0.048250 -1.110076
v 0.147679 -0.045090 -1.113507
v 0.189720 -0.196393 -1.118486
v 0.193973 -0.195141 -1.118455
v 0.198193 -0.193782 -1.118408
v 0.157334 -0.042314 -1.109881
v 0.327322 -0.367775 -0.288555
v 0.331215 -0.390633 -0.291383
v 0.332865 -0.362236 -0.284527
v 0.334352 -0.390633 -0.289104
v 0.318257 -0.277047 -0.301588
v 0.312276 -0.277042 -0.304414
v 0.325111 -0.262943 -0.307199
v 0.314640 -0.263062 -0.313350
v -0.315160 -0.232360 -0.301588
v -0.309617 -0.234159 -0.305615
v -0.315180 -0.238932 -0.301588
v -0.309480 -0.238938 -0.305188
v -0.309384 -0.238934 -0.284684
v -0.302434 -0.238933 -0.284636
v -0.309617 -0.234159 -0.284527
v -0.302765 -0.236383 -0.284527
v 0.302944 -0.263021 -0.313427
v 0.314640 -0.263062 -0.313350
v 0.305070 -0.277044 -0.304521
v 0.312276 -0.277042 -0.304414
v -0.145752 0.004702 -0.295072
v -0.144038 0.003458 -0.288555
v -0.144038 0.003458 -0.301588
v -0.143941 0.003388 -0.301428
v -0.139552 0.000203 -0.284527
v -0.139552 0.000203 -0.305615
v -0.134006 -0.003822 -0.305615
v -0.134006 -0.003822 -0.284527
v -0.129519 -0.007077 -0.288555
v -0.129519 -0.007077 -0.301588
v -0.127806 -0.008321 -0.295072
v -0.157917 -0.069144 -0.671415
v -0.167490 -0.065715 -0.679779
v -0.212911 -0.241882 -0.847962
v -0.217096 -0.240255 -0.852848
v 0.277833 -0.283119 -0.284527
v 0.275477 -0.287201 -0.288555
v 0.305016 -0.301998 -0.284527
v 0.305451 -0.307902 -0.288555
v 0.308757 -0.304596 -0.284527
v 0.332865 -0.318309 -0.284527
v 0.274575 -0.288762 -0.295072
v 0.304185 -0.309167 -0.295072
v 0.327322 -0.323600 -0.288555
v 0.325205 -0.323600 -0.295072
v 0.327322 -0.367775 -0.288555
v 0.325205 -0.369892 -0.295072
v 0.275477 -0.287200 -0.301588
v 0.305451 -0.307901 -0.301588
v 0.327322 -0.323600 -0.301588
v 0.327322 -0.367760 -0.301588
v 0.309635 -0.303717 -0.305433
v 0.332865 -0.316745 -0.305615
v 0.332865 -0.323600 -0.305615
v 0.339717 -0.323600 -0.305615
v 0.332865 -0.362236 -0.305615
v 0.339717 -0.355381 -0.305615
v -0.325028 -0.278876 -0.295072
v -0.326598 -0.278876 -0.299902
v -0.326598 -0.278876 -0.290241
v -0.330707 -0.278876 -0.302888
v -0.330707 -0.278876 -0.287255
v -0.335786 -0.278876 -0.302888
v -0.335786 -0.278876 -0.287255
v -0.339895 -0.278876 -0.299902
v -0.339895 -0.278876 -0.290241
v -0.341465 -0.278876 -0.295072
v 0.332865 -0.323600 -0.284527
v 0.339717 -0.323600 -0.284527
v 0.339717 -0.355381 -0.284527
v 0.345261 -0.349834 -0.288555
v 0.332865 -0.362236 -0.284527
v 0.293456 0.108268 0.916507
v 0.332865 -0.309944 -0.284527
v 0.339717 -0.301325 -0.284527
v 0.332865 -0.301325 -0.284527
v 0.345261 -0.301325 -0.288555
v 0.345261 -0.323600 -0.288555
v 0.347378 -0.301325 -0.295072
v 0.347378 -0.323600 -0.295072
v 0.345261 -0.301325 -0.301588
v 0.345261 -0.323600 -0.301588
v 0.345261 -0.349834 -0.301588
v 0.347378 -0.347718 -0.295072
v 0.051257 0.393441 1.129790
v 0.051257 0.393441 1.123465
v 0.054434 0.393441 1.129790
v 0.054434 0.393441 1.123465
v 0.056023 0.396192 1.129790
v 0.056023 0.396192 1.123465
v 0.054434 0.398944 1.129790
v 0.054434 0.398944 1.123465
v 0.051257 0.398944 1.129790
v 0.051257 0.398944 1.123465
v 0.049668 0.396192 1.129790
v 0.049668 0.396192 1.123465
v 0.051257 0.393441 1.129790
v 0.051257 0.393441 1.123465
v 0.198778 -0.067780 -0.288555
v 0.202584 -0.065017 -0.285102
v 0.200544 -0.066609 -0.295072
v 0.205266 -0.063182 -0.295072
v -0.139552 0.000203 -0.305615
v -0.191108 -0.070847 -0.305615
v -0.144038 0.003458 -0.301588
v -0.195733 -0.067780 -0.301588
v -0.145752 0.004702 -0.295072
v -0.197499 -0.066609 -0.295072
v -0.144038 0.003458 -0.288555
v -0.195733 -0.067780 -0.288555
v -0.139552 0.000203 -0.284527
v -0.191108 -0.070847 -0.284527
v 0.312525 -0.238938 -0.305188
v 0.318225 -0.238932 -0.301588
v 0.314640 -0.263062 -0.313350
v 0.325111 -0.262943 -0.307199
v 0.325111 -0.262943 -0.307199
v 0.329114 -0.262881 -0.295072
v 0.318257 -0.277047 -0.301588
v 0.320209 -0.277047 -0.295072
v -0.180769 -0.077703 -0.301588
v -0.179003 -0.078874 -0.295072
v -0.174486 -0.081517 -0.301588
v -0.175203 -0.081166 -0.294087
v -0.208136 -0.094311 -0.305615
v -0.309617 -0.234159 -0.305615
v -0.212892 -0.091427 -0.301588
v -0.315160 -0.232360 -0.301588
v -0.214709 -0.090325 -0.295072
v -0.317278 -0.231673 -0.295072
v -0.212892 -0.091427 -0.288555
v -0.315160 -0.232360 -0.288555
v -0.208136 -0.094311 -0.284527
v -0.309617 -0.234159 -0.284527
v 0.194154 -0.070847 -0.284527
v 0.195578 -0.069813 -0.278964
v 0.198778 -0.067780 -0.288555
v 0.202584 -0.065017 -0.285102
v 0.051257 0.398944 1.129790
v 0.049668 0.396192 1.129790
v 0.054434 0.398944 1.129790
v 0.056023 0.396192 1.129790
v 0.054434 0.393441 1.129790
v 0.051257 0.393441 1.129790
v -0.309617 -0.234159 -0.305615
v -0.208136 -0.094311 -0.305615
v -0.302765 -0.236383 -0.305615
v -0.202257 -0.097876 -0.305615
v -0.297164 -0.238558 -0.301588
v -0.197500 -0.100761 -0.301588
v -0.295043 -0.238902 -0.295072
v -0.195685 -0.101862 -0.295072
v -0.297164 -0.238558 -0.288555
v -0.197501 -0.100761 -0.288555
v -0.302765 -0.236383 -0.284527
v -0.202257 -0.097876 -0.284527
v -0.309617 -0.234159 -0.284527
v -0.208136 -0.094311 -0.284527
v -0.026652 0.412312 1.128483
v -0.026652 0.335453 1.163696
v 0.024700 0.412312 1.128483
v 0.024700 0.335453 1.163696
v -0.203630 -0.035401 1.138519
v -0.203630 -0.057688 1.128942
v -0.196722 -0.036863 1.139546
v -0.196722 -0.057006 1.130887
v -0.196722 -0.039158 1.050543
v -0.196722 -0.059301 1.041886
v -0.195081 -0.035661 0.991450
v -0.186199 -0.056451 0.984195
v -0.190616 -0.033057 0.946489
v -0.172133 -0.051389 0.939989
v -0.189248 -0.030288 0.857812
v -0.167976 -0.048567 0.861355
v -0.187815 -0.021314 0.680635
v -0.167976 -0.035806 0.684178
v -0.170493 -0.012161 0.210996
v -0.164345 -0.015430 0.210996
v -0.170650 -0.100265 1.128942
v -0.166915 -0.095487 1.130887
v -0.165486 -0.097073 1.041886
v -0.161224 -0.091324 0.984195
v -0.149756 -0.061289 0.928455
v -0.149756 -0.053969 0.849820
v -0.149756 -0.042912 0.672643
v -0.143585 -0.025468 0.210996
v -0.097070 -0.139140 1.128942
v -0.100412 -0.130623 1.130887
v -0.102860 -0.131301 1.041886
v -0.105502 -0.120809 0.984195
v -0.114387 -0.054834 0.928455
v -0.114387 -0.047514 0.849820
v -0.114387 -0.035078 0.672643
v -0.114387 -0.035078 0.210996
v -0.047259 -0.147229 1.128942
v -0.055392 -0.137934 1.130887
v -0.058274 -0.140229 1.041886
v -0.067782 -0.129789 0.984195
v -0.066035 -0.060770 0.929641
v -0.066035 -0.053449 0.851006
v -0.066035 -0.041882 0.673830
v -0.066035 -0.041882 0.210996
v 0.000128 -0.155318 1.128942
v 0.000128 -0.145245 1.130887
v 0.000128 -0.147541 1.041885
v 0.000128 -0.136413 0.984195
v 0.000128 -0.059522 0.935338
v -0.002780 -0.052202 0.856703
v -0.002780 -0.043228 0.679526
v -0.002780 -0.043228 0.210996
v 0.055647 -0.137934 1.130887
v 0.058529 -0.140229 1.041885
v 0.068037 -0.129789 0.984195
v 0.066289 -0.060770 0.929641
v 0.066289 -0.053449 0.851006
v 0.066289 -0.041882 0.673830
v 0.066289 -0.041882 0.210996
v 0.103114 -0.131301 1.041885
v 0.105758 -0.120809 0.984195
v 0.114642 -0.054834 0.928455
v 0.114642 -0.047513 0.849820
v 0.114641 -0.035078 0.672643
v 0.114641 -0.035078 0.210996
v 0.161478 -0.091324 0.984195
v 0.150012 -0.061289 0.928455
v 0.150012 -0.053969 0.849820
v 0.150012 -0.042912 0.672643
v 0.143838 -0.025468 0.210996
v 0.172388 -0.051389 0.939989
v 0.168232 -0.048567 0.861355
v 0.168232 -0.035806 0.684178
v 0.164599 -0.015430 0.210996
v 0.189503 -0.030287 0.857812
v 0.188070 -0.021314 0.680635
v 0.170747 -0.012161 0.210996
v 0.190871 -0.033057 0.946489
v 0.186455 -0.056451 0.984195
v 0.195336 -0.035661 0.991450
v 0.196978 -0.059301 1.041885
v 0.196978 -0.039158 1.050543
v 0.196978 -0.057006 1.130887
v 0.196978 -0.036862 1.139546
v 0.203886 -0.057688 1.128942
v 0.203886 -0.035401 1.138519
v 0.165741 -0.097073 1.041885
v 0.167170 -0.095487 1.130887
v 0.170905 -0.100264 1.128942
v 0.100667 -0.130623 1.130887
v 0.097324 -0.139140 1.128942
v 0.047514 -0.147229 1.128942
v 0.211181 -0.094311 -0.284527
v 0.212709 -0.093201 -0.279006
v 0.205302 -0.097876 -0.284527
v 0.203912 -0.098885 -0.278950
v -0.311723 0.125943 -1.609079
v -0.311723 0.081487 -1.608962
v -0.311292 0.125826 -1.486285
v -0.313355 0.076901 -1.486285
v -0.075561 0.112811 1.452907
v -0.070896 0.112811 1.095005
v -0.070896 0.169650 1.452907
v -0.070896 0.169650 1.095005
v -0.070896 0.169650 1.095005
v -0.123223 0.169650 1.095005
v -0.070896 0.169650 1.452907
v -0.123223 0.169650 1.452907
v 0.219784 -0.088634 -0.285171
v 0.215937 -0.091427 -0.288555
v 0.222476 -0.086898 -0.295072
v 0.217753 -0.090325 -0.295072
v 0.222476 -0.086898 -0.295072
v 0.217753 -0.090325 -0.295072
v 0.219784 -0.088634 -0.304972
v 0.215937 -0.091427 -0.301588
v 0.219784 -0.088634 -0.304972
v 0.215937 -0.091427 -0.301588
v 0.212709 -0.093201 -0.311136
v 0.211181 -0.094311 -0.305615
v -0.060743 0.308826 1.101501
v 0.062501 0.308826 1.101501
v -0.060743 0.233609 1.136419
v 0.062501 0.233609 1.136419
v -0.060743 0.190537 1.157285
v 0.062501 0.190537 1.157285
v -0.060743 0.154771 1.173421
v 0.062501 0.154771 1.173421
v -0.060743 0.137983 1.182018
v 0.062501 0.137983 1.182018
v -0.060743 0.079021 1.209614
v 0.062501 0.079021 1.209614
v -0.070013 0.365989 1.069611
v -0.070013 0.076354 1.206339
v -0.070013 0.374831 1.088392
v -0.070013 0.084444 1.225455
v 0.212709 -0.093201 -0.311136
v 0.211181 -0.094311 -0.305615
v 0.203912 -0.098885 -0.311192
v 0.205302 -0.097876 -0.305615
v 0.205302 -0.097876 -0.284527
v 0.203912 -0.098885 -0.278950
v 0.200546 -0.100761 -0.288555
v 0.197770 -0.102775 -0.283834
v -1.380686 0.104485 -0.492393
v -1.380686 0.097539 -0.505675
v -1.097309 0.108903 -0.257125
v -1.097309 0.099887 -0.270405
v -0.411963 0.105565 0.298606
v -1.097309 0.098465 -0.395147
v -0.411963 0.102237 0.112841
v -1.097309 0.094935 -0.556510
v -0.411963 0.093147 -0.327181
v -1.097309 0.096366 -0.613515
v -0.411963 0.093881 -0.387135
v -1.097309 0.102219 -0.734294
v -0.411963 0.106345 -0.623575
v -1.380686 0.096905 -0.605183
v -1.380686 0.095675 -0.651335
v -1.380686 0.097393 -0.707118
v -1.380686 0.100512 -0.780073
v -1.097309 0.107437 -0.841995
v -1.380686 0.103294 -0.845131
v -1.380686 0.106972 -0.845131
v -1.097302 0.111964 -0.841995
v -1.380686 0.110289 -0.780073
v -1.097302 0.117842 -0.734294
v -1.097302 0.124433 -0.613515
v -0.411924 0.149647 -0.387135
v -1.097302 0.125359 -0.556510
v -0.411924 0.149647 -0.327181
v -1.097302 0.123366 -0.395147
v -0.411923 0.142791 0.112841
v -1.097302 0.117919 -0.270405
v -0.411923 0.133614 0.298606
v -0.411942 0.119589 0.311887
v -1.380686 0.114009 -0.707118
v -1.380686 0.115317 -0.651335
v -1.380686 0.115335 -0.605183
v -1.380686 0.111430 -0.505675
v -1.380686 0.104485 -0.492393
v -1.097309 0.108903 -0.257125
v -0.278104 -0.277395 -0.272232
v -0.281395 -0.271694 -0.272232
v -0.278096 -0.277390 -0.284958
v -0.281388 -0.271688 -0.288554
v -1.380686 0.100512 -0.780073
v -1.380686 0.090805 -0.826373
v -1.380686 0.103294 -0.845131
v -1.380686 0.092919 -0.900953
v 0.288981 -0.262748 -0.295072
v 0.293037 -0.262832 -0.307086
v 0.297551 -0.277147 -0.295071
v 0.299799 -0.277046 -0.301588
v -0.269026 -0.285235 -0.263779
v -0.268124 -0.286797 -0.263779
v -0.141668 -0.187416 -0.110187
v -0.136450 -0.196454 -0.110187
v 0.181038 -0.079718 -0.306309
v 0.183814 -0.077703 -0.301588
v 0.186943 -0.075721 -0.311151
v 0.188438 -0.074636 -0.305615
v -0.023484 0.314100 1.440047
v -0.023484 0.346514 1.394611
v -0.023484 0.311101 1.437907
v -0.023484 0.343516 1.392471
v -0.274788 -0.283119 -0.284527
v -0.272432 -0.287201 -0.288555
v -0.274795 -0.283123 -0.272232
v -0.272439 -0.287206 -0.272231
v -0.085379 0.264221 1.409868
v -0.085379 0.260141 1.440249
v -0.095236 0.232168 1.413664
v -0.095236 0.228088 1.444046
v -0.174486 -0.081517 -0.288555
v -0.175203 -0.081166 -0.294087
v -0.180769 -0.077703 -0.288555
v -0.179003 -0.078874 -0.295072
v -0.197501 -0.100761 -0.288555
v -0.195685 -0.101862 -0.295072
v -0.190809 -0.104829 -0.288555
v -0.191482 -0.104417 -0.293998
v -0.170179 -0.117370 -0.301588
v -0.170179 -0.117370 -0.288555
v -0.190809 -0.104829 -0.301588
v -0.191482 -0.104417 -0.293998
v -0.110440 -0.168445 -0.305564
v -0.063095 -0.135817 -0.305590
v -0.107600 -0.173364 -0.301590
v -0.060284 -0.140838 -0.300719
v -0.106596 -0.175102 -0.295073
v -0.059252 -0.140289 -0.293984
v -0.107598 -0.173367 -0.288557
v -0.062188 -0.136383 -0.288470
v -0.110222 -0.168822 -0.284528
v -0.062983 -0.136013 -0.284528
v -0.013177 -0.110118 -0.316490
v -0.016334 -0.107211 -0.321832
v -0.066559 -0.129817 -0.305362
v -0.020237 -0.101918 -0.323756
v -0.006562 -0.106735 -0.279253
v -0.007768 -0.102873 -0.273723
v -0.010925 -0.097214 -0.271495
v -0.183898 -0.075721 -0.278993
v -0.177993 -0.079718 -0.283834
v -0.185393 -0.074637 -0.284527
v -0.180769 -0.077703 -0.288555
v -0.070013 0.365989 1.069611
v -0.058804 0.365989 1.069611
v -0.070013 0.076354 1.206339
v -0.058804 0.076354 1.206339
v -0.317235 -0.238932 -0.295072
v -0.315180 -0.238932 -0.288555
v -0.317278 -0.231673 -0.295072
v -0.315160 -0.232360 -0.288555
v 0.320281 -0.238932 -0.295072
v 0.320323 -0.231673 -0.295072
v 0.318225 -0.238932 -0.288555
v 0.318205 -0.232360 -0.288555
v -0.109239 -0.170237 -0.278954
v -0.146996 -0.196698 -0.279017
v -0.104889 -0.177289 -0.285191
v -0.142769 -0.203555 -0.285319
v -0.103285 -0.179907 -0.295075
v -0.141237 -0.206061 -0.295074
v -0.104936 -0.177221 -0.305065
v -0.142826 -0.203472 -0.304970
v -0.109598 -0.169671 -0.311206
v -0.147494 -0.195907 -0.311159
v -0.107598 -0.173367 -0.288557
v -0.110222 -0.168822 -0.284528
v -0.104889 -0.177289 -0.285191
v -0.109239 -0.170237 -0.278954
v -0.115048 -0.160816 -0.310622
v -0.119092 -0.154185 -0.305373
v -0.113931 -0.162399 -0.305117
v -0.116537 -0.157884 -0.301652
v -0.109598 -0.169671 -0.311206
v -0.147494 -0.195907 -0.311159
v -0.115048 -0.160816 -0.310622
v -0.152959 -0.187024 -0.310463
v -0.119092 -0.154185 -0.305373
v -0.156966 -0.180459 -0.305480
v -0.121323 -0.150538 -0.295090
v -0.159250 -0.176735 -0.295087
v -0.119136 -0.154111 -0.284830
v -0.156995 -0.180408 -0.284700
v -0.114651 -0.161470 -0.279138
v -0.152399 -0.187949 -0.279146
v -0.109239 -0.170237 -0.278954
v -0.146996 -0.196698 -0.279017
v -0.113931 -0.162399 -0.305117
v -0.110440 -0.168445 -0.305564
v -0.115048 -0.160816 -0.310622
v -0.109598 -0.169671 -0.311206
v -0.104889 -0.177289 -0.285191
v -0.103285 -0.179907 -0.295075
v -0.107598 -0.173367 -0.288557
v -0.106596 -0.175102 -0.295073
v 0.327322 -0.301325 -0.301588
v 0.332865 -0.301325 -0.305615
v 0.332865 -0.308839 -0.305615
v 0.339717 -0.301325 -0.305615
v 0.122137 -0.154185 -0.305373
v 0.119582 -0.157884 -0.301652
v 0.124367 -0.150538 -0.295091
v 0.121052 -0.155339 -0.295069
v -0.107600 -0.173364 -0.301590
v -0.106596 -0.175102 -0.295073
v -0.104936 -0.177221 -0.305065
v -0.103285 -0.179907 -0.295075
v -0.116581 -0.157807 -0.288553
v -0.118007 -0.155339 -0.295069
v -0.119136 -0.154111 -0.284830
v -0.121323 -0.150538 -0.295090
v -0.113612 -0.162951 -0.284685
v -0.116581 -0.157807 -0.288553
v -0.114651 -0.161470 -0.279138
v -0.119136 -0.154111 -0.284830
v -0.110222 -0.168822 -0.284528
v -0.113612 -0.162951 -0.284685
v -0.109239 -0.170237 -0.278954
v -0.114651 -0.161470 -0.279138
v -0.301725 -0.277046 -0.284870
v -0.301342 -0.293563 -0.284997
v -0.296754 -0.277046 -0.288554
v -0.296682 -0.282257 -0.288554
v -0.148090 -0.195123 -0.284528
v -0.145528 -0.199561 -0.288557
v -0.146996 -0.196698 -0.279017
v -0.142769 -0.203555 -0.285319
v 0.000127 0.321920 -0.327758
v 0.088580 0.266354 1.409868
v 0.082775 0.264221 1.409868
v 0.053843 0.303825 1.404943
v 0.051566 0.298975 1.404943
v -0.141237 -0.206061 -0.295074
v -0.142769 -0.203555 -0.285319
v -0.144549 -0.201256 -0.295073
v -0.145528 -0.199561 -0.288557
v -0.152959 -0.187024 -0.310463
v -0.147494 -0.195907 -0.311159
v -0.151904 -0.188517 -0.304922
v -0.148392 -0.194599 -0.305543
v -0.159250 -0.176735 -0.295087
v -0.156966 -0.180459 -0.305480
v -0.155934 -0.181537 -0.295069
v -0.154470 -0.184073 -0.301639
v -0.145529 -0.199558 -0.301589
v -0.148392 -0.194599 -0.305543
v -0.142826 -0.203472 -0.304970
v -0.147494 -0.195907 -0.311159
v -0.302025 -0.277044 -0.304521
v -0.299900 -0.263021 -0.313427
v -0.296754 -0.277046 -0.301588
v -0.289992 -0.262832 -0.307086
v -0.144549 -0.201256 -0.295073
v -0.145529 -0.199558 -0.301589
v -0.141237 -0.206061 -0.295074
v -0.142826 -0.203472 -0.304970
v 0.304504 -0.300083 -0.305460
v 0.278417 -0.282107 -0.305474
v 0.269304 -0.275826 -0.305479
v 0.266368 -0.280910 -0.301588
v 0.265461 -0.282482 -0.295072
v 0.147594 -0.201256 -0.295073
v 0.148574 -0.199558 -0.301589
v 0.151437 -0.194599 -0.305543
v 0.148573 -0.199561 -0.288557
v 0.266368 -0.280910 -0.288555
v 0.151135 -0.195123 -0.284528
v 0.268740 -0.276803 -0.284527
v 0.281148 -0.277395 -0.272232
v 0.281141 -0.277389 -0.284958
v 0.284440 -0.271694 -0.272232
v 0.284432 -0.271688 -0.288554
v -0.301342 -0.293563 -0.284997
v -0.301725 -0.277046 -0.284870
v -0.308693 -0.298352 -0.285146
v -0.308971 -0.277046 -0.284960
v 0.186943 -0.075721 -0.278993
v 0.188438 -0.074636 -0.284527
v 0.181038 -0.079718 -0.283834
v 0.183814 -0.077703 -0.288555
v 0.305580 -0.238936 -0.305275
v 0.305810 -0.236383 -0.305615
v 0.312525 -0.238938 -0.305188
v 0.312662 -0.234159 -0.305615
v -0.309075 -0.296171 -0.303929
v -0.309231 -0.277043 -0.304414
v -0.301774 -0.291597 -0.304149
v -0.302025 -0.277044 -0.304521
v -0.311622 -0.262953 -0.276318
v -0.309384 -0.238934 -0.284684
v -0.322216 -0.262915 -0.283133
v -0.315180 -0.238932 -0.288555
v -0.309384 -0.238934 -0.284684
v -0.311622 -0.262953 -0.276318
v -0.302434 -0.238933 -0.284636
v -0.299320 -0.262882 -0.276325
v -1.438236 0.093043 -0.093966
v -1.438236 0.088406 -0.186360
v -1.405162 0.093043 -0.093966
v -1.397763 0.088406 -0.186360
v -0.156966 -0.180459 -0.305480
v -0.152959 -0.187024 -0.310463
v -0.154470 -0.184073 -0.301639
v -0.151904 -0.188517 -0.304922
v -0.315233 -0.295075 -0.288555
v -0.315212 -0.277047 -0.288555
v -0.317123 -0.293185 -0.295072
v -0.317164 -0.277047 -0.295072
v -0.151413 -0.171276 -0.101153
v -0.141988 -0.187601 -0.101153
v -0.016140 -0.090368 0.034177
v -0.006715 -0.106692 0.034177
v -0.294506 -0.277148 -0.295071
v -0.285936 -0.262748 -0.295071
v -0.296754 -0.277046 -0.288554
v -0.289774 -0.262775 -0.283346
v -0.296754 -0.277046 -0.301588
v -0.289992 -0.262832 -0.307086
v -0.294506 -0.277148 -0.295071
v -0.285936 -0.262748 -0.295071
v -0.192533 -0.069813 -0.278964
v -0.183898 -0.075721 -0.278993
v -0.191108 -0.070847 -0.284527
v -0.185393 -0.074637 -0.284527
v 0.312525 -0.238938 -0.305188
v 0.312662 -0.234159 -0.305615
v 0.318225 -0.238932 -0.301588
v 0.318205 -0.232360 -0.301588
v -0.322216 -0.262915 -0.283133
v -0.315212 -0.277047 -0.288555
v -0.311622 -0.262953 -0.276318
v -0.308971 -0.277046 -0.284960
v 0.320323 -0.231673 -0.295072
v 0.320281 -0.238932 -0.295072
v 0.318205 -0.232360 -0.301588
v 0.318225 -0.238932 -0.301588
v -0.299320 -0.262882 -0.276325
v -0.301725 -0.277046 -0.284870
v -0.289774 -0.262775 -0.283346
v -0.296754 -0.277046 -0.288554
v -0.214709 -0.090325 -0.295072
v -0.212892 -0.091427 -0.288555
v -0.219431 -0.086898 -0.295072
v -0.216739 -0.088635 -0.285171
v -0.122278 0.215721 1.445345
v -0.122278 0.219801 1.414964
v -0.095236 0.228088 1.444046
v -0.095236 0.232168 1.413664
v -0.199540 -0.065017 -0.285102
v -0.192533 -0.069813 -0.278964
v -0.195733 -0.067780 -0.288555
v -0.191108 -0.070847 -0.284527
v -0.208136 -0.094311 -0.284527
v -0.202257 -0.097876 -0.284527
v -0.209665 -0.093201 -0.279006
v -0.200867 -0.098885 -0.278950
v -0.177993 -0.079718 -0.306309
v -0.183898 -0.075721 -0.311151
v -0.180769 -0.077703 -0.301588
v -0.185393 -0.074637 -0.305615
v -0.212892 -0.091427 -0.288555
v -0.208136 -0.094311 -0.284527
v -0.216739 -0.088635 -0.285171
v -0.209665 -0.093201 -0.279006
v 0.004477 -0.257958 0.812350
v -0.008622 -0.257996 0.812357
v 0.004484 -0.255181 0.811867
v -0.008629 -0.255257 0.811879
v -0.016798 -0.257392 0.816014
v -0.016863 -0.254690 0.815544
v -0.017211 -0.240185 0.813020
v -0.022737 -0.255823 0.825582
v -0.022737 -0.253538 0.825185
v -0.022737 -0.253945 0.837416
v -0.022737 -0.251458 0.836983
v -0.016791 -0.252236 0.846954
v -0.016851 -0.249723 0.846517
v -0.008621 -0.251663 0.850609
v -0.008628 -0.249092 0.850161
v -0.017254 -0.232932 0.843596
v -0.008672 -0.232308 0.847238
v 0.004476 -0.251693 0.850613
v 0.004483 -0.249151 0.850171
v 0.004527 -0.232409 0.847255
v -0.208136 -0.094311 -0.305615
v -0.212892 -0.091427 -0.301588
v -0.209665 -0.093201 -0.311136
v -0.216739 -0.088635 -0.304972
v -0.209665 -0.093201 -0.311136
v -0.200867 -0.098885 -0.311192
v -0.208136 -0.094311 -0.305615
v -0.202257 -0.097876 -0.305615
v -0.197500 -0.100761 -0.301588
v -0.202257 -0.097876 -0.305615
v -0.194725 -0.102775 -0.306309
v -0.200867 -0.098885 -0.311192
v 0.310346 0.163008 -0.993000
v 0.310346 0.171352 -0.834534
v 0.311546 0.125198 -0.992883
v 0.310346 0.127146 -0.834417
v -0.183898 -0.075721 -0.311151
v -0.192533 -0.069813 -0.311179
v -0.185393 -0.074637 -0.305615
v -0.191108 -0.070847 -0.305615
v -0.282871 -0.269119 -0.295071
v -0.281388 -0.271688 -0.288554
v -0.282878 -0.269125 -0.272232
v -0.281395 -0.271694 -0.272232
v -0.197500 -0.100761 -0.301588
v -0.190809 -0.104829 -0.301588
v -0.195685 -0.101862 -0.295072
v -0.191482 -0.104417 -0.293998
v -0.194725 -0.102775 -0.306309
v -0.177993 -0.079718 -0.306309
v -0.190809 -0.104829 -0.301588
v -0.174486 -0.081517 -0.301588
v -0.190809 -0.104829 -0.288555
v -0.174486 -0.081517 -0.288555
v -0.194725 -0.102775 -0.283834
v -0.177993 -0.079718 -0.283834
v -1.380686 0.121553 -0.826373
v -1.380686 0.119907 -0.900953
v -1.438236 0.121553 -0.826373
v -1.438236 0.119907 -0.900953
v -1.438236 0.123977 -0.289911
v -1.438236 0.088086 -0.289911
v -1.438236 0.123977 -0.241419
v -1.438236 0.088086 -0.241419
v -0.205416 -0.193782 -1.118408
v -0.201196 -0.195141 -1.118455
v -0.217096 -0.240255 -0.852848
v -0.212911 -0.241882 -0.847962
v -0.208624 -0.242866 -0.852934
v -0.196943 -0.196393 -1.118486
v -1.438236 0.092919 -0.900953
v -1.438236 0.119907 -0.900953
v -1.438236 0.096303 -0.939698
v -1.438236 0.116523 -0.939698
v -1.438236 0.110216 -0.969372
v 1.438490 0.093044 -0.093967
v 1.438490 0.118906 -0.093967
v 1.438490 0.097780 -0.063853
v 1.438490 0.114484 -0.063853
v -0.022380 0.403332 1.125690
v -0.022380 0.403332 1.127518
v -0.031943 0.403378 1.125690
v -0.031943 0.403378 1.127518
v -1.380686 0.123913 -0.580014
v -1.380686 0.123977 -0.289911
v -1.380686 0.115335 -0.605183
v -1.380686 0.111430 -0.505675
v 0.025980 0.303403 1.406055
v 0.025980 0.327406 1.438218
v 0.025980 0.294189 1.460462
v 0.025980 0.298953 1.459871
v -0.543860 0.103886 -0.002164
v -0.604312 0.103886 -0.065258
v -0.543860 0.092295 -0.014033
v -0.604312 0.092295 -0.065056
v -0.543860 0.089520 -0.111515
v -0.604312 0.103886 -0.065258
v -0.543860 0.103886 -0.133282
v 0.340377 -0.208832 -0.332925
v 0.345208 -0.207995 -0.051987
v 0.335588 -0.211980 -0.332900
v 0.340060 -0.211125 -0.051956
v 1.438490 0.123978 -0.241420
v 1.438490 0.123650 -0.186361
v 1.438490 0.088086 -0.241420
v 1.438490 0.088407 -0.186360
v 1.438490 0.118906 -0.093967
v 1.438490 0.093044 -0.093967
v 0.021411 0.327406 1.438218
v 0.021411 0.344392 1.405542
v 0.021411 0.303403 1.406055
v 0.021411 0.344986 1.390059
v 0.000128 0.258073 1.678570
v 0.604566 0.103886 -0.065258
v 0.544114 0.103886 -0.133282
v 0.544114 0.103886 -0.002164
v 0.526984 0.103886 -0.002164
v 0.526984 0.103886 -0.133282
v 0.466532 0.103886 -0.065258
v 0.544114 0.103886 -0.002164
v 0.544114 0.017162 0.236206
v 0.544114 0.092295 -0.014033
v 0.544114 -0.029305 0.001050
v 0.544114 0.089520 -0.111515
v 0.544115 -0.034856 -0.181773
v 0.544115 0.086744 -0.294521
v 0.544115 -0.040408 -0.383614
v 0.526984 -0.034856 -0.181773
v 0.526984 -0.040408 -0.383614
v 0.526984 -0.029305 0.001050
v 0.544114 -0.035010 0.287477
v 0.526984 -0.035010 0.287477
v 0.121214 0.227516 1.414964
v -0.119796 -0.193451 -0.120572
v -0.132893 -0.203354 -0.101153
v -0.130749 -0.192145 -0.118639
v -0.136450 -0.196454 -0.110187
v -1.385533 0.105416 -0.241419
v -1.385533 0.088086 -0.241419
v -1.380686 0.105416 -0.289911
v -1.380686 0.088086 -0.289911
v -1.380686 0.100512 -0.780073
v -1.380686 0.097393 -0.707118
v -1.380686 0.090805 -0.826373
v -1.380686 0.088435 -0.742744
v -1.380686 0.095675 -0.651335
v -1.380686 0.088136 -0.653684
v -1.380686 0.096905 -0.605183
v -1.380686 0.087870 -0.580014
v 0.031083 0.312018 1.421304
v 0.031083 0.310028 1.475976
v 0.031083 0.301081 1.421304
v 0.031083 0.290722 1.477874
v 1.385787 0.088086 -0.241420
v 1.438490 0.088086 -0.241420
v 1.398017 0.088407 -0.186360
v 1.438490 0.088407 -0.186360
v 1.438490 0.123859 -0.653692
v 1.438490 0.123913 -0.580014
v 1.438490 0.088137 -0.653692
v 1.438490 0.087871 -0.580014
v 1.438490 0.123978 -0.289911
v 1.438490 0.088086 -0.289911
v 0.312746 0.123250 -0.834417
v 0.412216 0.117460 -0.834417
v 0.412177 0.124037 -0.834417
v 1.412706 0.097780 -0.063853
v 1.438490 0.097780 -0.063853
v 1.421941 0.101695 -0.045860
v 1.438490 0.101695 -0.045860
v -1.438236 0.123913 -0.580014
v -1.438236 0.087870 -0.580014
v -1.438236 0.123977 -0.289911
v -1.438236 0.088086 -0.289911
v -1.438236 0.111180 -0.045859
v -1.438236 0.114484 -0.063852
v -1.438236 0.101694 -0.045859
v -1.438236 0.097780 -0.063852
v -1.438236 0.088406 -0.186360
v -1.438236 0.123650 -0.186360
v -1.438236 0.088086 -0.241419
v -1.438236 0.123977 -0.241419
v -1.438236 0.123398 -0.742744
v -1.438236 0.088435 -0.742744
v -1.438236 0.123858 -0.653684
v -1.438236 0.088136 -0.653684
v -1.438236 0.123913 -0.580014
v -1.438236 0.087870 -0.580014
v -0.272281 -0.265396 -0.288554
v -0.273760 -0.262833 -0.295071
v -0.272288 -0.265400 -0.272232
v -0.273768 -0.262838 -0.272232
v -1.438236 0.090805 -0.826373
v -1.438236 0.121553 -0.826373
v -1.438236 0.092919 -0.900953
v -1.438236 0.119907 -0.900953
v 0.060839 0.076354 1.206339
v 0.060839 0.365989 1.069611
v 0.072048 0.076354 1.206339
v 0.072048 0.365989 1.069611
v 0.193853 -0.104829 -0.288555
v 0.177531 -0.081516 -0.288555
v 0.173224 -0.117370 -0.288555
v 0.156890 -0.094043 -0.288555
v 0.173224 -0.117370 -0.301588
v 0.156890 -0.094043 -0.301588
v 0.193853 -0.104829 -0.301588
v 0.177531 -0.081516 -0.301588
v 0.026880 0.389461 1.090337
v 0.026880 0.316923 1.123449
v -0.027651 0.389461 1.090337
v -0.027651 0.316923 1.123449
v 0.156890 -0.094043 -0.301588
v 0.156890 -0.094043 -0.288555
v 0.177531 -0.081516 -0.301588
v 0.178247 -0.081166 -0.294087
v -1.380686 0.119907 -0.900953
v -1.380686 0.116523 -0.939698
v -1.438236 0.119907 -0.900953
v -1.438236 0.116523 -0.939698
v 0.197770 -0.102775 -0.306309
v 0.193853 -0.104829 -0.301588
v 0.181038 -0.079718 -0.306309
v 0.177531 -0.081516 -0.301588
v 0.181038 -0.079718 -0.283834
v 0.177531 -0.081516 -0.288555
v 0.197770 -0.102775 -0.283834
v 0.193853 -0.104829 -0.288555
v -1.380686 0.088435 -0.742744
v -1.380686 0.088136 -0.653684
v -1.438236 0.088435 -0.742744
v -1.438236 0.088136 -0.653684
v -1.380686 0.090805 -0.826373
v -1.380686 0.088435 -0.742744
v -1.438236 0.090805 -0.826373
v -1.438236 0.088435 -0.742744
v -1.405162 0.118905 -0.093966
v -1.397763 0.123650 -0.186360
v -1.438236 0.118905 -0.093966
v -1.438236 0.123650 -0.186360
v -1.438236 0.123977 -0.289911
v -1.438236 0.123977 -0.241419
v -1.380686 0.123977 -0.289911
v -1.385533 0.123977 -0.241419
v -0.022868 0.306401 1.376755
v 0.020317 0.306401 1.376755
v -0.022868 0.101720 1.440296
v 0.020317 0.101720 1.440296
v 1.380940 0.105416 -0.289911
v 1.385787 0.105416 -0.241420
v 1.380940 0.123978 -0.289911
v 1.385787 0.123978 -0.241420
v -1.380686 0.116523 -0.939698
v -1.380686 0.096303 -0.939698
v -1.380686 0.110216 -0.969372
v -1.380686 0.102610 -0.969372
v 1.398017 0.105424 -0.186361
v 1.405416 0.105531 -0.093967
v 1.398017 0.123650 -0.186361
v 1.405416 0.118906 -0.093967
v 1.405416 0.105531 -0.093967
v 1.412706 0.105845 -0.063853
v 1.405416 0.118906 -0.093967
v 1.412706 0.114484 -0.063853
v 1.412706 0.105845 -0.063853
v 1.421941 0.106275 -0.045860
v 1.412706 0.114484 -0.063853
v 1.421941 0.111181 -0.045860
v -1.405162 0.105530 -0.093966
v -1.405162 0.118905 -0.093966
v -1.412452 0.105845 -0.063852
v -1.412452 0.114484 -0.063852
v 1.438490 0.123978 -0.241420
v 1.385787 0.123978 -0.241420
v 1.438490 0.123650 -0.186361
v 1.398017 0.123650 -0.186361
v 1.412706 0.114484 -0.063853
v 1.438490 0.114484 -0.063853
v 1.405416 0.118906 -0.093967
v 1.438490 0.118906 -0.093967
v 1.380940 0.087871 -0.580014
v 1.438490 0.087871 -0.580014
v 1.380940 0.088086 -0.289911
v 1.438490 0.088086 -0.289911
v -1.438236 0.092919 -0.900953
v -1.438236 0.096303 -0.939698
v -1.380686 0.092919 -0.900953
v -1.380686 0.096303 -0.939698
v 0.276812 -0.262838 -0.272232
v 0.145138 -0.172496 -0.118639
v 0.282510 -0.267154 -0.263779
v 0.150836 -0.176812 -0.110187
v -1.438236 0.097780 -0.063852
v -1.438236 0.093043 -0.093966
v -1.412452 0.097780 -0.063852
v -1.405162 0.093043 -0.093966
v 0.144713 -0.187416 -0.110187
v 0.281027 -0.269723 -0.263779
v 0.150836 -0.176812 -0.110187
v 0.282510 -0.267154 -0.263779
v -1.438236 0.093043 -0.093966
v -1.438236 0.118905 -0.093966
v -1.438236 0.088406 -0.186360
v -1.438236 0.123650 -0.186360
v -0.154505 -0.184012 -0.288554
v -0.151461 -0.189284 -0.284748
v -0.156995 -0.180408 -0.284700
v -0.152399 -0.187949 -0.279146
v 1.438490 0.090853 -0.828038
v 1.380940 0.090853 -0.828038
v 1.438490 0.092919 -0.900953
v 1.380940 0.092919 -0.900953
v -0.311292 0.125826 -1.486285
v -0.310092 0.135644 -1.486393
v -0.311723 0.125943 -1.609079
v -0.218068 0.153160 -1.486526
v -0.217715 0.145770 -1.609195
v -0.216008 0.192645 -1.237592
v -0.310092 0.150431 -1.237421
v -0.216008 0.206787 -0.993171
v -0.310092 0.163008 -0.993000
v -0.217776 0.210167 -0.834705
v -0.310092 0.171352 -0.834534
v -0.205321 0.213322 -0.386907
v -0.318722 0.173595 -0.387135
v -0.318722 0.177591 -0.327181
v -0.411924 0.149647 -0.387135
v -0.411924 0.149647 -0.327181
v -0.112174 0.284743 -0.834993
v -0.020190 0.324548 -0.993459
v -0.115788 0.281601 -0.993459
v 0.272070 -0.285235 -0.263779
v 0.144713 -0.187416 -0.110187
v 0.271169 -0.286797 -0.263779
v 0.139495 -0.196454 -0.110187
v 0.275477 -0.287201 -0.288555
v 0.275484 -0.287206 -0.272231
v 0.274575 -0.288762 -0.295072
v 0.274582 -0.288767 -0.272231
v 0.277833 -0.283119 -0.284527
v 0.277841 -0.283123 -0.272232
v 0.275477 -0.287201 -0.288555
v 0.275484 -0.287206 -0.272231
v -0.072313 -0.127966 0.791132
v -0.072313 -0.116101 0.792799
v -0.022737 -0.253538 0.825185
v -0.022737 -0.251458 0.836983
v -0.022737 -0.236781 0.822271
v -0.022737 -0.234701 0.834071
v 0.268747 -0.276807 -0.272232
v 0.268740 -0.276803 -0.284527
v 0.266375 -0.280915 -0.272232
v 0.266368 -0.280910 -0.288555
v -0.311723 0.117635 -1.711854
v -0.219901 0.136231 -1.711971
v -0.311723 0.106609 -1.831529
v -0.215576 0.125036 -1.830105
v -0.311595 -0.263062 -0.313350
v -0.309231 -0.277043 -0.304414
v -0.322066 -0.262943 -0.307198
v -0.315212 -0.277047 -0.301588
v 0.219187 -0.017747 0.172175
v 0.264779 -0.040448 0.170997
v 0.219612 -0.009683 0.172312
v 0.267009 -0.035799 0.171042
v 0.297459 -0.073301 0.169857
v 0.302083 -0.069849 0.169840
v 0.315821 -0.099747 0.169073
v 0.321346 -0.096568 0.169036
v 0.326150 -0.125687 0.168434
v 0.332276 -0.122592 0.168386
v 0.343709 -0.171684 0.167316
v 0.349824 -0.168604 0.167267
v 0.004471 -0.260431 0.812781
v 0.009620 -0.260510 0.812581
v -0.008616 -0.260431 0.812781
v -0.013766 -0.260510 0.812581
v 0.265468 -0.282487 -0.272232
v 0.265461 -0.282482 -0.295072
v 0.274582 -0.288767 -0.272231
v 0.274575 -0.288762 -0.295072
v 1.438490 0.088436 -0.742744
v 1.438490 0.090853 -0.828038
v 1.438490 0.123399 -0.742744
v 1.438490 0.121517 -0.828037
v 0.544114 0.103886 -0.002164
v 0.544114 0.092295 -0.014033
v 0.604566 0.103886 -0.065258
v 0.604566 0.092295 -0.065056
v 0.544114 0.089520 -0.111515
v 0.604566 0.103886 -0.065258
v 0.018592 -0.234701 0.834071
v 0.018592 -0.236781 0.822271
v 0.036112 -0.173466 0.824868
v 0.036112 -0.175547 0.813070
v -0.308693 -0.298352 -0.285146
v -0.308971 -0.277046 -0.284960
v -0.315233 -0.295075 -0.288555
v -0.315212 -0.277047 -0.288555
v 1.380940 0.123978 -0.289911
v 1.380940 0.111431 -0.505675
v 1.380940 0.105416 -0.289911
v 1.380940 0.104485 -0.492394
v -0.187815 -0.021314 0.680635
v -0.157457 -0.004158 0.678269
v -0.189248 -0.030288 0.857812
v -0.157457 -0.013131 0.855446
v -0.190616 -0.033057 0.946489
v -0.163243 -0.012224 0.941207
v -0.195081 -0.035661 0.991450
v -0.173811 -0.012490 1.024241
v -0.196722 -0.039158 1.050543
v -0.177173 -0.012182 1.089683
v -0.196722 -0.036863 1.139546
v -0.177173 -0.009886 1.178680
v -0.135631 0.007037 0.676091
v -0.135631 -0.001936 0.853268
v -0.135631 -0.001936 0.931903
v -0.141611 -0.005071 1.033070
v -0.146093 -0.003922 1.100218
v -0.148100 -0.000423 1.189223
v 0.000128 0.003839 0.680017
v 0.000128 -0.005134 0.857193
v 0.000128 -0.005134 0.935829
v 0.000128 -0.008640 1.037451
v 0.000128 -0.007861 1.105446
v 0.000128 -0.004362 1.194451
v 0.135887 -0.001936 0.853268
v 0.135887 -0.001936 0.931903
v 0.141866 -0.005071 1.033070
v 0.146349 -0.003922 1.100218
v 0.148354 -0.000423 1.189223
v 0.163498 -0.012224 0.941207
v 0.174066 -0.012490 1.024241
v 0.177428 -0.012182 1.089683
v 0.177428 -0.009886 1.178680
v 0.195336 -0.035661 0.991450
v 0.196978 -0.039158 1.050543
v 0.196978 -0.036862 1.139546
v -0.279465 -0.267154 -0.263779
v -0.277981 -0.269723 -0.263779
v -0.147791 -0.176812 -0.110187
v -0.141668 -0.187416 -0.110187
v -0.023314 -0.096402 -0.321583
v -0.024600 -0.091598 -0.316289
v -0.020237 -0.101918 -0.323756
v -0.016334 -0.107211 -0.321832
v -0.013177 -0.110118 -0.316490
v -0.006562 -0.106735 -0.279253
v -0.017985 -0.089016 -0.278761
v -0.014828 -0.091922 -0.273420
v -0.010925 -0.097214 -0.271495
v 0.194527 -0.104417 -0.293998
v 0.198729 -0.101862 -0.295072
v 0.193853 -0.104829 -0.288555
v 0.200546 -0.100761 -0.288555
v 0.315720 0.100947 -0.628267
v 0.319199 0.074861 -0.387135
v 0.312746 0.123250 -0.834417
v 0.313609 0.076901 -0.834417
v -0.315180 -0.238932 -0.301588
v -0.317235 -0.238932 -0.295072
v -0.315160 -0.232360 -0.301588
v -0.317278 -0.231673 -0.295072
v -0.200867 -0.098885 -0.278950
v -0.183898 -0.075721 -0.278993
v -0.209665 -0.093201 -0.279006
v -0.192533 -0.069813 -0.278964
v -0.216739 -0.088635 -0.285171
v -0.199540 -0.065017 -0.285102
v -0.219431 -0.086898 -0.295072
v -0.202221 -0.063182 -0.295072
v -0.216739 -0.088635 -0.304972
v -0.199540 -0.065017 -0.305040
v -0.209665 -0.093201 -0.311136
v -0.192533 -0.069813 -0.311179
v -0.200867 -0.098885 -0.311192
v -0.183898 -0.075721 -0.311151
v 0.156890 -0.094043 -0.301588
v 0.173224 -0.117370 -0.301588
v 0.156890 -0.094043 -0.288555
v 0.173224 -0.117370 -0.288555
v -0.411963 0.117460 -0.834417
v -0.312493 0.123250 -0.834417
v -0.411963 0.106345 -0.623575
v -0.315535 0.100441 -0.623575
v -0.411963 0.093881 -0.387135
v -0.318946 0.074861 -0.387135
v -0.411963 0.093147 -0.327181
v -0.318946 0.074657 -0.327181
v -0.411963 0.102237 0.112841
v -0.317368 0.080013 0.112841
v -0.411963 0.105565 0.298606
v -0.293468 0.084749 0.298606
v -0.400072 0.103652 0.481505
v -0.257669 0.085761 0.481505
v -0.366970 0.103652 0.610944
v -0.244924 0.087076 0.610944
v -0.242538 0.054941 -0.387712
v -0.242538 0.054941 -0.327758
v -0.250773 0.066209 0.112841
v -0.226874 0.073341 0.298606
v -0.226874 0.078967 0.481505
v -0.210541 0.077160 0.611731
v -0.227272 0.088612 0.702832
v -0.180397 0.075987 0.702492
v -0.218298 0.091811 0.810855
v -0.174168 0.075421 0.815470
v -0.194478 0.072826 0.481505
v -0.180983 0.066638 0.610944
v -0.142769 0.065606 0.702832
v -0.118600 0.054999 0.869143
v -0.169265 0.077501 0.916507
v -0.108958 0.049688 0.967714
v -0.169265 0.073226 0.977803
v -0.103720 0.045674 1.024027
v -0.169265 0.068951 1.039100
v -0.098481 0.041659 1.080339
v -0.169265 0.064758 1.112145
v -0.098481 0.038990 1.136979
v -0.202217 0.050740 0.481505
v -0.185169 0.048439 0.621485
v -0.132405 0.047098 0.724935
v -0.051409 0.042546 0.953036
v -0.037530 0.036621 1.024206
v -0.026747 0.031649 1.063371
v -0.015964 0.026676 1.102536
v 0.000128 0.020363 1.156888
v -0.098481 0.034263 1.205320
v 0.000128 0.019312 1.205320
v -0.098481 0.027280 1.308306
v 0.000128 0.015240 1.302338
v 0.000128 0.012727 1.362183
v 0.098737 0.027280 1.308306
v 0.098737 0.024553 1.368524
v 0.165809 0.053401 1.313798
v 0.163927 0.051394 1.376148
v 0.192520 0.104131 1.320302
v 0.189977 0.103424 1.381369
v 0.223346 0.106614 1.383773
v 0.219261 0.105955 1.432212
v 0.098737 0.034263 1.205320
v 0.167196 0.060694 1.205320
v 0.197309 0.105461 1.205320
v 0.228905 0.107471 1.320886
v 0.242998 0.109045 1.205320
v 0.098737 0.038990 1.136979
v 0.169520 0.064758 1.112145
v 0.197309 0.105461 1.112145
v 0.255768 0.109045 1.112145
v 0.016219 0.026676 1.102536
v 0.098737 0.041659 1.080339
v 0.169520 0.068951 1.039100
v 0.197309 0.105461 1.039100
v 0.269349 0.109045 1.039100
v 0.027002 0.031649 1.063371
v 0.103975 0.045674 1.024027
v 0.169520 0.073226 0.977803
v 0.197309 0.103656 0.977803
v 0.281403 0.108656 0.977803
v 0.109213 0.049689 0.967714
v 0.169520 0.077501 0.916507
v 0.197309 0.101851 0.916507
v 0.293456 0.108268 0.916507
v 0.118855 0.054999 0.869143
v 0.174424 0.075421 0.815470
v 0.218553 0.091811 0.810855
v 0.316488 0.106716 0.810855
v 0.143024 0.065606 0.702832
v 0.180652 0.075987 0.702492
v 0.227528 0.088612 0.702832
v 0.343028 0.104788 0.702832
v 0.181237 0.066638 0.610944
v 0.210796 0.077160 0.611731
v 0.245178 0.087076 0.610944
v 0.367224 0.103652 0.610944
v 0.194732 0.072826 0.481505
v 0.227128 0.078967 0.481505
v 0.257925 0.085761 0.481505
v 0.400326 0.103653 0.481505
v 0.227128 0.073341 0.298606
v 0.203036 0.050741 0.298606
v 0.202471 0.050741 0.481505
v 0.185424 0.048439 0.621485
v 0.132660 0.047098 0.724935
v 0.051664 0.042546 0.953036
v 0.037785 0.036621 1.024206
v 0.015232 -0.245995 0.800160
v 0.012990 -0.243330 0.813567
v 0.014624 -0.257202 0.802059
v 0.012721 -0.254541 0.815517
v -0.202782 0.050740 0.298606
v -0.234945 0.042994 0.117762
v -0.227096 0.050741 -0.327758
v -0.224581 0.050741 -0.387712
v -0.216414 0.044360 -0.993459
v -0.242538 0.056807 -0.834993
v -0.242538 0.051542 -0.993459
v -0.313355 0.076901 -0.834417
v -0.313355 0.076901 -0.992883
v -0.350169 -0.168604 0.167267
v -0.345553 -0.207995 -0.051987
v -0.344055 -0.171684 0.167316
v -0.340406 -0.211125 -0.051956
v -0.053572 0.393441 1.123465
v -0.051983 0.396192 1.123465
v -0.053572 0.393441 1.129790
v -0.051983 0.396192 1.129790
v -0.053572 0.398944 1.123465
v -0.053572 0.398944 1.129790
v -0.056749 0.398944 1.123465
v -0.056749 0.398944 1.129790
v -0.058338 0.396192 1.123465
v -0.058338 0.396192 1.129790
v -0.056749 0.393441 1.123465
v -0.056749 0.393441 1.129790
v -0.053572 0.393441 1.123465
v -0.053572 0.393441 1.129790
v -0.147791 -0.176812 -0.110187
v -0.141668 -0.187416 -0.110187
v -0.151413 -0.171276 -0.101153
v -0.141988 -0.187601 -0.101153
v -0.119796 -0.193451 -0.120572
v -0.128286 -0.178745 -0.120572
v 0.001366 -0.120690 0.008829
v -0.007124 -0.105984 0.008829
v -0.033006 0.410297 1.125690
v -0.022380 0.410344 1.125690
v -0.031943 0.403378 1.125690
v -0.022380 0.403332 1.125690
v 0.313609 0.076901 -0.992883
v 0.313609 0.076901 -1.237304
v 0.311546 0.125198 -0.992883
v 0.311546 0.128260 -1.237304
v -0.109905 0.104142 1.318980
v 0.109404 0.104946 1.318941
v -0.110901 0.115514 1.204744
v 0.110648 0.116023 1.204713
v -0.216414 0.044360 -1.237880
v -0.242538 0.051542 -1.237880
v -0.218120 0.050399 -1.486861
v -0.234945 0.052939 -1.486861
v -0.218120 0.071115 -1.609538
v -0.313355 0.076901 -1.486285
v -0.311723 0.081487 -1.608962
v -0.313355 0.076901 -1.237304
v 0.050044 0.344349 1.084650
v 0.050044 0.306795 1.102972
v -0.050814 0.344349 1.084650
v -0.050814 0.306795 1.102972
v -0.310092 0.127145 -0.834417
v -0.314160 0.149041 -0.623575
v -0.411924 0.136109 -0.623575
v -0.411924 0.124037 -0.834417
v -0.411963 0.117460 -0.834417
v -0.322216 -0.262915 -0.283133
v -0.315180 -0.238932 -0.288555
v -0.326070 -0.262881 -0.295072
v -0.317235 -0.238932 -0.295072
v 0.075098 0.400902 0.946864
v -0.074921 0.400902 0.946865
v 0.090644 0.324449 0.962090
v -0.090468 0.324449 0.962090
v -0.282878 -0.269125 -0.272232
v -0.281395 -0.271694 -0.272232
v -0.279465 -0.267154 -0.263779
v -0.277981 -0.269723 -0.263779
v -0.278104 -0.277395 -0.272232
v -0.274690 -0.275424 -0.263779
v -0.274795 -0.283123 -0.272232
v -0.271382 -0.281153 -0.263779
v -0.272439 -0.287206 -0.272231
v -0.269026 -0.285235 -0.263779
v -0.271537 -0.288767 -0.272231
v -0.268124 -0.286797 -0.263779
v 0.073155 0.075711 1.657883
v 0.000081 0.107027 1.678570
v 0.082280 0.226758 1.657883
v 0.000089 0.258073 1.678570
v 0.219612 -0.009683 0.172312
v 0.267009 -0.035799 0.171042
v 0.211480 -0.012207 -0.327229
v 0.268778 -0.045497 -0.328794
v 0.302083 -0.069849 0.169840
v 0.308571 -0.084013 -0.330156
v 0.321346 -0.096568 0.169036
v 0.325021 -0.117442 -0.331032
v 0.332276 -0.122592 0.168386
v 0.336537 -0.151006 -0.331827
v 0.349824 -0.168604 0.167267
v 0.340456 -0.188669 -0.332566
v 0.345208 -0.207995 -0.051987
v 0.340377 -0.208832 -0.332925
v 0.339717 -0.355381 -0.284527
v 0.372637 -0.355381 -0.284527
v 0.345261 -0.349834 -0.288555
v 0.372637 -0.349834 -0.288555
v -0.050814 0.357085 1.147225
v -0.050815 0.331923 1.158296
v 0.050043 0.357087 1.147225
v 0.050043 0.331923 1.158296
v -0.265702 -0.276808 -0.272232
v -0.263331 -0.280915 -0.272232
v -0.265694 -0.276803 -0.284527
v -0.263323 -0.280910 -0.288555
v -0.205416 -0.193782 -1.118408
v -0.217096 -0.240255 -0.852848
v -0.164558 -0.042314 -1.109881
v -0.167490 -0.065715 -0.679779
v 0.150694 -0.069144 -0.671415
v 0.205687 -0.241882 -0.847962
v 0.160267 -0.065715 -0.679779
v 0.209874 -0.240255 -0.852848
v -0.269007 -0.271066 -0.284944
v -0.272281 -0.265396 -0.288554
v -0.269014 -0.271071 -0.272232
v -0.272288 -0.265400 -0.272232
v -0.050814 0.344349 1.084650
v -0.050814 0.306795 1.102972
v -0.050814 0.357085 1.147225
v -0.050815 0.331923 1.158296
v 0.201400 -0.242866 -0.852934
v 0.205687 -0.241882 -0.847962
v 0.141005 -0.071652 -0.679966
v 0.150694 -0.069144 -0.671415
v 0.339717 -0.362236 -0.305615
v 0.338231 -0.390633 -0.301039
v 0.332865 -0.362236 -0.305615
v 0.334352 -0.390633 -0.301039
v 0.275326 -0.265396 -0.288554
v 0.275333 -0.265400 -0.272232
v 0.276805 -0.262833 -0.295071
v 0.276812 -0.262838 -0.272232
v -0.208624 -0.242866 -0.852934
v -0.148228 -0.071652 -0.679966
v -0.212911 -0.241882 -0.847962
v -0.157917 -0.069144 -0.671415
v 0.160267 -0.065715 -0.679779
v 0.209874 -0.240255 -0.852848
v 0.157334 -0.042314 -1.109881
v 0.198193 -0.193782 -1.118408
v 0.311977 0.081487 -1.608962
v 0.311977 0.090092 -1.711746
v 0.311977 0.125943 -1.609079
v 0.311977 0.117635 -1.711854
v 0.012990 -0.243330 0.813567
v 0.018592 -0.236781 0.822271
v 0.012721 -0.254541 0.815517
v 0.018592 -0.252354 0.824979
v 0.312746 0.123250 -0.834417
v 0.412216 0.117460 -0.834417
v 0.315720 0.100947 -0.628267
v 0.412216 0.106593 -0.628267
v 0.412216 0.093881 -0.387135
v 0.319199 0.074861 -0.387135
v 0.412216 0.093147 -0.327181
v 0.319199 0.074658 -0.327181
v 0.412216 0.102237 0.112841
v 0.317621 0.080013 0.112841
v 0.412217 0.105565 0.298606
v 0.293722 0.084749 0.298606
v 0.251027 0.066209 0.112841
v 0.242791 0.054941 -0.327758
v 0.242791 0.054941 -0.387712
v 0.242791 0.056807 -0.834993
v 0.313609 0.076901 -0.834417
v 0.242791 0.051542 -0.993459
v 0.313609 0.076901 -0.992883
v 0.242791 0.051542 -1.237880
v 0.313609 0.076901 -1.237304
v 0.235198 0.052939 -1.486861
v 0.235200 0.042994 0.117762
v 0.227350 0.050741 -0.327758
v 0.224835 0.050741 -0.387712
v 0.216668 0.044360 -0.993459
v 0.216668 0.044360 -1.237880
v 0.218373 0.050399 -1.486861
v 0.218373 0.071115 -1.609538
v 0.313609 0.076901 -1.486285
v 0.311977 0.081487 -1.608962
v 0.220540 0.088878 -1.712306
v 0.311977 0.090092 -1.711746
v 0.215830 0.125036 -1.830105
v 0.311977 0.106609 -1.831529
v -0.274795 -0.283123 -0.272232
v -0.278104 -0.277395 -0.272232
v -0.274788 -0.283119 -0.284527
v -0.278096 -0.277390 -0.284958
v -1.405162 0.105530 -0.093966
v -1.405162 0.093043 -0.093966
v -1.397763 0.105423 -0.186360
v -1.397763 0.088406 -0.186360
v -1.380686 0.096905 -0.605183
v -1.380686 0.097539 -0.505675
v -1.380686 0.087870 -0.580014
v -1.380686 0.088086 -0.289911
v -0.148228 -0.071652 -0.679966
v -0.208624 -0.242866 -0.852934
v -0.145296 -0.048250 -1.110076
v -0.196943 -0.196393 -1.118486
v -0.050814 0.344349 1.084650
v -0.050814 0.357085 1.147225
v 0.050044 0.344349 1.084650
v 0.050043 0.357087 1.147225
v -0.107942 0.097637 1.402601
v 0.108701 0.096958 1.402204
v -0.109905 0.104142 1.318980
v 0.109404 0.104946 1.318941
v -1.405162 0.093043 -0.093966
v -1.405162 0.105530 -0.093966
v -1.412452 0.097780 -0.063852
v -1.412452 0.105845 -0.063852
v -0.299900 -0.263021 -0.313427
v -0.302535 -0.238936 -0.305275
v -0.289992 -0.262832 -0.307086
v -0.297164 -0.238558 -0.301588
v 0.200544 -0.066609 -0.295072
v 0.205266 -0.063182 -0.295072
v 0.198778 -0.067780 -0.301588
v 0.202585 -0.065017 -0.305040
v 0.130851 -0.008321 -0.295072
v 0.132565 -0.007077 -0.288555
v 0.132565 -0.007077 -0.301588
v 0.137051 -0.003822 -0.305615
v 0.137051 -0.003822 -0.284527
v 0.142596 0.000203 -0.284527
v 0.142596 0.000203 -0.305615
v 0.147083 0.003458 -0.301588
v 0.146986 0.003388 -0.301428
v 0.147083 0.003458 -0.288555
v 0.148797 0.004702 -0.295072
v 0.318225 -0.238932 -0.288555
v 0.318205 -0.232360 -0.288555
v 0.312428 -0.238934 -0.284684
v 0.312662 -0.234159 -0.284527
v 0.050043 0.331923 1.158296
v 0.050044 0.306795 1.102972
v 0.050043 0.357087 1.147225
v 0.050044 0.344349 1.084650
v 0.312662 -0.234159 -0.305615
v 0.305810 -0.236383 -0.305615
v 0.211181 -0.094311 -0.305615
v 0.205302 -0.097876 -0.305615
v 0.300209 -0.238558 -0.301588
v 0.200546 -0.100761 -0.301588
v 0.298088 -0.238902 -0.295072
v 0.198729 -0.101862 -0.295072
v 0.300209 -0.238558 -0.288555
v 0.200546 -0.100761 -0.288555
v 0.305810 -0.236383 -0.284527
v 0.205302 -0.097876 -0.284527
v 0.312662 -0.234159 -0.284527
v 0.211181 -0.094311 -0.284527
v -0.138323 -0.161361 -0.120572
v -0.151413 -0.171276 -0.101153
v -0.017161 -0.088600 0.008829
v -0.016140 -0.090368 0.034177
v 0.054434 0.398944 1.123465
v 0.056023 0.396192 1.123465
v 0.051257 0.398944 1.123465
v 0.049668 0.396192 1.123465
v 0.051257 0.393441 1.123465
v 0.054434 0.393441 1.123465
v 0.001366 -0.120690 0.008829
v -0.007124 -0.105984 0.008829
v 0.002380 -0.122445 0.034177
v -0.006715 -0.106692 0.034177
v -0.007124 -0.105984 0.008829
v -0.017161 -0.088600 0.008829
v -0.016140 -0.090368 0.034177
v -0.285936 -0.262748 -0.295071
v -0.295043 -0.238902 -0.295072
v -0.289774 -0.262775 -0.283346
v -0.297164 -0.238558 -0.288555
v -1.438236 0.123398 -0.742744
v -1.438236 0.123858 -0.653684
v -1.380686 0.123398 -0.742744
v -1.380686 0.123858 -0.653684
v 0.203912 -0.098885 -0.311192
v 0.205302 -0.097876 -0.305615
v 0.197770 -0.102775 -0.306309
v 0.200546 -0.100761 -0.301588
v 0.189720 -0.196393 -1.118486
v 0.201400 -0.242866 -0.852934
v 0.138072 -0.048250 -1.110076
v 0.141005 -0.071652 -0.679966
v 0.060839 0.374831 1.088392
v 0.060839 0.084444 1.225455
v 0.072048 0.374831 1.088392
v 0.072048 0.084444 1.225455
v -0.027651 0.332414 1.158032
v -0.027651 0.405265 1.123862
v -0.027651 0.316923 1.123449
v -0.027651 0.389461 1.090337
v -0.027651 0.389461 1.090337
v -0.027651 0.405265 1.123862
v 0.026880 0.389461 1.090337
v 0.026880 0.405265 1.123862
v 0.276805 -0.262833 -0.295071
v 0.276812 -0.262838 -0.272232
v 0.285916 -0.269119 -0.295071
v 0.285923 -0.269125 -0.272232
v -0.025361 0.352568 1.155278
v -0.025361 0.357731 1.164933
v -0.025361 0.397748 1.134660
v -0.025361 0.402457 1.143911
v 0.023344 0.402457 1.143911
v 0.023344 0.357731 1.164933
v 0.023344 0.397748 1.134660
v 0.023344 0.352568 1.155278
v -0.025361 0.352568 1.155278
v 0.023344 0.352568 1.155278
v 0.023344 0.397748 1.134660
v -0.025361 0.397748 1.134660
v -0.350169 -0.168604 0.167267
v -0.344055 -0.171684 0.167316
v -0.332621 -0.122592 0.168386
v -0.326495 -0.125687 0.168435
v -0.321692 -0.096568 0.169037
v -0.316166 -0.099747 0.169073
v -0.302429 -0.069849 0.169840
v -0.297804 -0.073301 0.169857
v -0.267355 -0.035800 0.171042
v -0.265125 -0.040448 0.170997
v -0.219958 -0.009683 0.172312
v -0.219532 -0.017747 0.172175
v 0.156373 0.162242 -1.620298
v 0.170010 0.095116 -1.620298
v 0.197123 0.094682 -1.486720
v -0.075821 -0.139260 0.527363
v -0.074014 -0.142488 0.603975
v -0.072428 -0.139319 0.527363
v -0.070621 -0.142547 0.603975
v -0.071898 -0.146265 0.693613
v -0.068505 -0.146324 0.693613
v -0.071898 -0.146265 0.693613
v -0.066757 -0.151344 0.804047
v -0.068505 -0.146324 0.693613
v -0.063361 -0.151403 0.804047
v -0.062253 -0.155768 0.900150
v -0.058863 -0.155820 0.899999
v 0.198193 -0.193782 -1.118408
v 0.209874 -0.240255 -0.852848
v 0.193973 -0.195141 -1.118455
v 0.205687 -0.241882 -0.847962
v 0.201400 -0.242866 -0.852934
v 0.030692 0.410297 1.127518
v 0.051796 0.397920 1.128491
v 0.030692 0.410297 1.125690
v 0.051796 0.397920 1.124717
v -0.411923 0.142791 0.112841
v 0.181038 -0.079718 -0.306309
v 0.186943 -0.075721 -0.311151
v 0.197770 -0.102775 -0.306309
v 0.203912 -0.098885 -0.311192
v 0.328073 -0.278875 -0.295072
v 0.329643 -0.278875 -0.290241
v 0.329643 -0.278875 -0.299902
v 0.333751 -0.278875 -0.302888
v 0.333751 -0.278875 -0.287255
v 0.338831 -0.278875 -0.302888
v 0.338831 -0.278875 -0.287255
v 0.342941 -0.278875 -0.299902
v 0.342941 -0.278875 -0.290241
v 0.344510 -0.278875 -0.295072
v 0.062501 0.308826 1.101501
v -0.060743 0.308826 1.101501
v 0.062501 0.336093 1.163618
v -0.060743 0.336093 1.163618
v 0.062501 0.261729 1.197252
v -0.060743 0.261729 1.197252
v 0.062501 0.221795 1.229283
v -0.060743 0.221795 1.229283
v 0.062501 0.187321 1.237343
v -0.060743 0.187321 1.237343
v 0.062501 0.161730 1.246858
v -0.060743 0.161730 1.246858
v 0.062501 0.193182 1.353936
v -0.060743 0.193182 1.353936
v 0.062501 0.127417 1.373846
v -0.060743 0.127417 1.373846
v 0.092631 0.232168 1.413664
v 0.082775 0.264221 1.409868
v 0.096574 0.237439 1.413664
v 0.088580 0.266354 1.409868
v -0.064814 -0.302327 0.893751
v -0.069022 -0.298476 0.804047
v -0.061424 -0.302379 0.893601
v -0.065626 -0.298535 0.804047
v -0.074204 -0.293736 0.693613
v -0.070807 -0.293796 0.693613
v -0.313355 0.076901 -0.834417
v -0.318946 0.074861 -0.387135
v -0.312493 0.123250 -0.834417
v -0.315535 0.100441 -0.623575
v -0.013751 0.038023 2.407088
v -0.011891 0.032720 2.407088
v -0.009746 0.038023 2.416222
v -0.008423 0.034250 2.416222
v -0.004955 0.030878 2.570385
v -0.002806 0.029236 2.570385
v -0.000900 0.031759 2.582297
v 0.000128 0.031549 2.582297
v -0.000900 0.034481 2.582297
v 0.000128 0.034691 2.582297
v 0.000128 0.037606 2.570385
v 0.003063 0.037005 2.570385
v 0.005065 0.044558 2.416222
v 0.008679 0.041796 2.416222
v 0.007067 0.047208 2.407088
v 0.012147 0.043326 2.407088
v -0.006812 0.028838 2.407088
v -0.004809 0.031487 2.416222
v 0.000128 0.028634 2.570385
v 0.001156 0.031759 2.582297
v 0.001156 0.034481 2.582297
v 0.005211 0.035363 2.570385
v 0.010002 0.038023 2.416222
v 0.014006 0.038023 2.407088
v 0.000128 0.027416 2.407088
v 0.000128 0.030477 2.416222
v 0.003063 0.029236 2.570385
v 0.001908 0.032335 2.582297
v 0.001908 0.033906 2.582297
v 0.005998 0.033121 2.570385
v 0.007067 0.028838 2.407088
v 0.005065 0.031487 2.416222
v 0.005211 0.030878 2.570385
v 0.002184 0.033121 2.582297
v 0.012147 0.032720 2.407088
v 0.008679 0.034250 2.416222
v 0.005998 0.033121 2.570385
v 0.014006 0.038023 2.407088
v 0.010002 0.038023 2.416222
v 0.219187 -0.017747 0.172175
v 0.211033 -0.020361 -0.327366
v 0.264779 -0.040448 0.170997
v 0.265040 -0.049654 -0.328805
v 0.297459 -0.073301 0.169857
v 0.303031 -0.087227 -0.330120
v 0.315821 -0.099747 0.169073
v 0.318815 -0.120531 -0.330983
v 0.326150 -0.125687 0.168434
v 0.330202 -0.154074 -0.331774
v 0.343709 -0.171684 0.167316
v 0.334638 -0.191764 -0.332522
v 0.340060 -0.211125 -0.051956
v 0.335588 -0.211980 -0.332900
v -0.135935 -0.183162 -0.118639
v -0.130749 -0.192145 -0.118639
v -0.263331 -0.280915 -0.272232
v -0.262423 -0.282487 -0.272232
v -0.063095 -0.135817 -0.305590
v -0.110440 -0.168445 -0.305564
v -0.066559 -0.129817 -0.305362
v -0.113931 -0.162399 -0.305117
v -0.069217 -0.125214 -0.301669
v -0.116537 -0.157884 -0.301652
v -0.070693 -0.122658 -0.295069
v -0.118007 -0.155339 -0.295069
v -0.069273 -0.125117 -0.288553
v -0.116581 -0.157807 -0.288553
v -0.066396 -0.130100 -0.284607
v -0.113612 -0.162951 -0.284685
v -0.062983 -0.136013 -0.284528
v -0.110222 -0.168822 -0.284528
v -0.017985 -0.089016 -0.278761
v -0.014828 -0.091922 -0.273420
v -0.010925 -0.097214 -0.271495
v -0.024600 -0.091598 -0.316289
v -0.023314 -0.096402 -0.321583
v -0.020237 -0.101918 -0.323756
v -0.040383 -0.173466 0.824868
v -0.040383 -0.175547 0.813070
v -0.022737 -0.234701 0.834071
v -0.022737 -0.236781 0.822271
v 1.380940 0.123399 -0.742744
v 1.438490 0.123399 -0.742744
v 1.380940 0.121517 -0.828037
v 1.438490 0.121517 -0.828037
v 0.186943 -0.075721 -0.311151
v 0.195578 -0.069813 -0.311179
v 0.203912 -0.098885 -0.311192
v 0.212709 -0.093201 -0.311136
v 0.202585 -0.065017 -0.305040
v 0.219784 -0.088634 -0.304972
v 0.205266 -0.063182 -0.295072
v 0.222476 -0.086898 -0.295072
v 0.202584 -0.065017 -0.285102
v 0.219784 -0.088634 -0.285171
v 0.195578 -0.069813 -0.278964
v 0.212709 -0.093201 -0.279006
v 0.186943 -0.075721 -0.278993
v 0.203912 -0.098885 -0.278950
v 0.012703 -0.249861 0.846541
v 0.018592 -0.251458 0.836983
v 0.013103 -0.233165 0.843636
v 0.018592 -0.234701 0.834071
v 0.024700 0.409671 1.122710
v 0.024700 0.412312 1.128483
v 0.024700 0.332360 1.157526
v 0.024700 0.335453 1.163696
v 0.958976 -0.076323 0.264363
v 0.972894 -0.076323 0.211712
v 0.958976 -0.058242 0.254972
v 0.972894 -0.046654 0.211712
v 0.958976 -0.037303 0.212183
v 0.972894 -0.018105 0.009376
v 0.958976 -0.011211 0.009376
v 0.958976 -0.011212 -0.120414
v 0.972894 -0.076323 0.009376
v 0.958976 -0.076323 0.009376
v 0.958976 -0.076323 0.264363
v 0.945057 -0.076323 0.211712
v 0.972894 -0.076323 -0.157111
v 0.958976 -0.076323 -0.160254
v 0.945057 -0.076323 -0.157111
v 0.945057 -0.076324 -0.559965
v 0.958976 -0.076324 -0.567706
v 0.972894 -0.076324 -0.559965
v 0.972894 -0.011212 -0.157111
v 0.972894 -0.076324 -0.625404
v 0.972894 -0.011212 -0.559965
v 0.972894 0.101600 -0.318422
v 0.958976 0.101600 -0.281725
v 0.958976 -0.076324 -0.677110
v 0.945057 -0.076324 -0.625404
v 0.945057 -0.076323 0.009376
v -0.026652 0.409671 1.122710
v -0.026652 0.332360 1.157526
v -0.026652 0.412312 1.128483
v -0.026652 0.335453 1.163696
v 0.051361 0.394482 1.128491
v 0.051796 0.397920 1.128491
v 0.029628 0.403378 1.127518
v 0.030692 0.410297 1.127518
v 0.194154 -0.070847 -0.305615
v 0.188438 -0.074636 -0.305615
v 0.142596 0.000203 -0.305615
v 0.137051 -0.003822 -0.305615
v 0.183814 -0.077703 -0.301588
v 0.132565 -0.007077 -0.301588
v 0.182048 -0.078874 -0.295072
v 0.130851 -0.008321 -0.295072
v 0.183814 -0.077703 -0.288555
v 0.132565 -0.007077 -0.288555
v 0.188438 -0.074636 -0.284527
v 0.137051 -0.003822 -0.284527
v 0.194154 -0.070847 -0.284527
v 0.142596 0.000203 -0.284527
v 0.020065 0.403332 1.127518
v 0.029628 0.403378 1.127518
v 0.020065 0.410344 1.127518
v 0.030692 0.410297 1.127518
v 0.211181 -0.094311 -0.305615
v 0.215937 -0.091427 -0.301588
v 0.312662 -0.234159 -0.305615
v 0.318205 -0.232360 -0.301588
v 0.217753 -0.090325 -0.295072
v 0.320323 -0.231673 -0.295072
v 0.215937 -0.091427 -0.288555
v 0.318205 -0.232360 -0.288555
v 0.211181 -0.094311 -0.284527
v 0.312662 -0.234159 -0.284527
v 0.271169 -0.286797 -0.263779
v 0.274582 -0.288767 -0.272231
v 0.272070 -0.285235 -0.263779
v 0.275484 -0.287206 -0.272231
v 0.274427 -0.281153 -0.263779
v 0.277841 -0.283123 -0.272232
v 0.277735 -0.275424 -0.263779
v 0.281148 -0.277395 -0.272232
v 0.281027 -0.269723 -0.263779
v 0.284440 -0.271694 -0.272232
v 0.282510 -0.267154 -0.263779
v 0.285923 -0.269125 -0.272232
v 0.304819 -0.291597 -0.304149
v 0.299727 -0.282256 -0.301588
v 0.305070 -0.277044 -0.304521
v 0.299799 -0.277046 -0.301588
v -1.438236 0.092919 -0.900953
v -1.380686 0.092919 -0.900953
v -1.438236 0.090805 -0.826373
v -1.380686 0.090805 -0.826373
v -0.033006 0.410297 1.127518
v -0.031943 0.403378 1.127518
v -0.022380 0.410344 1.127518
v -0.022380 0.403332 1.127518
v -0.311622 -0.262953 -0.276318
v -0.308971 -0.277046 -0.284960
v -0.299320 -0.262882 -0.276325
v -0.301725 -0.277046 -0.284870
v 0.110294 0.133209 1.092539
v 0.124053 0.284255 1.092539
v 0.105378 0.143647 1.023087
v 0.118523 0.294693 1.023087
v -0.005741 0.033121 2.570385
v -0.001653 0.032335 2.582297
v -0.001928 0.033121 2.582297
v -0.001653 0.033906 2.582297
v -0.004955 0.035363 2.570385
v -0.002806 0.037005 2.570385
v -0.004809 0.044558 2.416222
v 0.000128 0.045569 2.416222
v -0.006812 0.047208 2.407088
v 0.000128 0.048629 2.407088
v 0.345261 -0.349834 -0.301588
v 0.372637 -0.349834 -0.301588
v 0.339717 -0.355381 -0.305615
v 0.372637 -0.355381 -0.305615
v -0.011891 0.043326 2.407088
v -0.008423 0.041796 2.416222
v -0.005741 0.033121 2.570385
v -0.013751 0.038023 2.407088
v -0.009746 0.038023 2.416222
v -0.015044 0.318946 1.125488
v 0.013093 0.318946 1.125488
v 0.060839 0.365989 1.069611
v 0.060839 0.374831 1.088392
v 0.072048 0.365989 1.069611
v 0.072048 0.374831 1.088392
v 0.544115 -0.040408 -0.383614
v 0.526984 -0.040408 -0.383614
v 0.544115 0.086744 -0.294521
v 0.526984 0.086744 -0.294521
v 0.526984 0.103886 -0.283419
v 0.526984 0.103886 -0.133282
v 0.544115 0.103886 -0.283419
v 0.544114 0.103886 -0.133282
v 0.526984 -0.034856 -0.181773
v 0.526984 0.089520 -0.111515
v 0.526984 -0.029305 0.001050
v 0.526984 0.092295 -0.014033
v 0.526984 0.017162 0.236206
v 0.526984 -0.035010 0.287477
v 0.544114 0.017162 0.236206
v 0.544114 -0.035010 0.287477
v 0.544114 0.103886 -0.002164
v 0.526984 0.103886 -0.002164
v 0.958976 -0.076323 0.264363
v 0.958976 -0.058242 0.254972
v 0.945057 -0.076323 0.211712
v 0.945057 -0.046654 0.211712
v 0.945057 -0.076323 0.009376
v 0.945057 -0.018105 0.009376
v 0.945057 -0.076323 -0.157111
v 0.945057 -0.011212 -0.157111
v 0.945057 -0.011212 -0.559965
v 0.945057 0.101600 -0.318422
v 0.945057 0.101600 -0.546902
v 0.958976 0.101600 -0.318422
v 0.958976 0.101600 -0.568632
v 0.972894 0.101600 -0.546902
v 0.958976 0.101600 -0.281725
v 0.958976 0.101600 -0.568632
v 0.958976 -0.011212 -0.581695
v 0.972894 -0.011212 -0.625404
v 0.958976 -0.011212 -0.677110
v 0.958976 -0.076324 -0.677110
v 0.945057 -0.076324 -0.559965
v 0.945057 -0.011212 -0.625404
v 0.945057 -0.076324 -0.625404
v 0.958976 -0.076324 -0.677110
v 0.958976 -0.011212 -0.581695
v 0.958976 -0.011212 -0.677110
v 0.958976 0.101600 -0.568632
v 0.347378 -0.347718 -0.295072
v 0.372637 -0.347718 -0.295072
v 0.345261 -0.349834 -0.301588
v 0.372637 -0.349834 -0.301588
v 0.051361 0.394482 1.124717
v 0.029628 0.403378 1.125690
v 0.051796 0.397920 1.124717
v 0.030692 0.410297 1.125690
v -0.053572 0.393441 1.129790
v -0.051983 0.396192 1.129790
v -0.056749 0.393441 1.129790
v -0.058338 0.396192 1.129790
v -0.056749 0.398944 1.129790
v -0.053572 0.398944 1.129790
v 0.325205 -0.369892 -0.295072
v 0.330017 -0.390633 -0.295072
v 0.327322 -0.367775 -0.288555
v 0.331215 -0.390633 -0.291383
v -0.022380 0.410344 1.127518
v -0.022380 0.410344 1.125690
v -0.033006 0.410297 1.127518
v -0.033006 0.410297 1.125690
v -0.526730 0.103886 -0.002164
v -0.526730 0.092295 -0.014033
v -0.466278 0.103886 -0.065258
v -0.466278 0.092295 -0.065056
v -0.526730 0.089520 -0.111515
v -0.526730 0.103886 -0.133282
v -0.466278 0.103886 -0.065258
v -0.026652 0.409671 1.122710
v -0.026652 0.412312 1.128483
v 0.024700 0.409671 1.122710
v 0.024700 0.412312 1.128483
v -0.033006 0.410297 1.125690
v -0.031943 0.403378 1.125690
v -0.054111 0.397920 1.124717
v -0.053676 0.394482 1.124717
v -0.031943 0.403378 1.125690
v -0.031943 0.403378 1.127518
v -0.053676 0.394482 1.124717
v -0.053676 0.394482 1.128491
v -0.053676 0.394482 1.128491
v -0.031943 0.403378 1.127518
v -0.054111 0.397920 1.128491
v -0.033006 0.410297 1.127518
v 0.021411 0.344392 1.405542
v 0.025980 0.344392 1.405542
v 0.021411 0.344986 1.390059
v 0.025980 0.344986 1.390059
v 1.380940 0.090853 -0.828038
v 1.380940 0.100574 -0.781520
v 1.380940 0.092919 -0.900953
v 1.380940 0.103294 -0.845131
v -0.058804 0.365989 1.069611
v -0.070013 0.365989 1.069611
v -0.058804 0.374831 1.088392
v -0.070013 0.374831 1.088392
v 0.339651 -0.362236 -0.284527
v 0.338231 -0.390633 -0.289104
v 0.345258 -0.367760 -0.288549
v 0.341367 -0.390633 -0.291383
v -0.013751 0.038023 2.407088
v -0.020542 0.041157 2.375921
v -0.011891 0.032720 2.407088
v -0.017773 0.031764 2.375921
v -0.006812 0.028838 2.407088
v -0.010207 0.024889 2.375921
v 0.000128 0.027416 2.407088
v 0.000128 0.022372 2.375921
v 0.007067 0.028838 2.407088
v 0.010463 0.024889 2.375921
v 0.012147 0.032720 2.407088
v 0.018028 0.031764 2.375921
v 0.014006 0.038023 2.407088
v 0.020798 0.041157 2.375921
v -0.062185 0.028479 2.252216
v -0.035848 0.008904 2.252216
v 0.000128 0.001739 2.252216
v -0.052585 0.000067 2.140447
v 0.000128 -0.005271 2.140447
v 0.036104 0.008904 2.252216
v 0.000128 -0.006495 2.004807
v 0.052841 0.000067 2.140447
v 0.062440 0.028479 2.252216
v 0.065150 0.001976 2.004807
v 0.091429 0.029567 2.140447
v 0.072080 0.055219 2.252216
v 0.104052 0.031505 2.004807
v 0.105554 0.069864 2.140447
v 0.127841 0.080860 2.004807
v 0.118560 0.035305 1.868733
v 0.145819 0.090172 1.868733
v 0.155287 0.043176 1.622989
v 0.171564 0.101712 1.631283
v 0.159280 0.045637 1.520984
v 0.183005 0.102489 1.529277
v 0.161882 0.048795 1.456650
v 0.186609 0.102489 1.462236
v 0.187920 0.102853 1.430781
v 0.074003 0.007343 1.868733
v 0.094535 0.013623 1.622989
v 0.098737 0.017315 1.520984
v 0.098737 0.020188 1.456875
v 0.162910 0.049759 1.426945
v 0.000128 0.002970 1.622989
v 0.000128 0.005432 1.520984
v 0.000128 0.008162 1.456875
v 0.098737 0.021724 1.422401
v -0.094279 0.013623 1.622989
v -0.098481 0.017314 1.520984
v -0.098481 0.020188 1.456875
v -0.098481 0.021724 1.422401
v -0.162655 0.049758 1.426945
v -0.098481 0.024553 1.368524
v -0.163672 0.051394 1.376148
v -0.165553 0.053401 1.313798
v -0.192265 0.104131 1.320302
v -0.166941 0.060694 1.205320
v -0.197054 0.105461 1.205320
v -0.197054 0.105461 1.112145
v -0.155031 0.043176 1.622989
v -0.159025 0.045637 1.520984
v -0.161627 0.048795 1.456650
v -0.187664 0.102853 1.430781
v -0.189722 0.103424 1.381369
v -0.223090 0.106614 1.383773
v -0.228651 0.107471 1.320886
v -0.171309 0.101712 1.631283
v -0.182749 0.102489 1.529277
v -0.186354 0.102489 1.462236
v -0.219006 0.105954 1.432212
v -0.200265 0.104528 1.532802
v -0.215907 0.105498 1.465760
v 0.372637 -0.367775 -0.288555
v 0.345258 -0.367760 -0.288549
v 0.372637 -0.369892 -0.295072
v 0.347378 -0.369892 -0.295072
v -0.301774 -0.291597 -0.304149
v -0.302025 -0.277044 -0.304521
v -0.296682 -0.282256 -0.301588
v -0.296754 -0.277046 -0.301588
v -0.151413 -0.171276 -0.101153
v -0.138323 -0.161361 -0.120572
v -0.147791 -0.176812 -0.110187
v -0.142093 -0.172496 -0.118639
v -0.242743 0.109045 1.205320
v -0.255512 0.109045 1.112145
v -0.197054 0.105461 1.039100
v -0.269093 0.109045 1.039100
v -0.197054 0.103656 0.977803
v -0.281148 0.108656 0.977803
v -0.197054 0.101851 0.916507
v -0.293202 0.108268 0.916507
v -0.316233 0.106716 0.810855
v -0.342773 0.104788 0.702832
v 0.372637 -0.362236 -0.284527
v 0.339651 -0.362236 -0.284527
v 0.372637 -0.367775 -0.288555
v 0.345258 -0.367760 -0.288549
v -0.097598 0.085847 1.541477
v 0.097537 0.086048 1.541858
v -0.103883 0.091238 1.476255
v 0.105153 0.090065 1.475026
v 0.194527 -0.104417 -0.293998
v 0.173224 -0.117370 -0.288555
v 0.193853 -0.104829 -0.301588
v 0.173224 -0.117370 -0.301588
v 0.200546 -0.100761 -0.301588
v 0.198729 -0.101862 -0.295072
v 0.193853 -0.104829 -0.301588
v 0.194527 -0.104417 -0.293998
v 0.078251 0.112811 1.452907
v 0.073585 0.169650 1.452907
v 0.073586 0.112811 1.095005
v 0.073586 0.169650 1.095005
v -0.128578 0.121555 1.093667
v 0.127430 0.121555 1.093667
v -0.128578 0.276523 1.093667
v 0.127430 0.276523 1.093667
v 0.015945 -0.255844 0.794474
v 0.016426 -0.146371 0.507719
v 0.015232 -0.245995 0.800160
v 0.016758 -0.136521 0.513439
v 0.127430 0.276523 1.093667
v 0.088931 0.276523 0.780226
v -0.128578 0.276523 1.093667
v -0.108018 0.276523 0.780226
v 0.332865 -0.362236 -0.305615
v 0.334352 -0.390633 -0.301039
v 0.327322 -0.367760 -0.301588
v 0.331215 -0.390633 -0.298760
v 0.345261 -0.367760 -0.301588
v 0.341367 -0.390633 -0.298760
v 0.339717 -0.362236 -0.305615
v 0.338231 -0.390633 -0.301039
v -0.141668 -0.187416 -0.110187
v -0.136450 -0.196454 -0.110187
v -0.141988 -0.187601 -0.101153
v -0.132893 -0.203354 -0.101153
v -0.336672 -0.362236 -0.305615
v -0.329820 -0.362236 -0.305615
v -0.335186 -0.390633 -0.301039
v -0.331307 -0.390633 -0.301039
v 0.266375 -0.280915 -0.272232
v 0.266368 -0.280910 -0.288555
v 0.265468 -0.282487 -0.272232
v 0.265461 -0.282482 -0.295072
v -0.008629 -0.255257 0.811879
v -0.006405 -0.257273 0.798364
v 0.004484 -0.255181 0.811867
v 0.014624 -0.257202 0.802059
v 0.235200 0.042994 0.117762
v 0.227350 0.050741 -0.327758
v 0.072048 0.084444 1.225455
v 0.072048 0.076354 1.206339
v 0.072048 0.374831 1.088392
v 0.072048 0.365989 1.069611
v 0.110294 0.133209 1.092539
v -0.110894 0.132222 1.092601
v 0.110648 0.116023 1.204713
v -0.110901 0.115514 1.204744
v -0.192533 -0.069813 -0.311179
v -0.199540 -0.065017 -0.305040
v -0.191108 -0.070847 -0.305615
v -0.195733 -0.067780 -0.301588
v 0.216162 0.105498 1.465760
v 0.200520 0.104528 1.532802
v 0.021411 0.344986 1.390059
v 0.025980 0.344986 1.390059
v 0.021411 0.303403 1.406055
v 0.025980 0.303403 1.406055
v -0.543860 -0.035010 0.287477
v -0.526730 -0.035010 0.287477
v -0.543860 0.017162 0.236207
v -0.526730 0.017162 0.236207
v -0.543860 0.103886 -0.002164
v -0.526730 0.103886 -0.002164
v -0.526730 -0.029306 0.001050
v -0.526730 0.092295 -0.014033
v -0.526730 0.089520 -0.111515
v -0.526730 -0.034856 -0.181773
v -0.526730 0.086744 -0.294521
v -0.526730 -0.040408 -0.383614
v -0.543861 0.086744 -0.294521
v -0.543861 -0.040408 -0.383614
v -0.526730 0.103886 -0.133282
v -0.526730 0.103886 -0.283419
v -0.543861 0.103886 -0.283419
v -0.543860 0.103886 -0.133282
v -0.543861 0.086744 -0.294521
v -0.543860 0.089520 -0.111515
v -0.543861 -0.034856 -0.181773
v -0.543860 -0.029306 0.001050
v -0.526730 -0.034856 -0.181773
v -0.526730 -0.029306 0.001050
v -0.543861 -0.040408 -0.383614
v -0.526730 -0.040408 -0.383614
v -0.054171 0.294894 1.435324
v 0.051566 0.294894 1.435324
v -0.085379 0.260141 1.440249
v 0.082775 0.260141 1.440249
v -0.217905 0.110627 -1.609359
v -0.218093 0.103740 -1.486689
v -0.218120 0.071115 -1.609538
v -0.218120 0.050399 -1.486861
v -0.149461 0.019373 -1.620298
v -0.088071 -0.042017 -1.620298
v -0.004211 -0.064488 -1.620298
v 0.004464 -0.064488 -1.620298
v 0.095860 -0.067712 -1.486861
v 0.088324 -0.042017 -1.620298
v 0.149714 0.019373 -1.620298
v 0.170010 0.095116 -1.620298
v 0.197123 0.094682 -1.486720
v -0.018057 0.268496 1.595681
v 0.015451 0.268496 1.595681
v -0.037271 0.270186 1.585753
v 0.034666 0.270186 1.585753
v 0.332865 -0.362236 -0.284527
v 0.334352 -0.390633 -0.289104
v 0.339651 -0.362236 -0.284527
v 0.338231 -0.390633 -0.289104
v -0.130749 -0.192145 -0.118639
v -0.136450 -0.196454 -0.110187
v -0.262423 -0.282487 -0.272232
v -0.268124 -0.286797 -0.263779
v 0.372637 -0.362236 -0.305615
v 0.339717 -0.362236 -0.305615
v 0.372637 -0.355381 -0.305615
v 0.339717 -0.355381 -0.305615
v -0.054171 0.298975 1.404943
v 0.051566 0.298975 1.404943
v -0.054171 0.294894 1.435324
v 0.051566 0.294894 1.435324
v 0.345261 -0.367760 -0.301588
v 0.372637 -0.367775 -0.301588
v 0.347378 -0.369892 -0.295072
v 0.372637 -0.369892 -0.295072
v 0.000128 0.009783 1.417616
v -1.421687 0.111180 -0.045859
v -1.421687 0.106274 -0.045859
v -1.412452 0.114484 -0.063852
v -1.412452 0.105845 -0.063852
v 0.009607 -0.106735 -0.279253
v 0.010813 -0.102873 -0.273723
v 0.065233 -0.136383 -0.288470
v 0.113267 -0.168822 -0.284528
v 0.066028 -0.136013 -0.284528
v 0.013971 -0.097214 -0.271495
v 0.197770 -0.102775 -0.283834
v 0.203912 -0.098885 -0.278950
v 0.181038 -0.079718 -0.283834
v 0.186943 -0.075721 -0.278993
v 0.178247 -0.081166 -0.294087
v 0.182048 -0.078874 -0.295072
v 0.177531 -0.081516 -0.301588
v 0.183814 -0.077703 -0.301588
v -0.543860 0.092295 -0.014033
v -0.543860 0.017162 0.236207
v -0.543860 0.103886 -0.002164
v -0.543860 -0.035010 0.287477
v -0.526730 -0.035010 0.287477
v 0.277841 -0.283123 -0.272232
v 0.277833 -0.283119 -0.284527
v 0.281148 -0.277395 -0.272232
v 0.281141 -0.277389 -0.284958
v -1.380686 0.110289 -0.780073
v -1.380686 0.121553 -0.826373
v -1.380686 0.114009 -0.707118
v -1.380686 0.123398 -0.742744
v -0.190809 -0.104829 -0.288555
v -0.170179 -0.117370 -0.288555
v -0.174486 -0.081517 -0.288555
v -0.153845 -0.094043 -0.288555
v 0.265468 -0.282487 -0.272232
v 0.133794 -0.192145 -0.118639
v 0.266375 -0.280915 -0.272232
v 0.138980 -0.183162 -0.118639
v 0.958976 -0.037303 0.212183
v 0.958976 -0.011211 0.009376
v 0.958976 -0.011212 -0.120414
v 0.958976 0.101600 -0.281725
v 0.285916 -0.269119 -0.295071
v 0.285923 -0.269125 -0.272232
v 0.284432 -0.271688 -0.288554
v 0.284440 -0.271694 -0.272232
v -0.085379 0.260141 1.440249
v 0.082775 0.260141 1.440249
v -0.095236 0.228088 1.444046
v 0.092631 0.228088 1.444046
v 0.000128 -0.003095 1.868733
v -0.073748 0.007343 1.868733
v -0.118305 0.035305 1.868733
v -0.145563 0.090172 1.868733
v -0.064895 0.001976 2.004807
v -0.103797 0.031505 2.004807
v -0.127586 0.080860 2.004807
v -0.091174 0.029567 2.140447
v -0.105299 0.069864 2.140447
v -0.071824 0.055219 2.252216
v 0.313609 0.076901 -1.237304
v 0.313609 0.076901 -1.486285
v 0.311546 0.128260 -1.237304
v 0.311546 0.125826 -1.486285
v -1.438236 0.088086 -0.289911
v -1.438236 0.087870 -0.580014
v -1.380686 0.088086 -0.289911
v -1.380686 0.087870 -0.580014
v -1.380686 0.110216 -0.969372
v -1.380686 0.102610 -0.969372
v -1.438236 0.110216 -0.969372
v -1.438236 0.102610 -0.969372
v 0.347378 -0.369892 -0.295072
v 0.342566 -0.390633 -0.295072
v 0.345261 -0.367760 -0.301588
v 0.341367 -0.390633 -0.298760
v 1.380940 0.111431 -0.505675
v 1.380940 0.123978 -0.289911
v 1.380940 0.115335 -0.605183
v 1.380940 0.123913 -0.580014
v 0.194154 -0.070847 -0.284527
v 0.198778 -0.067780 -0.288555
v 0.142596 0.000203 -0.284527
v 0.147083 0.003458 -0.288555
v 0.200544 -0.066609 -0.295072
v 0.148797 0.004702 -0.295072
v 0.198778 -0.067780 -0.301588
v 0.147083 0.003458 -0.301588
v 0.194154 -0.070847 -0.305615
v 0.142596 0.000203 -0.305615
v 0.345258 -0.367760 -0.288549
v 0.341367 -0.390633 -0.291383
v 0.347378 -0.369892 -0.295072
v 0.342566 -0.390633 -0.295072
v -0.033006 0.410297 1.127518
v -0.033006 0.410297 1.125690
v -0.054111 0.397920 1.128491
v -0.054111 0.397920 1.124717
v 0.330017 -0.390633 -0.295072
v 0.325205 -0.369892 -0.295072
v 0.331215 -0.390633 -0.298760
v 0.327322 -0.367760 -0.301588
v -0.026652 0.332360 1.157526
v -0.026652 0.409671 1.122710
v 0.024700 0.332360 1.157526
v 0.024700 0.409671 1.122710
v 0.026880 0.389461 1.090337
v 0.026880 0.405265 1.123862
v 0.026880 0.316923 1.123449
v 0.026880 0.332414 1.158032
v -0.151461 -0.189284 -0.284748
v -0.148090 -0.195123 -0.284528
v -0.152399 -0.187949 -0.279146
v -0.146996 -0.196698 -0.279017
v 0.125913 0.169650 1.452907
v 0.125913 0.169650 1.095005
v 0.073585 0.169650 1.452907
v 0.073586 0.169650 1.095005
v 0.186943 -0.075721 -0.311151
v 0.188438 -0.074636 -0.305615
v 0.195578 -0.069813 -0.311179
v 0.194154 -0.070847 -0.305615
v -0.110894 0.132222 1.092601
v 0.110294 0.133209 1.092539
v -0.103123 0.145881 1.022650
v 0.105378 0.143647 1.023087
v 0.001366 -0.120690 0.008829
v 0.002380 -0.122445 0.034177
v -0.119796 -0.193451 -0.120572
v -0.132893 -0.203354 -0.101153
v 0.019185 -0.090368 0.034177
v 0.020206 -0.088600 0.008829
v 0.009760 -0.106692 0.034177
v 0.010169 -0.105984 0.008829
v 0.010169 -0.105984 0.008829
v 0.000666 -0.122445 0.034177
v 0.001679 -0.120690 0.008829
v 0.372637 -0.367775 -0.301588
v 0.345261 -0.367760 -0.301588
v 0.372637 -0.362236 -0.305615
v 0.339717 -0.362236 -0.305615
v -1.412452 0.097780 -0.063852
v -1.421687 0.101694 -0.045859
v -1.438236 0.097780 -0.063852
v -1.438236 0.101694 -0.045859
v -0.174486 -0.081517 -0.301588
v -0.153845 -0.094043 -0.301588
v -0.190809 -0.104829 -0.301588
v -0.170179 -0.117370 -0.301588
v -1.380686 0.102610 -0.969372
v -1.380686 0.096303 -0.939698
v -1.438236 0.102610 -0.969372
v -1.438236 0.096303 -0.939698
v -0.090165 0.167206 0.904725
v -0.096431 0.156765 0.963664
v 0.091990 0.165514 0.904725
v 0.099438 0.153806 0.963944
v 0.345261 -0.349834 -0.288555
v 0.372637 -0.349834 -0.288555
v 0.347378 -0.347718 -0.295072
v 0.372637 -0.347718 -0.295072
v 0.372637 -0.355381 -0.284527
v 0.339717 -0.355381 -0.284527
v 0.372637 -0.362236 -0.284527
v 0.339651 -0.362236 -0.284527
v -0.097598 0.085847 1.541477
v -0.103883 0.091238 1.476255
v -0.109776 0.236893 1.541477
v -0.116845 0.242284 1.476255
v -0.197499 -0.066609 -0.295072
v -0.195733 -0.067780 -0.301588
v -0.202221 -0.063182 -0.295072
v -0.199540 -0.065017 -0.305040
v 0.021411 0.344392 1.405542
v 0.021411 0.327406 1.438218
v 0.025980 0.344392 1.405542
v 0.025980 0.327406 1.438218
v -1.380686 0.105416 -0.289911
v -1.380686 0.123977 -0.289911
v -1.385533 0.105416 -0.241419
v -1.385533 0.123977 -0.241419
v 0.118270 0.241112 1.475026
v 0.105153 0.090065 1.475026
v 0.109704 0.237095 1.541858
v 0.097537 0.086048 1.541858
v -0.027660 0.344986 1.390059
v -0.027660 0.303403 1.406055
v -0.027660 0.344392 1.405542
v -0.027660 0.327406 1.438218
v -0.302434 -0.238933 -0.284636
v -0.299320 -0.262882 -0.276325
v -0.297164 -0.238558 -0.288555
v -0.289774 -0.262775 -0.283346
v -0.054171 0.298975 1.404943
v -0.054171 0.294894 1.435324
v -0.085379 0.264221 1.409868
v -0.085379 0.260141 1.440249
v 0.105153 0.090065 1.475026
v 0.118270 0.241112 1.475026
v 0.108701 0.096958 1.402204
v 0.122261 0.248005 1.402204
v -0.058804 0.365989 1.069611
v -0.058804 0.374831 1.088392
v -0.058804 0.076354 1.206339
v -0.058804 0.084444 1.225455
v 0.066140 -0.135817 -0.305590
v 0.069604 -0.129817 -0.305362
v 0.113485 -0.168445 -0.305564
v 0.116976 -0.162399 -0.305117
v 0.072262 -0.125214 -0.301669
v 0.023282 -0.101918 -0.323756
v 0.026360 -0.096402 -0.321583
v 0.027645 -0.091598 -0.316289
v 0.220320 0.115893 -1.712111
v 0.220540 0.088878 -1.712306
v 0.218169 0.108731 -1.609367
v 0.218373 0.071115 -1.609538
v -1.380686 0.121553 -0.826373
v -1.438236 0.121553 -0.826373
v -1.380686 0.123398 -0.742744
v -1.438236 0.123398 -0.742744
v -1.380686 0.088136 -0.653684
v -1.380686 0.087870 -0.580014
v -1.438236 0.088136 -0.653684
v -1.438236 0.087870 -0.580014
v -1.412452 0.097780 -0.063852
v -1.412452 0.105845 -0.063852
v -1.421687 0.101694 -0.045859
v -1.421687 0.106274 -0.045859
v -0.056749 0.393441 1.123465
v -0.058338 0.396192 1.123465
v -0.053572 0.393441 1.123465
v -0.051983 0.396192 1.123465
v -0.053572 0.398944 1.123465
v -0.056749 0.398944 1.123465
v -1.380686 0.110289 -0.780073
v -1.380686 0.106972 -0.845131
v -1.380686 0.121553 -0.826373
v -1.380686 0.119907 -0.900953
v -0.004890 -0.136595 0.513633
v 0.016758 -0.136521 0.513439
v -0.004923 -0.146449 0.507944
v 0.016426 -0.146371 0.507719
v 0.157550 -0.184012 -0.288554
v 0.160041 -0.180408 -0.284700
v 0.154506 -0.189284 -0.284748
v 0.155444 -0.187949 -0.279146
v -0.196863 0.098491 -1.486713
v -0.169756 0.095115 -1.620298
v 0.268740 -0.276803 -0.284527
v 0.268747 -0.276807 -0.272232
v 0.272052 -0.271066 -0.284944
v 0.272059 -0.271071 -0.272232
v 1.380940 0.102610 -0.969372
v 1.438490 0.102610 -0.969372
v 1.380940 0.096303 -0.939698
v 1.438490 0.096303 -0.939698
v 0.338231 -0.390633 -0.289104
v 0.334352 -0.390633 -0.289104
v 0.341367 -0.390633 -0.291383
v 0.331215 -0.390633 -0.291383
v 0.342566 -0.390633 -0.295072
v 0.330017 -0.390633 -0.295072
v 0.341367 -0.390633 -0.298760
v 0.331215 -0.390633 -0.298760
v 0.338231 -0.390633 -0.301039
v 0.334352 -0.390633 -0.301039
v 0.466532 0.103886 -0.065258
v 0.526984 0.103886 -0.133282
v 0.466532 0.092295 -0.065056
v 0.526984 0.089520 -0.111515
v 0.526984 0.092295 -0.014033
v 0.466532 0.103886 -0.065258
v 0.526984 0.103886 -0.002164
v -0.202257 -0.097876 -0.284527
v -0.197501 -0.100761 -0.288555
v -0.200867 -0.098885 -0.278950
v -0.194725 -0.102775 -0.283834
v 0.182048 -0.078874 -0.295072
v 0.178247 -0.081166 -0.294087
v 0.183814 -0.077703 -0.288555
v 0.177531 -0.081516 -0.288555
v -0.027651 0.405265 1.123862
v -0.027651 0.332414 1.158032
v 0.026880 0.405265 1.123862
v 0.026880 0.332414 1.158032
v 0.218169 0.108731 -1.609367
v 0.218373 0.071115 -1.609538
v 0.218348 0.099818 -1.486697
v 0.218373 0.050399 -1.486861
v 1.438490 0.097780 -0.063853
v 1.412706 0.097780 -0.063853
v 1.438490 0.093044 -0.093967
v 1.405416 0.093044 -0.093967
v 0.060839 0.084444 1.225455
v 0.060839 0.374831 1.088392
v 0.060839 0.076354 1.206339
v 0.060839 0.365989 1.069611
v 0.129497 0.102368 -1.559535
v 0.114555 0.046605 -1.559535
v 0.114555 0.158132 -1.559535
v 0.073733 0.005783 -1.559535
v 0.073733 0.198953 -1.559535
v 0.000127 -0.009158 -1.559535
v 0.000127 0.220568 -1.559535
v -0.073480 0.198953 -1.559535
v -0.073480 0.005783 -1.559535
v -0.114301 0.046605 -1.559535
v -0.114301 0.158132 -1.559535
v -0.129243 0.102368 -1.559535
v -0.311723 0.106609 -1.831529
v -0.215576 0.125036 -1.830105
v -0.311723 0.090092 -1.711746
v -0.220287 0.088878 -1.712306
v -0.534284 -0.139991 0.858074
v -0.534284 -0.153743 0.869875
v -0.527019 -0.142123 0.858018
v -0.522060 -0.147844 0.857868
v -0.517029 -0.125407 0.813424
v -0.505232 -0.138982 0.813014
v -0.501985 -0.100572 0.730724
v -0.479940 -0.126004 0.730058
v -0.486684 -0.072627 0.601699
v -0.454196 -0.110107 0.600717
v -0.479541 -0.058279 0.478378
v -0.442177 -0.101384 0.477250
v -0.474775 -0.046772 0.291068
v -0.434161 -0.093629 0.289841
v -0.434161 -0.081685 -0.065101
v -0.425334 -0.143054 -0.066707
v -0.534284 -0.120351 0.813577
v -0.534284 -0.091091 0.730972
v -0.534284 -0.058656 0.602065
v -0.534284 -0.042210 0.478799
v -0.534285 -0.029305 0.291526
v -0.474775 -0.034829 -0.063874
v -0.479541 -0.038145 -0.251571
v -0.442178 -0.081251 -0.252700
v -0.534285 -0.022077 -0.251150
v -0.534285 -0.017362 -0.063416
v -0.593794 -0.046772 0.291068
v -0.589029 -0.058279 0.478379
v -0.581886 -0.072627 0.601699
v -0.566584 -0.100572 0.730724
v -0.551540 -0.125407 0.813424
v -0.541550 -0.142123 0.858018
v -0.589029 -0.038145 -0.251571
v -0.593794 -0.034829 -0.063874
v -0.634409 -0.093629 0.289841
v -0.626392 -0.101384 0.477250
v -0.614373 -0.110108 0.600717
v -0.588629 -0.126004 0.730058
v -0.563336 -0.138982 0.813014
v -0.546509 -0.147845 0.857868
v -0.626392 -0.081251 -0.252700
v -0.634409 -0.081685 -0.065101
v -0.643235 -0.154998 0.288234
v -0.634512 -0.157839 0.475771
v -0.621434 -0.159196 0.599432
v -0.593420 -0.159314 0.729186
v -0.565926 -0.156791 0.812477
v -0.579436 -0.189925 0.728384
v -0.558463 -0.173186 0.811983
v -0.551116 -0.208118 0.727907
v -0.634512 -0.137705 -0.254178
v -0.643236 -0.143054 -0.066707
v -0.617471 -0.211395 0.286757
v -0.610810 -0.209720 0.474413
v -0.600825 -0.204308 0.598251
v -0.610811 -0.189586 -0.255537
v -0.617471 -0.199451 -0.068184
v -0.565295 -0.244915 0.285880
v -0.562813 -0.240556 0.473605
v -0.559090 -0.231120 0.597549
v -0.562813 -0.220423 -0.256344
v -0.565295 -0.232970 -0.069062
v -0.503274 -0.244915 0.285880
v -0.505757 -0.240556 0.473605
v -0.509480 -0.231120 0.597549
v -0.517453 -0.208118 0.727907
v -0.543302 -0.182943 0.811690
v -0.525266 -0.182943 0.811690
v -0.538071 -0.166316 0.857384
v -0.530498 -0.166316 0.857384
v -0.534284 -0.153743 0.869875
v -0.544441 -0.162223 0.857492
v -0.547587 -0.155337 0.857672
v -0.434058 -0.137705 -0.254178
v -0.454196 -0.083500 -0.376456
v -0.447137 -0.132589 -0.377741
v -0.479940 -0.091109 -0.506414
v -0.475150 -0.124418 -0.507285
v -0.505194 -0.101210 -0.589864
v -0.502658 -0.119035 -0.590401
v -0.522061 -0.107726 -0.635230
v -0.520983 -0.115220 -0.635424
v -0.534285 -0.112990 -0.647530
v -0.524129 -0.122106 -0.635603
v -0.530499 -0.126198 -0.635712
v -0.525295 -0.145092 -0.591194
v -0.451099 -0.199451 -0.068185
v -0.457760 -0.189586 -0.255537
v -0.467745 -0.177700 -0.378922
v -0.489134 -0.155029 -0.508087
v -0.510157 -0.135387 -0.590899
v -0.503274 -0.232970 -0.069062
v -0.505758 -0.220423 -0.256344
v -0.509480 -0.204512 -0.379624
v -0.517453 -0.173223 -0.508561
v -0.451098 -0.211395 0.286757
v -0.425334 -0.154998 0.288234
v -0.457759 -0.209720 0.474413
v -0.434057 -0.157838 0.475771
v -0.467745 -0.204308 0.598250
v -0.447136 -0.159196 0.599432
v -0.489133 -0.189925 0.728384
v -0.475149 -0.159314 0.729186
v -0.510105 -0.173186 0.811983
v -0.502642 -0.156791 0.812477
v -0.524128 -0.162223 0.857492
v -0.520983 -0.155337 0.857672
v -0.503274 -0.244915 0.285880
v -0.505757 -0.240556 0.473605
v -0.509480 -0.231120 0.597549
v -0.517453 -0.208118 0.727907
v -0.525266 -0.182943 0.811690
v -0.530498 -0.166316 0.857384
v -0.503274 -0.232970 -0.069062
v -0.505758 -0.220423 -0.256344
v -0.509480 -0.204512 -0.379624
v -0.559090 -0.204512 -0.379624
v -0.600825 -0.177700 -0.378922
v -0.621434 -0.132589 -0.377740
v -0.614373 -0.083500 -0.376455
v -0.581886 -0.046020 -0.375474
v -0.534285 -0.032047 -0.375108
v -0.486684 -0.046020 -0.375474
v -0.534285 -0.056195 -0.505496
v -0.566584 -0.065675 -0.505745
v -0.588629 -0.091109 -0.506414
v -0.593421 -0.124417 -0.507285
v -0.579436 -0.155029 -0.508087
v -0.551117 -0.173223 -0.508561
v -0.517453 -0.173223 -0.508561
v -0.558413 -0.135386 -0.590899
v -0.543275 -0.145092 -0.591194
v -0.525295 -0.145092 -0.591194
v -0.530499 -0.126198 -0.635712
v -0.538071 -0.126198 -0.635712
v -0.534285 -0.112990 -0.647530
v -0.544441 -0.122106 -0.635603
v -0.547587 -0.115219 -0.635424
v -0.565912 -0.119034 -0.590401
v -0.563376 -0.101210 -0.589864
v -0.501985 -0.065675 -0.505745
v -0.534285 -0.082491 -0.589304
v -0.551587 -0.087579 -0.589459
v -0.541551 -0.102006 -0.635082
v -0.546509 -0.107726 -0.635230
v -0.516983 -0.087579 -0.589459
v -0.534285 -0.099874 -0.635020
v -0.527019 -0.102006 -0.635082
v 0.517707 -0.208118 0.727907
v 0.525521 -0.182942 0.811690
v 0.489387 -0.189924 0.728384
v 0.510359 -0.173185 0.811983
v 0.475403 -0.159313 0.729185
v 0.502897 -0.156791 0.812477
v 0.480194 -0.126004 0.730058
v 0.505487 -0.138982 0.813014
v 0.502239 -0.100572 0.730724
v 0.517284 -0.125407 0.813424
v 0.534538 -0.091091 0.730972
v 0.534538 -0.120350 0.813577
v 0.566838 -0.100572 0.730724
v 0.551794 -0.125407 0.813424
v 0.588884 -0.126004 0.730058
v 0.563590 -0.138982 0.813014
v 0.530753 -0.166316 0.857384
v 0.524382 -0.162222 0.857492
v 0.521237 -0.155337 0.857672
v 0.522314 -0.147844 0.857868
v 0.527273 -0.142123 0.858018
v 0.534538 -0.139991 0.858074
v 0.541804 -0.142123 0.858018
v 0.546763 -0.147845 0.857868
v 0.534538 -0.153743 0.869875
v 0.534538 -0.153743 0.869875
v 0.547841 -0.155337 0.857672
v 0.544695 -0.162222 0.857492
v 0.558717 -0.173185 0.811983
v 0.543556 -0.182942 0.811690
v 0.551370 -0.208118 0.727907
v 0.517707 -0.208118 0.727907
v 0.509734 -0.231120 0.597549
v 0.566180 -0.156791 0.812477
v 0.579690 -0.189924 0.728384
v 0.559344 -0.231119 0.597549
v 0.506011 -0.240556 0.473605
v 0.563067 -0.240556 0.473605
v 0.601079 -0.204307 0.598251
v 0.593674 -0.159313 0.729185
v 0.621688 -0.159196 0.599432
v 0.611064 -0.209720 0.474413
v 0.565549 -0.244914 0.285880
v 0.503528 -0.244914 0.285880
v 0.565549 -0.232970 -0.069062
v 0.503528 -0.232970 -0.069062
v 0.506012 -0.220422 -0.256344
v 0.563067 -0.220422 -0.256344
v 0.617725 -0.199451 -0.068184
v 0.617725 -0.211395 0.286757
v 0.634766 -0.157839 0.475771
v 0.614627 -0.110108 0.600717
v 0.611065 -0.189586 -0.255537
v 0.643490 -0.143053 -0.066707
v 0.643489 -0.154998 0.288234
v 0.626646 -0.101384 0.477250
v 0.582140 -0.072627 0.601698
v 0.634766 -0.137705 -0.254178
v 0.634663 -0.081685 -0.065101
v 0.634663 -0.093629 0.289841
v 0.589283 -0.058279 0.478378
v 0.534538 -0.058655 0.602065
v 0.626646 -0.081250 -0.252700
v 0.594048 -0.034829 -0.063874
v 0.594048 -0.046772 0.291068
v 0.534538 -0.042210 0.478799
v 0.486938 -0.072627 0.601698
v 0.589283 -0.038145 -0.251571
v 0.534539 -0.017361 -0.063416
v 0.534539 -0.029305 0.291526
v 0.479795 -0.058279 0.478378
v 0.454450 -0.110107 0.600717
v 0.534539 -0.022077 -0.251150
v 0.475030 -0.034829 -0.063874
v 0.475030 -0.046772 0.291068
v 0.442432 -0.101384 0.477250
v 0.447390 -0.159196 0.599432
v 0.479795 -0.038145 -0.251571
v 0.434415 -0.081685 -0.065101
v 0.434415 -0.093629 0.289841
v 0.434311 -0.157838 0.475771
v 0.467999 -0.204307 0.598250
v 0.442432 -0.081250 -0.252700
v 0.425588 -0.143054 -0.066707
v 0.425588 -0.154998 0.288234
v 0.458013 -0.209720 0.474413
v 0.509734 -0.231120 0.597549
v 0.434312 -0.137705 -0.254178
v 0.451353 -0.199451 -0.068185
v 0.451352 -0.211394 0.286757
v 0.506011 -0.240556 0.473605
v 0.458014 -0.189586 -0.255537
v 0.503528 -0.232970 -0.069062
v 0.503528 -0.244914 0.285880
v 0.447391 -0.132588 -0.377741
v 0.454450 -0.083500 -0.376456
v 0.480194 -0.091109 -0.506414
v 0.502239 -0.065675 -0.505745
v 0.517237 -0.087579 -0.589459
v 0.534539 -0.082491 -0.589304
v 0.534539 -0.099874 -0.635020
v 0.541805 -0.102006 -0.635082
v 0.534539 -0.112989 -0.647530
v 0.546763 -0.107726 -0.635230
v 0.547841 -0.115219 -0.635424
v 0.563630 -0.101210 -0.589864
v 0.566166 -0.119034 -0.590401
v 0.593674 -0.124417 -0.507285
v 0.486938 -0.046020 -0.375474
v 0.534539 -0.056195 -0.505496
v 0.551841 -0.087579 -0.589459
v 0.534539 -0.032047 -0.375108
v 0.566838 -0.065675 -0.505745
v 0.582140 -0.046020 -0.375474
v 0.588883 -0.091109 -0.506414
v 0.614627 -0.083500 -0.376455
v 0.621688 -0.132588 -0.377740
v 0.579690 -0.155029 -0.508087
v 0.558667 -0.135386 -0.590899
v 0.543529 -0.145092 -0.591194
v 0.538325 -0.126198 -0.635712
v 0.530753 -0.126198 -0.635712
v 0.601079 -0.177700 -0.378922
v 0.551371 -0.173223 -0.508561
v 0.525549 -0.145092 -0.591194
v 0.559344 -0.204512 -0.379624
v 0.517708 -0.173223 -0.508561
v 0.509734 -0.204512 -0.379624
v 0.525521 -0.182942 0.811690
v 0.538325 -0.166316 0.857384
v 0.530753 -0.166316 0.857384
v 0.506012 -0.220422 -0.256344
v 0.467999 -0.177700 -0.378922
v 0.509734 -0.204512 -0.379624
v 0.489388 -0.155029 -0.508087
v 0.517708 -0.173223 -0.508561
v 0.510411 -0.135387 -0.590899
v 0.525549 -0.145092 -0.591194
v 0.524383 -0.122105 -0.635603
v 0.530753 -0.126198 -0.635712
v 0.534539 -0.112989 -0.647530
v 0.475404 -0.124418 -0.507285
v 0.502912 -0.119035 -0.590401
v 0.521237 -0.115220 -0.635424
v 0.505448 -0.101210 -0.589864
v 0.522315 -0.107726 -0.635230
v 0.527273 -0.102006 -0.635082
v 0.544695 -0.122105 -0.635603
v 0.214420 -0.007810 -0.327758
v 0.225989 -0.007810 0.173929
v 0.021440 -0.023001 -0.326418
v 0.021440 -0.023001 0.173929
v 0.021440 -0.144253 -0.327758
v 0.021440 -0.157964 0.173929
v 0.103002 -0.136163 -0.327758
v 0.167995 -0.088903 -0.327758
v 0.212922 -0.019993 0.173929
v 0.199855 -0.046326 0.173929
v 0.165563 -0.088903 0.173929
v 0.108786 -0.136164 0.173929
v 0.068550 -0.144253 0.173929
v -0.199602 -0.046326 0.173929
v -0.212668 -0.019993 0.173929
v -0.021186 -0.023001 0.173929
v -0.225735 -0.007810 0.173929
v -0.021186 -0.023001 -0.326418
v -0.214166 -0.007810 -0.327758
v -0.167741 -0.088903 -0.327758
v -0.102749 -0.136163 -0.327758
v -0.021186 -0.144253 -0.327758
v -0.021186 -0.157964 0.173929
v -0.068295 -0.144253 0.173929
v -0.108532 -0.136164 0.173929
v -0.165310 -0.088903 0.173929
v 0.275333 -0.265400 -0.272232
v 0.138980 -0.183162 -0.118639
v 0.276812 -0.262838 -0.272232
v 0.145138 -0.172496 -0.118639
v 0.000127 0.270954 -1.620298
v 0.000127 0.270954 -1.620298
v 0.332865 -0.362236 -0.305615
v 0.372637 -0.349834 -0.301588
v 0.004479 -0.121233 0.829315
v 0.189720 -0.196393 -1.118486
v 0.000128 0.020363 1.156888
v 0.000128 0.020363 1.156888
v 0.026360 -0.096402 -0.321583
v -0.369592 -0.367775 -0.288555
v 0.412216 0.106593 -0.628267
v 1.438490 0.092919 -0.900953
v -1.438236 0.102610 -0.969372
v -0.312493 0.123250 -0.834417
v 0.544114 0.103886 -0.133282
v 0.311546 0.125198 -0.992883
v 0.310346 0.127146 -0.834417
v 0.312746 0.123250 -0.834417
v 0.218373 0.050399 -1.486861
v 1.421941 0.111181 -0.045860
v 1.421941 0.106275 -0.045860
v 1.438443 0.106495 -0.032802
v 1.421941 0.111181 -0.045860
v 1.438443 0.106495 -0.032802
v 1.438490 0.111181 -0.045860
v 1.421941 0.101695 -0.045860
v 1.438490 0.101695 -0.045860
v 1.438443 0.106495 -0.032802
v 1.438490 0.111181 -0.045860
v 1.438443 0.106495 -0.032802
v 1.438490 0.101695 -0.045860
v 0.311977 0.117635 -1.711854
v 0.311977 0.090092 -1.711746
v 0.311977 0.106609 -1.831529
v 0.220320 0.115893 -1.712111
v 0.220154 0.136231 -1.711971
v 0.215830 0.125036 -1.830105
v -0.196722 -0.036863 1.139546
v -0.411942 0.119589 0.311887
v -0.311292 0.125198 -0.992883
v -0.312493 0.123250 -0.834417
v -0.310092 0.127145 -0.834417
v -1.438189 0.106494 -0.032801
v -1.421687 0.101694 -0.045859
v -1.421687 0.106274 -0.045859
v -1.421687 0.111180 -0.045859
v -1.438236 0.111180 -0.045859
v -1.438189 0.106494 -0.032801
v -1.421687 0.101694 -0.045859
v -1.438189 0.106494 -0.032801
v -1.438236 0.101694 -0.045859
v -1.438236 0.111180 -0.045859
v -1.438236 0.101694 -0.045859
v -1.438189 0.106494 -0.032801
v -0.311723 0.117635 -1.711854
v -0.311723 0.106609 -1.831529
v -0.311723 0.090092 -1.711746
v -0.215576 0.125036 -1.830105
v -0.219901 0.136231 -1.711971
v -0.220082 0.114036 -1.712127
v -0.220082 0.114036 -1.712127
v -0.220287 0.088878 -1.712306
v -0.215576 0.125036 -1.830105
v 1.421941 0.106275 -0.045860
v 1.421941 0.101695 -0.045860
v -1.421687 0.106274 -0.045859
v -1.421687 0.111180 -0.045859
v 0.215830 0.125036 -1.830105
v 0.220540 0.088878 -1.712306
v 0.220320 0.115893 -1.712111
v 0.339717 -0.355381 -0.284527
v 0.332865 -0.362236 -0.284527
v 0.339651 -0.362236 -0.284527
v 0.332865 -0.309944 -0.284527
v 0.332865 -0.301325 -0.284527
v 0.327322 -0.301325 -0.288555
v 0.305810 -0.236383 -0.284527
v 0.300209 -0.238558 -0.288555
v 0.305479 -0.238933 -0.284636
v 0.300209 -0.238558 -0.301588
v 0.305810 -0.236383 -0.305615
v 0.305580 -0.238936 -0.305275
v 0.297551 -0.277147 -0.295071
v 0.299727 -0.282257 -0.288555
v 0.299799 -0.277046 -0.288555
v 0.299799 -0.277046 -0.301588
v 0.299727 -0.282256 -0.301588
v 0.297551 -0.277147 -0.295071
v 0.178247 -0.081166 -0.294087
v 0.156890 -0.094043 -0.288555
v 0.177531 -0.081516 -0.288555
v 0.193853 -0.104829 -0.288555
v 0.173224 -0.117370 -0.288555
v 0.194527 -0.104417 -0.293998
v 0.177531 -0.081516 -0.288555
v 0.181038 -0.079718 -0.283834
v 0.183814 -0.077703 -0.288555
v 0.181038 -0.079718 -0.306309
v 0.177531 -0.081516 -0.301588
v 0.183814 -0.077703 -0.301588
v 0.193853 -0.104829 -0.301588
v 0.197770 -0.102775 -0.306309
v 0.200546 -0.100761 -0.301588
v 0.197770 -0.102775 -0.283834
v 0.193853 -0.104829 -0.288555
v 0.200546 -0.100761 -0.288555
v 0.285923 -0.269125 -0.272232
v 0.276812 -0.262838 -0.272232
v 0.282510 -0.267154 -0.263779
v 0.265468 -0.282487 -0.272232
v 0.274582 -0.288767 -0.272231
v 0.271169 -0.286797 -0.263779
v 0.275333 -0.265400 -0.272232
v 0.272059 -0.271071 -0.272232
v 0.138980 -0.183162 -0.118639
v 0.272059 -0.271071 -0.272232
v 0.268747 -0.276807 -0.272232
v 0.138980 -0.183162 -0.118639
v 0.268747 -0.276807 -0.272232
v 0.266375 -0.280915 -0.272232
v 0.272070 -0.285235 -0.263779
v 0.274427 -0.281153 -0.263779
v 0.144713 -0.187416 -0.110187
v 0.274427 -0.281153 -0.263779
v 0.277735 -0.275424 -0.263779
v 0.144713 -0.187416 -0.110187
v 0.277735 -0.275424 -0.263779
v 0.281027 -0.269723 -0.263779
v 0.144713 -0.187416 -0.110187
v -0.369592 -0.362236 -0.305615
v -0.336672 -0.355382 -0.284527
v -0.336606 -0.362236 -0.284527
v -0.329820 -0.362236 -0.284527
v -0.148392 -0.194599 -0.305543
v -0.329820 -0.309944 -0.284527
v -0.324277 -0.301325 -0.288555
v -0.329820 -0.301325 -0.284527
v -0.302765 -0.236383 -0.284527
v -0.302434 -0.238933 -0.284636
v -0.297164 -0.238558 -0.288555
v -0.297164 -0.238558 -0.301588
v -0.302535 -0.238936 -0.305275
v -0.302765 -0.236383 -0.305615
v -0.294506 -0.277148 -0.295071
v -0.296754 -0.277046 -0.288554
v -0.296682 -0.282257 -0.288554
v -0.296754 -0.277046 -0.301588
v -0.294506 -0.277148 -0.295071
v -0.296682 -0.282256 -0.301588
v -0.175203 -0.081166 -0.294087
v -0.174486 -0.081517 -0.288555
v -0.153845 -0.094043 -0.288555
v -0.190809 -0.104829 -0.288555
v -0.191482 -0.104417 -0.293998
v -0.170179 -0.117370 -0.288555
v -0.174486 -0.081517 -0.288555
v -0.180769 -0.077703 -0.288555
v -0.177993 -0.079718 -0.283834
v -0.177993 -0.079718 -0.306309
v -0.180769 -0.077703 -0.301588
v -0.174486 -0.081517 -0.301588
v -0.190809 -0.104829 -0.301588
v -0.197500 -0.100761 -0.301588
v -0.194725 -0.102775 -0.306309
v -0.194725 -0.102775 -0.283834
v -0.197501 -0.100761 -0.288555
v -0.190809 -0.104829 -0.288555
v -0.282878 -0.269125 -0.272232
v -0.279465 -0.267154 -0.263779
v -0.273768 -0.262838 -0.272232
v -0.262423 -0.282487 -0.272232
v -0.268124 -0.286797 -0.263779
v -0.271537 -0.288767 -0.272231
v -0.269014 -0.271071 -0.272232
v -0.135935 -0.183162 -0.118639
v -0.265702 -0.276808 -0.272232
v -0.265702 -0.276808 -0.272232
v -0.135935 -0.183162 -0.118639
v -0.263331 -0.280915 -0.272232
v -0.269026 -0.285235 -0.263779
v -0.141668 -0.187416 -0.110187
v -0.271382 -0.281153 -0.263779
v -0.271382 -0.281153 -0.263779
v -0.141668 -0.187416 -0.110187
v -0.274690 -0.275424 -0.263779
v -0.274690 -0.275424 -0.263779
v -0.141668 -0.187416 -0.110187
v -0.277981 -0.269723 -0.263779
v -0.007768 -0.102873 -0.273723
v -0.018871 -0.133098 0.827646
v -0.022737 -0.234701 0.834071
v -0.017254 -0.232932 0.843596
v -0.018871 -0.138544 0.796757
v -0.017211 -0.240185 0.813020
v -0.022737 -0.236781 0.822271
v 0.062580 -0.143796 0.807525
v 0.036112 -0.175547 0.813070
v 0.014600 -0.138544 0.796757
v 0.014600 -0.133098 0.827647
v 0.036112 -0.173466 0.824868
v 0.062580 -0.141716 0.819324
v -0.066851 -0.141716 0.819324
v -0.040383 -0.173466 0.824868
v -0.018871 -0.133098 0.827646
v 0.014600 -0.138544 0.796757
v 0.036112 -0.175547 0.813070
v 0.018592 -0.236781 0.822271
v 0.018592 -0.234701 0.834071
v 0.036112 -0.173466 0.824868
v 0.014600 -0.133098 0.827647
v -0.018871 -0.133098 0.827646
v -0.040383 -0.173466 0.824868
v -0.022737 -0.234701 0.834071
v -0.022737 -0.236781 0.822271
v -0.040383 -0.175547 0.813070
v -0.018871 -0.138544 0.796757
v -0.016704 -0.261313 0.816696
v -0.008616 -0.260431 0.812781
v -0.013766 -0.260510 0.812581
v 0.004471 -0.260431 0.812781
v 0.012559 -0.261313 0.816696
v 0.009620 -0.260510 0.812581
v 0.012721 -0.254541 0.815517
v 0.004484 -0.255181 0.811867
v 0.014624 -0.257202 0.802059
v -0.006405 -0.257273 0.798364
v -0.006091 -0.246068 0.796414
v -0.005089 -0.255922 0.790814
v 0.015232 -0.245995 0.800160
v 0.014624 -0.257202 0.802059
v 0.015945 -0.255844 0.794474
v 0.004514 -0.243972 0.809914
v 0.012990 -0.243330 0.813567
v 0.015232 -0.245995 0.800160
v 0.012990 -0.243330 0.813567
v 0.014600 -0.138544 0.796757
v 0.018592 -0.236781 0.822271
v 0.067803 -0.110655 0.823689
v 0.018592 -0.234701 0.834071
v 0.014600 -0.133098 0.827647
v 0.013103 -0.233165 0.843636
v -0.083219 -0.256695 0.478409
v -0.079829 -0.256748 0.478259
v 0.073155 0.075711 1.657883
v -0.077599 0.073738 1.656584
v 0.000081 0.107027 1.678570
v 0.000089 0.433547 0.939236
v -0.074921 0.400902 0.946865
v 0.075098 0.400902 0.946864
v -0.411924 0.136109 -0.623575
vt 0.102803 0.009914
vt 0.102532 0.029504
vt 0.040222 0.049912
vt 0.041582 0.070046
vt 0.495060 0.848396
vt 0.494825 0.867360
vt 0.486369 0.848257
vt 0.486135 0.867253
vt 0.685617 0.050087
vt 0.676912 0.052032
vt 0.683354 0.046887
vt 0.671564 0.049356
vt 0.442232 0.940736
vt 0.442270 0.940762
vt 0.441100 0.940744
vt 0.441154 0.940762
vt 0.235230 0.332240
vt 0.233245 0.322992
vt 0.236119 0.319762
vt 0.233807 0.308593
vt 0.337596 0.940762
vt 0.336480 0.940762
vt 0.338499 0.940105
vt 0.335577 0.940105
vt 0.335232 0.939044
vt 0.335577 0.937982
vt 0.336480 0.937326
vt 0.337596 0.937326
vt 0.338499 0.937982
vt 0.341381 0.937356
vt 0.342063 0.937982
vt 0.338844 0.939044
vt 0.342269 0.939044
vt 0.342063 0.940105
vt 0.341524 0.940762
vt 0.346946 0.937982
vt 0.347093 0.939044
vt 0.346946 0.940105
vt 0.342134 0.940762
vt 0.346562 0.940762
vt 0.346467 0.937349
vt 0.347952 0.937348
vt 0.348430 0.937982
vt 0.367621 0.937982
vt 0.367781 0.939044
vt 0.348578 0.939044
vt 0.367621 0.940105
vt 0.348430 0.940105
vt 0.367204 0.940762
vt 0.348044 0.940762
vt 0.416281 0.073398
vt 0.418175 0.073582
vt 0.410823 0.121348
vt 0.415142 0.121567
vt 0.199516 0.427987
vt 0.199058 0.385678
vt 0.201448 0.370771
vt 0.199881 0.365750
vt 0.395727 0.920177
vt 0.396242 0.919814
vt 0.395531 0.921078
vt 0.396878 0.920127
vt 0.397392 0.920997
vt 0.398470 0.927112
vt 0.396608 0.927144
vt 0.397123 0.928015
vt 0.397759 0.928328
vt 0.409625 0.941670
vt 0.408916 0.940653
vt 0.415776 0.941659
vt 0.415087 0.940633
vt 0.408655 0.939043
vt 0.414838 0.939043
vt 0.408923 0.937416
vt 0.415097 0.937431
vt 0.409683 0.936415
vt 0.415857 0.936423
vt 0.210670 0.428390
vt 0.200107 0.437974
vt 0.210290 0.438265
vt 0.266660 0.240095
vt 0.263602 0.199650
vt 0.270236 0.287402
vt 0.272182 0.199903
vt 0.287825 0.058558
vt 0.288767 0.058911
vt 0.283573 0.069762
vt 0.292447 0.069666
vt 0.010712 0.123068
vt 0.023815 0.114324
vt 0.016585 0.173115
vt 0.030072 0.161597
vt 0.342217 0.937351
vt 0.779681 0.937771
vt 0.779427 0.929156
vt 0.798627 0.937667
vt 0.798784 0.929050
vt 0.413129 0.967788
vt 0.411344 0.967474
vt 0.413974 0.967788
vt 0.412728 0.967474
vt 0.484948 0.284879
vt 0.470065 0.284865
vt 0.485937 0.278638
vt 0.468994 0.278701
vt 0.356646 0.937982
vt 0.356350 0.939044
vt 0.356020 0.937431
vt 0.355581 0.939044
vt 0.217155 0.988277
vt 0.217378 0.983980
vt 0.311704 0.987782
vt 0.311976 0.982238
vt 0.217594 0.977762
vt 0.312225 0.975127
vt 0.217742 0.972757
vt 0.312388 0.968823
vt 0.217863 0.967847
vt 0.312538 0.962474
vt 0.218075 0.959141
vt 0.312680 0.955341
vt 0.312751 0.951514
vt 0.259577 0.951676
vt 0.414058 0.969165
vt 0.413478 0.970637
vt 0.004397 0.917178
vt 0.015936 0.910266
vt 0.415954 0.940762
vt 0.416656 0.941638
vt 0.416503 0.940726
vt 0.020117 0.213298
vt 0.037719 0.204700
vt 0.027719 0.237494
vt 0.043976 0.229727
vt 0.414960 0.970637
vt 0.414908 0.969165
vt 0.004397 0.961549
vt 0.014507 0.954858
vt 0.004576 0.966970
vt 0.015212 0.964053
vt 0.015818 0.971948
vt 0.033171 0.962773
vt 0.033829 0.971341
vt 0.054903 0.970648
vt 0.034494 0.980013
vt 0.055597 0.979700
vt 0.056240 0.988065
vt 0.081657 0.980092
vt 0.082201 0.987190
vt 0.103254 0.986481
vt 0.035162 0.988714
vt 0.017147 0.989265
vt 0.016437 0.980015
vt 0.004933 0.977823
vt 0.004755 0.972390
vt 0.753281 0.994425
vt 0.749669 0.993765
vt 0.752037 0.982917
vt 0.749841 0.982755
vt 0.417612 0.894910
vt 0.416997 0.895225
vt 0.418540 0.893533
vt 0.419130 0.892061
vt 0.481769 0.963478
vt 0.477916 0.959975
vt 0.514895 0.963591
vt 0.519149 0.959775
vt 0.480284 0.929585
vt 0.516944 0.929369
vt 0.477894 0.903707
vt 0.422830 0.846043
vt 0.479707 0.901364
vt 0.424643 0.843701
vt 0.842550 0.881785
vt 0.835827 0.875259
vt 0.849885 0.875351
vt 0.835839 0.873421
vt 0.849897 0.873515
vt 0.842648 0.866985
vt 0.391605 0.988556
vt 0.391439 0.992685
vt 0.392921 0.992685
vt 0.394457 0.992685
vt 0.416495 0.970637
vt 0.033941 0.909437
vt 0.033941 0.909451
vt 0.055006 0.908472
vt 0.313927 0.947659
vt 0.219378 0.947181
vt 0.313686 0.942716
vt 0.219082 0.940881
vt 0.313459 0.936272
vt 0.218824 0.933591
vt 0.313307 0.931214
vt 0.218658 0.927264
vt 0.313184 0.926289
vt 0.218508 0.920911
vt 0.312972 0.917580
vt 0.218368 0.913782
vt 0.271473 0.910124
vt 0.218300 0.909966
vt 0.363605 0.940105
vt 0.363605 0.937982
vt 0.366266 0.940105
vt 0.366266 0.937982
vt 0.014506 0.954844
vt 0.415362 0.895225
vt 0.395622 0.874143
vt 0.397258 0.874143
vt 0.032516 0.954236
vt 0.053588 0.953510
vt 0.054220 0.961741
vt 0.080097 0.959769
vt 0.080867 0.969803
vt 0.103099 0.980657
vt 0.102766 0.969113
vt 0.102346 0.957817
vt 0.102119 0.952025
vt 0.079556 0.952715
vt 0.228926 0.064848
vt 0.222110 0.082526
vt 0.219555 0.054625
vt 0.212133 0.070145
vt 0.637507 0.885455
vt 0.637509 0.887656
vt 0.636330 0.885456
vt 0.636333 0.887657
vt 0.004872 0.928039
vt 0.004634 0.922609
vt 0.004907 0.928052
vt 0.004670 0.922621
vt 0.397091 0.870013
vt 0.340231 0.921937
vt 0.344159 0.921937
vt 0.343673 0.922038
vt 0.341134 0.922593
vt 0.342608 0.922593
vt 0.341479 0.923655
vt 0.342300 0.923655
vt 0.341134 0.924716
vt 0.342608 0.924716
vt 0.340231 0.925373
vt 0.343611 0.925098
vt 0.344016 0.925343
vt 0.340756 0.924442
vt 0.341012 0.923655
vt 0.340756 0.922868
vt 0.340086 0.922381
vt 0.339115 0.921937
vt 0.339259 0.922381
vt 0.338211 0.922593
vt 0.338589 0.922868
vt 0.337866 0.923655
vt 0.338334 0.923655
vt 0.338211 0.924716
vt 0.338589 0.924442
vt 0.340086 0.924928
vt 0.339259 0.924928
vt 0.339115 0.925373
vt 0.116851 0.947873
vt 0.211400 0.948368
vt 0.116878 0.949417
vt 0.211426 0.949895
vt 0.344676 0.925317
vt 0.345106 0.926645
vt 0.343545 0.925303
vt 0.343200 0.926633
vt 0.344800 0.925134
vt 0.344852 0.925347
vt 0.348518 0.925153
vt 0.348122 0.924717
vt 0.349606 0.924718
vt 0.349364 0.923655
vt 0.368799 0.924725
vt 0.368561 0.923654
vt 0.369217 0.925260
vt 0.350004 0.925160
vt 0.349102 0.925349
vt 0.369789 0.925361
vt 0.350586 0.925350
vt 0.445227 0.926633
vt 0.443322 0.926645
vt 0.444883 0.925303
vt 0.443751 0.925317
vt 0.423790 0.840234
vt 0.453658 0.833088
vt 0.456351 0.831492
vt 0.450540 0.832796
vt 0.448190 0.830728
vt 0.447504 0.827673
vt 0.448745 0.824798
vt 0.457592 0.828617
vt 0.456906 0.825562
vt 0.454556 0.823494
vt 0.451438 0.823202
vt 0.636333 0.898668
vt 0.637509 0.898666
vt 0.636345 0.902573
vt 0.637521 0.902569
vt 0.644929 0.854736
vt 0.645035 0.851623
vt 0.645849 0.854747
vt 0.645954 0.851637
vt 0.409323 0.169036
vt 0.416697 0.168907
vt 0.408522 0.200086
vt 0.417099 0.199854
vt 0.282884 0.041380
vt 0.274903 0.045325
vt 0.346945 0.942765
vt 0.347092 0.942765
vt 0.645008 0.842666
vt 0.645927 0.842664
vt 0.368795 0.967474
vt 0.370430 0.967474
vt 0.368181 0.967788
vt 0.369184 0.967788
vt 0.102153 0.952009
vt 0.102380 0.957802
vt 0.103133 0.980642
vt 0.644996 0.862151
vt 0.645915 0.862146
vt 0.645008 0.869341
vt 0.645928 0.869339
vt 0.333751 0.921937
vt 0.333751 0.922593
vt 0.391719 0.992685
vt 0.390237 0.992685
vt 0.369680 0.970637
vt 0.368198 0.970637
vt 0.005379 0.938888
vt 0.005143 0.933470
vt 0.015936 0.944788
vt 0.015936 0.935561
vt 0.033941 0.935467
vt 0.015936 0.927648
vt 0.033941 0.926875
vt 0.033941 0.918179
vt 0.055006 0.925954
vt 0.055006 0.916877
vt 0.080959 0.914492
vt 0.080959 0.907372
vt 0.055006 0.934887
vt 0.055006 0.943142
vt 0.080959 0.934871
vt 0.080959 0.941949
vt 0.103544 0.940909
vt 0.080959 0.924810
vt 0.102882 0.923821
vt 0.102330 0.912286
vt 0.102040 0.906467
vt 0.103327 0.935116
vt 0.819036 0.994967
vt 0.818924 0.989064
vt 0.821008 0.993968
vt 0.822076 0.989131
vt 0.823788 0.989562
vt 0.826670 0.967791
vt 0.828302 0.967980
vt 0.829286 0.954118
vt 0.820446 0.967376
vt 0.821568 0.949660
vt 0.828573 0.949962
vt 0.841354 0.936981
vt 0.828980 0.906723
vt 0.841022 0.932829
vt 0.822021 0.906374
vt 0.829374 0.899776
vt 0.829949 0.904297
vt 0.830841 0.894275
vt 0.841513 0.905764
vt 0.841276 0.908406
vt 0.842603 0.932862
vt 0.842569 0.936782
vt 0.844184 0.932857
vt 0.842717 0.906049
vt 0.844136 0.908428
vt 0.856430 0.906863
vt 0.856486 0.950108
vt 0.863389 0.906628
vt 0.863498 0.949846
vt 0.864983 0.949428
vt 0.865928 0.967588
vt 0.866484 0.949713
vt 0.867416 0.967512
vt 0.863095 0.899457
vt 0.864852 0.905724
vt 0.866358 0.906519
vt 0.864416 0.893984
vt 0.866111 0.899488
vt 0.502788 0.251148
vt 0.502672 0.259653
vt 0.488121 0.252454
vt 0.487971 0.260435
vt 0.645010 0.870305
vt 0.645929 0.870304
vt 0.015936 0.919562
vt 0.437409 0.420819
vt 0.436663 0.456676
vt 0.434579 0.423248
vt 0.432647 0.456271
vt 0.431836 0.420495
vt 0.414520 0.457362
vt 0.412968 0.421454
vt 0.385858 0.422111
vt 0.411753 0.385167
vt 0.385177 0.385670
vt 0.385768 0.299535
vt 0.362419 0.299763
vt 0.362550 0.287747
vt 0.343975 0.292873
vt 0.344333 0.200390
vt 0.428903 0.482199
vt 0.414206 0.483205
vt 0.387060 0.458057
vt 0.363311 0.422895
vt 0.362535 0.386157
vt 0.339906 0.423362
vt 0.339828 0.386432
vt 0.317114 0.386283
vt 0.317463 0.299841
vt 0.294457 0.385914
vt 0.294100 0.299656
vt 0.267859 0.385521
vt 0.388250 0.483518
vt 0.364232 0.458775
vt 0.340046 0.459336
vt 0.316496 0.423090
vt 0.293939 0.422488
vt 0.366790 0.483693
vt 0.342655 0.484387
vt 0.340164 0.483814
vt 0.337693 0.484446
vt 0.340165 0.484221
vt 0.338867 0.484564
vt 0.340169 0.484724
vt 0.340275 0.499673
vt 0.341470 0.484528
vt 0.346510 0.499329
vt 0.348557 0.498979
vt 0.411289 0.923655
vt 0.411829 0.923655
vt 0.411558 0.925283
vt 0.411992 0.924717
vt 0.033941 0.944030
vt 0.412455 0.925364
vt 0.412318 0.926283
vt 0.004066 0.611194
vt 0.005413 0.608504
vt 0.004521 0.650919
vt 0.008120 0.650602
vt 0.218305 0.909370
vt 0.271479 0.909532
vt 0.351213 0.923655
vt 0.351065 0.922593
vt 0.351211 0.919934
vt 0.351064 0.919934
vt 0.762338 0.984991
vt 0.764101 0.995956
vt 0.757452 0.991423
vt 0.763143 0.995828
vt 0.425986 0.941661
vt 0.425737 0.940762
vt 0.427139 0.940657
vt 0.426512 0.940105
vt 0.495867 0.805280
vt 0.512137 0.840114
vt 0.507031 0.801200
vt 0.202190 0.355821
vt 0.200665 0.356157
vt 0.203461 0.337921
vt 0.201063 0.344638
vt 0.205137 0.321043
vt 0.202114 0.329819
vt 0.368901 0.924716
vt 0.365538 0.924716
vt 0.368901 0.922593
vt 0.365422 0.923494
vt 0.311678 0.989326
vt 0.311974 0.983025
vt 0.312232 0.975735
vt 0.312398 0.969408
vt 0.312548 0.963055
vt 0.312688 0.955926
vt 0.312756 0.952110
vt 0.374563 0.925333
vt 0.374200 0.923658
vt 0.374979 0.924727
vt 0.374740 0.923654
vt 0.232991 0.367407
vt 0.231078 0.372235
vt 0.233408 0.358039
vt 0.231749 0.357513
vt 0.234190 0.346836
vt 0.232587 0.339834
vt 0.197599 0.388439
vt 0.196154 0.428232
vt 0.214619 0.338941
vt 0.213464 0.356580
vt 0.426351 0.924716
vt 0.426971 0.925279
vt 0.425597 0.925373
vt 0.425829 0.926279
vt 0.393362 0.059852
vt 0.389319 0.070031
vt 0.391009 0.035263
vt 0.378096 0.043661
vt 0.365769 0.072738
vt 0.366147 0.121226
vt 0.344779 0.073389
vt 0.344501 0.121899
vt 0.362868 0.046524
vt 0.342008 0.047077
vt 0.340868 0.073333
vt 0.341037 0.046972
vt 0.340066 0.047143
vt 0.336973 0.073410
vt 0.319283 0.046470
vt 0.316004 0.072631
vt 0.315172 0.121118
vt 0.290569 0.119858
vt 0.265284 0.073081
vt 0.257359 0.050695
vt 0.263403 0.073274
vt 0.336818 0.121922
vt 0.316065 0.169029
vt 0.291770 0.168618
vt 0.270504 0.121029
vt 0.271606 0.168774
vt 0.316806 0.200211
vt 0.291649 0.199994
vt 0.293808 0.287757
vt 0.317375 0.287785
vt 0.336368 0.200434
vt 0.335950 0.292897
vt 0.336505 0.169463
vt 0.418411 0.921039
vt 0.419291 0.921060
vt 0.412259 0.921029
vt 0.413141 0.921059
vt 0.420040 0.921965
vt 0.413871 0.921986
vt 0.420407 0.923657
vt 0.414228 0.923658
vt 0.420035 0.925351
vt 0.413864 0.925333
vt 0.419382 0.926162
vt 0.413205 0.926188
vt 0.418492 0.926276
vt 0.020643 0.688625
vt 0.021494 0.694386
vt 0.014408 0.689267
vt 0.016585 0.695107
vt 0.479348 0.900453
vt 0.424284 0.842790
vt 0.036608 0.659869
vt 0.039903 0.660391
vt 0.034293 0.670918
vt 0.037574 0.671625
vt 0.201888 0.468523
vt 0.198747 0.449926
vt 0.204101 0.467796
vt 0.202049 0.449330
vt 0.204793 0.474758
vt 0.206037 0.473908
vt 0.216489 0.477718
vt 0.213363 0.477039
vt 0.219043 0.474380
vt 0.214149 0.473559
vt 0.413023 0.925292
vt 0.207931 0.478123
vt 0.208389 0.477441
vt 0.347880 0.923655
vt 0.349363 0.919934
vt 0.347879 0.919934
vt 0.489213 0.890453
vt 0.489044 0.887326
vt 0.490745 0.884697
vt 0.466944 0.260384
vt 0.467352 0.267296
vt 0.487558 0.267490
vt 0.196813 0.438390
vt 0.221396 0.339374
vt 0.220485 0.356989
vt 0.339982 0.940105
vt 0.340926 0.940736
vt 0.340888 0.940762
vt 0.262060 0.003846
vt 0.268488 0.026156
vt 0.243716 0.009203
vt 0.250993 0.031526
vt 0.865474 0.995238
vt 0.863516 0.994212
vt 0.865670 0.989333
vt 0.862514 0.989362
vt 0.864438 0.967642
vt 0.858208 0.967959
vt 0.867493 0.994881
vt 0.868663 0.989165
vt 0.413448 0.924727
vt 0.019333 0.517275
vt 0.017958 0.523338
vt 0.007663 0.516367
vt 0.006925 0.522514
vt 0.439037 0.940954
vt 0.438412 0.939044
vt 0.440175 0.940106
vt 0.439808 0.939044
vt 0.211558 0.476965
vt 0.210968 0.473420
vt 0.779949 0.947661
vt 0.798471 0.947560
vt 0.007797 0.593793
vt 0.019319 0.650368
vt 0.019069 0.593590
vt 0.212712 0.371341
vt 0.219797 0.371712
vt 0.413455 0.922593
vt 0.413688 0.923654
vt 0.359606 0.940875
vt 0.362332 0.940875
vt 0.358606 0.941670
vt 0.361370 0.941663
vt 0.018762 0.579094
vt 0.007503 0.579320
vt 0.217129 0.989803
vt 0.346720 0.925612
vt 0.345551 0.924716
vt 0.347381 0.923655
vt 0.345897 0.923655
vt 0.432920 0.482921
vt 0.426288 0.501026
vt 0.414041 0.501770
vt 0.412254 0.523694
vt 0.392000 0.521750
vt 0.392800 0.543129
vt 0.377371 0.540953
vt 0.377789 0.553522
vt 0.368684 0.540273
vt 0.369304 0.552219
vt 0.429595 0.501670
vt 0.423222 0.523240
vt 0.410454 0.545141
vt 0.392569 0.555534
vt 0.378207 0.566091
vt 0.369011 0.563968
vt 0.425755 0.523738
vt 0.419833 0.544949
vt 0.408879 0.557450
vt 0.392338 0.567939
vt 0.378731 0.579176
vt 0.368125 0.577919
vt 0.421597 0.545273
vt 0.417443 0.557323
vt 0.407303 0.569758
vt 0.391595 0.581796
vt 0.378927 0.601348
vt 0.367937 0.600195
vt 0.418909 0.557572
vt 0.415052 0.569697
vt 0.404504 0.584449
vt 0.391209 0.602178
vt 0.378482 0.623766
vt 0.367999 0.622712
vt 0.416220 0.569870
vt 0.411958 0.584523
vt 0.401554 0.602923
vt 0.391285 0.624943
vt 0.378405 0.635174
vt 0.367542 0.638840
vt 0.398795 0.625652
vt 0.391522 0.637137
vt 0.378027 0.646171
vt 0.367274 0.652781
vt 0.397497 0.638050
vt 0.391790 0.647383
vt 0.377652 0.653204
vt 0.365301 0.665926
vt 0.396238 0.647758
vt 0.391927 0.653719
vt 0.377670 0.666348
vt 0.365491 0.675207
vt 0.402447 0.647883
vt 0.401481 0.654782
vt 0.395662 0.653837
vt 0.394492 0.667071
vt 0.392096 0.666972
vt 0.392068 0.687211
vt 0.376420 0.686146
vt 0.363025 0.688139
vt 0.402177 0.654654
vt 0.397971 0.667888
vt 0.398513 0.667783
vt 0.392783 0.687176
vt 0.385642 0.733671
vt 0.372314 0.731123
vt 0.360126 0.729938
vt 0.357846 0.756652
vt 0.344928 0.756349
vt 0.345772 0.783449
vt 0.332045 0.757311
vt 0.335397 0.784304
vt 0.320566 0.759317
vt 0.326198 0.786242
vt 0.344174 0.729358
vt 0.328273 0.730688
vt 0.316159 0.732423
vt 0.302962 0.735539
vt 0.309800 0.762760
vt 0.309747 0.687579
vt 0.321534 0.688832
vt 0.294150 0.689243
vt 0.307669 0.667747
vt 0.293290 0.668911
vt 0.292939 0.655557
vt 0.289221 0.655808
vt 0.288401 0.649644
vt 0.283451 0.656963
vt 0.282204 0.649987
vt 0.282757 0.656857
vt 0.281515 0.650066
vt 0.293429 0.689252
vt 0.286923 0.669964
vt 0.287465 0.670041
vt 0.290905 0.669088
vt 0.398009 0.070203
vt 0.394538 0.060558
vt 0.796435 0.957395
vt 0.782095 0.957473
vt 0.754091 0.984816
vt 0.753999 0.981700
vt 0.781218 0.982477
vt 0.775482 0.988109
vt 0.780855 0.981639
vt 0.774525 0.987665
vt 0.157343 0.953251
vt 0.115845 0.960707
vt 0.157337 0.952659
vt 0.115836 0.960124
vt 0.230889 0.439801
vt 0.228118 0.451093
vt 0.227396 0.439084
vt 0.224636 0.450195
vt 0.360195 0.937326
vt 0.368595 0.937326
vt 0.361127 0.937326
vt 0.369499 0.937326
vt 0.361880 0.937982
vt 0.370230 0.937982
vt 0.362168 0.939044
vt 0.370509 0.939044
vt 0.361880 0.940105
vt 0.370230 0.940105
vt 0.361127 0.940762
vt 0.369499 0.940762
vt 0.360195 0.940762
vt 0.368595 0.940762
vt 0.408291 0.024841
vt 0.412313 0.026481
vt 0.397715 0.042322
vt 0.406088 0.045712
vt 0.783243 0.959271
vt 0.795306 0.959206
vt 0.412972 0.921963
vt 0.210341 0.467461
vt 0.209946 0.449286
vt 0.476531 0.918773
vt 0.474890 0.917622
vt 0.477415 0.919163
vt 0.475767 0.918006
vt 0.478541 0.312177
vt 0.478434 0.293612
vt 0.489591 0.308022
vt 0.488333 0.289461
vt 0.415537 0.937982
vt 0.416003 0.937338
vt 0.467941 0.218243
vt 0.453609 0.214884
vt 0.468500 0.212397
vt 0.454042 0.208932
vt 0.194203 0.206841
vt 0.196924 0.177472
vt 0.202217 0.216708
vt 0.214796 0.193714
vt 0.222089 0.322675
vt 0.222681 0.308398
vt 0.233472 0.300268
vt 0.222417 0.300744
vt 0.412419 0.921937
vt 0.411550 0.922045
vt 0.411992 0.922593
vt 0.365753 0.940733
vt 0.365386 0.939041
vt 0.366159 0.940106
vt 0.365926 0.939044
vt 0.435510 0.944142
vt 0.434581 0.942765
vt 0.424666 0.921937
vt 0.424423 0.921035
vt 0.425597 0.921937
vt 0.425829 0.921030
vt 0.415537 0.940105
vt 0.415377 0.939044
vt 0.452409 0.228059
vt 0.466833 0.230651
vt 0.452238 0.239514
vt 0.466762 0.241475
vt 0.452093 0.251071
vt 0.466788 0.252431
vt 0.502443 0.228073
vt 0.502701 0.239560
vt 0.488109 0.230763
vt 0.488160 0.241525
vt 0.454408 0.279296
vt 0.455146 0.285708
vt 0.500865 0.208926
vt 0.501379 0.214785
vt 0.486465 0.212377
vt 0.487023 0.218193
vt 0.417405 0.940733
vt 0.416999 0.940106
vt 0.417772 0.939041
vt 0.417232 0.939044
vt 0.501975 0.220770
vt 0.487600 0.223987
vt 0.467957 0.273644
vt 0.486938 0.273745
vt 0.416575 0.937439
vt 0.416747 0.936536
vt 0.416993 0.937974
vt 0.417400 0.937348
vt 0.502243 0.267147
vt 0.453234 0.273864
vt 0.499870 0.285434
vt 0.500519 0.278974
vt 0.340888 0.937326
vt 0.342004 0.937326
vt 0.340910 0.937396
vt 0.342042 0.937382
vt 0.492035 0.901823
vt 0.489009 0.901018
vt 0.494214 0.893687
vt 0.491188 0.892882
vt 0.337354 0.940016
vt 0.336722 0.940016
vt 0.336211 0.938443
vt 0.336722 0.938071
vt 0.331117 0.937326
vt 0.403138 0.647940
vt 0.404298 0.638315
vt 0.403569 0.638226
vt 0.405035 0.625770
vt 0.405819 0.625856
vt 0.409413 0.603100
vt 0.408536 0.603016
vt 0.412842 0.584613
vt 0.242308 0.421957
vt 0.245175 0.424320
vt 0.243499 0.457834
vt 0.247501 0.457341
vt 0.251507 0.483431
vt 0.266205 0.484237
vt 0.266632 0.502983
vt 0.290775 0.501091
vt 0.289003 0.522756
vt 0.306636 0.520330
vt 0.304015 0.541789
vt 0.312199 0.540974
vt 0.311363 0.553098
vt 0.288649 0.544276
vt 0.268797 0.525056
vt 0.254377 0.502427
vt 0.247501 0.484206
vt 0.271048 0.546641
vt 0.257826 0.524794
vt 0.251079 0.503119
vt 0.261671 0.546633
vt 0.255302 0.525335
vt 0.264355 0.559044
vt 0.272920 0.558994
vt 0.274792 0.571348
vt 0.289713 0.569195
vt 0.290838 0.583148
vt 0.303642 0.580212
vt 0.304139 0.602453
vt 0.313130 0.601261
vt 0.314079 0.623765
vt 0.289181 0.556736
vt 0.303794 0.567031
vt 0.312830 0.578899
vt 0.303905 0.554410
vt 0.311306 0.565119
vt 0.389855 0.500252
vt 0.369916 0.498568
vt 0.374307 0.519643
vt 0.355785 0.519410
vt 0.349687 0.519977
vt 0.340452 0.520366
vt 0.334041 0.499454
vt 0.352541 0.540108
vt 0.340354 0.537246
vt 0.331218 0.520180
vt 0.332004 0.499152
vt 0.313582 0.484083
vt 0.315866 0.459051
vt 0.292145 0.484200
vt 0.293049 0.458585
vt 0.265609 0.458200
vt 0.328776 0.540406
vt 0.325129 0.519745
vt 0.310664 0.499092
vt 0.318781 0.540318
vt 0.318449 0.551852
vt 0.327910 0.548088
vt 0.340564 0.544543
vt 0.353578 0.547736
vt 0.362558 0.539793
vt 0.363168 0.551277
vt 0.418589 0.921937
vt 0.437749 0.921937
vt 0.419138 0.921973
vt 0.438289 0.922005
vt 0.419634 0.922593
vt 0.438822 0.922593
vt 0.419867 0.923654
vt 0.439063 0.923655
vt 0.419628 0.924725
vt 0.438821 0.924718
vt 0.419210 0.925260
vt 0.438424 0.925160
vt 0.418638 0.925361
vt 0.437841 0.925350
vt 0.440305 0.924717
vt 0.439909 0.925153
vt 0.439326 0.925349
vt 0.443627 0.925134
vt 0.443576 0.925347
vt 0.442797 0.924716
vt 0.440547 0.923655
vt 0.442443 0.923655
vt 0.440306 0.922593
vt 0.442797 0.922593
vt 0.439769 0.922007
vt 0.443557 0.922013
vt 0.439231 0.921937
vt 0.443659 0.921937
vt 0.444754 0.922038
vt 0.444269 0.921937
vt 0.448197 0.921937
vt 0.447293 0.922593
vt 0.445820 0.922593
vt 0.446948 0.923655
vt 0.447416 0.923655
vt 0.447671 0.924442
vt 0.447293 0.924716
vt 0.446128 0.923655
vt 0.445820 0.924716
vt 0.448197 0.925373
vt 0.444817 0.925098
vt 0.444412 0.925343
vt 0.032449 0.521962
vt 0.036040 0.520605
vt 0.033643 0.529544
vt 0.038737 0.528388
vt 0.448341 0.924928
vt 0.449168 0.924928
vt 0.449313 0.925373
vt 0.449838 0.924442
vt 0.450216 0.924716
vt 0.450094 0.923655
vt 0.450561 0.923655
vt 0.449838 0.922868
vt 0.450216 0.922593
vt 0.449168 0.922381
vt 0.449313 0.921937
vt 0.448341 0.922381
vt 0.447671 0.922868
vt 0.005205 0.074963
vt 0.013039 0.067050
vt 0.005987 0.097557
vt 0.016863 0.088948
vt 0.217606 0.428717
vt 0.217216 0.438555
vt 0.221217 0.294585
vt 0.232922 0.294062
vt 0.338060 0.939044
vt 0.337865 0.938443
vt 0.341494 0.925630
vt 0.419260 0.834459
vt 0.418719 0.831985
vt 0.423594 0.833475
vt 0.423062 0.831000
vt 0.005652 0.660802
vt 0.009180 0.660179
vt 0.008145 0.671944
vt 0.011650 0.671130
vt 0.439975 0.832586
vt 0.439289 0.829532
vt 0.228747 0.429278
vt 0.336016 0.939044
vt 0.336211 0.939645
vt 0.026384 0.659848
vt 0.026393 0.670627
vt 0.217608 0.308106
vt 0.206569 0.306614
vt 0.218801 0.300712
vt 0.207972 0.298927
vt 0.221361 0.468440
vt 0.215157 0.467654
vt 0.216762 0.449550
vt 0.578058 0.032974
vt 0.572158 0.033716
vt 0.567116 0.026337
vt 0.563915 0.028658
vt 0.220104 0.295172
vt 0.209332 0.293275
vt 0.208940 0.292308
vt 0.333751 0.924716
vt 0.333751 0.925373
vt 0.443182 0.940105
vt 0.442120 0.940661
vt 0.337865 0.939645
vt 0.337354 0.938071
vt 0.333751 0.923655
vt 0.477302 0.915902
vt 0.480727 0.916910
vt 0.478198 0.916297
vt 0.443493 0.939044
vt 0.216230 0.322318
vt 0.467361 0.223981
vt 0.362332 0.937213
vt 0.359606 0.937213
vt 0.361370 0.936424
vt 0.358606 0.936417
vt 0.394239 0.874143
vt 0.413979 0.895225
vt 0.440922 0.940685
vt 0.440984 0.940706
vt 0.481669 0.917140
vt 0.331117 0.937982
vt 0.331117 0.939044
vt 0.266186 0.121255
vt 0.480067 0.975233
vt 0.516516 0.975357
vt 0.331117 0.940105
vt 0.331117 0.940762
vt 0.442182 0.937601
vt 0.440993 0.937565
vt 0.442207 0.937522
vt 0.441033 0.937504
vt 0.843927 0.905779
vt 0.855526 0.904397
vt 0.856302 0.899904
vt 0.855089 0.894347
vt 0.862319 0.893540
vt 0.807787 0.992482
vt 0.812162 0.993670
vt 0.807210 0.993446
vt 0.812315 0.994978
vt 0.823668 0.893126
vt 0.822619 0.898996
vt 0.414363 0.967474
vt 0.414977 0.967788
vt 0.453000 0.220904
vt 0.438290 0.919934
vt 0.438823 0.919934
vt 0.443182 0.937982
vt 0.799295 0.982456
vt 0.799659 0.981618
vt 0.768390 0.994966
vt 0.768551 0.993659
vt 0.773243 0.993432
vt 0.772671 0.992465
vt 0.766011 0.921981
vt 0.760532 0.921130
vt 0.766329 0.916540
vt 0.760857 0.915690
vt 0.369839 0.921937
vt 0.369289 0.921973
vt 0.350678 0.921937
vt 0.350139 0.922005
vt 0.368794 0.922593
vt 0.349605 0.922593
vt 0.419430 0.860340
vt 0.420307 0.860724
vt 0.444867 0.921962
vt 0.446958 0.921710
vt 0.445231 0.920599
vt 0.501668 0.273777
vt 0.486326 0.921643
vt 0.483382 0.920535
vt 0.487479 0.917351
vt 0.484453 0.916546
vt 0.772054 0.918300
vt 0.780112 0.920412
vt 0.771758 0.923742
vt 0.779855 0.925855
vt 0.443735 0.921955
vt 0.443227 0.920600
vt 0.202209 0.316754
vt 0.201518 0.305266
vt 0.203013 0.317149
vt 0.204419 0.297476
vt 0.691837 0.898180
vt 0.694092 0.898175
vt 0.691715 0.833557
vt 0.693972 0.833553
vt 0.442876 0.922593
vt 0.441672 0.921744
vt 0.469614 0.839333
vt 0.487178 0.805126
vt 0.476175 0.800638
vt 0.493666 0.883570
vt 0.496691 0.884375
vt 0.497135 0.892560
vt 0.498836 0.889931
vt 0.264231 0.168637
vt 0.442531 0.923655
vt 0.442876 0.924716
vt 0.441047 0.923655
vt 0.441708 0.925612
vt 0.343983 0.839625
vt 0.341533 0.833852
vt 0.344988 0.839195
vt 0.343279 0.833026
vt 0.346226 0.838932
vt 0.345304 0.832555
vt 0.347664 0.838837
vt 0.347492 0.832383
vt 0.349110 0.838898
vt 0.349686 0.832488
vt 0.350369 0.839123
vt 0.351729 0.832881
vt 0.351401 0.839507
vt 0.353521 0.833614
vt 0.327995 0.810994
vt 0.332992 0.808596
vt 0.339292 0.807153
vt 0.346537 0.806527
vt 0.353813 0.806742
vt 0.356183 0.783735
vt 0.365488 0.785156
vt 0.369419 0.758065
vt 0.380362 0.760917
vt 0.318499 0.789293
vt 0.650693 0.787939
vt 0.650000 0.784340
vt 0.788296 0.678801
vt 0.787957 0.675668
vt 0.843333 0.635150
vt 0.843135 0.632202
vt 0.788533 0.651373
vt 0.651020 0.748209
vt 0.789243 0.620320
vt 0.843534 0.612642
vt 0.843682 0.603468
vt 0.789478 0.609115
vt 0.843879 0.592389
vt 0.844158 0.577743
vt 0.653135 0.662452
vt 0.653464 0.650933
vt 0.789946 0.585217
vt 0.790347 0.564785
vt 0.844396 0.565222
vt 0.790351 0.563812
vt 0.844405 0.564286
vt 0.844372 0.551750
vt 0.790273 0.543367
vt 0.790182 0.519453
vt 0.844334 0.537087
vt 0.790156 0.508233
vt 0.844347 0.525976
vt 0.789987 0.477161
vt 0.844386 0.516764
vt 0.789869 0.452818
vt 0.844378 0.497138
vt 0.790320 0.449686
vt 0.844685 0.494172
vt 0.655014 0.522408
vt 0.654791 0.475364
vt 0.654667 0.463873
vt 0.653978 0.378145
vt 0.653586 0.342009
vt 0.654397 0.338462
vt 0.247920 0.421336
vt 0.266815 0.422055
vt 0.250066 0.385111
vt 0.251615 0.299495
vt 0.270570 0.299430
vt 0.251453 0.288230
vt 0.247330 0.241397
vt 0.447585 0.923655
vt 0.587882 0.563193
vt 0.588583 0.561787
vt 0.593768 0.571902
vt 0.594598 0.571117
vt 0.599633 0.575925
vt 0.600210 0.574779
vt 0.627608 0.584657
vt 0.628109 0.583361
vt 0.595625 0.563370
vt 0.589614 0.555113
vt 0.584046 0.558964
vt 0.585431 0.552280
vt 0.573082 0.557134
vt 0.574756 0.550521
vt 0.556324 0.554599
vt 0.558092 0.547967
vt 0.547161 0.546506
vt 0.549738 0.536405
vt 0.538449 0.534685
vt 0.539293 0.529963
vt 0.527257 0.532413
vt 0.545699 0.553146
vt 0.536650 0.544773
vt 0.526184 0.542780
vt 0.515414 0.540386
vt 0.515821 0.529787
vt 0.499875 0.526570
vt 0.516095 0.524646
vt 0.500314 0.521470
vt 0.500752 0.516371
vt 0.490856 0.514457
vt 0.492500 0.499803
vt 0.488088 0.500599
vt 0.535467 0.551423
vt 0.525265 0.549517
vt 0.514785 0.547219
vt 0.498885 0.537037
vt 0.489644 0.524590
vt 0.490250 0.519524
vt 0.486374 0.514639
vt 0.481166 0.504811
vt 0.498172 0.543820
vt 0.488249 0.535003
vt 0.484931 0.525496
vt 0.485653 0.520068
vt 0.479184 0.517219
vt 0.473438 0.503881
vt 0.479055 0.473120
vt 0.469607 0.463467
vt 0.483414 0.439897
vt 0.480400 0.437143
vt 0.487237 0.541755
vt 0.483335 0.536217
vt 0.476950 0.530447
vt 0.478067 0.523833
vt 0.471501 0.518007
vt 0.452944 0.501938
vt 0.467869 0.456437
vt 0.481987 0.542836
vt 0.474825 0.541879
vt 0.469102 0.533333
vt 0.470301 0.525670
vt 0.447960 0.515593
vt 0.447354 0.499606
vt 0.467529 0.543913
vt 0.442280 0.530624
vt 0.445120 0.523108
vt 0.442908 0.513385
vt 0.438119 0.541005
vt 0.438184 0.528750
vt 0.440546 0.521068
vt 0.437417 0.549368
vt 0.466563 0.550987
vt 0.437439 0.550756
vt 0.466707 0.552262
vt 0.473100 0.549496
vt 0.473604 0.550520
vt 0.857679 0.359241
vt 0.861198 0.356309
vt 0.856599 0.360234
vt 0.866704 0.353200
vt 0.859330 0.360618
vt 0.876453 0.350889
vt 0.863672 0.361087
vt 0.889134 0.350339
vt 0.889992 0.359725
vt 0.916372 0.359379
vt 0.918780 0.449807
vt 0.923534 0.449917
vt 0.924843 0.484650
vt 0.931913 0.484875
vt 0.933132 0.502193
vt 0.902975 0.350000
vt 0.920715 0.358549
vt 0.930331 0.450087
vt 0.912877 0.351639
vt 0.923436 0.357963
vt 0.918591 0.354355
vt 0.922305 0.357038
vt 0.561539 0.080133
vt 0.563798 0.080531
vt 0.550186 0.126821
vt 0.552451 0.127300
vt 0.525129 0.242936
vt 0.528043 0.243537
vt 0.522786 0.254887
vt 0.525720 0.255497
vt 0.509239 0.343632
vt 0.528663 0.256202
vt 0.510668 0.348218
vt 0.534437 0.257509
vt 0.514753 0.353996
vt 0.566958 0.081110
vt 0.555457 0.127958
vt 0.530876 0.244211
vt 0.572975 0.082581
vt 0.561156 0.129291
vt 0.536385 0.245455
vt 0.551546 0.260874
vt 0.588029 0.035800
vt 0.584213 0.085316
vt 0.575336 0.132454
vt 0.554042 0.249113
vt 0.569382 0.252187
vt 0.566613 0.263815
vt 0.581522 0.266657
vt 0.605312 0.040040
vt 0.596740 0.088134
vt 0.588469 0.135247
vt 0.622626 0.043339
vt 0.614345 0.091471
vt 0.606187 0.138590
vt 0.586410 0.255362
vt 0.589576 0.255947
vt 0.590348 0.268220
vt 0.606667 0.258739
vt 0.605332 0.270633
vt 0.620504 0.272994
vt 0.626136 0.043963
vt 0.617695 0.092076
vt 0.609551 0.139213
vt 0.635387 0.094908
vt 0.627355 0.142065
vt 0.640654 0.143904
vt 0.622141 0.261056
vt 0.640001 0.263586
vt 0.655059 0.145726
vt 0.648122 0.096512
vt 0.659614 0.097751
vt 0.661233 0.048620
vt 0.665765 0.098415
vt 0.668930 0.098945
vt 0.671189 0.099332
vt 0.666198 0.147143
vt 0.660859 0.146420
vt 0.663904 0.146830
vt 0.651455 0.265058
vt 0.648510 0.264641
vt 0.645613 0.264303
vt 0.643621 0.276390
vt 0.637742 0.275656
vt 0.646634 0.276732
vt 0.632103 0.365266
vt 0.629178 0.369088
vt 0.629465 0.399091
vt 0.626654 0.398671
vt 0.623365 0.434800
vt 0.619951 0.434325
vt 0.621244 0.465220
vt 0.616890 0.466562
vt 0.610122 0.496235
vt 0.603952 0.495175
vt 0.597505 0.520036
vt 0.593645 0.517776
vt 0.590102 0.532097
vt 0.632513 0.399515
vt 0.625863 0.435111
vt 0.623028 0.464651
vt 0.615531 0.497354
vt 0.602535 0.526373
vt 0.594239 0.533809
vt 0.588914 0.537061
vt 0.578803 0.535419
vt 0.577447 0.540356
vt 0.628903 0.435412
vt 0.626818 0.463114
vt 0.627747 0.491581
vt 0.610104 0.528173
vt 0.600088 0.538712
vt 0.593035 0.539155
vt 0.587726 0.542026
vt 0.631824 0.485594
vt 0.629995 0.533461
vt 0.607017 0.542109
vt 0.598842 0.545308
vt 0.591831 0.544500
vt 0.636045 0.533215
vt 0.629931 0.548007
vt 0.605484 0.549718
vt 0.597596 0.551904
vt 0.635433 0.547690
vt 0.629988 0.556045
vt 0.603951 0.557327
vt 0.634984 0.555717
vt 0.630046 0.564083
vt 0.601758 0.567803
vt 0.634536 0.563745
vt 0.630350 0.575268
vt 0.507178 0.340863
vt 0.497075 0.375597
vt 0.500083 0.376247
vt 0.502868 0.376813
vt 0.506139 0.377457
vt 0.518002 0.354845
vt 0.511301 0.378641
vt 0.523192 0.355913
vt 0.516531 0.379737
vt 0.533305 0.357915
vt 0.526336 0.381741
vt 0.547315 0.360528
vt 0.540482 0.384370
vt 0.554895 0.361723
vt 0.506976 0.414629
vt 0.516201 0.416497
vt 0.529979 0.419104
vt 0.550813 0.385768
vt 0.543888 0.421173
vt 0.564737 0.387813
vt 0.558773 0.421276
vt 0.572781 0.426290
vt 0.568284 0.428965
vt 0.569812 0.459216
vt 0.563253 0.458893
vt 0.557916 0.487171
vt 0.557701 0.427294
vt 0.552325 0.457247
vt 0.547315 0.485144
vt 0.552906 0.510055
vt 0.543114 0.508578
vt 0.556221 0.513928
vt 0.542118 0.514154
vt 0.552248 0.526607
vt 0.540136 0.525242
vt 0.527776 0.527384
vt 0.528294 0.522355
vt 0.528959 0.509092
vt 0.533412 0.506592
vt 0.536670 0.483394
vt 0.541498 0.455026
vt 0.547189 0.425222
vt 0.535229 0.453084
vt 0.530274 0.482591
vt 0.515742 0.506089
vt 0.516361 0.480275
vt 0.520022 0.449943
vt 0.507705 0.447605
vt 0.503461 0.477721
vt 0.501668 0.501590
vt 0.516369 0.519505
vt 0.494744 0.475983
vt 0.499095 0.445905
vt 0.490684 0.475065
vt 0.494832 0.445049
vt 0.488501 0.443786
vt 0.501864 0.413603
vt 0.496839 0.412529
vt 0.493471 0.411810
vt 0.491022 0.411249
vt 0.488067 0.410482
vt 0.484885 0.441035
vt 0.484523 0.473935
vt 0.798931 0.217548
vt 0.740364 0.228953
vt 0.796334 0.202825
vt 0.737292 0.212425
vt 0.794737 0.191741
vt 0.735445 0.199222
vt 0.793569 0.180619
vt 0.734012 0.185328
vt 0.792809 0.169466
vt 0.733069 0.171302
vt 0.792511 0.158282
vt 0.732698 0.157706
vt 0.792896 0.143691
vt 0.733127 0.140875
vt 0.793885 0.129129
vt 0.734284 0.124079
vt 0.693503 0.239149
vt 0.689593 0.218411
vt 0.687340 0.201732
vt 0.685995 0.188474
vt 0.684998 0.173251
vt 0.684615 0.156352
vt 0.684956 0.139439
vt 0.685034 0.137773
vt 0.686286 0.120903
vt 0.688257 0.104115
vt 0.735930 0.110579
vt 0.795233 0.118023
vt 0.797040 0.106989
vt 0.690682 0.089052
vt 0.738189 0.096703
vt 0.799249 0.096028
vt 0.693266 0.075980
vt 0.740923 0.083006
vt 0.801881 0.085143
vt 0.697079 0.059587
vt 0.744004 0.070034
vt 0.805851 0.070729
vt 0.702923 0.039309
vt 0.748617 0.053868
vt 0.564440 0.363238
vt 0.573468 0.364836
vt 0.578518 0.390670
vt 0.582953 0.366683
vt 0.588706 0.392897
vt 0.590486 0.368152
vt 0.602898 0.395282
vt 0.604545 0.370490
vt 0.612803 0.396758
vt 0.614735 0.372066
vt 0.618098 0.397513
vt 0.619984 0.372831
vt 0.609695 0.432830
vt 0.600385 0.431420
vt 0.586548 0.429128
vt 0.606210 0.464920
vt 0.597539 0.463556
vt 0.585170 0.461511
vt 0.578055 0.491233
vt 0.591045 0.493282
vt 0.599824 0.494650
vt 0.610509 0.465569
vt 0.584426 0.516294
vt 0.569664 0.515663
vt 0.564199 0.488610
vt 0.580158 0.530481
vt 0.564423 0.528039
vt 0.562899 0.532959
vt 0.561375 0.537878
vt 0.550993 0.531506
vt 0.005344 0.938876
vt 0.623341 0.373128
vt 0.623358 0.398163
vt 0.614856 0.433614
vt 0.019066 0.698395
vt 0.022188 0.697788
vt 0.446933 0.925630
vt 0.395124 0.934370
vt 0.402671 0.937367
vt 0.394488 0.934684
vt 0.402107 0.937330
vt 0.393974 0.935554
vt 0.401649 0.938124
vt 0.401481 0.939221
vt 0.409194 0.939043
vt 0.409357 0.940105
vt 0.409357 0.937982
vt 0.409820 0.937334
vt 0.371814 0.967474
vt 0.370029 0.967788
vt 0.344768 0.921937
vt 0.344871 0.922013
vt 0.349197 0.921937
vt 0.348658 0.922007
vt 0.345630 0.922593
vt 0.348122 0.922593
vt 0.345984 0.923655
vt 0.036984 0.540123
vt 0.037780 0.539816
vt 0.026307 0.650236
vt 0.037510 0.650174
vt 0.040873 0.650447
vt 0.040696 0.610704
vt 0.039327 0.607973
vt 0.012060 0.690162
vt 0.115804 0.911606
vt 0.115876 0.915432
vt 0.115800 0.912202
vt 0.115867 0.916018
vt 0.116017 0.922565
vt 0.116007 0.923146
vt 0.116167 0.928914
vt 0.116158 0.929499
vt 0.116330 0.935218
vt 0.116323 0.935826
vt 0.116579 0.942329
vt 0.116581 0.943116
vt 0.399868 0.909894
vt 0.401356 0.909894
vt 0.395973 0.909894
vt 0.391157 0.909894
vt 0.387262 0.909894
vt 0.385774 0.909894
vt 0.017837 0.545381
vt 0.023726 0.545209
vt 0.018227 0.561672
vt 0.025022 0.561442
vt 0.025477 0.688570
vt 0.024674 0.694339
vt 0.350138 0.919934
vt 0.350677 0.919934
vt 0.807618 0.931571
vt 0.806661 0.940230
vt 0.805309 0.949004
vt 0.801958 0.959351
vt 0.806220 0.960853
vt 0.797355 0.966214
vt 0.801155 0.970407
vt 0.793399 0.971563
vt 0.793183 0.977875
vt 0.785562 0.977916
vt 0.812565 0.933694
vt 0.811403 0.942367
vt 0.809727 0.950645
vt 0.811778 0.961587
vt 0.805736 0.976025
vt 0.816811 0.934601
vt 0.815566 0.943273
vt 0.814214 0.951705
vt 0.444323 0.940989
vt 0.444951 0.939044
vt 0.792107 0.960744
vt 0.792779 0.967571
vt 0.785280 0.971607
vt 0.777512 0.970534
vt 0.772988 0.976199
vt 0.766555 0.961871
vt 0.786458 0.960775
vt 0.785858 0.967608
vt 0.781269 0.966301
vt 0.772353 0.961035
vt 0.768731 0.950871
vt 0.764008 0.952015
vt 0.762558 0.943597
vt 0.776595 0.959488
vt 0.773129 0.949181
vt 0.766958 0.942615
vt 0.771676 0.940423
vt 0.765692 0.933957
vt 0.770619 0.931776
vt 0.442597 0.942099
vt 0.404723 0.921937
vt 0.405279 0.921950
vt 0.405748 0.922593
vt 0.405979 0.923654
vt 0.360201 0.807818
vt 0.365353 0.809895
vt 0.373367 0.787741
vt 0.338207 0.939044
vt 0.339658 0.939044
vt 0.338835 0.940989
vt 0.415905 0.969165
vt 0.340842 0.923655
vt 0.391170 0.874143
vt 0.392805 0.874143
vt 0.371430 0.895225
vt 0.373065 0.895225
vt 0.007014 0.561838
vt 0.005278 0.568780
vt 0.005843 0.579798
vt 0.006046 0.588922
vt 0.452258 0.259550
vt 0.440593 0.942098
vt 0.420870 0.840896
vt 0.421744 0.844358
vt 0.338860 0.937068
vt 0.339976 0.937982
vt 0.349604 0.919934
vt 0.371819 0.894910
vt 0.370816 0.894910
vt 0.019550 0.670694
vt 0.019411 0.659937
vt 0.340951 0.937522
vt 0.340566 0.936066
vt 0.342125 0.937504
vt 0.342471 0.936053
vt 0.272154 0.024610
vt 0.843819 0.937011
vt 0.855733 0.954256
vt 0.856574 0.968129
vt 0.860796 0.989769
vt 0.376869 0.925283
vt 0.376110 0.926283
vt 0.376435 0.924717
vt 0.375973 0.925364
vt 0.320811 0.676521
vt 0.319091 0.665886
vt 0.307173 0.654531
vt 0.306549 0.647436
vt 0.292832 0.649117
vt 0.292730 0.638768
vt 0.286781 0.639872
vt 0.285043 0.627408
vt 0.280715 0.640249
vt 0.278800 0.627715
vt 0.278015 0.627820
vt 0.273638 0.605043
vt 0.279990 0.640361
vt 0.646967 0.872597
vt 0.648075 0.873467
vt 0.645906 0.874453
vt 0.647135 0.875148
vt 0.340976 0.937601
vt 0.361020 0.923655
vt 0.361456 0.922030
vt 0.361789 0.923655
vt 0.362077 0.922593
vt 0.316764 0.653192
vt 0.305791 0.636383
vt 0.315258 0.639215
vt 0.305329 0.624913
vt 0.292544 0.626476
vt 0.291853 0.603619
vt 0.281510 0.604650
vt 0.277992 0.586123
vt 0.270533 0.586382
vt 0.267039 0.571456
vt 0.265874 0.571652
vt 0.262895 0.559320
vt 0.269648 0.586490
vt 0.274518 0.604938
vt 0.369887 0.893533
vt 0.348435 0.918557
vt 0.348577 0.942765
vt 0.680450 0.791982
vt 0.685332 0.824286
vt 0.629491 0.800021
vt 0.632918 0.832658
vt 0.600067 0.804691
vt 0.600212 0.835631
vt 0.634014 0.845629
vt 0.599923 0.844564
vt 0.600200 0.863190
vt 0.637503 0.862128
vt 0.632101 0.885663
vt 0.599880 0.885922
vt 0.632713 0.924475
vt 0.599932 0.925340
vt 0.420638 0.839955
vt 0.419946 0.837514
vt 0.424390 0.839104
vt 0.424280 0.836530
vt 0.646743 0.872339
vt 0.645546 0.874158
vt 0.645857 0.874367
vt 0.488877 0.925634
vt 0.487941 0.925394
vt 0.489706 0.922548
vt 0.488767 0.922317
vt 0.490856 0.918258
vt 0.489915 0.918039
vt 0.485496 0.924732
vt 0.482511 0.923775
vt 0.480665 0.920880
vt 0.480898 0.920012
vt 0.479782 0.920435
vt 0.479962 0.919763
vt 0.718078 0.919999
vt 0.733827 0.920032
vt 0.718039 0.926966
vt 0.733830 0.926995
vt 0.739545 0.926995
vt 0.739545 0.920032
vt 0.755306 0.926965
vt 0.755250 0.919998
vt 0.733823 0.905758
vt 0.739545 0.905751
vt 0.648359 0.873723
vt 0.652219 0.871049
vt 0.651758 0.870448
vt 0.022828 0.115686
vt 0.022828 0.117850
vt 0.056538 0.116898
vt 0.056550 0.117850
vt 0.056538 0.118801
vt 0.022828 0.120013
vt 0.440175 0.937982
vt 0.440687 0.936053
vt 0.439073 0.937086
vt 0.647351 0.875322
vt 0.647048 0.875124
vt 0.444659 0.940105
vt 0.445293 0.939645
vt 0.445562 0.940762
vt 0.445804 0.940016
vt 0.444298 0.937068
vt 0.442593 0.936066
vt 0.342058 0.940744
vt 0.342004 0.940762
vt 0.370220 0.923655
vt 0.370499 0.922593
vt 0.370499 0.924716
vt 0.371230 0.921937
vt 0.371230 0.925373
vt 0.372133 0.925373
vt 0.372133 0.921937
vt 0.372864 0.922593
vt 0.372864 0.924716
vt 0.373143 0.923655
vt 0.077847 0.112903
vt 0.076646 0.110346
vt 0.023519 0.112984
vt 0.022828 0.111743
vt 0.436596 0.940762
vt 0.436212 0.940105
vt 0.441025 0.940762
vt 0.441096 0.940105
vt 0.441634 0.940762
vt 0.436065 0.939044
vt 0.440889 0.939044
vt 0.444314 0.939044
vt 0.436212 0.937982
vt 0.441096 0.937982
vt 0.444659 0.937982
vt 0.441777 0.937356
vt 0.445562 0.937326
vt 0.446678 0.937326
vt 0.446678 0.940762
vt 0.447581 0.940105
vt 0.259915 0.546988
vt 0.447926 0.939044
vt 0.447581 0.937982
vt 0.813199 0.988172
vt 0.813217 0.986992
vt 0.812557 0.988160
vt 0.812587 0.986981
vt 0.811834 0.988130
vt 0.811888 0.986952
vt 0.811073 0.988081
vt 0.811139 0.986903
vt 0.810324 0.988033
vt 0.810378 0.986855
vt 0.809624 0.988003
vt 0.809655 0.986824
vt 0.808994 0.987992
vt 0.809013 0.986813
vt 0.426351 0.922593
vt 0.426971 0.922030
vt 0.426638 0.923655
vt 0.427408 0.923655
vt 0.362830 0.925373
vt 0.362077 0.924716
vt 0.362830 0.921937
vt 0.364514 0.924716
vt 0.364802 0.923655
vt 0.360056 0.925373
vt 0.343522 0.925373
vt 0.359281 0.924716
vt 0.358985 0.923655
vt 0.359281 0.922593
vt 0.360056 0.921937
vt 0.343522 0.921937
vt 0.811778 0.990098
vt 0.810687 0.989471
vt 0.811778 0.991350
vt 0.810687 0.991977
vt 0.809595 0.991351
vt 0.809595 0.990098
vt 0.357421 0.937326
vt 0.358379 0.937326
vt 0.342917 0.937982
vt 0.359154 0.937982
vt 0.343262 0.939044
vt 0.359450 0.939044
vt 0.342917 0.940105
vt 0.359154 0.940105
vt 0.358379 0.940762
vt 0.357421 0.940762
vt 0.525350 0.877710
vt 0.525357 0.894687
vt 0.515016 0.877711
vt 0.515026 0.894777
vt 0.630458 0.769792
vt 0.626119 0.769305
vt 0.630286 0.768476
vt 0.625851 0.768046
vt 0.625896 0.751400
vt 0.621771 0.750980
vt 0.622464 0.739868
vt 0.617941 0.739872
vt 0.619504 0.731486
vt 0.614174 0.731211
vt 0.617393 0.714453
vt 0.612009 0.715734
vt 0.615271 0.679933
vt 0.610503 0.680971
vt 0.607948 0.588462
vt 0.606563 0.588543
vt 0.616352 0.771604
vt 0.616248 0.770392
vt 0.612689 0.753388
vt 0.610186 0.742241
vt 0.608722 0.729497
vt 0.608070 0.713672
vt 0.606443 0.678912
vt 0.601959 0.588781
vt 0.600519 0.775070
vt 0.601472 0.773473
vt 0.599361 0.756350
vt 0.598749 0.745135
vt 0.601427 0.728792
vt 0.600833 0.713620
vt 0.599282 0.679044
vt 0.596034 0.589002
vt 0.590552 0.776685
vt 0.592211 0.774895
vt 0.590930 0.757679
vt 0.591848 0.746335
vt 0.591553 0.729389
vt 0.590993 0.714147
vt 0.589483 0.679652
vt 0.586274 0.589375
vt 0.580926 0.777933
vt 0.580814 0.775951
vt 0.579852 0.758768
vt 0.579257 0.747714
vt 0.578392 0.730579
vt 0.578257 0.715697
vt 0.576836 0.681328
vt 0.573682 0.589950
vt 0.569369 0.776184
vt 0.568720 0.758915
vt 0.566586 0.747709
vt 0.565176 0.730783
vt 0.564299 0.715511
vt 0.562986 0.680956
vt 0.559993 0.590647
vt 0.560193 0.758528
vt 0.559588 0.747270
vt 0.555272 0.731231
vt 0.554443 0.715998
vt 0.553203 0.681340
vt 0.550323 0.591255
vt 0.547900 0.745625
vt 0.548055 0.732707
vt 0.547231 0.716796
vt 0.546087 0.681935
vt 0.544496 0.591672
vt 0.542776 0.734988
vt 0.543478 0.719268
vt 0.542213 0.684413
vt 0.539964 0.591897
vt 0.537998 0.718485
vt 0.537389 0.683771
vt 0.538605 0.591962
vt 0.537490 0.735807
vt 0.539929 0.744112
vt 0.535429 0.744598
vt 0.537326 0.755665
vt 0.533274 0.756538
vt 0.535163 0.773142
vt 0.530802 0.774052
vt 0.535034 0.774446
vt 0.530770 0.775395
vt 0.546619 0.757057
vt 0.544972 0.774401
vt 0.545003 0.775634
vt 0.560003 0.775811
vt 0.561130 0.777302
vt 0.571218 0.777781
vt 0.424779 0.940762
vt 0.424553 0.941670
vt 0.311307 0.901351
vt 0.310860 0.829320
vt 0.299839 0.901413
vt 0.299431 0.829387
vt 0.288901 0.829447
vt 0.289309 0.901473
vt 0.427577 0.939044
vt 0.426808 0.939044
vt 0.427139 0.937431
vt 0.426512 0.937982
vt 0.425986 0.936426
vt 0.425737 0.937326
vt 0.720341 0.945118
vt 0.745143 0.945151
vt 0.720340 0.961740
vt 0.745142 0.961906
vt 0.720340 0.971369
vt 0.745142 0.971542
vt 0.720339 0.979263
vt 0.745142 0.979442
vt 0.720339 0.983056
vt 0.745141 0.983240
vt 0.720339 0.996248
vt 0.745141 0.996252
vt 0.687537 0.833561
vt 0.687663 0.898018
vt 0.424553 0.936417
vt 0.424779 0.937326
vt 0.424004 0.940105
vt 0.423552 0.940875
vt 0.800000 0.821509
vt 0.800200 0.818691
vt 0.854895 0.867980
vt 0.855306 0.864905
vt 0.988584 0.976675
vt 0.855391 0.840594
vt 0.988858 0.940271
vt 0.855483 0.809139
vt 0.989222 0.854176
vt 0.855505 0.798076
vt 0.989332 0.842281
vt 0.855499 0.774508
vt 0.989334 0.795932
vt 0.800207 0.799381
vt 0.800186 0.790517
vt 0.800172 0.779798
vt 0.800162 0.765651
vt 0.855493 0.753493
vt 0.800153 0.753035
vt 0.800201 0.752553
vt 0.855548 0.752705
vt 0.800404 0.739951
vt 0.855853 0.731693
vt 0.856195 0.708128
vt 0.990578 0.665345
vt 0.856363 0.697099
vt 0.990628 0.653379
vt 0.856625 0.665684
vt 0.991033 0.567202
vt 0.856761 0.641394
vt 0.990936 0.530660
vt 0.989934 0.526923
vt 0.800632 0.725818
vt 0.800849 0.715176
vt 0.801052 0.706404
vt 0.801283 0.687179
vt 0.801115 0.684411
vt 0.856349 0.638342
vt 0.346022 0.942765
vt 0.345486 0.942765
vt 0.346023 0.940691
vt 0.345487 0.940106
vt 0.037688 0.553018
vt 0.034853 0.544230
vt 0.347501 0.944142
vt 0.347648 0.944142
vt 0.368250 0.969165
vt 0.369100 0.969165
vt 0.423461 0.925486
vt 0.423913 0.924716
vt 0.424423 0.926274
vt 0.424666 0.925373
vt 0.643075 0.838640
vt 0.642704 0.849861
vt 0.642334 0.838614
vt 0.641963 0.849849
vt 0.346561 0.942765
vt 0.806908 0.925243
vt 0.807077 0.919795
vt 0.812783 0.923979
vt 0.812932 0.918531
vt 0.365538 0.922593
vt 0.364514 0.922593
vt 0.360244 0.940105
vt 0.360134 0.939219
vt 0.360244 0.937982
vt 0.373338 0.937334
vt 0.381052 0.937330
vt 0.373801 0.937982
vt 0.381510 0.938124
vt 0.373964 0.939043
vt 0.381678 0.939221
vt 0.373801 0.940105
vt 0.381199 0.940119
vt 0.373374 0.940762
vt 0.381070 0.940762
vt 0.389184 0.935554
vt 0.388670 0.934684
vt 0.380487 0.937367
vt 0.388034 0.934370
vt 0.390262 0.941621
vt 0.390065 0.942522
vt 0.389551 0.942885
vt 0.364005 0.921035
vt 0.364967 0.921824
vt 0.363761 0.921937
vt 0.700413 0.833537
vt 0.698153 0.833541
vt 0.700515 0.897994
vt 0.698263 0.897998
vt 0.339647 0.939044
vt 0.373534 0.941670
vt 0.367382 0.941659
vt 0.374242 0.940653
vt 0.368071 0.940633
vt 0.374504 0.939043
vt 0.368320 0.939043
vt 0.374235 0.937416
vt 0.368062 0.937431
vt 0.373475 0.936415
vt 0.367301 0.936423
vt 0.376436 0.922593
vt 0.376008 0.921937
vt 0.376877 0.922045
vt 0.376168 0.921029
vt 0.375222 0.926188
vt 0.375404 0.925292
vt 0.369936 0.926276
vt 0.369045 0.926162
vt 0.368393 0.925351
vt 0.368020 0.923657
vt 0.374556 0.921986
vt 0.368388 0.921965
vt 0.375287 0.921059
vt 0.369137 0.921060
vt 0.370017 0.921039
vt 0.377138 0.923655
vt 0.376599 0.923655
vt 0.374972 0.922593
vt 0.375456 0.921963
vt 0.344808 0.921993
vt 0.339948 0.299806
vt 0.805967 0.987670
vt 0.805007 0.988108
vt 0.366411 0.936536
vt 0.366583 0.937439
vt 0.367155 0.937338
vt 0.365758 0.937348
vt 0.366165 0.937974
vt 0.342984 0.937982
vt 0.344085 0.937086
vt 0.440941 0.937351
vt 0.436691 0.937349
vt 0.435206 0.937348
vt 0.434728 0.937982
vt 0.434580 0.939044
vt 0.434728 0.940105
vt 0.435114 0.940762
vt 0.437136 0.942765
vt 0.437135 0.940691
vt 0.437672 0.942765
vt 0.437671 0.940106
vt 0.342236 0.940685
vt 0.341038 0.940661
vt 0.423461 0.921824
vt 0.423913 0.922593
vt 0.441116 0.937382
vt 0.441154 0.937326
vt 0.442248 0.937396
vt 0.442270 0.937326
vt 0.342166 0.937565
vt 0.343196 0.920599
vt 0.343561 0.921962
vt 0.341470 0.921710
vt 0.344693 0.921955
vt 0.345200 0.920600
vt 0.031718 0.689117
vt 0.366663 0.970637
vt 0.388701 0.992685
vt 0.344746 0.939044
vt 0.342984 0.940106
vt 0.344121 0.940954
vt 0.362598 0.921030
vt 0.340561 0.942099
vt 0.342565 0.942098
vt 0.356646 0.940105
vt 0.356020 0.940657
vt 0.818207 0.918147
vt 0.818063 0.923595
vt 0.357172 0.941661
vt 0.364967 0.925486
vt 0.364005 0.926274
vt 0.363761 0.925373
vt 0.420211 0.841045
vt 0.419782 0.840150
vt 0.416827 0.838222
vt 0.416142 0.835167
vt 0.415593 0.832695
vt 0.415380 0.831751
vt 0.418504 0.831043
vt 0.422846 0.830059
vt 0.357172 0.936426
vt 0.362598 0.926279
vt 0.345245 0.939044
vt 0.345244 0.942765
vt 0.362904 0.937982
vt 0.362904 0.940105
vt 0.006670 0.545383
vt 0.006364 0.530710
vt 0.017490 0.530855
vt 0.059252 0.115686
vt 0.059252 0.116638
vt 0.116739 0.115686
vt 0.117800 0.116638
vt 0.116739 0.117589
vt 0.059252 0.117589
vt 0.022570 0.530733
vt 0.021572 0.523424
vt 0.849758 0.892950
vt 0.843725 0.900104
vt 0.848056 0.892687
vt 0.842831 0.899361
vt 0.837612 0.893078
vt 0.842059 0.900100
vt 0.834920 0.893478
vt 0.210516 0.953093
vt 0.210512 0.952497
vt 0.343177 0.691655
vt 0.894210 0.963113
vt 0.905471 0.987873
vt 0.895352 0.961740
vt 0.908480 0.962347
vt 0.894818 0.951257
vt 0.907573 0.942746
vt 0.893709 0.931652
vt 0.906595 0.921123
vt 0.909408 0.942655
vt 0.908428 0.921033
vt 0.910315 0.962212
vt 0.911474 0.992939
vt 0.913306 0.992774
vt 0.761212 0.934939
vt 0.038478 0.567479
vt 0.036210 0.560699
vt 0.038585 0.578810
vt 0.037071 0.578428
vt 0.039133 0.588210
vt 0.037424 0.593181
vt 0.262911 0.199300
vt 0.243586 0.200081
vt 0.243805 0.201357
vt 0.026153 0.593417
vt 0.023979 0.697765
vt 0.025787 0.578885
vt 0.422914 0.940105
vt 0.420255 0.940105
vt 0.419553 0.940105
vt 0.416892 0.940105
vt 0.419553 0.937982
vt 0.416892 0.937982
vt 0.422914 0.937982
vt 0.420255 0.937982
vt 0.657935 0.880144
vt 0.657957 0.864166
vt 0.668904 0.880150
vt 0.668913 0.864205
vt 0.419526 0.924716
vt 0.419526 0.922593
vt 0.422889 0.924716
vt 0.423006 0.923494
vt 0.423552 0.937213
vt 0.420826 0.937213
vt 0.420826 0.940875
vt 0.232323 0.429783
vt 0.031656 0.515385
vt 0.031241 0.516336
vt 0.223686 0.469377
vt 0.220338 0.475363
vt 0.216943 0.478475
vt 0.015283 0.696077
vt 0.439064 0.919934
vt 0.439993 0.918557
vt 0.029583 0.695006
vt 0.437116 0.944142
vt 0.437358 0.944142
vt 0.366655 0.940726
vt 0.366502 0.941638
vt 0.423768 0.050845
vt 0.390757 0.120142
vt 0.389159 0.168797
vt 0.389055 0.200099
vt 0.386107 0.287749
vt 0.409675 0.287460
vt 0.409287 0.299293
vt 0.428448 0.288343
vt 0.428240 0.299384
vt 0.363898 0.200225
vt 0.344427 0.169438
vt 0.364861 0.169093
vt 0.435657 0.944142
vt 0.436213 0.942765
vt 0.436066 0.942765
vt 0.436597 0.942765
vt 0.437750 0.919934
vt 0.437364 0.919934
vt 0.437363 0.922593
vt 0.429873 0.031641
vt 0.436915 0.009256
vt 0.418515 0.004101
vt 0.114916 0.989260
vt 0.115139 0.984963
vt 0.114890 0.990786
vt 0.115130 0.985843
vt 0.115355 0.978745
vt 0.115358 0.979399
vt 0.115503 0.973740
vt 0.115510 0.974341
vt 0.115624 0.968830
vt 0.115633 0.969416
vt 0.479601 0.921108
vt 0.479545 0.921104
vt 0.232940 0.387213
vt 0.234190 0.390030
vt 0.854368 0.452664
vt 0.861146 0.452066
vt 0.855007 0.487639
vt 0.862054 0.486915
vt 0.855052 0.505165
vt 0.861740 0.503922
vt 0.854290 0.514153
vt 0.860588 0.520400
vt 0.853846 0.525818
vt 0.860519 0.533298
vt 0.854595 0.543219
vt 0.861250 0.550705
vt 0.865898 0.451561
vt 0.866887 0.486319
vt 0.867452 0.501864
vt 0.867121 0.521837
vt 0.866843 0.535113
vt 0.867220 0.552555
vt 0.892370 0.451524
vt 0.893483 0.486212
vt 0.894042 0.501647
vt 0.894836 0.521584
vt 0.895394 0.534924
vt 0.896116 0.552329
vt 0.920006 0.484425
vt 0.920556 0.499857
vt 0.922481 0.519658
vt 0.923873 0.532812
vt 0.924953 0.550206
vt 0.926380 0.501472
vt 0.928865 0.517702
vt 0.930031 0.530483
vt 0.930776 0.547868
vt 0.934610 0.510953
vt 0.936040 0.522462
vt 0.936778 0.539843
vt 0.345800 0.944142
vt 0.346042 0.944142
vt 0.367253 0.969165
vt 0.390167 0.927974
vt 0.389958 0.927112
vt 0.390669 0.928328
vt 0.391304 0.928015
vt 0.391819 0.927144
vt 0.392896 0.921078
vt 0.391035 0.920997
vt 0.391550 0.920127
vt 0.392186 0.919814
vt 0.423024 0.939219
vt 0.423708 0.939044
vt 0.189298 0.246111
vt 0.174186 0.280504
vt 0.361240 0.921028
vt 0.359807 0.921037
vt 0.358654 0.922042
vt 0.358216 0.923655
vt 0.358654 0.925268
vt 0.361456 0.925279
vt 0.359807 0.926272
vt 0.361240 0.926281
vt 0.011643 0.251296
vt 0.024334 0.284433
vt 0.040625 0.265620
vt 0.038566 0.321593
vt 0.055099 0.297162
vt 0.041256 0.332780
vt 0.059618 0.316628
vt 0.046464 0.423487
vt 0.063789 0.412565
vt 0.045763 0.464575
vt 0.064832 0.455320
vt 0.048880 0.508137
vt 0.068939 0.500195
vt 0.051087 0.537998
vt 0.070947 0.532317
vt 0.074565 0.279782
vt 0.076303 0.303419
vt 0.081517 0.404918
vt 0.082212 0.449063
vt 0.079479 0.500697
vt 0.082490 0.532317
vt 0.072452 0.555906
vt 0.082490 0.555906
vt 0.072954 0.582005
vt 0.082885 0.582765
vt 0.087423 0.495403
vt 0.089125 0.529440
vt 0.090827 0.557804
vt 0.094048 0.589221
vt 0.083981 0.607452
vt 0.096769 0.612894
vt 0.084491 0.618569
vt 0.097497 0.623832
vt 0.085000 0.629686
vt 0.098225 0.634771
vt 0.083940 0.641961
vt 0.098712 0.646397
vt 0.103864 0.490234
vt 0.104257 0.531487
vt 0.104442 0.557804
vt 0.109013 0.594664
vt 0.109830 0.615887
vt 0.112234 0.627061
vt 0.114637 0.638235
vt 0.118511 0.649626
vt 0.099006 0.660250
vt 0.118581 0.659845
vt 0.099383 0.680709
vt 0.118708 0.679346
vt 0.118788 0.691367
vt 0.138050 0.680596
vt 0.138141 0.692589
vt 0.152078 0.681680
vt 0.151914 0.693971
vt 0.163266 0.682791
vt 0.163297 0.694802
vt 0.169853 0.695015
vt 0.169481 0.704600
vt 0.138159 0.660166
vt 0.152609 0.660363
vt 0.163215 0.660305
vt 0.170390 0.682663
vt 0.172179 0.660132
vt 0.138497 0.646476
vt 0.153411 0.642091
vt 0.163045 0.642167
vt 0.174483 0.642178
vt 0.122641 0.638365
vt 0.139112 0.635039
vt 0.154275 0.627755
vt 0.163158 0.628007
vt 0.177214 0.628200
vt 0.124670 0.626581
vt 0.141180 0.623808
vt 0.155505 0.615609
vt 0.163396 0.616040
vt 0.179700 0.616434
vt 0.143248 0.612577
vt 0.156735 0.603463
vt 0.163634 0.604074
vt 0.182187 0.604668
vt 0.147011 0.592796
vt 0.159240 0.583077
vt 0.168249 0.583160
vt 0.186849 0.584388
vt 0.151024 0.553119
vt 0.157781 0.553442
vt 0.168121 0.555618
vt 0.185954 0.558801
vt 0.151523 0.526504
vt 0.157993 0.528134
vt 0.167577 0.530041
vt 0.185428 0.535727
vt 0.153013 0.488383
vt 0.157701 0.490672
vt 0.167032 0.493036
vt 0.186329 0.503199
vt 0.155423 0.440101
vt 0.130550 0.440223
vt 0.130242 0.487892
vt 0.129965 0.529360
vt 0.128060 0.559291
vt 0.126156 0.594935
vt 0.126700 0.614798
vt 0.103864 0.440731
vt 0.103864 0.398693
vt 0.103471 0.288293
vt 0.103078 0.271007
vt 0.103078 0.182216
vt 0.065180 0.223123
vt 0.059966 0.194967
vt 0.312981 0.916997
vt 0.374448 0.895225
vt 0.199975 0.112067
vt 0.212313 0.119161
vt 0.103078 0.105997
vt 0.056142 0.149431
vt 0.103076 0.057258
vt 0.045119 0.104875
vt 0.924480 0.976851
vt 0.924468 0.968441
vt 0.944777 0.976822
vt 0.944765 0.968412
vt 0.413599 0.241150
vt 0.432905 0.242514
vt 0.436879 0.201647
vt 0.437110 0.200374
vt 0.513334 0.991035
vt 0.483143 0.990932
vt 0.346578 0.944142
vt 0.347117 0.944142
vt 0.469078 0.289816
vt 0.468102 0.308390
vt 0.209438 0.990308
vt 0.209735 0.984008
vt 0.209993 0.976718
vt 0.210158 0.970391
vt 0.210309 0.964038
vt 0.210449 0.956909
vt 0.454676 0.921937
vt 0.454676 0.922593
vt 0.944796 0.989673
vt 0.944804 0.995206
vt 0.924498 0.989702
vt 0.924506 0.995235
vt 0.022828 0.095121
vt 0.080315 0.102305
vt 0.022828 0.061412
vt 0.115309 0.061412
vt 0.952921 0.978915
vt 0.950206 0.990838
vt 0.022828 0.106248
vt 0.023519 0.105007
vt 0.076646 0.107645
vt 0.077847 0.105088
vt 0.446436 0.938071
vt 0.445804 0.938071
vt 0.224936 0.041075
vt 0.235530 0.050151
vt 0.223128 0.242552
vt 0.208722 0.267568
vt 0.191872 0.296829
vt 0.188833 0.310677
vt 0.172281 0.294653
vt 0.185671 0.414214
vt 0.169852 0.403679
vt 0.184195 0.456474
vt 0.165944 0.445963
vt 0.160340 0.396441
vt 0.159799 0.288214
vt 0.160590 0.275588
vt 0.169821 0.190020
vt 0.170323 0.156894
vt 0.172330 0.106704
vt 0.180863 0.059023
vt 0.130242 0.397168
vt 0.130442 0.288157
vt 0.130201 0.271786
vt 0.130201 0.181269
vt 0.130442 0.105196
vt 0.130683 0.054882
vt 0.186886 0.036437
vt 0.198931 0.018871
vt 0.224330 0.003846
vt 0.238668 0.031465
vt 0.033907 0.689932
vt 0.115309 0.058710
vt 0.080315 0.017816
vt 0.022828 0.058710
vt 0.022828 0.025000
vt 0.030785 0.695914
vt 0.415284 0.923655
vt 0.415563 0.922593
vt 0.415563 0.924716
vt 0.416294 0.925373
vt 0.416294 0.921937
vt 0.417198 0.921937
vt 0.417198 0.925373
vt 0.417929 0.924716
vt 0.417929 0.922593
vt 0.418208 0.923655
vt 0.919092 0.990883
vt 0.916342 0.978968
vt 0.424004 0.937982
vt 0.439896 0.939044
vt 0.369297 0.892061
vt 0.391336 0.870013
vt 0.809601 0.991346
vt 0.394353 0.870013
vt 0.392872 0.870013
vt 0.346755 0.921744
vt 0.685069 0.887690
vt 0.668898 0.887679
vt 0.684972 0.880137
vt 0.657918 0.887673
vt 0.440549 0.919934
vt 0.655313 0.902147
vt 0.653114 0.902011
vt 0.655305 0.892152
vt 0.653217 0.892065
vt 0.643415 0.891965
vt 0.643313 0.901910
vt 0.641326 0.892009
vt 0.641111 0.902001
vt 0.653092 0.904214
vt 0.643290 0.904114
vt 0.643436 0.889875
vt 0.653238 0.889975
vt 0.313193 0.925703
vt 0.313314 0.930613
vt 0.313462 0.935618
vt 0.313678 0.941836
vt 0.313901 0.946133
vt 0.304319 0.043454
vt 0.294650 0.031027
vt 0.651184 0.870047
vt 0.650756 0.869415
vt 0.429532 0.384699
vt 0.421788 0.936424
vt 0.637428 0.907578
vt 0.662225 0.907406
vt 0.637435 0.921229
vt 0.662233 0.921060
vt 0.637442 0.937654
vt 0.662243 0.937491
vt 0.637446 0.947956
vt 0.662248 0.947800
vt 0.637449 0.955082
vt 0.662252 0.954934
vt 0.637451 0.960577
vt 0.662255 0.960436
vt 0.637459 0.982984
vt 0.662266 0.982954
vt 0.637464 0.996809
vt 0.662272 0.996787
vt 0.345632 0.003846
vt 0.345948 0.004870
vt 0.343945 0.004692
vt 0.344095 0.005462
vt 0.314008 0.007123
vt 0.314114 0.007623
vt 0.311786 0.008046
vt 0.311825 0.008260
vt 0.311304 0.008064
vt 0.311279 0.008280
vt 0.308938 0.008377
vt 0.308995 0.008946
vt 0.278894 0.010456
vt 0.279023 0.011364
vt 0.277022 0.010820
vt 0.277187 0.012005
vt 0.346076 0.006051
vt 0.344195 0.006376
vt 0.314163 0.008190
vt 0.311801 0.008474
vt 0.311320 0.008494
vt 0.309112 0.009447
vt 0.279207 0.012127
vt 0.277536 0.013021
vt 0.346135 0.007350
vt 0.344247 0.007404
vt 0.314148 0.008760
vt 0.311722 0.008660
vt 0.311415 0.008673
vt 0.309242 0.009883
vt 0.346151 0.008650
vt 0.344254 0.008434
vt 0.314073 0.009266
vt 0.311573 0.008794
vt 0.346090 0.009837
vt 0.344206 0.009352
vt 0.313985 0.009710
vt 0.345834 0.010877
vt 0.344100 0.010129
vt 0.211177 0.944072
vt 0.210961 0.937854
vt 0.210813 0.932848
vt 0.210692 0.927938
vt 0.210480 0.919233
vt 0.168979 0.911767
vt 0.372664 0.894910
vt 0.383686 0.925368
vt 0.383122 0.925331
vt 0.382689 0.924730
vt 0.382448 0.923654
vt 0.382680 0.922593
vt 0.383148 0.921950
vt 0.383704 0.921937
vt 0.427187 0.926281
vt 0.428621 0.926272
vt 0.429773 0.925268
vt 0.430212 0.923655
vt 0.429773 0.922042
vt 0.428621 0.921037
vt 0.427187 0.921028
vt 0.515024 0.876399
vt 0.498385 0.876390
vt 0.498373 0.877707
vt 0.525356 0.876399
vt 0.542090 0.876408
vt 0.542063 0.877714
vt 0.422963 0.937326
vt 0.422032 0.937326
vt 0.414563 0.937326
vt 0.413660 0.937326
vt 0.421278 0.937982
vt 0.412929 0.937982
vt 0.420990 0.939044
vt 0.412649 0.939044
vt 0.421278 0.940105
vt 0.412929 0.940105
vt 0.422032 0.940762
vt 0.413660 0.940762
vt 0.422963 0.940762
vt 0.414563 0.940762
vt 0.428371 0.925373
vt 0.429146 0.924716
vt 0.444905 0.925373
vt 0.429442 0.923655
vt 0.446153 0.923655
vt 0.429146 0.922593
vt 0.428371 0.921937
vt 0.444905 0.921937
vt 0.436041 0.944142
vt 0.436580 0.944142
vt 0.437914 0.942765
vt 0.313894 0.006685
vt 0.311695 0.007868
vt 0.311538 0.007745
vt 0.311387 0.007878
vt 0.309028 0.007298
vt 0.308950 0.007806
vt 0.278817 0.008413
vt 0.278824 0.009436
vt 0.276923 0.008195
vt 0.276939 0.009508
vt 0.454676 0.924716
vt 0.454676 0.925373
vt 0.276998 0.007000
vt 0.278877 0.007499
vt 0.309124 0.006852
vt 0.277267 0.005960
vt 0.279004 0.006724
vt 0.739546 0.942589
vt 0.733834 0.942594
vt 0.693962 0.829375
vt 0.691707 0.829380
vt 0.876508 0.921222
vt 0.875422 0.922726
vt 0.890288 0.930836
vt 0.889003 0.932194
vt 0.890468 0.933452
vt 0.891128 0.949376
vt 0.891980 0.932889
vt 0.893054 0.949110
vt 0.876163 0.944313
vt 0.889520 0.951852
vt 0.876601 0.963821
vt 0.889664 0.962445
vt 0.880884 0.989070
vt 0.875308 0.994453
vt 0.882352 0.990038
vt 0.876675 0.995749
vt 0.892555 0.964605
vt 0.890860 0.963861
vt 0.454676 0.923655
vt 0.651782 0.870528
vt 0.651222 0.870113
vt 0.445098 0.939044
vt 0.835160 0.884204
vt 0.836852 0.883884
vt 0.841433 0.891149
vt 0.842301 0.890376
vt 0.847307 0.883907
vt 0.850073 0.884320
vt 0.843194 0.891241
vt 0.446436 0.940016
vt 0.446947 0.939645
vt 0.115937 0.896429
vt 0.113575 0.890601
vt 0.117022 0.896212
vt 0.115476 0.890162
vt 0.118320 0.896119
vt 0.117573 0.889996
vt 0.119799 0.896093
vt 0.119776 0.889951
vt 0.121278 0.896105
vt 0.121980 0.889976
vt 0.122575 0.896186
vt 0.124077 0.890123
vt 0.123662 0.896393
vt 0.125982 0.890547
vt 0.106144 0.866148
vt 0.112538 0.865694
vt 0.119681 0.865564
vt 0.109443 0.843903
vt 0.119593 0.843830
vt 0.126824 0.865634
vt 0.119477 0.817445
vt 0.129743 0.843817
vt 0.133222 0.866035
vt 0.132270 0.817443
vt 0.139043 0.844178
vt 0.138650 0.867139
vt 0.141792 0.817598
vt 0.147234 0.845116
vt 0.152471 0.818090
vt 0.144427 0.790799
vt 0.156413 0.791178
vt 0.150648 0.742563
vt 0.162384 0.744434
vt 0.151301 0.722608
vt 0.163317 0.724155
vt 0.151784 0.709942
vt 0.163341 0.710867
vt 0.163327 0.704573
vt 0.134050 0.790854
vt 0.137557 0.742761
vt 0.138299 0.722768
vt 0.138268 0.710151
vt 0.151866 0.704019
vt 0.119091 0.742906
vt 0.118984 0.722893
vt 0.118911 0.710249
vt 0.138209 0.703288
vt 0.100627 0.742930
vt 0.099670 0.722937
vt 0.099556 0.710309
vt 0.099522 0.703433
vt 0.085878 0.704283
vt 0.099451 0.692720
vt 0.085699 0.694214
vt 0.085375 0.681896
vt 0.074206 0.683108
vt 0.084569 0.660541
vt 0.074006 0.660550
vt 0.074341 0.642062
vt 0.087538 0.742852
vt 0.086670 0.722897
vt 0.086041 0.710223
vt 0.074431 0.704952
vt 0.074334 0.695155
vt 0.067782 0.695445
vt 0.067084 0.683064
vt 0.075823 0.744838
vt 0.074674 0.724562
vt 0.074498 0.711262
vt 0.068280 0.705049
vt 0.071206 0.725089
vt 0.068679 0.711750
vt 0.452041 0.940105
vt 0.452041 0.939044
vt 0.065072 0.660458
vt 0.062939 0.642159
vt 0.074373 0.627589
vt 0.060357 0.627845
vt 0.074417 0.616592
vt 0.058032 0.615795
vt 0.074460 0.605595
vt 0.055707 0.603745
vt 0.054966 0.582316
vt 0.053425 0.559450
vt 0.452041 0.940762
vt 0.717824 0.996006
vt 0.666305 0.996505
vt 0.717521 0.964816
vt 0.666003 0.965323
vt 0.422738 0.859015
vt 0.673119 0.902173
vt 0.712753 0.901777
vt 0.445293 0.938443
vt 0.446947 0.938443
vt 0.437216 0.919934
vt 0.437215 0.923655
vt 0.421390 0.843460
vt 0.634993 0.363369
vt 0.649601 0.277156
vt 0.169166 0.711290
vt 0.166794 0.724648
vt 0.781327 0.982717
vt 0.799381 0.982707
vt 0.776001 0.988711
vt 0.804714 0.988698
vt 0.102532 0.053721
vt 0.594002 0.009696
vt 0.610503 0.014060
vt 0.627757 0.017296
vt 0.630144 0.017719
vt 0.643541 0.046740
vt 0.647467 0.020539
vt 0.664460 0.022036
vt 0.679268 0.021154
vt 0.452041 0.937326
vt 0.798660 0.926658
vt 0.798868 0.921212
vt 0.452041 0.937982
vt 0.118860 0.702422
vt 0.018611 0.699142
vt 0.392896 0.941621
vt 0.393093 0.942522
vt 0.401959 0.940119
vt 0.409785 0.940762
vt 0.402088 0.940762
vt 0.393607 0.942885
vt 0.421788 0.941663
vt 0.423625 0.923655
vt 0.004521 0.554493
vt 0.415763 0.894910
vt 0.416608 0.894910
vt 0.437913 0.939044
vt 0.774320 0.994222
vt 0.806399 0.994210
vt 0.119350 0.790932
vt 0.104652 0.790985
vt 0.094275 0.791023
vt 0.082294 0.791519
vt 0.106687 0.817555
vt 0.097167 0.817793
vt 0.086494 0.818382
vt 0.100145 0.844343
vt 0.091963 0.845351
vt 0.100726 0.867297
vt 0.020423 0.517898
vt 0.447142 0.939044
vt 0.525343 0.859312
vt 0.515006 0.859474
vt 0.641809 0.880098
vt 0.641805 0.887651
vt 0.395556 0.870013
vt 0.394074 0.870013
vt 0.027112 0.698348
vt 0.452700 0.267013
vt 0.404741 0.925368
vt 0.405306 0.925331
vt 0.405739 0.924730
vt 0.398260 0.927974
vt 0.130924 0.009143
vt 0.130924 0.024549
vt 0.027532 0.699047
vt 0.003846 0.541753
vt 0.421842 0.858620
vt 0.580359 0.003846
vt 0.422889 0.922593
vt 0.668889 0.903903
vt 0.657897 0.903867
vt 0.130924 0.037790
vt 0.477376 0.174400
vt 0.473879 0.185117
vt 0.475047 0.163371
vt 0.465491 0.192650
vt 0.467515 0.154985
vt 0.450982 0.194793
vt 0.453387 0.150000
vt 0.438807 0.153444
vt 0.436786 0.191109
vt 0.429253 0.182724
vt 0.430420 0.160978
vt 0.426923 0.171694
vt 0.003846 0.048338
vt 0.042967 0.018385
vt 0.752477 0.906128
vt 0.749581 0.907470
vt 0.750826 0.905815
vt 0.749539 0.905677
vt 0.749735 0.900720
vt 0.747520 0.900865
vt 0.747829 0.891538
vt 0.744335 0.891946
vt 0.745839 0.877558
vt 0.740939 0.878055
vt 0.744758 0.864477
vt 0.739030 0.864820
vt 0.744023 0.844597
vt 0.737684 0.844691
vt 0.738091 0.806566
vt 0.731764 0.806279
vt 0.751968 0.900702
vt 0.751359 0.891363
vt 0.750766 0.877341
vt 0.750485 0.864339
vt 0.750369 0.844582
vt 0.744398 0.806767
vt 0.745442 0.786902
vt 0.739713 0.786458
vt 0.751179 0.787143
vt 0.750704 0.806893
vt 0.756717 0.844639
vt 0.756213 0.864386
vt 0.755702 0.877373
vt 0.754898 0.891362
vt 0.754189 0.900635
vt 0.754066 0.905832
vt 0.756920 0.787201
vt 0.757012 0.806953
vt 0.763058 0.844769
vt 0.761942 0.864622
vt 0.760629 0.877664
vt 0.758425 0.891565
vt 0.756408 0.900640
vt 0.755285 0.905629
vt 0.762661 0.787071
vt 0.763326 0.806944
vt 0.769388 0.844978
vt 0.767668 0.865071
vt 0.765522 0.878255
vt 0.761894 0.892050
vt 0.758558 0.900880
vt 0.765245 0.892892
vt 0.760546 0.901414
vt 0.768421 0.894180
vt 0.768396 0.786731
vt 0.769647 0.806858
vt 0.775719 0.845277
vt 0.773394 0.865770
vt 0.770358 0.879208
vt 0.774128 0.786139
vt 0.775988 0.806681
vt 0.782092 0.845677
vt 0.779141 0.866770
vt 0.775135 0.880607
vt 0.779884 0.785248
vt 0.782382 0.806400
vt 0.788600 0.846188
vt 0.784976 0.868111
vt 0.779893 0.882582
vt 0.771356 0.896077
vt 0.762289 0.902279
vt 0.763685 0.903560
vt 0.758041 0.906201
vt 0.758496 0.906811
vt 0.755786 0.907337
vt 0.757319 0.905815
vt 0.756382 0.905613
vt 0.733988 0.785772
vt 0.741858 0.773260
vt 0.737013 0.772331
vt 0.745569 0.759466
vt 0.742195 0.758652
vt 0.748857 0.750578
vt 0.746792 0.750091
vt 0.750976 0.745796
vt 0.749885 0.745661
vt 0.751051 0.744005
vt 0.749053 0.745288
vt 0.748539 0.744682
vt 0.743550 0.748006
vt 0.725383 0.805888
vt 0.728242 0.784788
vt 0.732227 0.770957
vt 0.738982 0.757390
vt 0.744985 0.749259
vt 0.718869 0.805383
vt 0.722406 0.783462
vt 0.727466 0.768995
vt 0.736021 0.755510
vt 0.724952 0.845159
vt 0.731339 0.844874
vt 0.727531 0.866292
vt 0.733296 0.865407
vt 0.731270 0.880192
vt 0.736081 0.878900
vt 0.737695 0.893886
vt 0.740934 0.892691
vt 0.743608 0.902091
vt 0.745441 0.901301
vt 0.747610 0.906151
vt 0.748448 0.905793
vt 0.718433 0.845555
vt 0.721671 0.867519
vt 0.726472 0.882070
vt 0.734700 0.895707
vt 0.742138 0.903317
vt 0.747085 0.906747
vt 0.788907 0.806005
vt 0.785739 0.784022
vt 0.780919 0.769448
vt 0.776134 0.771341
vt 0.771339 0.772650
vt 0.766490 0.773510
vt 0.761585 0.774008
vt 0.756644 0.774207
vt 0.751694 0.774148
vt 0.746758 0.773843
vt 0.752535 0.760180
vt 0.756047 0.760242
vt 0.759558 0.760097
vt 0.763027 0.759666
vt 0.766393 0.758875
vt 0.769599 0.757638
vt 0.772574 0.755792
vt 0.761916 0.750244
vt 0.763661 0.749411
vt 0.765077 0.748165
vt 0.759971 0.744829
vt 0.759505 0.745430
vt 0.757268 0.744252
vt 0.758775 0.745802
vt 0.757834 0.745986
vt 0.759931 0.750752
vt 0.757780 0.750968
vt 0.749035 0.759941
vt 0.753319 0.750841
vt 0.755552 0.750944
vt 0.755518 0.745723
vt 0.756736 0.745949
vt 0.751074 0.750777
vt 0.753929 0.745397
vt 0.752268 0.745680
vt 0.067765 0.871399
vt 0.015872 0.872812
vt 0.064622 0.853507
vt 0.018498 0.853134
vt 0.068315 0.843556
vt 0.016135 0.840741
vt 0.076574 0.851423
vt 0.076019 0.862453
vt 0.012602 0.870549
vt 0.008572 0.867028
vt 0.005376 0.859895
vt 0.005686 0.850105
vt 0.009839 0.844914
vt 0.008050 0.808096
vt 0.012098 0.804603
vt 0.017887 0.822040
vt 0.015379 0.802361
vt 0.063978 0.821943
vt 0.067227 0.804083
vt 0.075421 0.813072
vt 0.075908 0.824098
vt 0.067609 0.831909
vt 0.015451 0.834410
vt 0.009184 0.830203
vt 0.005065 0.824990
vt 0.004814 0.815206
vt 0.693657 0.240015
vt 0.703158 0.038462
vt 0.434615 0.539335
vt 0.634213 0.574913
vt 0.654406 0.603902
vt 0.417789 0.199529
vt 0.212381 0.479543
vt 0.482152 0.544399
vt 0.987663 0.980372
vt 0.023091 0.700285
vt 0.443789 0.921937
vt 0.344639 0.921937
vt 0.392700 0.920177
vt 0.418925 0.840344
vt 0.419532 0.841199
vt 0.419533 0.841255
vt 0.480432 0.921748
vt 0.420677 0.839946
vt 0.498666 0.886805
vt 0.005112 0.983256
vt 0.477221 0.288626
vt 0.498216 0.997730
vt 0.989959 0.711720
vn 0.999700 -0.008000 -0.021400
vn 0.999700 -0.005300 -0.022000
vn 0.000000 0.985700 0.168600
vn 0.000300 0.003300 -1.000000
vn -0.001300 0.002500 -1.000000
vn 0.006900 -0.033200 0.999400
vn 0.014500 -0.044600 0.998900
vn -1.000000 0.000000 0.000000
vn 0.000000 0.000000 1.000000
vn 0.587800 0.000000 0.809000
vn -0.587800 0.000000 0.809000
vn -0.951100 0.000000 0.309000
vn -0.951100 0.000000 -0.309000
vn -0.587700 0.000000 -0.809000
vn -0.000000 0.000000 -1.000000
vn 0.587800 0.000000 -0.809000
vn 0.587700 0.000000 -0.809000
vn 0.210700 -0.362900 -0.907700
vn 0.320700 -0.446800 -0.835200
vn 0.572900 -0.798200 -0.186200
vn 0.546400 -0.795800 -0.260900
vn 0.556700 -0.810800 0.180900
vn 0.562800 -0.784100 0.261700
vn 0.275000 -0.383200 0.881800
vn 0.329400 -0.579200 0.745700
vn 0.548600 -0.794300 -0.261000
vn 0.547300 -0.793500 -0.266000
vn 0.547000 -0.793800 -0.266000
vn 0.547400 -0.793500 -0.266000
vn 0.547800 -0.794900 0.260900
vn 0.547800 -0.793200 0.265900
vn 0.373900 -0.541400 0.753100
vn 0.371300 -0.534600 0.759100
vn 0.313900 -0.454600 -0.833500
vn 0.313500 -0.454900 -0.833600
vn 0.313200 -0.455000 -0.833600
vn 0.313100 -0.455100 -0.833600
vn 0.314700 -0.455600 -0.832700
vn 0.544300 -0.788200 -0.287200
vn 0.546800 -0.793400 -0.267500
vn 0.546700 -0.793400 -0.267500
vn 0.547800 -0.793200 -0.266000
vn 0.543600 -0.788800 0.286900
vn 0.547600 -0.792900 0.267400
vn 0.351900 -0.509600 0.785200
vn 0.370000 -0.532700 0.761100
vn -0.992600 0.121200 -0.007200
vn -0.998500 0.054000 -0.000500
vn -0.822000 0.535200 -0.194500
vn -0.822000 0.535300 -0.194600
vn -0.824100 0.536300 -0.182200
vn -0.833800 0.516400 -0.195000
vn -0.830900 0.514800 -0.211000
vn -0.821100 0.519000 -0.237600
vn -0.344600 -0.493700 0.798400
vn -0.349600 -0.508000 0.787300
vn -0.543600 -0.785300 0.296200
vn -0.543400 -0.788600 0.287900
vn -0.541200 -0.785300 -0.300600
vn -0.544000 -0.786300 -0.293000
vn -0.323000 -0.469100 -0.822000
vn -0.324800 -0.470700 -0.820300
vn 0.000000 -1.000000 0.000000
vn -0.414400 -0.904200 0.103600
vn 0.999800 -0.000100 -0.019300
vn 0.000300 0.003200 -1.000000
vn 0.002100 0.002600 -1.000000
vn -0.999100 0.042100 -0.000400
vn -0.999200 0.040100 0.000000
vn 0.315300 -0.451600 -0.834600
vn 0.310900 -0.451800 -0.836200
vn 0.000000 0.984800 0.173600
vn 0.185100 -0.106900 -0.976900
vn -0.013500 0.999000 0.043100
vn -0.008200 0.999500 0.030100
vn -0.574600 -0.818200 -0.021900
vn -0.587200 -0.809200 -0.017700
vn 0.445400 -0.895200 0.012000
vn 0.476400 -0.879100 0.015900
vn 0.708700 -0.705400 0.012600
vn 0.702900 -0.711200 0.012000
vn 0.821300 -0.570400 0.006700
vn 0.903500 -0.428500 0.012400
vn 0.928900 -0.370100 0.009800
vn 0.946800 -0.321700 0.010600
vn 0.934100 -0.356900 0.012700
vn 0.992800 -0.117300 0.022700
vn 0.998700 -0.047300 0.020000
vn 0.999900 0.004100 0.015900
vn 0.193700 -0.815000 -0.546200
vn 0.193600 -0.815000 -0.546200
vn -0.036000 -0.858900 -0.510800
vn -0.014900 -0.857800 -0.513800
vn 0.850800 -0.525100 0.018800
vn 0.865300 -0.500500 -0.025500
vn -0.999100 0.042700 -0.007000
vn -0.999800 0.018600 0.000000
vn 0.865300 -0.499600 -0.040800
vn 0.865300 -0.499600 -0.040900
vn 0.993400 -0.079400 -0.083300
vn 0.989100 -0.147100 -0.011900
vn 0.996500 -0.080300 -0.025100
vn 0.996400 -0.080300 -0.025700
vn 0.996400 -0.080300 -0.026200
vn 0.996100 -0.085400 -0.024000
vn 0.996100 -0.085400 -0.023500
vn 0.996100 -0.085400 -0.023100
vn 0.998500 0.052500 -0.017600
vn 0.998500 0.052500 -0.017100
vn 0.996500 0.078600 -0.026800
vn 0.994000 0.106400 -0.025000
vn 0.993600 0.106400 -0.037300
vn 0.991500 0.123500 -0.041200
vn 0.992700 0.118700 -0.019200
vn 0.992800 0.118700 -0.018600
vn 0.992800 0.118700 -0.017900
vn 0.993400 0.113800 -0.015700
vn 0.993500 0.113800 -0.002000
vn 0.998700 0.047000 -0.020700
vn 0.998700 0.047000 -0.020300
vn 0.998700 0.047000 -0.020600
vn 0.998600 0.049400 -0.021300
vn 0.996300 -0.082200 -0.026100
vn 0.998700 0.047000 -0.021000
vn 0.998500 0.052500 -0.018100
vn 0.857000 0.208400 -0.471400
vn 0.857000 0.208400 -0.471300
vn -1.000000 0.003100 0.000600
vn -0.996100 -0.081000 -0.035600
vn 0.000000 1.000000 -0.000000
vn -0.574100 -0.814900 -0.079400
vn -0.551100 -0.832800 -0.053000
vn 0.564200 -0.325700 0.758700
vn -0.017400 -0.998800 -0.045500
vn -0.017400 -0.998800 -0.045400
vn -0.482300 0.875900 -0.012300
vn -0.502000 0.864700 -0.015000
vn -0.696300 0.717700 -0.011500
vn -0.695900 0.718000 -0.011400
vn -0.695600 0.718300 -0.011400
vn -0.695200 0.718700 -0.011300
vn -0.811100 0.584900 -0.006000
vn -0.897100 0.441700 -0.011800
vn -0.921900 0.387400 -0.009400
vn -0.945700 0.324700 -0.010400
vn -0.934200 0.356600 -0.012300
vn -0.994300 0.103900 -0.022800
vn -0.999700 -0.016500 -0.018100
vn -0.999800 -0.003600 -0.017200
vn 0.819100 -0.573600 0.000000
vn -0.008100 0.873300 -0.487100
vn 0.015200 0.872700 -0.488000
vn -0.584900 0.337700 -0.737500
vn 0.988800 -0.147100 -0.026400
vn 0.987700 -0.153500 -0.029800
vn 0.989800 -0.138200 -0.035500
vn 0.989300 -0.138200 -0.047700
vn 0.992600 -0.111400 -0.047900
vn 0.990900 -0.127500 -0.042200
vn 0.994900 0.095200 -0.032500
vn 0.994500 0.095200 -0.043100
vn 0.991000 0.127600 -0.039600
vn 0.995200 0.084900 -0.049200
vn 0.990100 -0.127400 -0.058600
vn 0.991700 -0.116900 -0.053200
vn 0.986000 -0.158200 -0.052500
vn 0.986500 -0.155000 -0.053400
vn 0.986500 -0.155000 -0.053200
vn 0.986500 -0.155000 -0.053100
vn 1.000000 0.000000 0.003500
vn 0.999000 0.042100 -0.011700
vn -0.043800 0.041500 -0.998200
vn -0.043600 0.041600 -0.998200
vn -0.043600 0.041500 -0.998200
vn -0.043500 0.041500 -0.998200
vn 0.569400 0.818200 0.080000
vn 0.553700 0.831100 0.051100
vn -0.019800 0.089200 0.995800
vn -0.277200 0.547300 0.789700
vn -0.266900 0.386200 0.883000
vn -0.528700 0.765100 0.367400
vn -0.533900 0.757900 0.374800
vn -0.536700 0.761900 -0.362500
vn -0.527100 0.762900 -0.374300
vn -0.454200 0.657400 -0.601300
vn -0.231800 0.491400 -0.839500
vn 0.081000 0.000000 -0.996700
vn -0.086100 0.167300 -0.982100
vn 0.914900 0.123400 -0.384300
vn 0.940100 0.151000 -0.305600
vn 0.906200 0.145600 0.397100
vn 0.944100 0.120600 0.306800
vn 0.583500 0.120600 0.803100
vn 0.583600 0.120600 0.803000
vn 0.000000 0.120600 0.992700
vn -0.583500 0.120600 0.803100
vn -0.583600 0.120600 0.803000
vn -0.944100 0.120600 0.306700
vn -0.944100 0.120600 0.306800
vn -0.944100 0.120600 -0.306700
vn -0.944100 0.120600 -0.306800
vn 0.583500 0.120600 -0.803100
vn 0.000000 0.120600 -0.992700
vn -0.583500 0.120600 -0.803100
vn -0.583400 0.120600 -0.803100
vn -0.999200 0.040100 0.000500
vn -0.999100 0.042700 0.000000
vn -0.998400 0.054500 0.016000
vn -0.998500 0.052300 0.016000
vn -0.011900 0.319400 -0.947500
vn -0.007400 0.321100 -0.947000
vn -0.125800 0.153800 -0.980100
vn -0.109800 0.147700 -0.982900
vn -0.106800 0.147900 -0.983200
vn -0.277000 0.396200 -0.875400
vn -0.274800 0.397600 -0.875400
vn -0.517200 0.749300 -0.413600
vn -0.517500 0.749300 -0.413200
vn -0.517300 0.749200 -0.413700
vn -0.519000 0.752200 -0.406100
vn -0.307100 0.444400 -0.841500
vn -0.279600 0.399900 -0.872900
vn -0.098100 0.135200 -0.985900
vn -0.095000 0.137100 -0.986000
vn -0.053700 0.070600 -0.996100
vn -0.091900 0.132600 -0.986900
vn 0.007400 0.321100 -0.947000
vn 0.011900 0.319400 -0.947500
vn -0.000100 -0.159800 -0.987100
vn -0.000000 -0.159800 -0.987100
vn 0.000000 0.139200 -0.990300
vn 0.000000 -0.469500 -0.882900
vn 0.000000 -0.898800 -0.438300
vn 0.000000 -0.984800 0.173700
vn 0.000000 -0.984800 0.173600
vn 0.000000 -0.694700 0.719300
vn 0.000000 0.694700 -0.719300
vn 0.000000 0.984800 -0.173600
vn 0.000000 0.898800 0.438400
vn 0.000000 0.469500 0.882900
vn 0.000000 -0.139200 0.990300
vn 0.000000 0.097900 0.995200
vn 0.000000 0.999300 0.038400
vn -0.999500 0.031700 -0.001700
vn -1.000000 0.000000 0.007600
vn -1.000000 -0.000500 0.001400
vn -1.000000 -0.005400 0.003200
vn -0.866900 -0.498500 -0.000500
vn -0.866000 -0.500100 -0.000400
vn 0.000000 -0.359000 -0.933300
vn -0.185100 -0.106900 -0.976900
vn 0.043700 -0.044500 0.998100
vn 0.043600 -0.044500 0.998100
vn 0.043400 -0.044400 0.998100
vn 0.043700 -0.044400 0.998100
vn 0.043500 -0.044200 0.998100
vn 0.000000 0.605600 0.795800
vn 0.000000 0.587500 0.809200
vn -0.564200 -0.325700 0.758700
vn -0.993300 0.079400 0.083500
vn -0.989100 0.147100 0.011900
vn -0.988800 0.147000 0.026400
vn -0.996400 0.080200 0.025700
vn -0.996400 0.080200 0.026200
vn -0.996100 0.085400 0.023500
vn -0.996100 0.085400 0.024000
vn -0.998500 -0.052400 0.017600
vn -0.998500 -0.052400 0.018100
vn -0.998500 -0.052400 0.017100
vn -0.996600 -0.078500 0.026700
vn -0.996100 -0.078500 0.040000
vn -0.993600 -0.106300 0.037300
vn -0.991500 -0.123500 0.041200
vn -0.996100 0.085400 0.023100
vn -0.993200 0.111400 0.034900
vn -0.989800 0.138300 0.035500
vn -0.989300 0.138200 0.047700
vn -0.986500 0.155000 0.053100
vn -0.986500 0.155000 0.053200
vn -0.986500 0.155000 0.053400
vn -0.992600 0.111300 0.047900
vn -0.990900 0.127500 0.042200
vn -0.990100 0.127400 0.058500
vn -0.994300 -0.095100 0.048700
vn -0.995400 -0.084700 0.044300
vn -0.991000 -0.127600 0.039600
vn -0.991700 0.116900 0.053200
vn -0.986000 0.158200 0.052500
vn 0.958400 0.131600 0.253400
vn 0.951900 0.000000 0.306300
vn 0.525900 0.763900 0.373900
vn 0.556600 0.822600 0.116100
vn 0.440900 0.890200 0.114500
vn 0.443800 0.896100 -0.000000
vn 1.000000 0.000000 0.000000
vn 0.108400 0.993300 0.041100
vn 0.833900 0.452300 0.316300
vn 0.840400 0.062300 -0.538300
vn 0.995700 0.090400 -0.019200
vn 0.995900 0.088800 -0.016500
vn 0.000000 0.123200 0.992400
vn -0.994000 -0.106400 0.024900
vn -0.992800 -0.118800 0.018600
vn -0.992700 -0.118700 0.019200
vn -0.992800 -0.118800 0.018500
vn -0.992800 -0.118800 0.017900
vn -0.993400 -0.113700 0.015700
vn -0.993500 -0.113700 0.002000
vn -0.998700 -0.047000 0.020600
vn -0.998700 -0.047000 0.020300
vn -0.998700 -0.047000 0.020700
vn -0.998600 -0.049300 0.021400
vn -0.996300 0.082100 0.026100
vn -0.996200 -0.059300 0.064100
vn -0.997500 0.001900 0.070000
vn -0.995500 0.065800 0.068000
vn -0.265400 0.961900 0.065100
vn -0.255600 0.965000 0.059400
vn -0.485800 0.871600 0.065600
vn -0.485400 0.870900 0.077000
vn -0.330800 0.942400 -0.050100
vn -0.331300 0.943500 0.000000
vn -0.602400 0.798200 0.003600
vn -0.602400 0.798200 0.003400
vn -0.602400 0.798200 0.004300
vn -0.602400 0.798200 0.003100
vn -0.356700 0.934200 0.001100
vn -0.359200 0.933200 0.010800
vn -0.968800 0.001800 0.247800
vn -0.254100 0.965000 0.065000
vn -0.265200 0.961300 0.074700
vn -0.611700 0.783200 0.111200
vn -0.614800 0.787200 -0.048900
vn -0.655400 0.753800 -0.047400
vn -0.653700 0.751900 -0.085400
vn -0.309200 0.946400 -0.093400
vn -0.303500 0.947900 -0.097100
vn 0.303500 0.947900 -0.097100
vn 0.305000 0.952400 0.005300
vn 0.598300 0.801300 0.005600
vn 0.602400 0.798200 0.003600
vn 0.602400 0.798200 0.004300
vn 0.602400 0.798200 0.003300
vn 0.331300 0.943500 0.000000
vn -0.653800 0.754300 0.059900
vn -0.702300 0.709300 0.060600
vn -0.701000 0.708100 -0.085300
vn -0.292400 0.951300 -0.097400
vn -0.309400 0.947100 -0.085700
vn 0.309400 0.947100 -0.085700
vn 0.309200 0.946400 -0.093400
vn 0.653700 0.751900 -0.085400
vn 0.597700 0.800500 -0.042800
vn 0.330800 0.942400 -0.050100
vn -0.751000 0.660300 -0.000900
vn -0.403200 0.914900 0.018500
vn -0.292700 0.952300 -0.086000
vn -0.102500 0.992000 -0.074100
vn 0.102600 0.992000 -0.074100
vn 0.269100 0.000000 -0.963100
vn 0.396100 0.362500 -0.843600
vn 0.356900 0.542700 -0.760300
vn 0.541000 0.822600 -0.175400
vn -0.541000 0.822600 -0.175400
vn -0.392200 0.896500 -0.206100
vn -0.706600 0.646800 -0.287200
vn -0.964800 -0.046000 -0.259100
vn -0.402200 0.912500 -0.075200
vn -0.269100 -0.000000 -0.963100
vn -0.396000 0.362500 -0.843600
vn -0.356900 0.542700 -0.760300
vn -0.823300 0.567300 0.016500
vn -0.831000 0.555800 0.020200
vn -0.987700 0.153500 0.029800
vn -0.859800 0.510400 0.017400
vn -0.837100 0.546000 0.035800
vn -0.549400 -0.835600 -0.007000
vn -0.519500 -0.854400 -0.005700
vn 0.866800 0.498600 0.000400
vn 0.866300 0.499500 0.000500
vn 0.866500 0.499100 0.000500
vn 0.866100 0.499900 0.000600
vn 0.551400 -0.834100 0.014900
vn 0.552800 -0.831300 0.057500
vn 0.518800 0.854900 0.000000
vn 0.514600 0.857400 0.009100
vn 0.017000 0.017800 -0.999700
vn 0.016900 0.017900 -0.999700
vn 0.017000 0.017900 -0.999700
vn 0.830700 0.556500 -0.017200
vn 0.822400 0.567800 -0.035900
vn 0.000000 -1.000000 -0.003400
vn -0.569800 0.821300 0.028800
vn -0.569000 0.822300 0.007200
vn -0.972400 0.119900 -0.200300
vn -0.953100 0.193600 -0.232500
vn -0.799000 0.572600 -0.183700
vn -0.811800 0.582100 -0.046000
vn -0.361500 0.929500 -0.072800
vn -0.427700 0.898200 -0.101900
vn -0.789300 0.582700 -0.193400
vn -0.355400 0.912900 -0.200800
vn -0.355500 0.912900 -0.200700
vn -0.355100 0.913000 -0.201000
vn -0.355800 0.912800 -0.200500
vn 0.000000 0.985400 -0.170400
vn 0.355500 0.912900 -0.200700
vn 0.355800 0.912800 -0.200500
vn 0.355400 0.912900 -0.200800
vn 0.355100 0.913000 -0.201000
vn 0.361500 0.929500 -0.072800
vn 0.811800 0.582100 -0.046000
vn 0.641500 0.747900 -0.170600
vn 0.185000 0.970800 -0.152500
vn 0.186600 0.979600 -0.075000
vn 0.992600 0.121400 0.003600
vn 0.427700 0.898200 -0.101900
vn 0.429900 0.902700 -0.017900
vn 0.650700 0.759300 -0.009500
vn 0.597600 0.800400 -0.046300
vn 0.408900 0.911000 -0.053300
vn 0.408900 0.911100 -0.052700
vn 0.409000 0.911000 -0.052900
vn 0.421500 0.905600 -0.046600
vn 0.598200 0.801300 -0.002200
vn 0.576700 0.816600 -0.023900
vn 0.421800 0.906400 -0.024000
vn 0.387200 0.920700 -0.048500
vn 0.387600 0.921800 0.004300
vn 0.576800 0.816800 0.010300
vn 0.599200 0.800600 0.003000
vn 0.399300 0.916800 0.001400
vn 0.359200 0.933200 0.010800
vn 0.399300 0.916800 -0.009100
vn 0.409800 0.912200 -0.001500
vn 0.008400 0.009500 0.999900
vn 0.010400 0.014600 0.999800
vn 0.306300 0.436400 0.846000
vn 0.312800 0.454500 0.834000
vn 0.526200 0.759400 0.382700
vn 0.526300 0.762000 0.377400
vn 0.524100 0.758700 -0.387000
vn 0.525700 0.759400 -0.383400
vn 0.308700 0.448400 -0.838900
vn 0.321200 0.459600 -0.828000
vn 0.040800 0.053000 -0.997800
vn 0.032900 0.045700 -0.998400
vn 0.000000 0.989400 0.145300
vn 0.000000 0.932600 0.361000
vn -0.065700 0.932300 0.355600
vn 0.976200 0.000000 0.216800
vn -0.996800 0.000000 0.079800
vn -0.971900 0.000000 0.235300
vn 0.000000 0.983600 0.180600
vn -0.852000 0.523400 0.013400
vn -0.864600 0.501500 -0.031200
vn -0.889700 0.000000 0.456600
vn -0.567900 0.823100 0.000000
vn 0.003300 0.995500 0.094400
vn 0.006100 0.996300 0.086200
vn -0.995000 0.000000 0.099500
vn -0.000000 1.000000 -0.005200
vn -0.555400 0.001600 0.831600
vn -0.598600 -0.055400 0.799100
vn 0.185900 0.977500 -0.099400
vn 0.197800 0.976100 -0.089900
vn 0.197800 0.976400 -0.086400
vn 0.205800 0.975400 -0.078800
vn -0.958400 0.131600 0.253400
vn -0.951900 0.000000 0.306300
vn -0.846800 0.531500 -0.019000
vn -0.846200 0.530100 -0.054200
vn -0.000000 0.978200 -0.207900
vn -0.823100 -0.500500 0.268300
vn -0.822100 -0.489300 0.291200
vn 0.000000 0.982600 0.185900
vn -0.000000 1.000000 -0.000200
vn -0.998500 0.054000 -0.002800
vn -0.999500 0.031700 0.000400
vn 0.000000 -1.000000 -0.003600
vn -0.000000 1.000000 -0.000700
vn -0.834500 0.550500 0.026000
vn -0.822600 0.568200 0.022500
vn 0.451900 -0.328000 0.829600
vn 0.454100 -0.331100 0.827200
vn 0.998500 0.052400 0.016000
vn 0.998400 0.054500 0.016000
vn 0.892800 0.332600 -0.303700
vn 0.898400 0.343100 -0.274300
vn -0.967000 0.002100 0.254600
vn -0.967000 0.001800 0.254700
vn -0.967000 0.002300 0.254600
vn -0.255900 0.962200 0.093500
vn -0.256200 0.963400 0.078700
vn -0.722700 0.673000 0.157200
vn -0.735100 0.675500 0.057600
vn -0.858700 0.510400 0.045800
vn -0.860900 0.508700 0.008700
vn -0.669100 0.740800 0.058900
vn -0.675700 0.735500 0.049500
vn -0.967000 0.002200 0.254600
vn -0.971100 0.002400 0.238600
vn -0.971100 0.002200 0.238600
vn -0.260400 0.962000 0.082000
vn -0.260700 0.963200 0.064700
vn -0.774400 0.620200 0.124700
vn -0.782400 0.620600 0.052200
vn -0.871700 0.488400 0.038700
vn -0.873500 0.486800 0.004400
vn -0.675000 0.735600 0.057600
vn -0.682700 0.729200 0.047400
vn -0.971100 0.002800 0.238500
vn -0.977000 0.003500 0.213000
vn -0.977000 0.002900 0.213100
vn -0.977100 0.003800 0.213000
vn -0.290900 0.952900 0.085700
vn -0.291200 0.953800 0.073800
vn -0.805300 0.579700 0.124600
vn -0.813400 0.579700 0.048000
vn -0.885500 0.463200 0.036200
vn -0.883100 0.464100 0.068400
vn -0.667400 0.731300 0.140600
vn -0.754300 0.655700 0.033800
vn -0.977100 0.004100 0.212900
vn -0.981200 0.004600 0.193000
vn -0.981200 0.004100 0.193000
vn -0.981200 0.004700 0.192900
vn -0.294100 0.952700 0.076600
vn -0.294200 0.952900 0.074200
vn -0.839100 0.528900 0.127000
vn -0.844600 0.529200 0.081000
vn -0.885600 0.458400 0.074500
vn -0.888500 0.456300 0.049900
vn -0.750500 0.655500 0.084200
vn -0.730500 0.675500 0.100600
vn -0.981200 0.005800 0.193000
vn -0.981200 0.005300 0.193000
vn -0.297800 0.951500 0.077300
vn -0.298400 0.953500 0.042400
vn -0.862100 0.490400 0.127900
vn -0.869500 0.487400 0.079900
vn -0.906500 0.416300 0.070400
vn -0.907700 0.417200 0.045600
vn -0.733200 0.676200 0.071900
vn -0.729300 0.680100 0.074800
vn -0.981200 0.006300 0.192900
vn -0.983100 0.006300 0.182900
vn -0.359200 0.929200 0.087100
vn -0.359500 0.929800 0.078500
vn -0.901900 0.413100 0.126100
vn -0.905600 0.415600 0.085100
vn -0.933000 0.351600 0.076200
vn -0.935000 0.352500 0.039000
vn -0.729500 0.680100 0.072300
vn -0.729600 0.680100 0.072200
vn -0.729600 0.680000 0.072200
vn -0.930400 0.350500 0.107400
vn -0.933300 0.351700 0.073100
vn -0.943500 0.323900 0.069300
vn -0.942800 0.324100 0.077900
vn -0.735600 0.670000 0.099500
vn -0.733600 0.671600 0.103800
vn -0.941900 0.324300 0.087100
vn -0.941100 0.324400 0.095600
vn -0.945800 0.311100 0.093700
vn -0.944100 0.310100 0.111700
vn -0.742300 0.658300 0.125100
vn -0.741900 0.656900 0.134700
vn -0.945000 0.310600 0.102300
vn -0.947900 0.312600 0.061400
vn -0.939600 0.336000 0.064700
vn -0.940100 0.338400 0.040800
vn -0.703700 0.705400 0.084800
vn -0.689400 0.679000 0.252400
vn -0.162300 0.986000 0.037300
vn -0.162300 0.986200 0.032200
vn -0.167600 0.985500 0.027700
vn -0.164000 0.984800 0.056200
vn -0.946300 0.316500 0.066100
vn -0.942600 0.309900 0.123900
vn -0.942700 0.309900 0.123900
vn -0.942600 0.310000 0.123900
vn -0.953000 0.285900 0.100000
vn -0.624600 0.770500 0.127200
vn -0.605100 0.780600 0.156500
vn -0.995600 -0.026600 0.090200
vn -0.971000 -0.082900 0.224200
vn -0.196400 0.977800 0.073400
vn -0.195800 0.977700 0.076600
vn -0.967800 -0.114700 0.224100
vn -0.949600 -0.145600 0.277400
vn -0.957100 -0.076800 0.279200
vn -0.994200 -0.004300 0.107600
vn -0.951300 0.283500 0.121100
vn -0.966400 0.235900 0.102300
vn -0.602400 0.787500 0.129800
vn -0.593400 0.793700 0.133500
vn -0.196100 0.964000 0.179500
vn -0.193000 0.948900 0.249800
vn 0.193000 0.948900 0.249800
vn 0.194300 0.948500 0.250400
vn 0.586500 0.772700 0.242800
vn 0.589000 0.770400 0.244000
vn -0.267300 0.953000 0.142400
vn -0.263600 0.939900 0.217000
vn 0.263600 0.939900 0.217000
vn 0.196100 0.964000 0.179500
vn 0.587900 0.786300 0.189900
vn 0.593200 0.781600 0.193000
vn 0.960000 0.234400 0.153000
vn 0.955500 0.257700 0.143900
vn 0.593700 0.794100 0.129700
vn 0.588200 0.798600 0.127700
vn 0.588200 0.798600 0.127800
vn 0.588100 0.798600 0.127600
vn 0.267200 0.952600 0.145600
vn 0.966400 0.235900 0.102300
vn 0.951300 0.283500 0.121100
vn 0.953000 0.285900 0.100000
vn 0.942600 0.309900 0.123900
vn 0.946400 0.317200 0.060400
vn 0.939700 0.336200 0.063000
vn 0.940100 0.337800 0.046000
vn 0.167600 0.985500 0.027700
vn 0.162300 0.986200 0.032200
vn 0.995600 -0.026600 0.090300
vn 0.995700 -0.013800 0.091800
vn 0.994200 -0.004300 0.107600
vn 0.957100 -0.076800 0.279200
vn 0.949600 -0.145600 0.277400
vn 0.967800 -0.114700 0.224100
vn 0.971000 -0.082900 0.224200
vn 0.196400 0.977800 0.073400
vn 0.164000 0.984900 0.056200
vn 0.946300 0.316600 0.066100
vn 0.942700 0.309900 0.123900
vn 0.195800 0.977700 0.076600
vn -0.002100 0.002600 -1.000000
vn -0.000300 0.003300 -1.000000
vn 0.000000 0.982400 0.186800
vn -0.103000 -0.048300 -0.993500
vn -0.035800 -0.097500 -0.994600
vn 0.515000 -0.845500 0.141100
vn 0.445600 -0.882400 0.151300
vn -0.976200 0.000000 0.216800
vn 0.475700 -0.345200 -0.809000
vn 0.769700 -0.558600 -0.309000
vn 0.769800 -0.558600 -0.309000
vn 0.769700 -0.558600 0.309000
vn 0.769800 -0.558600 0.309000
vn 0.475800 -0.345200 0.809000
vn 0.999800 -0.005300 -0.020800
vn 1.000000 -0.005400 0.001200
vn 1.000000 -0.000500 0.002900
vn 0.000000 0.982200 0.187700
vn -0.839800 0.541500 0.038500
vn -0.858000 0.513100 0.023700
vn 0.000000 -0.998700 0.050100
vn 0.033300 -0.984800 -0.170500
vn 0.244000 -0.000000 -0.969800
vn 0.265500 0.017000 -0.964000
vn 0.844100 -0.533100 -0.057500
vn 0.846800 -0.531900 -0.011500
vn -0.986800 0.081000 0.140100
vn -0.985200 0.074900 0.154100
vn 0.999800 0.018600 -0.000000
vn 0.999100 0.042700 -0.007000
vn -0.000000 0.999800 -0.022100
vn -0.000000 0.996200 -0.087000
vn -0.845600 0.533700 -0.013600
vn -0.842900 0.535200 -0.054800
vn -0.866000 0.499400 -0.025900
vn -0.850600 0.525500 0.019000
vn -0.830700 -0.556400 -0.016400
vn -0.822300 -0.568000 -0.035500
vn -0.582500 -0.812500 -0.021500
vn -0.582500 -0.812600 -0.021400
vn -0.552500 0.833400 0.014100
vn -0.564700 0.825300 -0.008900
vn 0.830200 -0.557100 0.020100
vn 0.823400 -0.567300 0.016500
vn -0.995700 0.090700 0.017400
vn -0.995700 0.090900 0.017200
vn -0.995700 0.090800 0.017300
vn -0.995700 0.091000 0.017100
vn 0.856700 -0.515300 0.022800
vn 0.835600 -0.548100 0.035800
vn -0.995800 0.091000 -0.003400
vn -0.995900 0.090000 -0.002100
vn 0.995700 0.091200 0.013700
vn -0.968100 0.069800 -0.240800
vn -0.974700 0.058900 -0.215600
vn 0.988600 0.073600 0.131300
vn 0.989700 0.078800 0.119200
vn 0.830700 -0.556500 -0.016400
vn 0.822200 -0.568100 -0.035500
vn 0.987000 0.078600 0.140400
vn 0.988200 0.084200 0.127600
vn 0.987700 0.090500 0.127400
vn 0.986600 0.084000 0.139700
vn -0.001300 0.987800 0.155600
vn -0.010100 0.982600 0.185500
vn 0.857600 -0.513600 0.025000
vn 0.840200 -0.541000 0.037100
vn 0.995200 0.085400 -0.047400
vn 0.994600 0.088700 -0.054000
vn 0.866800 -0.498200 -0.022600
vn 0.850800 -0.525100 0.020600
vn -0.981200 0.070700 -0.179700
vn -0.976400 0.078700 -0.201200
vn 0.982100 0.063000 -0.177400
vn 0.977400 0.072200 -0.198600
vn -0.029200 -0.089800 -0.995500
vn -0.012300 -0.133400 -0.991000
vn 0.823200 -0.567200 -0.023900
vn 0.828300 -0.560100 -0.013600
vn 0.772800 -0.625000 0.110200
vn 0.000000 -0.159100 0.987300
vn -0.450500 -0.184700 -0.873500
vn -0.580400 -0.159100 -0.798700
vn -0.995700 -0.013500 0.091800
vn -0.996400 -0.013100 0.083800
vn -0.996500 -0.006800 0.083500
vn -0.172000 0.984600 0.031800
vn -0.171800 0.983800 0.050900
vn -0.207700 0.977500 0.035600
vn -0.996100 -0.000600 0.087700
vn -0.996100 -0.006800 0.088000
vn -0.992600 -0.000600 0.121000
vn -0.992600 0.008600 0.120800
vn -0.990700 0.008600 0.135800
vn -0.983100 0.008600 0.182800
vn -0.287200 0.957100 0.039400
vn -0.287000 0.956500 0.051800
vn -0.207400 0.975900 0.067500
vn 0.835200 -0.549400 0.026000
vn 0.822600 -0.568200 0.022800
vn 0.996200 -0.059300 0.064100
vn 0.997500 0.001800 0.070000
vn 0.968800 0.001800 0.247800
vn 0.254100 0.965000 0.065000
vn 0.253500 0.963000 0.091200
vn 0.678000 0.722900 0.133200
vn 0.683800 0.724800 0.083600
vn 0.825200 0.560600 0.068400
vn 0.829900 0.557900 0.002600
vn 0.669800 0.741600 0.037800
vn 0.669300 0.741100 0.051900
vn 0.858700 0.510400 0.045800
vn 0.735100 0.675500 0.057500
vn 0.722700 0.673000 0.157200
vn 0.256200 0.963400 0.078700
vn 0.255900 0.962200 0.093500
vn 0.967000 0.001800 0.254700
vn 0.967000 0.002100 0.254600
vn 0.774400 0.620200 0.124700
vn 0.260700 0.963200 0.064700
vn 0.260400 0.962000 0.082000
vn 0.971100 0.002500 0.238500
vn 0.971100 0.002100 0.238600
vn 0.971100 0.002500 0.238600
vn 0.290900 0.952900 0.085700
vn 0.977000 0.003600 0.213000
vn 0.977000 0.002900 0.213100
vn 0.977000 0.003300 0.213000
vn 0.971100 0.002900 0.238500
vn 0.291100 0.953700 0.076100
vn 0.294200 0.952900 0.074200
vn 0.839100 0.528900 0.127000
vn 0.844600 0.529200 0.081000
vn 0.885600 0.458400 0.074500
vn 0.888400 0.456300 0.049900
vn 0.731800 0.675900 0.087900
vn 0.733000 0.676200 0.074500
vn 0.774800 0.620300 0.122300
vn 0.813400 0.579700 0.048000
vn 0.885500 0.463200 0.036200
vn 0.883100 0.464200 0.068400
vn 0.746800 0.654400 0.119000
vn 0.749200 0.655100 0.097700
vn 0.859100 0.510200 0.040900
vn 0.873500 0.486800 0.004400
vn 0.681600 0.729600 0.055800
vn 0.681500 0.729700 0.056200
vn 0.681600 0.729600 0.055400
vn 0.675600 0.735600 0.050000
vn 0.675000 0.735600 0.057600
vn -0.253500 0.963000 0.091200
vn -0.678000 0.722900 0.133200
vn -0.653200 0.753600 0.074100
vn -0.784900 0.616100 0.065900
vn -0.751000 0.660300 -0.005200
vn -0.482300 0.875100 0.040400
vn -0.683800 0.724800 0.083600
vn -0.825200 0.560600 0.068400
vn -0.788800 0.614500 0.013500
vn -0.591200 0.804600 0.055800
vn -0.482200 0.874900 -0.044300
vn -0.936500 0.284200 -0.205100
vn -0.989800 -0.047200 -0.134100
vn -0.427200 0.890100 -0.158600
vn -0.427200 0.890200 -0.158500
vn -0.394900 0.902600 -0.171700
vn 0.394900 0.902500 -0.171700
vn 0.392200 0.896500 -0.206100
vn 0.706600 0.646700 -0.287200
vn -0.937600 0.284600 -0.199900
vn -0.402500 0.899000 -0.172800
vn -0.427200 0.890100 -0.158700
vn 0.427200 0.890100 -0.158600
vn 0.427200 0.890100 -0.158700
vn 0.427200 0.890200 -0.158500
vn 0.989800 -0.047200 -0.134200
vn 0.964800 -0.046000 -0.259100
vn 0.402200 0.912500 -0.075200
vn 0.403200 0.914900 0.018500
vn 0.751000 0.660300 -0.000900
vn 0.702300 0.709300 0.060600
vn 0.653800 0.754300 0.059900
vn 0.611700 0.783200 0.111200
vn 0.265200 0.961300 0.074700
vn 0.402500 0.899000 -0.172800
vn 0.937600 0.284500 -0.199900
vn 0.936600 0.284200 -0.205100
vn 0.482200 0.875000 -0.044300
vn 0.482300 0.875100 0.040400
vn 0.751000 0.660300 -0.005200
vn 0.591200 0.804600 0.055800
vn 0.788800 0.614500 0.013500
vn 0.784900 0.616100 0.065900
vn 0.653200 0.753600 0.074100
vn 0.592100 0.805800 -0.001800
vn 0.669200 0.741000 -0.055200
vn 0.949200 0.253000 -0.187000
vn 0.962500 0.256500 -0.088600
vn 0.963100 0.151600 -0.222200
vn 0.403100 0.900300 -0.164000
vn 0.407800 0.896200 -0.174900
vn -0.402300 0.898600 -0.175400
vn -0.407600 0.898200 -0.164800
vn -0.941300 0.250900 -0.225900
vn -0.978300 0.177800 -0.106200
vn -0.949200 0.253000 -0.187000
vn -0.669200 0.741000 -0.055200
vn -0.591300 0.804800 0.051800
vn -0.829900 0.557900 0.002600
vn 0.018700 0.026900 0.999500
vn 0.037100 0.051000 0.998000
vn 0.304500 0.435600 0.847100
vn 0.275200 0.398300 0.875000
vn 0.520900 0.753800 0.400600
vn 0.517400 0.749900 0.412300
vn 0.519000 0.752200 -0.406100
vn 0.517500 0.749300 -0.413200
vn 0.517400 0.749300 -0.413300
vn 0.307100 0.444400 -0.841500
vn 0.279600 0.399900 -0.872900
vn 0.053700 0.070600 -0.996100
vn 0.091900 0.132600 -0.986900
vn 0.517300 0.749200 -0.413600
vn 0.274800 0.397500 -0.875500
vn 0.098100 0.135200 -0.985900
vn 0.092000 0.132600 -0.986900
vn 0.277000 0.396200 -0.875400
vn 0.106800 0.147900 -0.983200
vn 0.095000 0.137100 -0.986000
vn 0.268200 0.388000 -0.881800
vn 0.517100 0.749200 -0.413800
vn 0.517300 0.749100 -0.413900
vn 0.516800 0.749000 -0.414600
vn 0.517400 0.748800 0.414200
vn 0.517300 0.749300 0.413600
vn 0.517200 0.749500 0.413200
vn 0.517400 0.748700 0.414400
vn 0.273200 0.395400 0.876900
vn 0.272200 0.389100 0.880000
vn 0.038400 0.052900 0.997900
vn 0.040700 0.058600 0.997500
vn 0.059200 0.059900 0.996400
vn 0.051400 0.074100 0.995900
vn 0.019800 0.089200 0.995800
vn 0.277200 0.547300 0.789700
vn 0.266900 0.386200 0.883000
vn 0.528700 0.765100 0.367500
vn -0.906200 0.145500 0.397000
vn -0.940100 0.151000 -0.305500
vn -0.915000 0.123400 -0.384200
vn 0.536700 0.761900 -0.362600
vn 0.533900 0.758000 0.374800
vn 0.527200 0.762900 -0.374300
vn 0.454200 0.657400 -0.601300
vn 0.231800 0.491300 -0.839600
vn -0.081000 0.000000 -0.996700
vn 0.086100 0.167300 -0.982100
vn 0.125800 0.153800 -0.980100
vn 0.109800 0.147800 -0.982900
vn 0.583400 0.120600 -0.803200
vn 0.583400 0.120600 -0.803100
vn 0.944100 0.120600 -0.306700
vn 0.944100 0.120600 -0.306800
vn 0.944100 0.120600 0.306700
vn 0.928700 -0.215400 -0.301900
vn 0.910800 -0.199700 -0.361300
vn -0.475900 0.327200 -0.816300
vn -0.506400 0.315900 -0.802400
vn -0.854700 0.088900 0.511500
vn -0.870000 0.064200 0.488900
vn -0.175800 -0.309700 -0.934400
vn -0.772800 -0.625000 0.110200
vn -0.928700 -0.215500 0.301700
vn -0.910800 -0.199600 0.361400
vn 0.000000 -1.000000 0.005800
vn 0.000000 0.887300 0.461200
vn 0.000000 -0.996200 -0.087000
vn 0.000000 0.998700 0.051300
vn 0.001300 0.002500 -1.000000
vn -0.000300 0.003200 -1.000000
vn 0.000000 0.587500 -0.809200
vn 0.499100 0.000600 0.866600
vn 0.467700 -0.013800 0.883800
vn 0.000000 0.951100 -0.308900
vn 0.021900 0.989400 -0.143800
vn -0.005800 0.977900 -0.209200
vn 0.907600 -0.210600 0.363300
vn 0.932500 -0.196300 0.303100
vn 0.960300 0.001100 0.278900
vn 0.957900 -0.002400 0.286900
vn 0.580400 -0.159100 0.798700
vn 0.450200 -0.184800 0.873600
vn -0.576400 -0.196300 0.793200
vn -0.463600 -0.163500 0.870800
vn 0.000000 -0.999600 -0.028300
vn 0.010200 0.983100 0.182600
vn 0.014700 0.985700 0.167800
vn -0.907400 -0.210500 -0.363700
vn -0.932600 -0.196200 -0.303000
vn 0.454900 -0.330100 -0.827100
vn 0.451200 -0.329100 -0.829500
vn -0.595500 0.007600 0.803300
vn -0.594100 0.008300 0.804400
vn 0.576400 -0.196200 -0.793200
vn 0.467200 -0.164500 -0.868700
vn 0.015000 -0.008000 0.999900
vn 0.012400 -0.008900 0.999900
vn 0.356600 -0.149200 -0.922300
vn 0.400900 -0.151100 -0.903600
vn 0.000500 -0.950500 -0.310800
vn 0.000000 -0.951100 -0.308900
vn 0.998500 0.054100 -0.000500
vn 0.992600 0.121300 -0.007200
vn 0.000000 0.951100 0.308900
vn 0.000300 -0.588000 -0.808900
vn 0.000000 -0.588800 -0.808200
vn 0.000200 -0.588200 -0.808700
vn 0.000000 -0.589100 -0.808100
vn 0.000000 -0.981600 -0.190700
vn 0.000200 -0.588700 0.808400
vn 0.000100 -0.588100 0.808800
vn 0.000200 -0.588500 0.808500
vn 0.000000 -0.588100 0.808800
vn 0.014100 -0.025400 -0.999600
vn 0.014700 -0.025700 -0.999600
vn 0.014300 -0.025500 -0.999600
vn 0.014800 -0.025800 -0.999600
vn 0.000000 -0.950500 0.310700
vn 0.000500 -0.951100 0.308900
vn -0.840400 0.062300 -0.538300
vn -0.965600 0.000000 -0.259900
vn 0.040500 -0.030300 -0.998700
vn 0.045400 0.000000 -0.999000
vn 0.965600 0.000000 -0.259900
vn -0.989700 0.086100 0.114200
vn -0.988700 0.081200 0.125600
vn -0.865800 0.500400 0.000700
vn -0.866000 0.500100 0.000600
vn -0.865900 0.500200 0.000600
vn -0.866000 0.500000 0.000500
vn 0.000000 0.999300 0.036400
vn 0.427000 -0.026400 -0.903900
vn 0.355300 0.000400 -0.934700
vn -0.048000 0.000000 -0.998800
vn -0.042500 -0.031800 -0.998600
vn -0.043500 -0.118200 -0.992000
vn -0.111100 -0.083100 -0.990300
vn -0.389400 -0.912900 -0.122600
vn -0.018700 0.026900 0.999500
vn -0.037100 0.051000 0.998000
vn -0.304500 0.435600 0.847100
vn -0.275200 0.398300 0.875000
vn -0.520900 0.753800 0.400600
vn -0.517400 0.749900 0.412300
vn 0.066100 -0.930600 -0.360100
vn -0.000400 -0.934200 -0.356700
vn 0.524000 0.331100 0.784700
vn 0.510900 0.324900 0.795900
vn 0.986600 0.072900 -0.145800
vn 0.983300 0.079300 -0.163900
vn -0.734600 -0.672500 -0.090300
vn 0.006600 0.329500 0.944100
vn 0.001300 0.327700 0.944800
vn 0.000000 0.426800 0.904300
vn -0.546200 0.337100 0.766800
vn -0.556200 0.333500 0.761200
vn -0.953700 -0.298000 -0.040000
vn 0.957900 0.001100 -0.287000
vn 0.960600 -0.002500 -0.278000
vn 0.951000 0.000000 -0.309100
vn 0.951000 0.000000 0.309100
vn 0.998500 0.054100 -0.002800
vn 0.999500 0.031700 0.000400
vn -0.898400 0.343100 -0.274300
vn -0.892800 0.332600 -0.303800
vn 0.917800 0.321800 0.232400
vn 0.931300 0.274600 0.239400
vn 0.581800 0.761300 0.286200
vn 0.641300 0.705700 0.301200
vn 0.189800 0.926700 0.324400
vn 0.223100 0.916300 0.332600
vn -0.189100 0.923000 0.335000
vn -0.223700 0.918700 0.325500
vn -0.577200 0.755300 0.310500
vn -0.644400 0.709200 0.286000
vn -0.914500 0.320600 0.246900
vn -0.933200 0.275100 0.231000
vn 0.881200 0.259900 0.394900
vn 0.866100 0.312300 0.390200
vn 0.618000 0.680000 0.394500
vn 0.552000 0.742600 0.379200
vn 0.220000 0.903500 0.367800
vn 0.182200 0.914800 0.360500
vn -0.182200 0.914800 0.360500
vn -0.183500 0.921600 0.341900
vn -0.571100 0.747000 0.340300
vn -0.589000 0.770400 0.244000
vn -0.946200 0.255200 0.198900
vn -0.955500 0.257700 0.143900
vn 0.894400 0.322400 0.310100
vn 0.896600 0.314300 0.311900
vn 0.561800 0.755800 0.336400
vn 0.571100 0.747000 0.340300
vn 0.183500 0.921600 0.341900
vn 0.188400 0.920000 0.343700
vn -0.188400 0.920000 0.343700
vn -0.194300 0.948500 0.250400
vn -0.586500 0.772700 0.242800
vn -0.593200 0.781600 0.193000
vn -0.960000 0.234400 0.153000
vn 0.928500 0.325400 0.178900
vn 0.946200 0.255200 0.198900
vn -0.517900 0.331600 -0.788600
vn -0.505300 0.325800 -0.799100
vn 0.509700 -0.591200 0.625100
vn 0.416300 -0.753400 0.509000
vn 0.411700 -0.755100 0.510100
vn 0.353100 -0.829100 0.433600
vn 0.001100 -0.999900 0.011300
vn 0.007800 -0.999800 0.017900
vn 0.010700 -0.999700 0.021900
vn -0.000800 -1.000000 0.006400
vn 0.011500 -0.999600 0.026700
vn -0.005800 -0.999700 -0.025200
vn -0.006500 -0.999500 -0.030800
vn -0.010500 -0.999000 -0.042700
vn 0.009500 -0.999700 0.020700
vn -0.000400 -0.999900 -0.012200
vn -0.012300 -0.998800 -0.048300
vn -0.013800 -0.998700 -0.048300
vn -0.015100 -0.999000 -0.042700
vn -0.011100 -0.000000 -0.999900
vn 0.017000 0.998600 -0.050900
vn 0.017800 0.998400 -0.054400
vn 0.019900 0.998500 -0.050900
vn 0.031400 0.999400 -0.016400
vn 0.027600 0.999300 -0.023400
vn 0.039500 0.999100 0.012300
vn 0.028000 0.999600 -0.000400
vn 0.060500 0.997200 0.043500
vn 0.055400 0.997700 0.039200
vn 0.435400 0.746100 0.503800
vn 0.370200 0.823200 0.430500
vn 0.017800 0.998200 -0.057200
vn 0.035400 0.999400 0.000000
vn 0.039900 0.999100 0.015600
vn 0.063700 0.996800 0.049200
vn 0.525800 0.585200 0.617300
vn 0.995500 0.065700 0.068000
vn 0.265400 0.961900 0.065100
vn 0.255600 0.965000 0.059400
vn 0.255800 0.965600 0.047700
vn 0.309000 0.948000 0.075900
vn 0.309900 0.950700 0.014800
vn 0.287200 0.957800 0.010000
vn 0.287200 0.957900 0.000000
vn 0.248300 0.966500 -0.064400
vn 0.248500 0.967100 -0.055400
vn 0.128100 0.986200 -0.104900
vn 0.485400 0.870900 0.077000
vn 0.485800 0.871600 0.065600
vn 0.614800 0.787200 -0.048900
vn 0.655400 0.753800 -0.047400
vn 0.701000 0.708100 -0.085300
vn 0.292400 0.951300 -0.097400
vn 0.292700 0.952300 -0.086000
vn -0.901200 0.334300 0.275700
vn -0.893100 0.341100 0.293100
vn 0.898300 0.329300 0.290900
vn 0.899600 0.331800 0.283900
vn 0.249300 -0.734700 0.631000
vn 0.249500 -0.734500 0.631000
vn 0.071700 -0.635900 0.768500
vn 0.071700 -0.635800 0.768500
vn 0.071700 -0.635800 0.768600
vn 0.044100 -0.631300 0.774300
vn 0.047900 -0.698600 0.713900
vn 0.321100 0.946300 0.036200
vn 0.854200 0.514900 0.071800
vn 0.854300 0.514400 0.074600
vn 0.854200 0.514600 0.074300
vn 0.854300 0.514500 0.074400
vn 0.996400 -0.033600 0.078300
vn 0.996500 -0.036300 0.075700
vn 0.789500 -0.611500 0.052500
vn 0.795700 -0.601400 0.071600
vn 0.466900 -0.883600 0.035200
vn 0.501400 -0.852500 0.147700
vn 0.151900 -0.982400 0.108400
vn 0.152500 -0.986300 0.063200
vn 0.146200 -0.987300 0.062700
vn 0.146300 -0.987600 0.057600
vn -0.146300 -0.987600 0.057600
vn 0.159500 -0.982300 0.097900
vn 0.159400 -0.982300 0.097900
vn 0.159400 -0.982400 0.097900
vn 0.159300 -0.982400 0.097900
vn 0.159800 -0.985900 0.049500
vn -0.159800 -0.985900 0.049500
vn -0.146200 -0.987300 0.062700
vn -0.152500 -0.986300 0.063200
vn -0.140000 -0.987300 0.074700
vn -0.554100 -0.820500 0.140400
vn -0.554700 -0.821300 0.133200
vn -0.585300 -0.810000 0.036300
vn -0.585300 -0.810000 0.036200
vn -0.830800 -0.553200 0.061000
vn -0.832300 -0.554200 0.012000
vn -0.999500 -0.011600 0.029100
vn 0.167600 -0.982100 0.086300
vn -0.167600 -0.982100 0.086300
vn -0.159300 -0.982400 0.097900
vn -0.159400 -0.982300 0.097900
vn -0.159400 -0.982400 0.097900
vn -0.159500 -0.982300 0.097900
vn -0.151900 -0.982400 0.108400
vn -0.501400 -0.852500 0.147700
vn -0.506600 -0.861400 0.037900
vn -0.814600 -0.575800 0.070500
vn -0.815200 -0.576200 0.059300
vn -0.824100 -0.565600 0.032100
vn -0.824100 -0.565600 0.032000
vn -0.998700 -0.012300 0.049600
vn -0.999500 -0.007600 0.030600
vn -0.918700 0.393100 0.037600
vn -0.466900 -0.883600 0.035200
vn -0.795700 -0.601400 0.071600
vn -0.797200 -0.602600 0.037100
vn -0.998200 -0.022700 0.055100
vn -0.998600 -0.020400 0.049500
vn -0.998800 -0.015300 0.046200
vn -0.998800 -0.015300 0.046300
vn -0.888500 0.456300 0.048100
vn -0.894500 0.440200 0.078200
vn -0.270200 0.962000 0.038700
vn -0.269600 0.959700 0.079100
vn -0.034500 0.997800 0.057200
vn -0.016500 0.996800 0.077800
vn -0.817600 0.352800 0.455000
vn -0.789500 -0.611500 0.052500
vn -0.996500 -0.036300 0.075700
vn -0.998200 -0.025700 0.053500
vn -0.863000 0.502400 0.052300
vn -0.861100 0.506200 0.047600
vn -0.883700 0.461600 0.077700
vn -0.306200 0.951300 0.036700
vn -0.302600 0.952900 0.019400
vn -0.029500 0.999500 0.008500
vn -0.029500 0.997900 0.058100
vn -0.944400 0.049500 0.325000
vn -0.872700 0.194800 0.447600
vn -0.996400 -0.033600 0.078300
vn -0.854300 0.514400 0.074600
vn -0.854300 0.514500 0.074400
vn -0.854200 0.514600 0.074300
vn -0.854400 0.514100 0.074800
vn -0.303500 0.952100 0.036400
vn -0.303500 0.952100 0.036300
vn -0.303500 0.952100 0.036500
vn -0.305400 0.951500 0.037900
vn -0.305300 0.951500 0.037900
vn -0.004600 0.999800 0.020400
vn -0.004600 0.999000 0.044400
vn -0.958400 0.134900 0.251300
vn -0.933400 0.131400 0.334000
vn -0.298300 0.953600 0.040900
vn 0.020000 0.999400 0.027000
vn 0.020000 0.999600 0.018900
vn 0.008500 0.998200 0.060000
vn -0.964100 -0.000000 0.265400
vn -0.981500 0.000000 0.191400
vn 0.028800 0.998400 0.048700
vn -0.958900 0.000000 0.283900
vn 0.028800 0.999600 0.000000
vn 0.028900 0.999600 -0.000200
vn 0.029100 0.999600 -0.000900
vn 0.029100 0.999600 -0.001000
vn -0.047900 -0.698600 0.713900
vn -0.044100 -0.631300 0.774300
vn -0.285800 0.958200 0.009800
vn -0.321100 0.946300 0.036200
vn -0.071700 -0.635800 0.768600
vn -0.071700 -0.635800 0.768500
vn -0.071700 -0.635900 0.768500
vn -0.854200 0.514900 0.071800
vn -0.249500 -0.734500 0.631000
vn -0.249300 -0.734700 0.631000
vn 0.023500 -0.999700 -0.000000
vn -0.456400 -0.889800 0.000000
vn -0.452400 -0.890700 -0.045100
vn -0.471900 -0.880500 -0.044600
vn -0.473700 -0.880500 -0.020200
vn -0.492000 -0.870600 -0.000000
vn -0.489200 -0.871200 -0.040200
vn -0.523200 -0.852200 0.002700
vn -0.453700 -0.891000 -0.018500
vn -0.695800 -0.716500 -0.050400
vn -0.696700 -0.717400 -0.000000
vn -0.696700 -0.717400 -0.001800
vn -0.958400 -0.284700 -0.019700
vn -0.957800 -0.284500 -0.040200
vn -0.968000 -0.245900 -0.050900
vn -0.968900 -0.246200 -0.023600
vn -0.973500 -0.227400 -0.023500
vn -0.978400 -0.205500 -0.024000
vn -0.980800 -0.193500 -0.024000
vn -0.975700 -0.217900 -0.022500
vn -0.877900 -0.478900 -0.000000
vn -0.937800 -0.346900 -0.010000
vn -0.937700 -0.346900 -0.019300
vn -0.984700 -0.172200 -0.024900
vn -0.984400 -0.172100 -0.037500
vn -0.980400 -0.193500 -0.037300
vn -0.900600 -0.434600 -0.009600
vn -0.963700 -0.264800 -0.034000
vn -0.964000 -0.264900 -0.024400
vn -0.985200 -0.168600 -0.029800
vn -0.985400 -0.168600 -0.025000
vn -0.867600 -0.496700 -0.022100
vn -0.897500 -0.433200 -0.083300
vn -0.801100 -0.593900 -0.074300
vn -0.803000 -0.595300 -0.028300
vn -0.830100 -0.556000 -0.040900
vn -0.830600 -0.556300 -0.025100
vn -0.866000 -0.498800 -0.034500
vn -0.866200 -0.498900 -0.026100
vn -0.576700 -0.816800 -0.017400
vn -0.587700 -0.808200 -0.036700
vn -0.098700 -0.995100 -0.006200
vn -0.662600 -0.740900 -0.109500
vn -0.626400 -0.773000 -0.100000
vn -0.628800 -0.775900 -0.051400
vn -0.620400 -0.782800 -0.048700
vn -0.620700 -0.783100 -0.038200
vn -0.576500 -0.816500 -0.032000
vn -0.255500 -0.959700 -0.117300
vn -0.218100 -0.970400 -0.104100
vn -0.218900 -0.973900 -0.060600
vn -0.243200 -0.967500 -0.069700
vn -0.243600 -0.969100 -0.037900
vn -0.089400 -0.995900 -0.015000
vn -0.089300 -0.995800 -0.018400
vn 0.089300 -0.995800 -0.018400
vn 0.098700 -0.995100 -0.006200
vn 0.587700 -0.808200 -0.036700
vn 0.000000 -0.994300 -0.106600
vn 0.000000 -0.997400 -0.071900
vn 0.000000 -0.999900 -0.015100
vn 0.218100 -0.970400 -0.104100
vn 0.218900 -0.973900 -0.060600
vn 0.243200 -0.967500 -0.069700
vn 0.243600 -0.969100 -0.037900
vn 0.089400 -0.995900 -0.015000
vn 0.620400 -0.782800 -0.048700
vn 0.620700 -0.783100 -0.038200
vn 0.576500 -0.816500 -0.032000
vn 0.576700 -0.816800 -0.017400
vn 0.866200 -0.498900 -0.026100
vn 0.866000 -0.498800 -0.034500
vn 0.830600 -0.556300 -0.025100
vn 0.830100 -0.556000 -0.040900
vn 0.803000 -0.595300 -0.028300
vn 0.801100 -0.593900 -0.074300
vn 0.897500 -0.433200 -0.083300
vn 0.848000 -0.526000 -0.065100
vn 0.876100 -0.477900 -0.063400
vn 0.695800 -0.716500 -0.050400
vn 0.696700 -0.717400 -0.000000
vn 0.963700 -0.264800 -0.034000
vn 0.900500 -0.434700 -0.009600
vn 0.937900 -0.346900 -0.010000
vn 0.877900 -0.478900 -0.000000
vn 0.696700 -0.717400 -0.001800
vn 0.958400 -0.284700 -0.019700
vn 0.937700 -0.346800 -0.019300
vn 0.984700 -0.172200 -0.024900
vn 0.964000 -0.264900 -0.024400
vn 0.985200 -0.168600 -0.029800
vn 0.984400 -0.172100 -0.037500
vn 0.980400 -0.193400 -0.037300
vn 0.985400 -0.168600 -0.025000
vn 0.867600 -0.496700 -0.022100
vn 0.972500 -0.227200 -0.051100
vn 0.973500 -0.227400 -0.023500
vn 0.978400 -0.205500 -0.024000
vn 0.986600 0.085100 0.139300
vn 0.916900 0.388400 0.092000
vn 0.920800 0.390000 0.010000
vn 0.989000 0.147500 0.012600
vn 0.982500 0.146500 0.115300
vn 0.799100 0.599700 0.041600
vn 0.803800 0.594200 0.027700
vn 0.922200 0.386000 0.024600
vn 0.922100 0.385900 0.026500
vn 0.999900 -0.006000 0.015100
vn 0.999500 -0.011600 0.029100
vn 0.927400 0.353900 0.120800
vn 0.934300 0.356500 0.007800
vn 0.933200 0.359200 0.007800
vn 0.925600 0.356200 0.127700
vn 0.781500 0.616600 0.095100
vn 0.779200 0.618600 0.101200
vn 0.482900 0.872000 0.080400
vn 0.484100 0.874200 0.037300
vn 0.916500 0.398800 0.030400
vn 0.918700 0.393100 0.037600
vn 0.999500 -0.007600 0.030600
vn 0.998700 -0.012300 0.049600
vn 0.824100 -0.565600 0.032000
vn 0.823000 -0.564900 0.060100
vn 0.953100 0.302500 0.002900
vn 0.946200 0.300300 0.120200
vn 0.961200 0.244600 0.127500
vn 0.817700 0.352700 0.455000
vn 0.016500 0.996800 0.077800
vn 0.034500 0.997800 0.057200
vn 0.269600 0.959700 0.079100
vn 0.270200 0.962000 0.038700
vn 0.894500 0.440200 0.078200
vn 0.888500 0.456300 0.048100
vn 0.998800 -0.015300 0.046200
vn 0.998600 -0.016300 0.049500
vn 0.816200 -0.576900 0.031500
vn 0.814600 -0.575800 0.070500
vn 0.872700 0.194800 0.447700
vn 0.944400 0.049500 0.325000
vn 0.029500 0.997900 0.058100
vn 0.029500 0.999500 0.008500
vn 0.302600 0.952900 0.019400
vn 0.306200 0.951300 0.036700
vn 0.883700 0.461600 0.077700
vn 0.874900 0.481900 0.047900
vn 0.998800 -0.019000 0.046200
vn 0.998200 -0.022700 0.055100
vn 0.797200 -0.602600 0.037100
vn 0.933400 0.131400 0.334000
vn 0.958500 0.134900 0.251300
vn 0.004600 0.999000 0.044400
vn 0.004600 0.999800 0.020400
vn 0.305300 0.951500 0.037900
vn 0.304800 0.951700 0.037500
vn 0.305100 0.951600 0.037200
vn 0.304600 0.951800 0.037100
vn 0.872700 0.482200 0.077000
vn 0.863000 0.502400 0.052300
vn 0.998200 -0.025700 0.053500
vn 0.981500 0.000000 0.191400
vn 0.964100 0.000000 0.265400
vn -0.008500 0.998200 0.060000
vn -0.008500 0.999800 0.019600
vn 0.304200 0.951900 0.037800
vn 0.303500 0.952100 0.036300
vn 0.854400 0.514100 0.074800
vn -0.020000 0.998200 0.056800
vn -0.020000 0.999400 0.027000
vn 0.298300 0.953600 0.041000
vn 0.285800 0.958200 0.009800
vn 0.958900 0.000000 0.283900
vn -0.028800 0.998400 0.048700
vn -0.028900 0.999600 -0.000500
vn -0.028900 0.999600 -0.000300
vn -0.028800 0.999600 0.000000
vn -0.029100 0.999600 -0.001000
vn -0.985300 -0.169400 -0.020300
vn -0.984500 -0.002400 0.175200
vn -0.927400 0.353900 0.120900
vn -0.986600 0.085100 0.139300
vn -0.916900 0.388300 0.092000
vn -0.989000 -0.093300 0.115200
vn -0.944600 0.328100 0.008300
vn -0.677400 -0.726500 0.115100
vn -0.963100 -0.269100 0.002300
vn -0.895800 -0.444500 0.002200
vn -0.962300 -0.268900 -0.041600
vn -0.962300 -0.268900 -0.041700
vn -0.778400 -0.626900 -0.033800
vn -0.829700 -0.553100 -0.075300
vn -0.638700 -0.767300 -0.058000
vn -0.642100 -0.764100 -0.061000
vn -0.197100 -0.980200 -0.018700
vn -0.962300 -0.268900 -0.041500
vn -0.831500 -0.554300 -0.035900
vn -0.888900 -0.452500 -0.071000
vn -0.642500 -0.764600 -0.051300
vn -0.663700 -0.745200 -0.064500
vn -0.153400 -0.988000 -0.014900
vn -0.115000 -0.993400 -0.000000
vn -0.196500 -0.980500 -0.000000
vn 0.196500 -0.980500 -0.000000
vn -0.980900 -0.194800 0.000000
vn -0.980900 -0.194200 -0.010500
vn 0.131800 -0.991300 -0.000000
vn 0.131800 -0.991000 -0.023100
vn 0.133700 -0.990700 -0.023900
vn 0.133700 -0.990400 -0.034600
vn 0.138000 -0.989800 -0.036600
vn -0.006300 0.050100 -0.998700
vn -0.006700 0.049100 -0.998800
vn -0.006800 0.048900 -0.998800
vn -0.006200 0.050200 -0.998700
vn 0.122300 -0.991900 -0.035400
vn 0.136700 -0.989400 -0.048500
vn 0.136600 -0.988900 0.057600
vn -0.141300 -0.988300 0.057600
vn -0.140600 -0.987700 0.068400
vn -0.140700 -0.987700 0.068400
vn -0.141200 -0.987600 0.068400
vn -0.136700 -0.989400 -0.048500
vn -0.122300 -0.991900 -0.035400
vn 0.006200 0.050200 -0.998700
vn 0.006300 0.050200 -0.998700
vn 0.006800 0.049000 -0.998800
vn 0.006800 0.048900 -0.998800
vn -0.138000 -0.989800 -0.036600
vn -0.133700 -0.990400 -0.034600
vn -0.133700 -0.990700 -0.023900
vn -0.131800 -0.991000 -0.023100
vn -0.131800 -0.991300 0.000000
vn 0.980900 -0.194700 -0.000000
vn 0.980900 -0.194200 -0.010500
vn 0.980800 -0.193600 -0.021700
vn -0.118000 -0.992400 -0.035000
vn -0.104400 -0.994100 -0.027900
vn -0.104400 -0.994300 -0.023400
vn -0.096000 -0.995200 -0.019100
vn -0.096000 -0.995400 0.000000
vn -0.115000 -0.993300 -0.009900
vn -0.707600 -0.703900 -0.061100
vn -0.708800 -0.705100 0.019200
vn -0.674600 -0.738200 -0.004100
vn -0.674300 -0.737900 0.029700
vn -0.639200 -0.769100 0.000000
vn -0.644800 -0.757500 0.102200
vn -0.610600 -0.790600 0.046200
vn -0.605300 -0.783800 0.138800
vn -0.878800 -0.470100 0.081500
vn -0.881800 -0.471700 -0.001700
vn -0.906700 -0.421200 0.023100
vn -0.906900 -0.421300 -0.008000
vn -0.928300 -0.371700 0.009800
vn -0.927400 -0.371400 -0.045600
vn -0.664800 -0.746300 -0.032700
vn -0.999900 0.000000 0.016400
vn -0.999900 0.000000 0.016200
vn -0.999900 0.000000 0.015900
vn -0.995700 -0.092300 0.000200
vn -0.995500 -0.092200 -0.020600
vn -0.891000 -0.453600 -0.018400
vn -0.923300 0.383300 0.023900
vn -0.923400 0.383400 -0.017700
vn -0.999300 -0.023900 -0.030100
vn -0.999700 -0.024000 -0.006400
vn -0.998400 -0.024000 0.052000
vn -0.999300 -0.024000 0.030400
vn -0.963100 -0.269100 -0.006100
vn -0.944300 0.327900 0.028700
vn -0.989000 0.147600 0.012600
vn -0.920800 0.390000 0.010000
vn -0.933200 0.359200 0.007800
vn -0.934300 0.356500 0.007800
vn -0.953200 0.302500 0.002900
vn -0.982500 0.146600 0.115300
vn -0.781500 0.616600 0.095100
vn -0.925600 0.356200 0.127700
vn -0.961200 0.244700 0.127500
vn -0.946300 0.300300 0.120200
vn -0.779200 0.618500 0.101200
vn -0.482900 0.872000 0.080400
vn -0.484100 0.874200 0.037300
vn -0.916600 0.398800 0.030400
vn -0.803800 0.594200 0.027700
vn -0.922200 0.385900 0.024600
vn -0.922200 0.385900 0.026500
vn -0.999900 -0.006000 0.015100
vn -0.280900 -0.956500 -0.078400
vn -0.305400 -0.949500 -0.071400
vn -0.705600 -0.705600 -0.065400
vn -0.737400 -0.673200 -0.055500
vn -0.964800 -0.258500 -0.048700
vn -0.970400 -0.237400 -0.044000
vn -0.965000 0.258600 -0.043900
vn -0.970200 0.237300 -0.048300
vn -0.706000 0.706000 -0.056100
vn -0.737000 0.672800 -0.064600
vn -0.198400 0.977500 -0.071300
vn -0.216400 0.973300 -0.076000
vn 0.198300 0.977200 -0.076300
vn 0.216500 0.973700 -0.071500
vn 0.304600 0.946900 -0.103500
vn 0.361900 0.928600 -0.081500
vn 0.734500 0.670600 -0.104200
vn 0.802000 0.592100 -0.078300
vn 0.965600 0.236200 -0.109200
vn 0.975000 0.198100 -0.100300
vn 0.965300 -0.236100 -0.111900
vn 0.960500 -0.257400 -0.105800
vn 0.734000 -0.670100 -0.110400
vn 0.703800 -0.703800 -0.097300
vn 0.215700 -0.969900 -0.113400
vn 0.256700 -0.958000 -0.127700
vn 0.000000 -0.991800 -0.127500
vn -0.256700 -0.958000 -0.127700
vn -0.215700 -0.969900 -0.113400
vn -0.703800 -0.703800 -0.097300
vn -0.734000 -0.670100 -0.110400
vn 0.737400 0.673200 -0.056000
vn 0.964800 0.258500 -0.048900
vn -0.960500 -0.257400 -0.105800
vn -0.965300 -0.236100 -0.111900
vn 0.970400 0.237400 -0.044200
vn 0.965000 -0.258600 -0.043700
vn -0.975000 0.198100 -0.100300
vn -0.965600 0.236200 -0.109200
vn 0.970200 -0.237300 -0.048100
vn 0.706000 -0.706000 -0.055500
vn -0.802000 0.592100 -0.078300
vn -0.734500 0.670600 -0.104200
vn 0.737000 -0.672800 -0.064100
vn 0.281000 -0.957000 -0.071300
vn -0.361900 0.928600 -0.081500
vn -0.304600 0.946900 -0.103500
vn 0.305300 -0.949100 -0.077800
vn -0.153400 -0.988200 -0.000000
vn -0.279500 -0.960200 -0.000000
vn -0.196400 -0.980000 0.033600
vn 0.196400 -0.980000 0.033600
vn 0.279400 -0.960200 -0.000000
vn 0.153500 -0.988200 -0.000000
vn 0.197100 -0.980200 -0.018700
vn 0.642100 -0.764100 -0.061100
vn 0.638700 -0.767300 -0.058000
vn 0.829700 -0.553100 -0.075300
vn 0.778400 -0.626900 -0.033800
vn 0.962300 -0.268900 -0.041600
vn 0.962300 -0.268900 -0.041700
vn 0.895800 -0.444500 0.002200
vn 0.831500 -0.554300 -0.035900
vn 0.888900 -0.452500 -0.071000
vn 0.642500 -0.764600 -0.051300
vn 0.663700 -0.745200 -0.064500
vn 0.153400 -0.988000 -0.014900
vn 0.115000 -0.993400 -0.000000
vn 0.891000 -0.453600 -0.018400
vn 0.927400 -0.371400 -0.045600
vn 0.664700 -0.746400 -0.032700
vn 0.707600 -0.703900 -0.061100
vn 0.115000 -0.993300 -0.009900
vn 0.096000 -0.995400 -0.000000
vn 0.096000 -0.995200 -0.019100
vn 0.708800 -0.705100 0.019200
vn 0.674600 -0.738200 -0.004100
vn 0.928300 -0.371700 0.009800
vn 0.906900 -0.421300 -0.008000
vn 0.995700 -0.092300 0.000200
vn 0.999900 0.000000 0.016200
vn 0.999900 0.000000 0.015900
vn 0.923300 0.383300 0.023900
vn 0.999900 0.000000 0.016400
vn 0.881800 -0.471700 -0.001700
vn 0.906700 -0.421200 0.023100
vn 0.639200 -0.769100 0.000000
vn 0.674300 -0.737900 0.029700
vn 0.104400 -0.994100 -0.027900
vn 0.104400 -0.994300 -0.023400
vn 0.878800 -0.470100 0.081500
vn 0.610600 -0.790600 0.046200
vn 0.644800 -0.757500 0.102200
vn 0.118000 -0.992700 -0.023100
vn 0.118000 -0.992400 -0.035000
vn -0.980800 -0.193700 -0.021700
vn 0.832300 -0.554200 0.012000
vn 0.830800 -0.553200 0.061000
vn 0.585300 -0.810000 0.036300
vn 0.580200 -0.803000 0.136100
vn 0.135400 -0.987700 0.078400
vn 0.140600 -0.987700 0.068400
vn 0.140900 -0.987700 0.068400
vn 0.140100 -0.987800 0.068400
vn 0.141200 -0.987600 0.068400
vn 0.131200 -0.989000 0.067700
vn 0.605300 -0.783800 0.138800
vn -0.043700 0.047100 -0.997900
vn -0.043500 0.047100 -0.997900
vn 0.980800 -0.193500 -0.024000
vn 0.975700 -0.217900 -0.022500
vn 0.989000 -0.093300 0.115200
vn 0.944600 0.328000 0.008300
vn 0.677400 -0.726500 0.115100
vn 0.963100 -0.269100 0.002300
vn 0.944300 0.327900 0.028700
vn 0.999300 -0.023900 0.030400
vn 0.963100 -0.269100 -0.006200
vn 0.999700 -0.024000 -0.006400
vn 0.962300 -0.268900 -0.041500
vn 0.998400 -0.023900 0.052000
vn 0.923400 0.383400 -0.017700
vn 0.999300 -0.023900 -0.030100
vn 0.995500 -0.092200 -0.020600
vn 0.559400 -0.828200 0.033800
vn 0.554100 -0.820500 0.140400
vn 0.140000 -0.987300 0.074700
vn 0.895800 0.330400 -0.297400
vn 0.901800 0.325100 -0.284600
vn 0.111600 -0.411200 -0.904700
vn 0.262300 -0.115200 -0.958100
vn -0.270000 -0.769800 -0.578400
vn -0.164200 -0.638000 -0.752300
vn -0.542700 -0.839800 -0.014800
vn -0.592600 -0.805100 -0.025300
vn -0.562100 -0.773600 0.292400
vn -0.545200 -0.785300 -0.293300
vn -0.376800 -0.527700 -0.761300
vn -0.325700 -0.473200 -0.818500
vn -0.051500 0.074100 0.995900
vn -0.059200 0.059900 0.996400
vn -0.040700 0.058600 0.997500
vn -0.038400 0.052900 0.997900
vn -0.272200 0.389100 0.880100
vn -0.273200 0.395400 0.876900
vn -0.517400 0.748800 0.414300
vn -0.517400 0.748900 0.414100
vn -0.517200 0.749400 0.413400
vn -0.517200 0.749500 0.413200
vn -0.516800 0.749000 -0.414600
vn -0.517100 0.749200 -0.413900
vn -0.517200 0.749100 -0.413900
vn -0.268200 0.388000 -0.881800
vn 0.996800 0.000000 0.079800
vn -0.016900 0.017900 -0.999700
vn -0.017000 0.017900 -0.999700
vn -0.017000 0.017800 -0.999700
vn 0.866000 0.500000 0.000700
vn 0.866000 0.500100 0.000700
vn -0.823200 0.567300 -0.024400
vn -0.828300 0.560200 -0.013900
vn -0.720100 0.683400 0.120200
vn -0.729600 0.670200 0.135800
vn -0.730600 0.670300 0.129900
vn -0.765800 0.618600 0.175900
vn -0.747900 0.598200 0.287800
vn -0.862600 0.411500 0.294100
vn -0.827300 0.389900 0.404500
vn -0.736900 0.641700 0.212500
vn -0.323700 0.635800 0.700700
vn -0.223800 0.973000 0.057000
vn 0.000000 0.998000 0.062500
vn -0.957100 0.276100 0.087600
vn -0.960800 0.260400 0.095600
vn -0.953100 0.264600 0.146800
vn -0.949600 0.281200 0.138400
vn -0.934900 0.276200 0.223000
vn -0.253800 0.954100 0.159200
vn -0.252600 0.961600 0.107400
vn -0.302000 0.941900 0.147200
vn -0.312600 0.940200 0.135100
vn -0.382100 0.910300 0.159300
vn -0.331500 0.934300 0.131300
vn -0.330200 0.932800 0.144200
vn -0.299500 0.945900 0.124400
vn -0.297800 0.944100 0.141500
vn 0.826900 -0.504800 0.247700
vn 0.817000 -0.513600 0.262300
vn -0.779000 0.569300 0.262800
vn -0.703300 0.512900 0.492200
vn -0.719200 0.588500 0.369400
vn -0.264600 0.725200 0.635600
vn -0.327900 0.746500 0.579000
vn -0.370300 0.593200 0.714800
vn 0.000000 0.611400 0.791300
vn 0.223800 0.973000 0.057000
vn 0.312600 0.940200 0.135100
vn 0.298100 0.942400 0.151600
vn 0.000000 0.773100 0.634300
vn 0.000000 0.773000 0.634300
vn 0.327900 0.746500 0.579000
vn 0.370300 0.593200 0.714800
vn 0.323700 0.635800 0.700700
vn 0.736900 0.641700 0.212500
vn 0.241700 0.964700 0.104900
vn 0.242900 0.957200 0.157300
vn 0.282600 0.948900 0.140500
vn 0.284100 0.950700 0.124000
vn 0.827200 0.390000 0.404500
vn 0.877800 0.421600 0.227500
vn 0.917900 0.270600 0.290200
vn 0.949600 0.281200 0.138400
vn 0.953100 0.264600 0.146800
vn 0.960800 0.260400 0.095600
vn 0.957100 0.276100 0.087600
vn 0.747900 0.598200 0.287800
vn 0.765800 0.618600 0.175900
vn 0.730600 0.670300 0.129900
vn 0.729600 0.670200 0.135800
vn 0.720100 0.683400 0.120200
vn 0.779000 0.569300 0.262800
vn 0.703300 0.512900 0.492300
vn 0.719200 0.588500 0.369400
vn 0.264600 0.725200 0.635600
vn 0.423100 -0.530200 0.734800
vn 0.467000 -0.508900 0.723100
vn 0.317000 0.108900 0.942100
vn 0.156500 -0.077200 0.984700
vn 0.547200 0.555800 0.625800
vn 0.431800 0.393300 0.811700
vn 0.578000 0.713900 0.395400
vn 0.521200 0.754500 0.398700
vn 0.521300 0.754700 0.398400
vn 0.521200 0.754300 0.399300
vn 0.519000 0.751600 -0.407100
vn 0.519200 0.751700 -0.406500
vn 0.519200 0.751700 -0.406600
vn 0.521100 0.754100 0.399600
vn 0.322200 0.466300 0.823900
vn 0.313500 0.448600 0.837000
vn 0.007800 0.008900 0.999900
vn 0.013300 0.019100 0.999700
vn -0.220000 0.903500 0.367800
vn -0.552000 0.742600 0.379200
vn -0.618000 0.680100 0.394500
vn -0.866100 0.312300 0.390200
vn -0.881200 0.259800 0.394900
vn -0.561800 0.755800 0.336400
vn -0.896600 0.314300 0.311900
vn -0.894400 0.322400 0.310100
vn -0.817000 -0.513600 0.262300
vn -0.826900 -0.504800 0.247700
vn 0.865300 -0.499600 -0.040700
vn -0.895700 0.330400 -0.297400
vn -0.901900 0.325100 -0.284500
vn 0.584900 0.337700 -0.737500
vn -0.995900 0.090000 -0.000800
vn -0.996000 0.089900 -0.000500
vn -0.996000 0.089500 0.000100
vn -0.996000 0.089400 0.000200
vn 0.010700 -0.515200 0.857000
vn -0.003500 -0.522300 0.852800
vn -0.982800 -0.034200 -0.181700
vn -0.986700 -0.000600 -0.162300
vn -0.820200 -0.505300 -0.268200
vn -0.820600 -0.515900 -0.245800
vn 0.601300 0.347100 -0.719700
vn 0.601300 0.347200 -0.719700
vn 0.601200 0.347300 -0.719700
vn -0.000000 1.000000 0.005900
vn -0.012600 -0.540000 -0.841600
vn -0.003800 -0.535700 -0.844400
vn -0.514100 -0.504600 0.693600
vn -0.515000 -0.505200 0.692500
vn -0.999700 -0.008000 -0.021500
vn -0.999800 -0.005300 -0.020800
vn -0.833900 0.452300 0.316300
vn -0.108400 0.993300 0.041100
vn -0.443800 0.896100 -0.000000
vn -0.440900 0.890200 0.114500
vn -0.556600 0.822600 0.116100
vn -0.525900 0.763900 0.373800
vn 0.837000 0.546000 0.035800
vn 0.859800 0.510400 0.017400
vn 0.588100 0.798700 0.127500
vn 0.655300 0.731600 0.187800
vn 0.689300 0.677100 0.257700
vn 0.703700 0.705400 0.084800
vn 0.734900 0.666500 0.125200
vn 0.944100 0.310100 0.111700
vn 0.945800 0.311100 0.093600
vn 0.941100 0.324400 0.095600
vn 0.941900 0.324300 0.087100
vn 0.171800 0.983800 0.050900
vn 0.207700 0.977500 0.035600
vn 0.996100 -0.000800 0.087700
vn 0.992600 -0.000800 0.121000
vn 0.939600 0.336000 0.064700
vn 0.947900 0.312600 0.061400
vn 0.945000 0.310600 0.102300
vn 0.162300 0.986000 0.037300
vn 0.172000 0.984600 0.031800
vn 0.996500 -0.006600 0.083500
vn 0.996100 -0.006600 0.088000
vn -0.355400 0.000400 -0.934700
vn -0.427100 -0.026400 -0.903800
vn 0.587300 0.809300 -0.009000
vn 0.580700 0.814000 -0.011100
vn 0.746000 0.652100 0.134800
vn 0.731900 0.674100 0.099700
vn 0.736500 0.668500 0.103600
vn 0.729600 0.680100 0.072300
vn 0.729600 0.680100 0.072200
vn 0.729600 0.680000 0.072300
vn 0.729500 0.680100 0.072200
vn 0.729500 0.680100 0.072300
vn 0.942800 0.324100 0.077900
vn 0.943500 0.323900 0.069300
vn 0.935000 0.352500 0.039000
vn 0.933000 0.351600 0.076200
vn 0.907600 0.417200 0.045600
vn 0.906500 0.416300 0.070400
vn 0.933300 0.351700 0.073100
vn 0.930400 0.350500 0.107300
vn 0.905600 0.415600 0.085100
vn 0.901900 0.413100 0.126100
vn 0.869500 0.487400 0.079900
vn 0.862100 0.490400 0.127900
vn 0.359500 0.929800 0.078600
vn 0.359200 0.929200 0.087100
vn 0.298400 0.953500 0.042400
vn 0.297800 0.951500 0.077300
vn 0.983100 0.006300 0.182900
vn 0.981200 0.006000 0.192900
vn 0.981200 0.005300 0.193000
vn 0.981200 0.006300 0.192900
vn 0.981200 0.005000 0.193000
vn 0.983100 0.008600 0.182800
vn 0.990700 0.008600 0.135800
vn 0.992600 0.008600 0.120800
vn 0.287200 0.957100 0.039400
vn 0.287000 0.956500 0.051800
vn -0.957900 0.001100 -0.287000
vn -0.960600 -0.002500 -0.278000
vn -0.582800 0.812300 0.021900
vn 0.995800 0.091200 -0.000700
vn 0.995900 0.090400 0.000100
vn 0.995800 0.091000 -0.000700
vn 0.995900 0.090400 0.000300
vn 0.567400 -0.823400 0.000000
vn -0.854600 -0.108900 -0.507700
vn -0.868800 -0.084800 -0.487800
vn 0.004400 1.000000 0.000000
vn 0.412500 0.155300 0.897600
vn 0.410100 0.146700 0.900100
vn 0.410200 0.155400 0.898600
vn 0.395500 0.148200 0.906400
vn 0.395400 0.139200 0.907900
vn 0.852100 0.069800 0.518700
vn 0.854600 0.089000 0.511700
vn 0.852800 -0.089400 -0.514500
vn 0.855700 -0.108500 -0.505900
vn 0.412800 -0.165700 -0.895600
vn 0.410400 -0.157400 -0.898200
vn 0.000000 0.813000 -0.582300
vn 0.000000 -0.444500 -0.895800
vn -0.378800 -0.925500 0.000000
vn -0.313300 0.137400 -0.939700
vn -0.000400 0.033100 -0.999500
vn 0.002200 0.032300 -0.999500
vn 0.318900 -0.057500 -0.946000
vn -0.411400 -0.532300 -0.739800
vn -0.472300 -0.504300 -0.722900
vn 0.004900 -1.000000 0.000000
vn -0.318900 -0.057500 -0.946000
vn -0.002200 0.032300 -0.999500
vn 0.000400 0.033100 -0.999500
vn 0.313300 0.137400 -0.939700
vn -0.450200 -0.184800 0.873600
vn -0.580300 -0.159100 0.798700
vn 0.371300 -0.493300 -0.786600
vn 0.432000 -0.536400 -0.725000
vn -0.587400 0.001700 -0.809300
vn -0.531900 -0.090500 -0.842000
vn -0.006800 -0.033100 0.999400
vn -0.014500 -0.044600 0.998900
vn 0.003800 -0.535700 -0.844400
vn 0.012600 -0.540000 -0.841600
vn 0.587600 0.809200 0.000000
vn 0.584200 0.811600 0.000000
vn -0.581900 -0.813200 -0.002100
vn 0.587200 0.809400 0.000000
vn 0.587300 0.809300 0.000000
vn 0.587300 0.809400 0.000000
vn -0.679200 -0.407600 0.610400
vn -0.768800 -0.326700 0.549800
vn -0.371300 -0.534600 0.759100
vn -0.373900 -0.541400 0.753100
vn -0.375700 -0.541000 0.752400
vn -0.329400 -0.579100 0.745700
vn -0.547800 -0.793200 0.265900
vn -0.547800 -0.794900 0.260900
vn -0.562800 -0.784100 0.261700
vn -0.556700 -0.810800 0.180800
vn -0.547300 -0.793500 -0.266000
vn -0.547400 -0.793500 -0.266000
vn -0.547000 -0.793800 -0.266000
vn -0.548600 -0.794300 -0.261000
vn -0.546400 -0.795800 -0.260900
vn -0.572900 -0.798200 -0.186100
vn -0.320700 -0.446800 -0.835200
vn -0.210700 -0.362900 -0.907700
vn -0.587700 0.000000 -0.809100
vn -0.587800 0.000000 -0.809000
vn -0.275000 -0.383200 0.881800
vn 0.977100 0.004100 0.212900
vn 0.981200 0.004100 0.192900
vn 0.866000 -0.500000 0.000000
vn 0.866000 0.500000 0.000000
vn -0.866000 0.500000 0.000000
vn -0.866000 -0.500000 0.000000
vn -0.580700 0.814000 -0.011100
vn -0.587300 0.809300 -0.009000
vn -0.475700 0.345200 -0.809000
vn -0.475700 0.345200 -0.809100
vn -0.769800 0.558600 -0.309000
vn -0.769800 0.558600 0.309000
vn -0.475800 0.345200 0.809000
vn -0.475700 0.345200 0.809000
vn 0.506400 0.315900 -0.802400
vn 0.475900 0.327200 -0.816400
vn 0.820200 -0.505300 -0.268200
vn 0.820600 -0.515900 -0.245800
vn 0.518800 0.854800 0.013100
vn 0.514700 0.857300 0.009200
vn -0.769700 0.558600 -0.309000
vn -0.769700 0.558600 -0.309100
vn -0.769700 0.558600 0.309000
vn -0.769700 0.558600 0.309100
vn -0.559300 0.828900 -0.010900
vn -0.576000 0.817300 -0.018900
vn 0.461000 -0.334600 -0.821900
vn 0.476100 -0.344400 -0.809100
vn 0.777200 -0.562100 -0.282600
vn 0.770000 -0.558300 -0.308900
vn 0.776600 -0.563100 0.282500
vn 0.770600 -0.557300 0.309000
vn 0.461500 -0.333800 0.822000
vn 0.475700 -0.345200 0.809000
vn 0.000000 0.416500 0.909100
vn -0.215000 -0.385600 0.897300
vn -0.214700 -0.385700 0.897300
vn -0.214900 -0.385600 0.897300
vn -0.214600 -0.385700 0.897300
vn 0.999600 -0.011600 0.027100
vn 0.925400 0.330700 0.185100
vn 0.927300 0.356800 0.112800
vn 0.722800 0.622000 0.301200
vn 0.709600 0.703800 0.032900
vn 0.644600 0.762000 0.061400
vn 0.646900 0.761300 0.043800
vn 0.582000 0.811100 0.058400
vn 0.585100 0.810100 0.037400
vn 0.469000 0.882200 0.041600
vn -0.248300 -0.192400 0.949400
vn 0.790500 0.612300 -0.015800
vn 0.770600 0.637300 0.001000
vn 0.759500 0.628100 0.169600
vn 0.807400 0.578200 0.117300
vn 0.773100 0.553700 0.309400
vn 0.550000 0.682700 0.481000
vn 0.427500 0.902300 0.055000
vn 0.333600 0.938700 0.087400
vn 0.322900 0.944000 0.068000
vn 0.394000 0.917300 0.057200
vn 0.386400 0.921400 0.042600
vn 0.435000 0.899600 0.039800
vn -0.144700 -0.273900 0.950800
vn 0.467100 0.884200 -0.008300
vn 0.479500 0.877300 -0.019900
vn 0.476000 0.870900 0.122000
vn 0.463200 0.875400 0.138000
vn 0.405900 0.767100 0.496800
vn -0.115300 0.632000 0.766400
vn -0.178800 0.979700 0.091200
vn -0.179200 0.981900 0.061300
vn -0.215700 0.974100 0.068400
vn -0.216100 0.975800 0.034000
vn 0.312600 0.949900 0.000000
vn -0.038500 -0.236800 0.970800
vn 0.160300 0.987000 -0.011900
vn 0.196300 0.980000 -0.031600
vn 0.193600 0.966800 0.167000
vn 0.229400 0.963700 0.136600
vn 0.154700 0.649700 0.744300
vn 0.056700 0.618200 0.784000
vn 0.119100 0.988600 0.092000
vn 0.119900 0.990400 0.069500
vn 0.137500 0.988400 0.064500
vn 0.139300 0.990200 0.000000
vn -0.040800 -0.238700 0.970200
vn -0.025000 -0.189500 0.981600
vn 0.130500 0.991000 -0.029800
vn 0.124200 0.991900 -0.025600
vn 0.122700 0.979900 0.157100
vn 0.095400 0.977400 0.188500
vn 0.060300 0.618000 0.783800
vn -0.082500 0.534500 0.841200
vn -0.026800 0.995300 0.092700
vn -0.028100 0.995200 0.093700
vn -0.025500 0.997600 0.065100
vn 0.016700 0.998600 0.050600
vn 0.021300 0.999800 0.000000
vn 0.025000 -0.189500 0.981600
vn -0.130500 0.991000 -0.029800
vn -0.124200 0.991900 -0.025600
vn -0.122700 0.979900 0.157100
vn -0.095400 0.977400 0.188500
vn -0.060300 0.618000 0.783800
vn 0.082500 0.534500 0.841100
vn 0.026800 0.995300 0.092700
vn 0.025500 0.995500 0.091700
vn 0.023400 0.997600 0.065100
vn -0.015300 0.998600 0.050600
vn -0.019500 0.999800 0.000000
vn -0.196300 0.980000 -0.031600
vn -0.193600 0.966800 0.167000
vn -0.229400 0.963700 0.136600
vn -0.154700 0.649700 0.744300
vn -0.056700 0.618200 0.784000
vn -0.119100 0.988600 0.092000
vn -0.119900 0.990400 0.069500
vn -0.137500 0.988400 0.064500
vn -0.139300 0.990200 0.000000
vn -0.463200 0.875400 0.138000
vn -0.405900 0.767100 0.496800
vn 0.115300 0.632000 0.766400
vn 0.178800 0.979700 0.091200
vn 0.179200 0.981900 0.061300
vn 0.215700 0.974100 0.068400
vn 0.216100 0.975800 0.034000
vn -0.312600 0.949900 0.000000
vn -0.550000 0.682700 0.481000
vn -0.427600 0.902300 0.055000
vn -0.333600 0.938700 0.087400
vn -0.322900 0.944000 0.068000
vn -0.394000 0.917300 0.057200
vn -0.386400 0.921400 0.042600
vn -0.435000 0.899600 0.039800
vn -0.644600 0.762000 0.061400
vn -0.646900 0.761300 0.043800
vn -0.582100 0.811000 0.058400
vn -0.585100 0.810100 0.037400
vn -0.469000 0.882200 0.041600
vn -0.709600 0.703800 0.032900
vn -0.722800 0.622000 0.301200
vn -0.927400 0.356800 0.112800
vn -0.925400 0.330700 0.185100
vn -0.999600 -0.011600 0.027100
vn 0.214700 -0.385700 0.897300
vn 0.214600 -0.385700 0.897300
vn 0.215000 -0.385600 0.897300
vn -0.773100 0.553700 0.309400
vn -0.807400 0.578300 0.117300
vn -0.759500 0.628100 0.169600
vn -0.770600 0.637300 0.001000
vn -0.790500 0.612300 -0.015800
vn 0.248300 -0.192400 0.949400
vn -0.476000 0.870900 0.122000
vn -0.479500 0.877300 -0.019900
vn -0.467100 0.884200 -0.008300
vn 0.144700 -0.273900 0.950800
vn -0.160300 0.987000 -0.011900
vn 0.038500 -0.236800 0.970800
vn 0.518300 -0.854700 0.028200
vn 0.542500 -0.839900 -0.016700
vn -1.000000 0.000000 0.003500
vn -0.999000 0.042100 -0.011700
vn 0.996600 -0.081800 0.013000
vn 0.579000 -0.815200 0.014400
vn 0.587100 -0.809100 0.026900
vn 0.587200 -0.809200 -0.017700
vn 0.574600 -0.818200 -0.021900
vn 0.565000 -0.824200 -0.037800
vn 0.532300 -0.846200 -0.022600
vn 0.000000 -0.421100 -0.907000
vn 0.000000 -0.436000 -0.900000
vn 0.000000 -0.411200 -0.911500
vn 0.000000 -0.455800 -0.890100
vn 0.000000 -0.423900 -0.905700
vn 0.542600 -0.839800 -0.018500
vn 0.518400 -0.854800 0.025400
vn 0.531300 -0.846900 -0.020800
vn 0.552200 -0.833200 -0.030800
vn -0.347800 -0.830800 0.434500
vn -0.417500 -0.751800 0.510400
vn -0.001200 -0.999900 0.011400
vn -0.007800 -0.999800 0.017900
vn -0.010500 -0.999700 0.021900
vn -0.010700 -0.999700 0.021900
vn -0.009500 -0.999700 0.020700
vn 0.005700 -0.999700 -0.025100
vn 0.005800 -0.999700 -0.025100
vn 0.004800 -0.999700 -0.025100
vn 0.000400 -0.999900 -0.012200
vn 0.012700 -0.998700 -0.048400
vn 0.012400 -0.998800 -0.048400
vn 0.013700 -0.998700 -0.048400
vn 0.014500 -0.998500 -0.052600
vn -0.002900 -0.999900 0.011400
vn -0.014300 -0.999500 0.026700
vn -0.009900 -0.999700 0.021900
vn 0.007700 -0.999500 -0.030800
vn 0.004700 -0.999700 -0.025100
vn 0.010500 -0.999000 -0.042700
vn 0.013800 -0.998700 -0.048400
vn 0.015100 -0.999000 -0.042700
vn 0.011100 -0.000000 -0.999900
vn -0.017000 0.998600 -0.050900
vn -0.017800 0.998400 -0.054500
vn -0.018000 0.998400 -0.054500
vn -0.018700 0.998300 -0.054500
vn -0.030000 0.999400 -0.016000
vn -0.031400 0.999400 -0.016200
vn -0.031300 0.999400 -0.016000
vn -0.035400 0.999400 0.000000
vn -0.039500 0.999100 0.012300
vn -0.039900 0.999100 0.015600
vn -0.060500 0.997200 0.043600
vn -0.063700 0.996800 0.049200
vn -0.525800 0.585200 0.617200
vn -0.019900 0.998500 -0.050900
vn -0.029000 0.999300 -0.023400
vn -0.030000 0.999400 -0.016200
vn -0.035300 0.999400 -0.000400
vn -0.037500 0.999200 0.012300
vn -0.057300 0.997600 0.039100
vn -0.059000 0.997300 0.043600
vn -0.375400 0.821300 0.429500
vn -0.432000 0.746300 0.506400
vn -0.866000 -0.500000 -0.000700
vn -0.866000 -0.500100 -0.000700
vn -0.865900 -0.500200 -0.000600
vn -0.865900 -0.500300 -0.000600
vn -0.826000 -0.491700 -0.275500
vn -0.816200 -0.500100 -0.289300
vn -0.601300 -0.347100 0.719700
vn -0.601300 -0.347200 0.719700
vn -0.569400 0.821900 -0.016000
vn -0.559500 0.828800 -0.011300
vn -0.866400 -0.499400 -0.000700
vn -0.866300 -0.499600 -0.000600
vn -0.866000 -0.500000 -0.000500
vn 0.953700 -0.298000 -0.040000
vn 0.518800 0.854800 -0.013100
vn 0.518900 0.854800 -0.013100
vn -0.519400 -0.854500 -0.000300
vn -0.519400 -0.854500 -0.000400
vn -0.519300 -0.854600 -0.000500
vn -0.519400 -0.854500 0.000000
vn -0.519500 -0.854500 0.000100
vn -0.519500 -0.854400 0.000200
vn -0.519600 -0.854400 0.000300
vn 0.325700 -0.473200 -0.818500
vn 0.376800 -0.527700 -0.761300
vn 0.545200 -0.785300 -0.293300
vn 0.592600 -0.805100 -0.025300
vn 0.562100 -0.773600 0.292400
vn 0.472000 -0.581100 0.663000
vn 0.386700 -0.476600 0.789500
vn 0.560200 -0.806600 0.188700
vn 0.542700 -0.839800 -0.014800
vn 0.164200 -0.638000 -0.752300
vn 0.270000 -0.769800 -0.578400
vn -0.262400 -0.115100 -0.958100
vn -0.111600 -0.411200 -0.904700
vn 0.541000 -0.840800 -0.019700
vn 0.310600 -0.746200 0.588800
vn 0.264700 -0.714800 0.647400
vn -0.019700 -0.375800 0.926500
vn 0.556200 -0.809500 0.188200
vn 0.565500 0.824700 0.008900
vn 0.564700 0.825100 0.020100
vn 0.000000 -0.426900 -0.904300
vn -0.953700 -0.005600 0.300800
vn -0.950900 0.002800 0.309300
vn 0.953600 -0.005500 0.300900
vn 0.951000 0.002800 0.309300
vn 0.344600 -0.493700 0.798400
vn 0.349600 -0.508000 0.787200
vn 0.543600 -0.785300 0.296200
vn 0.543400 -0.788500 0.287900
vn 0.541200 -0.785300 -0.300600
vn 0.544000 -0.786300 -0.293000
vn 0.323000 -0.469100 -0.822000
vn 0.324800 -0.470700 -0.820400
vn 0.842900 0.535200 -0.054800
vn 0.845600 0.533700 -0.013600
vn 0.846800 0.531500 -0.019000
vn 0.846200 0.530100 -0.054200
vn -0.032900 0.045700 -0.998400
vn -0.040800 0.053000 -0.997800
vn -0.321200 0.459600 -0.828000
vn -0.308700 0.448400 -0.838900
vn -0.525700 0.759400 -0.383400
vn -0.524100 0.758700 -0.387000
vn -0.526300 0.761900 0.377500
vn -0.526200 0.759400 0.382700
vn -0.312800 0.454500 0.834000
vn -0.306300 0.436400 0.846000
vn -0.010400 0.014600 0.999800
vn -0.008400 0.009500 0.999900
vn 0.864600 0.501500 -0.031200
vn 0.852000 0.523400 0.013400
vn 0.828300 0.560200 -0.013900
vn 0.823200 0.567300 -0.024400
vn -0.830700 0.556500 -0.017200
vn -0.822400 0.567800 -0.035900
vn 0.831000 0.555800 0.020200
vn 0.823300 0.567400 0.016500
vn 0.834500 0.550500 0.026000
vn 0.822600 0.568200 0.022500
vn 0.857900 0.513200 0.023800
vn 0.839800 0.541500 0.038500
vn 0.866000 0.499300 -0.025900
vn 0.850600 0.525500 0.019100
vn 0.595400 0.007600 0.803400
vn 0.594000 0.008200 0.804400
vn -0.856700 -0.515300 0.022800
vn -0.835700 -0.548100 0.035900
vn 0.299700 0.954000 0.009700
vn 0.299800 0.954000 0.001600
vn 0.599100 0.800600 0.011000
vn 0.602400 0.798200 0.003100
vn 0.356700 0.934200 0.001100
vn 0.315200 0.941900 0.115900
vn 0.317300 0.948300 0.008600
vn -0.317300 0.948300 0.008600
vn -0.305000 0.952400 0.005300
vn -0.598300 0.801300 0.005600
vn -0.597700 0.800500 -0.042800
vn 0.035800 -0.097500 -0.994600
vn 0.103000 -0.048300 -0.993500
vn -0.823300 -0.567400 0.016500
vn -0.830200 -0.557100 0.020100
vn -0.850800 -0.525000 0.020500
vn -0.866800 -0.498200 -0.022600
vn 0.329900 0.941900 -0.062800
vn 0.330600 0.943700 -0.011100
vn -0.822700 -0.568100 0.022700
vn -0.835200 -0.549300 0.025900
vn -0.844000 -0.533200 -0.057600
vn -0.846700 -0.531900 -0.011500
vn 0.411400 -0.532300 -0.739900
vn 0.472300 -0.504300 -0.722900
vn -0.823200 -0.567300 -0.023900
vn -0.828200 -0.560200 -0.013600
vn -0.315400 -0.451600 -0.834600
vn -0.310900 -0.451800 -0.836200
vn -0.313900 -0.454600 -0.833500
vn -0.313200 -0.455000 -0.833600
vn -0.313500 -0.454900 -0.833600
vn -0.313100 -0.455100 -0.833600
vn -0.314600 -0.455600 -0.832700
vn -0.547800 -0.793200 -0.266000
vn -0.546800 -0.793400 -0.267500
vn -0.544300 -0.788200 -0.287200
vn -0.322800 -0.469100 -0.822100
vn -0.543600 -0.788800 0.286900
vn -0.547600 -0.792900 0.267400
vn -0.351900 -0.509600 0.785200
vn -0.370000 -0.532700 0.761100
vn 0.866000 -0.500000 -0.000700
vn 0.865900 -0.500200 -0.000600
vn 0.866000 -0.500100 -0.000700
vn 0.865900 -0.500300 -0.000600
vn -0.015000 -0.008000 0.999900
vn -0.012300 -0.008900 0.999900
vn -0.565500 0.824700 0.008900
vn -0.564700 0.825100 0.020100
vn 0.012300 -0.133400 -0.991000
vn 0.029200 -0.089800 -0.995500
vn -0.014100 -0.025500 -0.999600
vn -0.014700 -0.025800 -0.999600
vn -0.014800 -0.025800 -0.999600
vn -0.510900 0.324800 0.795900
vn -0.524000 0.331200 0.784700
vn -0.006500 0.329500 0.944100
vn -0.001300 0.327700 0.944800
vn -0.840200 -0.540900 0.037000
vn -0.857700 -0.513600 0.024900
vn -0.940100 0.337900 0.046000
vn -0.939700 0.336200 0.063000
vn -0.946400 0.317200 0.060400
vn -0.960300 0.001100 0.278900
vn -0.957900 -0.002400 0.286900
vn 0.822100 -0.489300 0.291100
vn 0.823100 -0.500500 0.268300
vn 0.816200 -0.500200 -0.289300
vn 0.826100 -0.491700 -0.275400
vn 0.564700 0.825300 -0.008800
vn 0.552600 0.833300 0.014100
vn 0.531900 -0.090500 -0.842000
vn 0.587400 0.001700 -0.809300
vn -0.467000 -0.508900 0.723100
vn -0.423200 -0.530100 0.734800
vn 0.951200 -0.005500 -0.308500
vn 0.953600 0.002800 -0.300900
vn 0.515000 -0.505200 0.692500
vn 0.514100 -0.504600 0.693600
vn -0.587100 -0.809100 0.026900
vn -0.579000 -0.815200 0.014400
vn 0.408000 -0.904900 -0.121500
vn 0.575900 0.817300 -0.018900
vn 0.559200 0.829000 -0.010900
vn -0.518300 -0.854700 0.028200
vn -0.542500 -0.839900 -0.016700
vn 0.569400 0.821900 -0.016000
vn 0.559500 0.828800 -0.011300
vn -0.552800 -0.831300 0.057500
vn -0.551400 -0.834100 0.014900
vn -0.000000 -0.171400 -0.985200
vn 0.000000 -0.171700 -0.985100
vn -0.000000 -0.171500 -0.985200
vn 0.000100 -0.171800 -0.985100
vn -0.412900 -0.157500 -0.897100
vn -0.410500 -0.165800 -0.896700
vn -0.410600 -0.157500 -0.898100
vn -0.400900 -0.166400 -0.900900
vn -0.394500 -0.147200 -0.907000
vn -0.352600 -0.153500 -0.923100
vn -0.852500 -0.109400 -0.511200
vn -0.855300 -0.088700 -0.510500
vn -0.852300 0.089600 0.515300
vn -0.854400 0.069100 0.514900
vn -0.412500 0.146600 0.899100
vn -0.410100 0.155500 0.898700
vn -0.410100 0.146800 0.900100
vn -0.395500 0.156600 0.905000
vn -0.395500 0.146000 0.906800
vn -0.000000 0.159300 0.987200
vn -0.000100 0.159300 0.987200
vn 0.000000 0.171700 0.985200
vn 0.000000 0.171600 0.985200
vn -0.532300 -0.846200 -0.022600
vn -0.565000 -0.824200 -0.037800
vn -0.542600 -0.839800 -0.018500
vn -0.518400 -0.854800 0.025400
vn -0.542300 -0.839300 0.039300
vn -0.544100 -0.838800 0.016100
vn 0.999500 0.031700 -0.001700
vn 1.000000 0.000000 0.007600
vn 0.564700 0.825200 -0.009200
vn 0.552600 0.833400 0.013400
vn -0.865500 -0.500800 -0.000400
vn -0.865900 -0.500300 -0.000500
vn -0.865700 -0.500500 -0.000500
vn -0.866100 -0.499900 -0.000600
vn -0.519500 -0.854500 0.000300
vn 0.593500 -0.430700 -0.679900
vn 0.631200 -0.441900 -0.637400
vn 0.600100 -0.420200 0.680700
vn 0.624300 -0.453000 0.636400
vn -0.303500 -0.936200 -0.177200
vn -0.172700 -0.969300 -0.175000
vn -0.406100 -0.897400 -0.172700
vn -0.279100 -0.943700 -0.177400
vn -0.004900 -1.000000 0.000000
vn -0.589200 -0.578100 0.564500
vn -0.644900 0.013300 0.764100
vn -0.024000 -0.999300 0.028400
vn -0.609700 -0.013800 -0.792500
vn -0.526800 -0.709400 -0.468200
vn 0.549400 -0.835600 -0.007000
vn 0.519500 -0.854400 -0.005700
vn -0.391200 0.900100 0.191600
vn 0.391200 0.900100 0.191600
vn 0.000000 -0.999500 0.030300
vn 0.000000 -0.999600 0.027500
vn 0.000000 -0.999800 -0.019900
vn 0.312000 0.939300 0.142900
vn 0.313200 0.940600 0.131100
vn 0.361500 0.918600 0.159400
vn -0.193600 -0.815000 -0.546200
vn -0.193700 -0.815000 -0.546200
vn 0.995000 -0.000000 0.099500
vn -0.140100 -0.987800 0.068400
vn -0.135400 -0.987700 0.078400
vn -0.136000 -0.988400 0.068100
vn -0.135500 -0.988400 0.068000
vn -0.136100 -0.988400 0.068100
vn -0.131100 -0.988300 0.077700
vn -0.131400 -0.990700 -0.034300
vn -0.118000 -0.992700 -0.023100
vn 0.000000 -0.977100 0.212600
vn 0.865500 0.500800 0.000500
vn 0.865700 0.500600 0.000500
vn 0.865700 0.500500 0.000400
vn 0.865900 0.500200 0.000400
vn 0.000000 -0.415300 -0.909700
vn -0.518800 0.854900 0.000000
vn -0.514600 0.857400 0.009100
vn -0.593500 -0.430700 -0.679900
vn -0.631200 -0.441900 -0.637400
vn -0.624300 -0.453000 0.636400
vn -0.600100 -0.420200 0.680700
vn 0.000000 -0.296500 -0.955000
vn 0.971900 0.000000 0.235300
vn -0.000000 1.000000 0.006000
vn 0.000000 -1.000000 0.000700
vn 0.582800 0.812300 0.021900
vn 0.582800 0.812300 0.021800
vn 0.000000 -0.987900 0.155400
vn 0.601300 -0.347200 0.719700
vn 0.601300 -0.347100 0.719700
vn -0.847500 -0.528100 -0.053700
vn -0.848500 -0.528900 -0.015900
vn -0.992600 0.121300 0.003600
vn -0.186600 0.979600 -0.075000
vn -0.206100 0.976700 -0.059400
vn -0.185000 0.970800 -0.152500
vn -0.408800 0.911100 -0.053000
vn -0.408900 0.911000 -0.053300
vn -0.408800 0.911000 -0.054100
vn -0.408900 0.911100 -0.052700
vn -0.421500 0.905600 -0.046600
vn -0.421800 0.906400 -0.024000
vn -0.387200 0.920700 -0.048500
vn -0.387600 0.921800 0.004300
vn -0.330600 0.943700 -0.011100
vn -0.329900 0.941900 -0.062800
vn -0.248300 0.966500 -0.064400
vn -0.287200 0.957900 0.000000
vn -0.287200 0.957800 0.010000
vn -0.299700 0.954000 0.009700
vn -0.299800 0.954000 0.001600
vn -0.599100 0.800600 0.011000
vn -0.599200 0.800600 0.003000
vn -0.399300 0.916800 0.001400
vn -0.399300 0.916800 -0.001500
vn -0.576800 0.816800 0.010300
vn -0.576700 0.816600 -0.023900
vn -0.598200 0.801300 -0.002200
vn -0.409800 0.912100 -0.008600
vn -0.409800 0.912100 -0.008700
vn -0.409800 0.912100 -0.008400
vn -0.429900 0.902700 -0.017900
vn -0.650700 0.759300 -0.009500
vn -0.597600 0.800400 -0.046300
vn -0.641500 0.747900 -0.170600
vn 0.866900 -0.498500 -0.000500
vn 0.866000 -0.500100 -0.000400
vn 0.866400 -0.499400 -0.000700
vn 0.866200 -0.499700 -0.000600
vn 0.866000 -0.500000 -0.000400
vn 0.866000 -0.500100 -0.000500
vn -0.866100 0.500000 0.000700
vn -0.866200 0.499700 0.000600
vn -0.866100 0.499900 0.000700
vn -0.866200 0.499600 0.000500
vn -0.205800 0.975400 -0.078800
vn -0.197800 0.976400 -0.086400
vn -0.197800 0.976100 -0.089900
vn -0.185900 0.977500 -0.099400
vn -0.432000 -0.536400 -0.725000
vn -0.371300 -0.493300 -0.786600
vn 0.016900 -0.017900 0.999700
vn 0.017000 -0.017800 0.999700
vn 0.000000 0.930900 -0.365300
vn 0.000000 0.930900 -0.365400
vn 0.000000 0.930800 -0.365600
vn -0.567400 -0.823400 -0.000000
vn -0.567500 -0.823400 -0.000000
vn 0.589200 -0.578100 0.564500
vn 0.644900 0.013300 0.764100
vn 0.024000 -0.999300 0.028400
vn 0.609700 -0.013800 -0.792500
vn 0.962200 -0.268200 0.047300
vn -0.467700 -0.013800 0.883800
vn -0.499200 0.000600 0.866500
vn 0.523200 -0.852200 0.002700
vn 0.492000 -0.870600 -0.000000
vn 0.489200 -0.871200 -0.040200
vn 0.471900 -0.880500 -0.044600
vn 0.473700 -0.880500 -0.020200
vn 0.610900 -0.790100 0.049600
vn 0.607300 -0.794300 0.014300
vn 0.672600 -0.735300 0.083300
vn 0.749400 -0.661900 -0.018400
vn 0.778400 -0.626300 0.042900
vn 0.798800 -0.601400 0.015500
vn 0.456400 -0.889800 -0.000000
vn 0.452400 -0.890700 -0.045100
vn 0.459200 -0.887400 0.040400
vn 0.349200 -0.937100 0.000000
vn 0.361500 -0.931400 0.043000
vn 0.228800 -0.973300 -0.016600
vn 0.220300 -0.975300 0.015900
vn 0.246200 -0.968700 0.033000
vn 0.248800 -0.968200 0.025000
vn 0.294700 -0.954600 0.044200
vn -0.023500 -0.999700 -0.000000
vn -0.022100 -0.998500 -0.050600
vn -0.022600 -0.999200 -0.032300
vn -0.024100 -0.999100 -0.034500
vn -0.025600 -0.999600 0.015400
vn -0.027300 -0.999600 0.011400
vn -0.028300 -0.998900 0.038600
vn -0.028200 -0.998900 0.038800
vn -0.028200 -0.998800 0.038900
vn -0.027900 -0.998800 0.039300
vn 0.022100 -0.998500 -0.050600
vn 0.022600 -0.999200 -0.032300
vn 0.024100 -0.999100 -0.034500
vn 0.025600 -0.999600 0.015400
vn 0.027300 -0.999600 0.011400
vn 0.028200 -0.998800 0.038900
vn 0.028000 -0.998800 0.039100
vn 0.028300 -0.998900 0.038600
vn 0.027900 -0.998800 0.039300
vn -0.459200 -0.887400 0.040400
vn -0.349200 -0.937100 0.000000
vn -0.361600 -0.931400 0.043000
vn -0.228800 -0.973300 -0.016600
vn -0.220300 -0.975300 0.015900
vn -0.246200 -0.968600 0.033000
vn -0.248800 -0.968200 0.025000
vn -0.294700 -0.954600 0.044200
vn -0.610900 -0.790100 0.049600
vn -0.607300 -0.794300 0.014300
vn -0.672600 -0.735300 0.083300
vn -0.749400 -0.661900 -0.018300
vn -0.778400 -0.626400 0.042900
vn -0.798800 -0.601400 0.015500
vn -0.601200 -0.347200 0.719700
vn 0.770200 0.554100 -0.315800
vn 0.821100 0.519000 -0.237600
vn 0.830900 0.514800 -0.211000
vn 0.833800 0.516400 -0.195000
vn 0.824100 0.536300 -0.182200
vn 0.821900 0.535300 -0.194600
vn 0.822000 0.535300 -0.194600
vn 0.519300 -0.854600 -0.000500
vn 0.519400 -0.854500 -0.000400
vn -0.986100 0.161000 0.042100
vn 0.999700 0.018600 -0.012400
vn -0.953700 0.002800 -0.300800
vn -0.951200 -0.005600 -0.308500
vn -0.003500 0.004400 1.000000
vn 0.001400 -0.002800 1.000000
vn -0.477700 0.348500 0.806400
vn -0.474800 0.343400 0.810300
vn -0.769600 0.559600 0.307400
vn -0.769500 0.558400 0.309800
vn -0.770200 0.558900 -0.307400
vn -0.769000 0.559100 -0.309800
vn -0.479000 0.346500 -0.806500
vn -0.473500 0.345300 -0.810300
vn -0.005100 0.001900 -1.000000
vn 0.003000 -0.000400 -1.000000
vn -0.819100 -0.573600 0.000000
vn 0.058000 -0.996900 -0.052600
vn -0.060800 -0.992300 -0.108200
vn -0.061000 -0.996800 -0.052500
vn -0.199200 -0.974000 -0.108200
vn -0.200300 -0.979700 -0.012000
vn -0.195000 -0.980800 -0.003300
vn -0.194900 -0.980600 0.020300
vn -0.228700 -0.973400 0.012700
vn -0.228700 -0.973300 0.017400
vn -0.172800 -0.983800 0.047300
vn -0.173000 -0.984900 0.000900
vn -0.124600 -0.991800 0.029900
vn -0.124600 -0.991700 0.031900
vn -0.134500 -0.990600 0.023300
vn -0.252300 -0.967600 -0.003600
vn -0.252300 -0.967600 -0.003800
vn -0.252300 -0.967600 -0.003300
vn -0.249900 -0.968300 0.000000
vn -0.249700 -0.968200 0.012700
vn -0.202900 -0.979000 0.021200
vn -0.202700 -0.977900 0.051000
vn -0.168600 -0.983900 0.059500
vn -0.168700 -0.984900 0.038500
vn -0.215300 -0.976100 0.030500
vn -0.215300 -0.976100 0.030600
vn -0.215400 -0.976100 0.030000
vn -0.215300 -0.976000 0.031100
vn -0.277500 -0.960500 0.021500
vn -0.277900 -0.958100 0.069400
vn -0.258900 -0.963100 0.073500
vn -0.259400 -0.964500 0.050100
vn -0.349500 -0.936800 0.014600
vn -0.186200 -0.982500 0.009700
vn -0.335600 -0.941900 -0.010000
vn -0.331500 -0.938400 0.098000
vn -0.265500 -0.959000 0.099600
vn -0.266000 -0.963900 0.009800
vn -0.335200 -0.942100 -0.011400
vn -0.376300 -0.925800 0.037300
vn -0.412700 -0.910800 -0.008700
vn -0.372200 -0.925900 -0.064600
vn -0.368000 -0.929300 -0.032000
vn -0.347200 -0.935500 -0.065200
vn -0.341600 -0.939200 -0.035200
vn -0.331600 -0.941900 -0.054100
vn -0.327900 -0.943700 -0.044500
vn -0.937600 0.328600 0.113500
vn -0.950000 0.288300 0.120400
vn -0.844500 0.400300 0.355700
vn -0.889700 0.044400 0.454400
vn -0.917100 -0.383600 0.108800
vn -0.276100 -0.957900 0.078900
vn -0.133200 -0.990300 -0.040300
vn -0.136900 -0.989000 -0.055600
vn -0.135100 -0.989100 -0.057900
vn -0.134700 -0.986900 -0.088200
vn -0.151000 -0.986900 -0.056300
vn -0.156700 -0.984300 -0.081800
vn -0.166400 -0.985000 -0.046400
vn -0.173000 -0.982900 -0.063000
vn -0.171900 -0.982800 -0.068000
vn -0.149900 -0.988500 -0.021500
vn -0.149600 -0.986500 -0.066900
vn -0.123600 -0.991500 -0.041600
vn 0.123600 -0.991500 -0.041600
vn 0.121800 -0.991500 -0.044900
vn 0.365600 -0.929800 -0.042100
vn 0.382500 -0.923800 -0.018200
vn 0.884200 -0.467000 0.011700
vn 0.892400 -0.450000 0.032000
vn 0.095700 -0.995400 -0.007500
vn 0.095600 -0.995400 -0.005500
vn 0.149600 -0.986500 -0.066900
vn 0.366600 -0.928200 -0.062900
vn 0.359600 -0.931300 -0.058000
vn 0.885700 -0.463800 -0.019900
vn 0.829400 -0.557900 0.028100
vn 0.091500 -0.995800 -0.007700
vn 0.078200 -0.996900 -0.004000
vn 0.149900 -0.988500 -0.021500
vn 0.171900 -0.982800 -0.068000
vn 0.359400 -0.930900 -0.064400
vn 0.331700 -0.942800 -0.032800
vn 0.829700 -0.558100 -0.003700
vn 0.825900 -0.563900 0.000000
vn 0.078200 -0.996900 0.000000
vn 0.061200 -0.998100 0.008400
vn 0.173000 -0.982900 -0.063000
vn 0.166400 -0.985000 -0.046400
vn 0.327900 -0.943700 -0.044500
vn 0.331600 -0.941900 -0.054100
vn 0.825400 -0.563600 -0.032400
vn 0.795700 -0.605700 0.000000
vn 0.061200 -0.998100 0.000000
vn 0.049700 -0.998700 0.009200
vn 0.156700 -0.984300 -0.081800
vn 0.151000 -0.986900 -0.056300
vn 0.341600 -0.939200 -0.035200
vn 0.347200 -0.935500 -0.065200
vn 0.795000 -0.605100 -0.042200
vn 0.738300 -0.674200 0.019900
vn 0.049700 -0.998300 0.029400
vn 0.059300 -0.998100 0.018000
vn 0.398700 -0.916600 -0.028300
vn 0.658100 -0.751100 -0.052400
vn 0.066600 -0.997400 0.029400
vn 0.412700 -0.910800 -0.008700
vn 0.376300 -0.925800 0.037300
vn 0.658300 -0.751300 0.047400
vn 0.358300 -0.919900 0.159500
vn 0.066200 -0.992000 0.107600
vn 0.150300 -0.987500 0.047300
vn 0.335200 -0.942100 -0.011400
vn 0.266000 -0.963900 0.009800
vn 0.349500 -0.936800 0.014600
vn 0.259400 -0.964500 0.050100
vn 0.150300 -0.987800 0.041700
vn 0.138500 -0.989000 0.051700
vn 0.265500 -0.959000 0.099600
vn 0.331400 -0.938400 0.098000
vn 0.258900 -0.963100 0.073500
vn 0.277900 -0.958100 0.069400
vn 0.138600 -0.989400 0.043200
vn 0.134400 -0.989800 0.047600
vn 0.335600 -0.942000 -0.010000
vn 0.186200 -0.982500 0.009700
vn 0.277500 -0.960500 0.021500
vn 0.215300 -0.976100 0.030600
vn 0.215300 -0.976000 0.031100
vn 0.215300 -0.976100 0.030500
vn 0.134500 -0.990600 0.023300
vn 0.124600 -0.991700 0.031900
vn 0.215300 -0.976100 0.030000
vn 0.186200 -0.982100 0.030200
vn 0.679400 -0.724200 0.118300
vn 0.943700 0.330700 0.002900
vn 0.937600 0.328600 0.113500
vn 0.949900 0.288300 0.120400
vn 0.844500 0.400300 0.355700
vn 0.889700 0.044400 0.454400
vn 0.917100 -0.383600 0.108800
vn 0.276100 -0.957900 0.078900
vn 0.133200 -0.990300 -0.040300
vn 0.136900 -0.989000 -0.055600
vn 0.985200 -0.024700 0.169600
vn 0.990200 0.000600 0.139900
vn -0.186200 -0.982100 0.030200
vn -0.679400 -0.724200 0.118300
vn -0.943700 0.330700 0.002900
vn -0.676300 -0.720900 0.151200
vn -0.831800 -0.540100 0.127800
vn -0.823600 -0.566700 -0.024400
vn -0.262400 -0.964700 0.019800
vn -0.262500 -0.964900 -0.011000
vn -0.227800 -0.973700 0.000000
vn -0.227800 -0.973700 0.007200
vn -0.448500 -0.893800 -0.003700
vn -0.264900 -0.963700 0.032000
vn -0.272600 -0.961600 0.031900
vn -0.337100 -0.941500 0.000000
vn -0.273000 -0.962000 -0.007800
vn -0.252300 -0.967600 -0.004000
vn -0.445700 -0.882600 0.149200
vn -0.514800 -0.845200 0.143500
vn -0.865300 -0.499600 -0.040900
vn 0.584900 0.337600 -0.737500
vn 0.999100 0.042700 0.000000
vn 0.999200 0.040100 0.000500
vn -0.003600 0.995100 0.099100
vn -0.002300 0.995300 0.096500
vn -0.265100 -0.964200 -0.000000
vn -0.265000 -0.964000 -0.021600
vn -0.149300 -0.988700 -0.010100
vn -0.147300 -0.975300 -0.164700
vn -0.288700 -0.940500 -0.178900
vn -0.110300 -0.993200 -0.038600
vn -0.292200 -0.956300 -0.000000
vn -0.337200 -0.941300 -0.015600
vn 0.000000 -0.438500 -0.898700
vn -0.999800 -0.000100 -0.019300
vn -0.031100 -0.994700 0.098100
vn -0.130400 0.985900 -0.104900
vn -0.130900 0.989800 -0.056700
vn -0.030300 0.994100 -0.103800
vn -0.898300 0.329300 0.290900
vn -0.899600 0.331900 0.283800
vn 0.000000 0.195300 0.980700
vn -0.784900 -0.453100 0.422600
vn -0.784800 -0.453200 0.422600
vn -0.784800 -0.453200 0.422700
vn -0.784900 -0.453200 0.422600
vn -0.266000 0.016100 -0.963800
vn -0.244100 0.000000 -0.969800
vn 0.482300 0.875900 -0.012300
vn 0.502000 0.864700 -0.015000
vn 0.696300 0.717700 -0.011500
vn 0.695600 0.718400 -0.011400
vn 0.696000 0.718000 -0.011400
vn 0.695200 0.718700 -0.011300
vn 0.811100 0.584900 -0.006000
vn 0.897100 0.441700 -0.011800
vn 0.921900 0.387400 -0.009400
vn 0.945700 0.324700 -0.010400
vn 0.934200 0.356600 -0.012300
vn 0.994300 0.103900 -0.022800
vn 0.999700 -0.016600 -0.018100
vn 0.999800 -0.003600 -0.017200
vn 0.000000 0.587600 0.809200
vn -0.000000 0.402700 0.915300
vn 0.866100 0.499900 0.000700
vn 0.866200 0.499600 0.000600
vn 0.866300 0.499600 0.000600
vn -0.965500 0.260300 0.003100
vn -0.963900 0.266100 0.007900
vn 0.679200 -0.407600 0.610400
vn 0.768700 -0.326700 0.549800
vn 0.865800 0.500300 0.000700
vn 0.865900 0.500200 0.000600
vn 0.866000 0.500100 0.000600
vn 0.866000 0.500000 0.000500
vn -0.461500 -0.705800 0.537500
vn -0.342700 -0.722600 0.600300
vn 0.000000 -0.159100 -0.987300
vn -0.865600 0.500800 0.000500
vn -0.865600 0.500700 0.000500
vn -0.865900 0.500200 0.000400
vn 0.461500 -0.705800 0.537500
vn 0.342700 -0.722600 0.600300
vn 0.963900 0.266100 0.007900
vn 0.965500 0.260300 0.003100
vn 0.870300 -0.104600 -0.481400
vn 0.855400 -0.088700 -0.510300
vn -0.057800 -0.992600 -0.106600
vn 0.058300 -0.996900 -0.052600
vn 0.199200 -0.974000 -0.108200
vn 0.200300 -0.979700 -0.012000
vn 0.195000 -0.980800 -0.003300
vn 0.194900 -0.980600 0.020300
vn 0.228700 -0.973400 0.012700
vn 0.228700 -0.973300 0.017400
vn 0.172800 -0.983800 0.047300
vn 0.173000 -0.984900 0.000900
vn 0.124600 -0.991800 0.029900
vn 0.168700 -0.984900 0.038500
vn 0.168500 -0.983900 0.059500
vn 0.202700 -0.977900 0.051000
vn 0.202900 -0.979000 0.021200
vn 0.249700 -0.968200 0.012700
vn 0.249900 -0.968300 0.000000
vn 0.252300 -0.967600 -0.003300
vn 0.252300 -0.967600 -0.003800
vn 0.252300 -0.967600 -0.003600
vn 0.252300 -0.967600 -0.004000
vn 0.273000 -0.962000 -0.007800
vn 0.272600 -0.961600 0.031900
vn 0.337100 -0.941500 -0.000000
vn 0.337200 -0.941300 -0.015600
vn 0.831900 -0.540100 0.127800
vn 0.823600 -0.566700 -0.024400
vn 0.262400 -0.964700 0.019800
vn 0.262500 -0.964900 -0.011000
vn 0.227800 -0.973700 0.000000
vn 0.227800 -0.973700 0.007200
vn 0.448500 -0.893800 -0.003700
vn 0.264900 -0.963700 0.032000
vn 0.265100 -0.964200 -0.000000
vn 0.265000 -0.964000 -0.021600
vn 0.149300 -0.988700 -0.010100
vn 0.147300 -0.975300 -0.164700
vn 0.288700 -0.940500 -0.178900
vn 0.292200 -0.956300 -0.000000
vn 0.110300 -0.993200 -0.038600
vn 0.109600 -0.979800 -0.167000
vn 0.013700 -0.996400 -0.083400
vn 0.014500 -0.955700 -0.293900
vn -0.188400 -0.972900 -0.134200
vn 0.946500 -0.322600 -0.011100
vn 0.944400 -0.328400 -0.015900
vn 0.000000 0.979900 -0.199400
vn -0.000000 0.979900 -0.199500
vn 0.003300 0.997000 0.077500
vn -0.003600 0.995400 0.095500
vn 0.505300 0.325800 -0.799100
vn 0.517900 0.331600 -0.788600
vn -0.587300 0.809300 0.013700
vn -0.583000 0.812500 0.007200
vn -0.587400 0.809300 0.000000
vn -0.587300 0.809400 0.000000
vn -0.587300 0.809300 0.000000
vn -0.587200 0.809400 0.000000
vn 0.581900 -0.813200 -0.002100
vn -0.584200 0.811600 0.000000
vn 0.555300 0.001600 0.831600
vn 0.598600 -0.055600 0.799100
vn -0.461000 -0.334600 -0.821900
vn -0.476200 -0.344400 -0.809100
vn -0.777200 -0.562100 -0.282600
vn -0.770000 -0.558300 -0.309000
vn -0.776600 -0.563100 0.282500
vn -0.770600 -0.557400 0.309000
vn -0.461500 -0.333800 0.822000
vn -0.475700 -0.345200 0.809000
vn -0.553700 0.831100 0.051100
vn -0.569400 0.818200 0.080000
vn 0.893100 0.341100 0.293200
vn 0.901200 0.334300 0.275700
vn 0.544100 -0.838800 0.016100
vn 0.542300 -0.839300 0.039200
vn -0.944400 -0.328400 -0.015900
vn -0.946500 -0.322600 -0.011100
vn 0.000000 0.904500 -0.426400
vn 0.567900 0.823100 0.000000
vn 0.000000 0.425400 0.905000
vn 0.000000 -0.881800 0.471500
vn 0.000000 0.891200 -0.453700
vn -0.016900 -0.017900 0.999700
vn -0.016900 -0.017800 0.999700
vn -0.017000 -0.017800 0.999700
vn 0.789300 0.582700 -0.193400
vn 0.799000 0.572600 -0.183800
vn 0.953100 0.193600 -0.232500
vn 0.973800 0.113000 -0.197300
vn 0.017400 0.999000 0.041700
vn 0.017400 0.998800 0.045100
vn 0.017400 0.998800 0.045200
vn 0.303500 -0.936200 -0.177200
vn 0.172600 -0.969300 -0.175000
vn 0.406100 -0.897400 -0.172700
vn 0.505900 0.862600 0.000000
vn -0.255800 0.965600 0.047700
vn -0.309000 0.948000 0.075900
vn -0.309900 0.950700 0.014800
vn -0.454900 -0.330100 -0.827100
vn -0.451200 -0.329100 -0.829500
vn 0.000000 0.915700 -0.401900
vn 0.000000 0.412100 0.911100
vn 0.000000 0.625700 0.780100
vn 0.000000 0.227700 0.973700
vn 0.000000 0.348500 0.937300
vn 0.000000 0.959500 -0.281800
vn 0.000000 0.289800 0.957100
vn 0.111100 -0.083100 -0.990300
vn 0.043500 -0.118200 -0.992000
vn -0.017400 -0.999000 -0.042100
vn -0.999700 0.018600 -0.012400
vn -0.956800 0.290700 0.007200
vn -0.872000 -0.305800 0.382300
vn -0.871900 -0.305800 0.382300
vn -0.871900 -0.305800 0.382400
vn -0.943500 -0.330900 0.014000
vn -0.943600 -0.330700 0.014000
vn -0.607100 -0.794600 -0.003700
vn -0.607300 -0.794400 -0.003700
vn -0.586800 -0.768000 0.256600
vn -0.587200 -0.767700 0.256700
vn -0.194700 -0.952800 0.233000
vn -0.194600 -0.952800 0.233000
vn -0.195200 -0.952700 0.233100
vn 0.000100 0.000000 1.000000
vn -0.000100 0.000000 1.000000
vn -0.194600 0.952800 0.233100
vn -0.194700 0.952800 0.233100
vn 0.195000 0.952700 0.233100
vn 0.194800 0.952800 0.233100
vn 0.200300 0.978400 0.050500
vn 0.606500 0.793700 0.046800
vn 0.606700 0.793500 0.046800
vn 0.570600 0.746700 0.341700
vn 0.570700 0.746700 0.341700
vn -0.570700 -0.746700 0.341800
vn -0.570700 -0.746600 0.341800
vn -0.570800 -0.746600 0.341700
vn -0.200800 -0.979600 -0.011700
vn -0.200500 -0.979600 -0.011700
vn 0.195100 -0.952700 0.233000
vn 0.194800 -0.952700 0.233100
vn 0.194700 -0.952800 0.233000
vn 0.000300 0.000000 1.000000
vn 0.587100 0.767800 0.256700
vn 0.587000 0.767800 0.256700
vn 0.587400 0.767500 0.256800
vn 0.943100 0.330600 0.035000
vn 0.943000 0.330800 0.035000
vn 0.872000 0.305700 0.382200
vn 0.872000 0.305700 0.382300
vn -0.190600 -0.930800 0.311800
vn -0.190600 -0.930800 0.311900
vn -0.190500 -0.930800 0.311900
vn 0.200400 -0.979600 -0.011700
vn 0.200800 -0.979600 -0.011700
vn 0.200500 -0.979600 -0.011700
vn 0.195200 -0.952700 0.233000
vn 0.587100 -0.767700 0.256700
vn 0.587500 -0.767500 0.256600
vn 0.587300 -0.767600 0.256600
vn 0.000500 0.000000 1.000000
vn -0.000500 -0.000000 1.000000
vn 0.903300 0.316900 0.289200
vn 0.903200 0.317000 0.289200
vn 0.190700 -0.930800 0.311900
vn 0.190600 -0.930800 0.311900
vn 0.190500 -0.930800 0.311800
vn 0.607200 -0.794500 -0.003700
vn 0.607200 -0.794600 -0.003700
vn 0.586900 -0.767900 0.256700
vn 0.903300 -0.316800 0.289200
vn 0.903300 -0.316800 0.289300
vn 0.001100 0.000000 1.000000
vn 0.903200 0.317100 0.289200
vn 0.570700 -0.746700 0.341700
vn 0.570700 -0.746700 0.341800
vn 0.943600 -0.330900 0.014000
vn 0.943600 -0.330800 0.014000
vn 0.872000 -0.305700 0.382300
vn -0.445400 -0.895200 0.012000
vn -0.476400 -0.879100 0.015900
vn -0.708700 -0.705400 0.012600
vn -0.702900 -0.711200 0.012000
vn -0.821300 -0.570500 0.006700
vn -0.903500 -0.428500 0.012400
vn -0.928900 -0.370100 0.009800
vn -0.946800 -0.321700 0.010600
vn -0.934100 -0.356900 0.012700
vn -0.992800 -0.117300 0.022700
vn -0.999800 -0.010800 0.018600
vn -0.998800 -0.047300 0.016000
vn -0.019100 0.026900 -0.999500
vn -0.040000 0.050600 -0.997900
vn -0.327000 0.469300 -0.820300
vn -0.315400 0.456500 -0.832000
vn -0.519000 0.751600 -0.407100
vn -0.519200 0.751700 -0.406600
vn -0.519100 0.751700 -0.406800
vn -0.519200 0.751700 -0.406500
vn -0.521300 0.754700 0.398400
vn -0.521200 0.754600 0.398700
vn -0.521100 0.754300 0.399300
vn -0.521100 0.754200 0.399600
vn -0.322200 0.466300 0.823900
vn -0.313400 0.448500 0.837100
vn -0.007800 0.008900 0.999900
vn -0.013300 0.019100 0.999700
vn -0.578000 0.713900 0.395400
vn -0.431800 0.393300 0.811700
vn -0.547200 0.555800 0.625800
vn -0.156500 -0.077200 0.984700
vn -0.317000 0.108900 0.942100
vn -0.546100 0.836800 0.038700
vn -0.617200 0.502300 -0.605600
vn -0.605500 0.687100 -0.401500
vn -0.448100 0.099800 -0.888400
vn -0.515200 0.335300 -0.788800
vn -0.961700 -0.270000 0.047600
vn -0.003000 -0.000400 -1.000000
vn 0.005100 0.001900 -1.000000
vn 0.473500 0.345300 -0.810300
vn 0.479000 0.346500 -0.806500
vn 0.769000 0.559100 -0.309800
vn 0.770200 0.558900 -0.307400
vn 0.769500 0.558400 0.309800
vn 0.769600 0.559600 0.307400
vn 0.474800 0.343400 0.810300
vn 0.477700 0.348500 0.806400
vn -0.001400 -0.002800 1.000000
vn 0.003500 0.004400 1.000000
vn 0.854400 0.069100 0.514900
vn 0.870000 0.084400 0.485700
vn 0.525900 0.763900 0.373800
vn -0.042500 0.005400 0.999100
vn -0.042300 0.006000 0.999100
vn -0.042400 0.005700 0.999100
vn -0.042200 0.006500 0.999100
vn -0.475700 -0.345200 -0.809000
vn -0.769700 -0.558600 -0.309000
vn -0.769700 -0.558600 -0.309100
vn -0.769700 -0.558600 0.309000
vn -0.769700 -0.558600 0.309100
vn -0.475800 -0.345200 0.809000
vn -0.475800 -0.345300 0.809000
vn 0.475700 0.345200 -0.809000
vn 0.769700 0.558600 -0.309000
vn 0.769700 0.558600 -0.309100
vn 0.769700 0.558600 0.309000
vn 0.769700 0.558600 0.309100
vn 0.475800 0.345200 0.809000
vn 0.785000 -0.453100 0.422600
vn 0.784900 -0.453200 0.422600
vn 0.784900 -0.453100 0.422600
vn 0.784800 -0.453200 0.422600
vn -0.470300 -0.014400 -0.882400
vn -0.486200 0.006800 -0.873800
vn 0.003500 -0.522300 0.852800
vn -0.010600 -0.515200 0.857000
vn -0.992400 0.090400 0.083800
vn -0.992000 0.086300 0.092000
vn -0.903400 -0.316500 0.289200
vn -0.903400 -0.316600 0.289200
vn -0.001100 0.000000 1.000000
vn -0.903300 0.316800 0.289200
vn -0.903400 0.316700 0.289200
vn -0.587200 0.767700 0.256600
vn -0.586900 0.767900 0.256700
vn -0.606600 0.793600 0.046800
vn -0.606600 0.793700 0.046800
vn -0.200300 0.978400 0.050500
vn -0.190500 0.930800 0.311800
vn -0.190600 0.930800 0.311900
vn -0.587300 0.767600 0.256600
vn -0.195000 0.952700 0.233100
vn -0.200200 0.978400 0.050500
vn 0.190600 0.930800 0.311900
vn 0.190700 0.930800 0.311800
vn -0.570700 0.746700 0.341700
vn -0.943100 0.330600 0.035000
vn -0.943100 0.330700 0.035000
vn -0.872000 0.305800 0.382300
vn 0.000000 0.424600 0.905400
vn 0.000000 0.904700 -0.426000
vn 0.000000 0.904700 -0.425900
vn 0.000000 0.573800 -0.819000
vn 0.000000 0.543600 -0.839300
vn 0.000000 0.700900 0.713200
vn 0.000000 0.939700 0.341900
vn -0.042500 0.005400 -0.999100
vn -0.042400 0.005600 -0.999100
vn -0.042300 0.006100 -0.999100
vn -0.042200 0.006500 -0.999100
vn -0.907600 -0.210600 0.363200
vn -0.932600 -0.196300 0.302900
vn -0.004400 1.000000 0.000000
vn 0.419100 -0.757800 -0.500100
vn 0.747400 -0.011500 -0.664200
vn 0.000000 0.909300 -0.416100
vn 0.042200 0.006500 -0.999100
vn 0.042400 0.005700 -0.999100
vn 0.042300 0.006100 -0.999100
vn 0.042500 0.005400 -0.999100
vn 0.378800 -0.925500 0.000000
vn 0.042500 0.005400 0.999100
vn 0.042400 0.005700 0.999100
vn 0.042300 0.006100 0.999100
vn 0.042200 0.006500 0.999100
vn 0.463500 -0.163500 0.870900
vn 0.576300 -0.196300 0.793300
vn -0.930000 -0.326100 0.169800
vn -0.942400 -0.277800 0.186400
vn -0.601500 -0.787000 0.137600
vn -0.663300 -0.730000 0.164700
vn -0.198600 -0.969400 0.144400
vn -0.233700 -0.959800 0.155300
vn 0.198200 -0.967600 0.156600
vn 0.234000 -0.961000 0.147200
vn 0.599000 -0.783700 0.164500
vn 0.665100 -0.731900 0.148000
vn 0.927400 -0.325200 0.185000
vn 0.943900 -0.278400 0.177700
vn -0.904800 -0.266800 0.331900
vn -0.580700 -0.781200 0.229200
vn -0.654700 -0.720500 0.228800
vn -0.192600 -0.967300 0.164900
vn -0.233600 -0.959100 0.160000
vn 0.233600 -0.959100 0.160000
vn -0.589700 -0.793400 0.151000
vn -0.100300 -0.990600 0.093300
vn -0.194900 -0.978900 0.061400
vn 0.194900 -0.978900 0.061400
vn 0.192600 -0.967300 0.164900
vn 0.654700 -0.720400 0.228800
vn -0.100700 -0.994900 0.009000
vn 0.100700 -0.994900 0.009000
vn 0.100300 -0.990600 0.093300
vn 0.589700 -0.793400 0.151000
vn 0.580700 -0.781200 0.229200
vn 0.904800 -0.266800 0.331900
vn 0.129200 -0.991600 -0.002200
vn 0.606700 -0.793700 0.043900
vn 0.600600 -0.785700 0.148100
vn 0.914600 -0.329700 0.234000
vn 0.887500 -0.320000 0.331600
vn 0.604000 -0.795700 0.044800
vn 0.940500 -0.329600 0.082800
vn 0.917800 -0.321700 0.232700
vn 0.895100 -0.431500 0.112100
vn 0.897700 -0.432700 0.083600
vn 0.892100 -0.443200 0.087500
vn 0.889200 -0.441800 0.118700
vn 0.956200 -0.278700 0.090100
vn 0.961800 -0.271900 0.031100
vn 0.913100 -0.395500 0.099400
vn 0.921800 -0.387300 0.018300
vn 0.905300 -0.422000 0.048700
vn 0.906500 -0.420900 0.032900
vn 0.098800 -0.995100 -0.007400
vn 0.531300 -0.846600 0.033000
vn 0.531400 -0.846800 0.022800
vn 0.437100 -0.898600 0.036600
vn 0.437400 -0.899200 -0.014500
vn 0.423700 -0.905800 -0.005300
vn 0.423400 -0.905000 -0.040600
vn 0.412400 -0.910600 -0.028000
vn 0.412600 -0.910800 -0.015300
vn 0.904000 -0.427100 0.017400
vn 0.904500 -0.426400 0.004400
vn 0.112100 -0.993600 -0.016000
vn 0.112100 -0.993400 -0.024000
vn 0.119600 -0.992300 -0.031000
vn 0.119500 -0.991900 -0.042200
vn 0.120900 -0.991700 -0.044400
vn 0.120900 -0.991700 -0.044300
vn 0.120900 -0.991700 -0.044200
vn 0.402400 -0.914600 -0.040800
vn 0.402700 -0.914100 -0.048000
vn 0.382800 -0.923600 -0.022100
vn -0.112100 -0.993400 -0.024000
vn -0.119600 -0.992300 -0.031000
vn -0.119500 -0.991900 -0.042200
vn -0.120900 -0.991700 -0.044300
vn -0.120900 -0.991700 -0.044400
vn -0.120900 -0.991700 -0.044200
vn -0.402400 -0.914600 -0.040800
vn -0.402700 -0.914100 -0.048000
vn -0.382800 -0.923600 -0.022100
vn -0.382500 -0.923800 -0.018200
vn -0.884200 -0.467000 0.011600
vn -0.885700 -0.463800 -0.019900
vn -0.829400 -0.557900 0.028100
vn -0.829700 -0.558100 -0.003600
vn -0.825900 -0.563800 0.000000
vn -0.437400 -0.899200 -0.014500
vn -0.423700 -0.905800 -0.005300
vn -0.423400 -0.905000 -0.040600
vn -0.412400 -0.910600 -0.028000
vn -0.412600 -0.910800 -0.015300
vn -0.904000 -0.427100 0.017400
vn -0.904500 -0.426400 0.004400
vn -0.892400 -0.450000 0.032000
vn -0.095700 -0.995400 -0.007500
vn -0.091500 -0.995800 -0.005500
vn -0.961800 -0.271900 0.031100
vn -0.913100 -0.395500 0.099400
vn -0.921800 -0.387300 0.018300
vn -0.905300 -0.422000 0.048700
vn -0.906500 -0.420900 0.032900
vn -0.098800 -0.995100 -0.007400
vn -0.095500 -0.995400 -0.005500
vn -0.114600 -0.993400 0.005300
vn -0.114500 -0.993400 0.005700
vn -0.114400 -0.993400 0.006200
vn -0.100200 -0.994900 0.009000
vn -0.101800 -0.994800 -0.004100
vn -0.000500 -0.951100 0.308900
vn 0.470300 -0.014400 -0.882400
vn 0.486200 0.006700 -0.873800
vn -0.857000 0.208300 -0.471300
vn -0.857000 0.208400 -0.471300
vn -0.091500 -0.995800 -0.007700
vn -0.078200 -0.996900 -0.004000
vn -0.078200 -0.996900 0.000000
vn -0.061200 -0.998100 0.008400
vn -0.061200 -0.998100 0.000000
vn -0.049700 -0.998700 0.009200
vn -0.049700 -0.998300 0.029400
vn -0.059300 -0.998100 0.018000
vn -0.059300 -0.997800 0.029400
vn -0.066600 -0.997600 0.019400
vn -0.066200 -0.992000 0.107600
vn -0.150300 -0.987500 0.047300
vn -0.150300 -0.987800 0.041700
vn -0.138500 -0.989000 0.051700
vn -0.358300 -0.919900 0.159500
vn -0.658300 -0.751300 0.047400
vn -0.658900 -0.751900 0.022100
vn -0.737600 -0.673600 -0.047000
vn -0.738300 -0.674200 0.019900
vn -0.795000 -0.605100 -0.042200
vn -0.795700 -0.605700 0.000000
vn -0.825400 -0.563600 -0.032400
vn -0.000100 -0.588100 0.808800
vn -0.000200 -0.588500 0.808500
vn -0.000100 -0.588700 0.808400
vn -0.001200 0.996600 0.082500
vn 0.006000 0.998100 0.060700
vn 0.519600 -0.854400 0.000300
vn 0.519500 -0.854500 0.000100
vn 0.519500 -0.854400 0.000200
vn 0.519400 -0.854500 0.000000
vn 0.519400 -0.854500 0.000400
vn 0.519500 -0.854500 0.000300
vn -0.996600 -0.081800 0.013000
vn 0.998000 0.058500 0.024000
vn 0.999500 -0.030100 -0.006200
vn -0.467200 -0.164500 -0.868700
vn -0.576400 -0.196200 -0.793200
vn 0.450500 -0.184700 -0.873500
vn 0.580400 -0.159100 -0.798700
vn -0.866100 0.499900 0.000500
vn -0.866300 0.499500 0.000500
vn -0.866600 0.499100 0.000400
vn -0.866800 0.498700 0.000400
vn 0.005800 -0.988900 0.148500
vn -0.027300 -0.984300 0.174500
vn 0.984500 -0.002500 0.175200
vn 0.985300 -0.169500 -0.020300
vn 0.968900 -0.246200 -0.023600
vn 0.967900 -0.246000 -0.050900
vn 0.957800 -0.284500 -0.040200
vn -0.004400 0.988500 0.151500
vn -0.002300 0.989100 0.147400
vn 0.569000 0.822300 0.007100
vn 0.569800 0.821300 0.028900
vn 0.101800 -0.994800 -0.004100
vn 0.100200 -0.994900 0.009000
vn 0.114400 -0.993400 0.006200
vn 0.114500 -0.993400 0.005700
vn 0.114600 -0.993400 0.005300
vn 0.000000 -0.140300 -0.990100
vn 1.000000 -0.000500 -0.000100
vn -0.876100 -0.477900 -0.063400
vn -0.848000 -0.526000 -0.065100
vn -0.834700 -0.517700 -0.187600
vn -0.691500 -0.691500 -0.208900
vn -0.655900 -0.733500 -0.178300
vn -0.253800 -0.947100 -0.196700
vn -0.252300 -0.947700 -0.195700
vn 0.000000 -0.981100 -0.193500
vn 0.252300 -0.947700 -0.195700
vn 0.255500 -0.959700 -0.117300
vn 0.626400 -0.773000 -0.100000
vn 0.628800 -0.775900 -0.051400
vn 0.253800 -0.947100 -0.196700
vn 0.655900 -0.733500 -0.178300
vn 0.662600 -0.740900 -0.109500
vn 0.691500 -0.691500 -0.208900
vn 0.834700 -0.517700 -0.187600
vn 0.935000 -0.250500 -0.251000
vn 0.973100 -0.117900 -0.197900
vn 0.000000 0.985800 0.167800
vn 0.582500 -0.812600 -0.021400
vn 0.582500 -0.812500 -0.021500
vn 0.000000 -0.991100 -0.133100
vn -0.000500 -0.950500 -0.310800
vn -0.331700 -0.942800 -0.032800
vn -0.359400 -0.930900 -0.064400
vn -0.359600 -0.931300 -0.058000
vn -0.366600 -0.928200 -0.062900
vn -0.365600 -0.929800 -0.042100
vn -0.121800 -0.991500 -0.044900
vn -0.122400 -0.991100 -0.052200
vn -0.122300 -0.991100 -0.052600
vn -0.122500 -0.991100 -0.052100
vn 0.122400 -0.991100 -0.052200
vn 0.122600 -0.991100 -0.051900
vn 0.122300 -0.991100 -0.052600
vn 0.122500 -0.991100 -0.052000
vn 0.122100 -0.991700 -0.041000
vn -0.122100 -0.991700 -0.041000
vn -0.122500 -0.991100 -0.052000
vn 0.889700 -0.000000 0.456600
vn -0.541000 -0.840800 -0.019700
vn -0.310600 -0.746200 0.588800
vn -0.264700 -0.714800 0.647400
vn -0.472000 -0.581100 0.663000
vn -0.386700 -0.476600 0.789500
vn -0.560200 -0.806600 0.188700
vn -0.556200 -0.809500 0.188200
vn 0.019700 -0.375800 0.926500
vn -0.138600 -0.989400 0.043200
vn -0.134400 -0.989800 0.047600
vn -0.451900 -0.328000 0.829600
vn -0.454100 -0.331100 0.827200
vn -0.514700 0.857300 0.009200
vn -0.518800 0.854800 0.013100
vn -0.601300 0.347100 -0.719700
vn -0.601300 0.347200 -0.719700
vn 0.865500 -0.500800 -0.000400
vn 0.865800 -0.500400 -0.000500
vn 0.866000 -0.500100 -0.000600
vn 0.866100 -0.499900 -0.000600
vn 0.000000 -0.117600 -0.993100
vn 0.604600 -0.796500 0.007900
vn 0.139800 -0.989700 -0.029900
vn 0.139900 -0.989900 -0.024400
vn -0.139900 -0.989900 -0.024400
vn -0.112100 -0.993600 -0.016000
vn -0.531400 -0.846800 0.022800
vn -0.437100 -0.898600 0.036500
vn -0.889200 -0.441800 0.118700
vn -0.956100 -0.278700 0.090100
vn 0.129100 -0.991300 -0.024800
vn -0.129100 -0.991300 -0.024800
vn -0.139800 -0.989700 -0.029900
vn -0.604600 -0.796500 0.007900
vn -0.531300 -0.846600 0.033000
vn -0.897700 -0.432700 0.083600
vn -0.892100 -0.443200 0.087500
vn -0.129200 -0.991600 -0.002200
vn -0.606700 -0.793700 0.043900
vn -0.604000 -0.795700 0.044800
vn -0.940500 -0.329600 0.082800
vn -0.895100 -0.431500 0.112100
vn -0.600600 -0.785700 0.148100
vn -0.914600 -0.329700 0.234000
vn -0.917800 -0.321700 0.232700
vn 0.999200 0.040100 0.000000
vn 0.999100 0.042100 -0.000400
vn 0.907400 -0.210500 -0.363800
vn 0.932500 -0.196200 -0.303200
vn 0.475700 0.345200 0.809000
vn 0.769800 0.558600 0.309000
vn 0.769800 0.558600 -0.309000
vn 0.475700 0.345200 -0.809100
vn 0.910800 -0.199700 0.361400
vn 0.928700 -0.215500 0.301800
vn -0.505900 0.862600 0.000000
vn -0.928700 -0.215500 -0.301700
vn -0.910800 -0.199700 -0.361200
vn 0.000000 -0.410600 -0.911800
vn -0.865300 -0.500600 -0.025500
vn -0.850800 -0.525100 0.018900
vn -0.564700 0.825200 -0.009200
vn -0.552500 0.833400 0.013500
vn -0.004300 0.981500 0.191200
vn 0.010300 0.988900 0.147900
vn 0.574100 -0.814900 -0.079400
vn 0.551100 -0.832800 -0.053000
vn -0.000300 -0.588000 -0.808800
vn -0.000200 -0.588300 -0.808700
vn -0.000000 -0.588900 -0.808200
vn 0.000000 -0.978100 -0.207900
vn 0.009100 0.984500 0.175400
vn 0.014600 0.981300 0.192200
vn 0.000000 -0.999600 -0.027300
vn 0.992800 0.080000 -0.089100
vn 0.991300 0.085100 -0.100400
vn 0.587300 0.809300 0.013700
vn 0.583000 0.812400 0.007300
vn -0.988900 0.085900 -0.121600
vn -0.990900 0.079800 -0.108100
vn 0.546200 0.337200 0.766800
vn 0.556200 0.333500 0.761200
vn 0.734600 -0.672500 -0.090300
vn -0.995400 0.086400 -0.040300
vn -0.994900 0.089300 -0.046100
vn 0.019000 0.026900 -0.999500
vn 0.040000 0.050600 -0.997900
vn 0.327000 0.469300 -0.820200
vn 0.515200 0.335400 -0.788700
vn 0.448100 0.099800 -0.888400
vn 0.605500 0.687100 -0.401500
vn 0.315400 0.456500 -0.832000
vn 0.617200 0.502300 -0.605600
vn 0.546100 0.836800 0.038700
vn -0.999700 -0.005300 -0.022000
vn -0.009500 0.500000 -0.866000
vn -0.010900 0.502400 -0.864500
vn 0.847500 -0.528100 -0.053800
vn 0.848500 -0.529000 -0.015900
vn -0.974500 -0.110700 -0.194900
vn -0.935000 -0.250500 -0.251000
vn -0.866000 0.500000 0.000700
vn 0.000000 -1.000000 -0.000100
vn -0.747400 -0.011500 -0.664200
vn -0.419100 -0.757800 -0.500100
vn -0.531300 -0.846900 -0.020800
vn -0.552200 -0.833100 -0.030800
vn -0.518900 0.854800 -0.013100
vn -0.518800 0.854800 -0.013100
vn 0.000000 0.424700 0.905400
vn -1.000000 -0.005400 0.001100
vn -1.000000 -0.000500 -0.000100
vn 0.188400 -0.972900 -0.134200
vn -0.014500 -0.955700 -0.293900
vn -0.013700 -0.996400 -0.083400
vn -0.109600 -0.979800 -0.167000
vn 0.193300 0.638900 0.744600
vn 0.518400 0.430100 0.739100
vn 0.703100 0.599500 0.382300
vn 0.703200 0.599500 0.382300
vn 0.703200 0.599500 0.382200
vn 0.720800 0.616800 0.316300
vn 0.720800 0.616700 0.316300
vn 0.720900 0.616600 0.316300
vn 0.739100 0.634800 0.225100
vn 0.739200 0.634800 0.225100
vn 0.751800 0.648500 0.119000
vn 0.751800 0.648600 0.119000
vn 0.755100 0.652900 0.059300
vn 0.755700 0.654500 0.022000
vn 0.989800 0.142200 0.004800
vn 0.262200 0.882900 0.389700
vn 0.268900 0.907900 0.321600
vn 0.269000 0.907900 0.321600
vn 0.275400 0.932300 0.234600
vn 0.280300 0.951500 0.126900
vn 0.281500 0.957300 0.066000
vn 0.281700 0.959000 0.032300
vn 0.754900 0.655100 -0.030700
vn 0.281400 0.959300 -0.024100
vn -0.281700 0.959000 0.032300
vn -0.281500 0.957300 0.066000
vn -0.280300 0.951500 0.126900
vn -0.275400 0.932300 0.234600
vn -0.269000 0.907900 0.321600
vn -0.268900 0.907900 0.321600
vn -0.262100 0.882900 0.389700
vn -0.281400 0.959300 -0.024100
vn -0.755700 0.654500 0.022000
vn -0.755100 0.652900 0.059300
vn -0.751800 0.648600 0.119000
vn -0.751800 0.648500 0.119000
vn -0.739200 0.634800 0.225100
vn -0.739100 0.634800 0.225100
vn -0.720900 0.616600 0.316300
vn -0.720800 0.616700 0.316300
vn -0.720800 0.616800 0.316300
vn -0.703200 0.599500 0.382300
vn -0.703200 0.599500 0.382200
vn -0.754900 0.655100 -0.030700
vn -0.989800 0.142200 0.004800
vn -0.989800 0.142300 0.004800
vn -0.988800 0.141000 0.048100
vn -0.984700 0.138900 0.105700
vn -0.968700 0.133800 0.209300
vn -0.943000 0.127600 0.307400
vn -0.942900 0.127800 0.307500
vn -0.865300 -0.403100 0.297800
vn -0.865400 -0.403000 0.297800
vn -0.865400 -0.402900 0.297800
vn -0.513800 -0.807300 0.290500
vn -0.513800 -0.807200 0.290500
vn -0.513700 -0.807300 0.290500
vn -0.988800 0.143300 -0.041900
vn -0.909600 -0.415200 -0.014000
vn -0.908600 -0.416000 0.036000
vn -0.908600 -0.416100 0.036000
vn -0.904900 -0.415800 0.091100
vn -0.890800 -0.412000 0.191900
vn -0.908800 -0.413800 -0.054100
vn -0.540600 -0.840800 -0.028300
vn -0.540000 -0.841200 0.026700
vn -0.537800 -0.839200 0.080000
vn -0.537800 -0.839300 0.080000
vn -0.537800 -0.839300 0.080100
vn -0.529700 -0.829200 0.178700
vn -0.540200 -0.839200 -0.063400
vn 0.000000 -0.999400 -0.033600
vn 0.000000 -0.999700 0.023200
vn 0.000000 -0.997100 0.075900
vn 0.000000 -0.984800 0.173800
vn 0.000000 -0.957700 0.287800
vn 0.000000 -0.939700 0.341900
vn 0.000000 -0.704800 0.709400
vn -0.370900 -0.595900 0.712300
vn -0.503100 -0.792000 0.345800
vn -0.503000 -0.792100 0.345800
vn -0.513900 -0.807200 0.290500
vn -0.846400 -0.396000 0.356200
vn -0.624000 -0.303900 0.719900
vn -0.679000 0.078500 0.729900
vn -0.518400 0.430000 0.739100
vn -0.921000 0.122800 0.369800
vn 0.988800 0.143300 -0.041900
vn 0.984700 0.144200 -0.098200
vn 0.984700 0.144200 -0.098300
vn 0.969000 0.144600 -0.200400
vn 0.942300 0.143400 -0.302500
vn 0.942300 0.143200 -0.302600
vn 0.921000 0.141900 -0.362800
vn 0.679100 0.116500 -0.724700
vn 0.624000 -0.266000 -0.734700
vn 0.371100 -0.557800 -0.742400
vn 0.503100 -0.772900 -0.386800
vn 0.503100 -0.772800 -0.386800
vn 0.908800 -0.413800 -0.054100
vn 0.908800 -0.413700 -0.054100
vn 0.904900 -0.410400 -0.112800
vn 0.889900 -0.400800 -0.217700
vn 0.867200 -0.388000 -0.312100
vn 0.867100 -0.388100 -0.312200
vn 0.867100 -0.388200 -0.312200
vn 0.846400 -0.376700 -0.376400
vn 0.846300 -0.376900 -0.376500
vn 0.540200 -0.839200 -0.063400
vn 0.537800 -0.833900 -0.123900
vn 0.528700 -0.816800 -0.230900
vn 0.528600 -0.816800 -0.230900
vn 0.516000 -0.794800 -0.319500
vn 0.515900 -0.794800 -0.319500
vn 0.515800 -0.794900 -0.319500
vn 0.503000 -0.772900 -0.386800
vn 0.540600 -0.840800 -0.028300
vn 0.909600 -0.415200 -0.014000
vn 0.908600 -0.416000 0.036000
vn 0.904900 -0.415800 0.091100
vn 0.890800 -0.412000 0.191900
vn 0.865300 -0.403100 0.297800
vn 0.865400 -0.403100 0.297800
vn 0.865400 -0.402900 0.297900
vn 0.846400 -0.396000 0.356200
vn 0.624000 -0.303900 0.719900
vn 0.679000 0.078500 0.729900
vn 0.988800 0.141000 0.048100
vn 0.984700 0.138900 0.105700
vn 0.968700 0.133800 0.209200
vn 0.968700 0.133800 0.209300
vn 0.968700 0.133900 0.209300
vn 0.943000 0.127600 0.307400
vn 0.942900 0.128100 0.307500
vn 0.942900 0.127800 0.307500
vn 0.942900 0.127900 0.307500
vn 0.921000 0.122800 0.369800
vn 0.921000 0.122700 0.369800
vn 0.540000 -0.841200 0.026700
vn 0.537800 -0.839300 0.080000
vn 0.537800 -0.839200 0.080100
vn 0.537800 -0.839300 0.080100
vn 0.529700 -0.829200 0.178700
vn 0.513800 -0.807200 0.290500
vn 0.513700 -0.807300 0.290500
vn 0.513800 -0.807300 0.290500
vn 0.503100 -0.792000 0.345800
vn 0.503000 -0.792100 0.345800
vn 0.370900 -0.595900 0.712300
vn 0.000000 -0.997800 -0.066800
vn 0.000000 -0.991800 -0.128000
vn -0.537800 -0.833900 -0.123900
vn -0.904900 -0.410400 -0.112800
vn -0.984700 0.144200 -0.098200
vn -0.984700 0.144200 -0.098300
vn -0.751800 0.653900 -0.084900
vn -0.280300 0.956800 -0.077000
vn 0.280300 0.956800 -0.077000
vn 0.751800 0.653900 -0.084900
vn 0.276100 0.945100 -0.175000
vn 0.276000 0.945100 -0.175000
vn -0.276000 0.945100 -0.175000
vn -0.276100 0.945100 -0.175000
vn -0.740300 0.646500 -0.184500
vn -0.969000 0.144600 -0.200400
vn -0.889900 -0.400800 -0.217700
vn -0.528600 -0.816800 -0.230900
vn 0.000000 -0.971800 -0.235800
vn -0.867200 -0.388000 -0.312200
vn -0.867100 -0.388100 -0.312100
vn -0.515900 -0.794800 -0.319500
vn -0.515900 -0.794900 -0.319500
vn -0.516000 -0.794800 -0.319500
vn 0.000000 -0.946600 -0.322300
vn 0.000000 -0.920500 -0.390700
vn 0.000000 -0.666800 -0.745200
vn -0.371100 -0.557900 -0.742400
vn -0.624100 -0.266000 -0.734700
vn -0.846400 -0.376700 -0.376400
vn -0.846400 -0.376800 -0.376400
vn -0.921000 0.141900 -0.362800
vn -0.921000 0.142000 -0.362800
vn -0.942300 0.143400 -0.302500
vn -0.942300 0.143600 -0.302500
vn -0.942300 0.143200 -0.302600
vn -0.942300 0.143500 -0.302500
vn -0.867100 -0.388200 -0.312100
vn -0.503100 -0.772800 -0.386800
vn 0.740300 0.646500 -0.184500
vn 0.267700 0.919300 -0.288500
vn 0.267600 0.919300 -0.288500
vn -0.267600 0.919300 -0.288500
vn -0.267700 0.919300 -0.288400
vn -0.267700 0.919300 -0.288500
vn -0.261900 0.902100 -0.343000
vn -0.262100 0.902000 -0.342900
vn -0.261800 0.902100 -0.343000
vn -0.703300 0.618600 -0.350300
vn -0.703200 0.618600 -0.350300
vn -0.518600 0.468000 -0.715600
vn -0.679100 0.116500 -0.724700
vn 0.718600 0.630300 -0.293700
vn 0.718500 0.630500 -0.293700
vn 0.261900 0.902100 -0.342900
vn 0.262100 0.902000 -0.343000
vn -0.192700 0.677300 -0.710000
vn 0.718600 0.630300 -0.293800
vn 0.703200 0.618600 -0.350300
vn 0.261800 0.902100 -0.342900
vn 0.192700 0.677300 -0.710000
vn 0.518600 0.468000 -0.715600
vn -0.718600 0.630300 -0.293700
vn -0.718500 0.630500 -0.293700
vn -0.718700 0.630300 -0.293700
vn -0.865400 -0.402900 0.297900
vn -0.865400 -0.403100 0.297800
vn -0.942900 0.127900 0.307500
vn -0.846400 -0.395900 0.356200
vn -0.921000 0.122700 0.369800
vn -0.703100 0.599600 0.382300
vn -0.262200 0.882900 0.389700
vn 0.262100 0.882900 0.389700
vn -0.193300 0.638900 0.744600
vn -0.518400 0.430100 0.739100
vn 0.518400 0.430000 0.739100
vn 0.503100 -0.792100 0.345800
vn 0.513900 -0.807200 0.290500
vn 0.865400 -0.403000 0.297800
vn 0.865400 -0.402900 0.297800
vn 0.537800 -0.839200 0.080000
vn 0.908600 -0.416100 0.036000
vn -0.537800 -0.839200 0.080100
vn -0.262100 0.902000 -0.343000
vn -0.261900 0.902100 -0.342900
vn 0.261900 0.902100 -0.343000
vn 0.261800 0.902100 -0.343000
vn 0.921000 0.142000 -0.362800
vn 0.942300 0.143300 -0.302600
vn 0.267700 0.919300 -0.288400
vn 0.262100 0.902000 -0.342900
vn 0.703200 0.618700 -0.350300
vn 0.703300 0.618600 -0.350300
vn 0.718700 0.630300 -0.293700
vn 0.942300 0.143500 -0.302500
vn 0.867200 -0.388000 -0.312200
vn 0.867100 -0.388100 -0.312100
vn 0.515900 -0.794900 -0.319500
vn -0.528700 -0.816800 -0.230900
vn -0.515800 -0.794900 -0.319500
vn -0.503100 -0.772900 -0.386800
vn -0.503000 -0.772900 -0.386800
vn -0.371100 -0.557800 -0.742400
vn -0.867100 -0.388100 -0.312200
vn -0.867200 -0.388000 -0.312100
vn -0.846300 -0.376900 -0.376500
vn -0.624000 -0.266000 -0.734700
vn -0.718600 0.630300 -0.293800
vn -0.703200 0.618700 -0.350300
vn -0.261800 0.902100 -0.342900
vn 0.867100 -0.388200 -0.312100
vn 0.846400 -0.376800 -0.376400
vn 0.624100 -0.266000 -0.734700
vn 0.371100 -0.557900 -0.742400
vn 0.078500 -0.996900 -0.001800
vn 0.074100 -0.997300 -0.000000
vn 0.001100 -0.011000 0.999900
vn 0.005600 -0.007800 1.000000
vn 0.007300 -0.004200 1.000000
vn -0.074100 -0.997300 -0.000000
vn -0.078500 -0.996900 -0.001800
vn -0.007300 -0.004200 1.000000
vn -0.005600 -0.007800 1.000000
vn -0.001100 -0.011000 0.999900
vn -0.601200 0.347300 -0.719700
vn 0.000000 0.994700 -0.103000
vn 0.705600 0.705600 -0.066000
vn -0.587300 -0.767600 0.256700
vn 0.330000 0.150500 0.931900
vn 0.996400 -0.013300 0.083800
vn 0.940100 0.338400 0.040800
vn -0.928500 0.325500 0.178900
vn -0.587900 0.786300 0.189900
vn 0.279100 -0.943700 -0.177400
vn -0.799100 0.599700 0.041600
vn -0.136500 -0.988300 0.068100
vn 0.131400 -0.990700 -0.034300
vn 0.506600 -0.861400 0.037900
vn -0.972500 -0.227200 -0.051100
vn -0.770200 0.554100 -0.315900
vn 0.375800 -0.541000 0.752400
vn 0.030500 0.997900 -0.057100
vn -0.014500 -0.998500 -0.052600
vn -0.248500 0.967100 -0.055400
vn 0.676300 -0.720900 0.151200
vn 0.104400 -0.989800 -0.096900
vn 0.091500 -0.995800 -0.005500
vn -0.887500 -0.320000 0.331600
vn -0.323200 0.144200 0.935300
vn 0.526800 -0.709400 -0.468200
vn 0.996100 0.078600 -0.040000
vn 0.993200 -0.111400 -0.034900
vn -0.996500 0.080200 0.025100
vn 0.207400 0.975900 0.067500
vn 0.040700 -0.238700 0.970200
vn 0.430900 0.747800 0.505000
vn 0.851400 0.524600 0.000000
vn 0.409800 0.912100 -0.008400
vn 0.453700 -0.891000 -0.018500
vn 0.206100 0.976700 -0.059400
vn 0.408900 0.911000 -0.054100
vn -0.620500 0.000000 0.784200
vn 0.000000 0.941200 0.337800
vn 0.000000 -0.938600 0.345000
vn 1.000000 0.000000 0.003600
vn -0.999300 -0.008400 0.037400
vn -0.315200 0.941900 0.115900
vn -0.509700 -0.591200 0.625100
vn -0.851400 0.524600 -0.000000
vn 0.620500 0.000000 0.784200
vn -1.000000 0.000000 0.003600
vn 0.999300 -0.008400 0.037400
vn -0.594200 0.042800 0.803200
vn -0.567700 -0.058400 -0.821100
vn -0.945300 0.013100 0.325900
vn -0.945300 0.013100 -0.325900
vn -0.517900 0.853300 0.059700
vn -0.517900 0.853300 -0.059700
vn 0.518500 -0.853000 0.059100
vn 0.518500 -0.853000 -0.059100
vn 0.567500 0.822500 0.037400
vn -0.567000 -0.822900 -0.037200
vn 0.322800 -0.469100 -0.822100
vn 0.594200 0.042700 0.803200
vn 0.567700 -0.058400 -0.821100
vn 0.945300 0.013100 0.325900
vn 0.945300 0.013100 -0.325800
vn 0.517900 0.853300 0.059700
vn 0.517900 0.853300 -0.059700
vn -0.518600 -0.853000 0.059100
vn -0.518500 -0.853000 -0.059100
vn -0.567500 0.822500 0.037400
vn 0.567000 -0.822900 -0.037200
vn 0.822000 0.535200 -0.194500
vn -0.870000 0.064000 0.488900
vn -0.869400 -0.091900 -0.485500
vn 0.175800 -0.309700 -0.934400
vn 0.175300 0.025700 0.984200
vn -0.175300 0.025700 0.984200
vn 0.309300 -0.227300 -0.923400
vn 0.257800 0.071000 0.963600
vn -0.257200 0.070700 0.963800
vn -0.308600 -0.227700 -0.923500
vn -0.021900 0.984100 0.176400
vn 0.021900 0.984100 0.176400
vn -0.009100 -0.981200 0.192700
vn -0.985100 -0.002300 -0.172100
vn 0.985600 -0.025100 0.167200
vn 0.009000 0.981100 -0.193500
vn 0.867400 -0.091800 -0.489200
vn 0.870000 0.065100 0.488800
vn -0.994900 -0.095200 0.032500
vn -0.998700 -0.047000 0.021000
vn -0.996200 -0.051400 0.070600
vn 0.996200 0.051400 -0.070500
vn -0.000000 0.551200 -0.834400
vn 0.000000 0.227600 0.973800
vn 0.003000 -1.000000 0.006400
vn -0.017400 0.998200 -0.057200

f 239/223/151 240/224/151 241/225/151
f 242/226/152 241/225/152 240/224/152
f 243/227/153 244/228/153 245/229/153
f 246/230/153 245/229/153 244/228/153
f 247/231/154 248/232/154 249/233/154
f 250/234/155 249/233/155 248/232/155
f 251/235/156 252/236/156 253/237/156
f 254/238/157 253/237/157 252/236/157
f 255/239/158 256/240/158 257/241/158
f 258/242/158 257/241/158 256/240/158
f 259/243/159 260/244/159 261/243/159
f 262/244/159 261/243/159 260/244/159
f 261/243/159 262/244/159 263/243/159
f 264/243/159 263/243/159 262/244/159
f 263/243/160 264/243/160 265/245/160
f 266/243/160 265/245/160 264/243/160
f 265/245/160 266/243/160 267/245/160
f 266/243/159 264/243/159 268/244/159
f 262/244/159 268/244/159 264/243/159
f 268/244/161 262/244/161 269/246/161
f 270/246/161 269/246/161 262/244/161
f 269/246/162 270/246/162 271/247/162
f 272/247/162 271/247/162 270/246/162
f 271/247/163 272/247/163 273/248/163
f 274/248/163 273/248/163 272/247/163
f 273/248/164 274/248/164 275/249/164
f 276/249/164 275/249/164 274/248/164
f 275/249/165 276/249/165 277/250/165
f 278/250/165 277/250/165 276/249/165
f 277/250/166 278/250/167 279/251/166
f 280/251/167 279/251/166 278/250/167
f 262/244/161 281/246/161 270/246/161
f 282/247/162 270/246/162 281/246/162
f 270/246/162 282/247/162 272/247/162
f 283/248/163 272/247/163 282/247/163
f 272/247/163 283/248/163 274/248/163
f 276/249/164 274/248/164 283/248/164
f 283/248/164 284/249/164 276/249/164
f 285/250/165 276/249/165 284/249/165
f 276/249/165 285/250/165 278/250/165
f 280/251/167 278/250/167 285/250/167
f 285/250/168 286/252/168 280/251/168
f 287/253/169 280/251/169 286/252/169
f 280/251/170 287/253/170 288/254/170
f 289/255/171 288/254/171 287/253/171
f 288/254/172 289/255/172 265/245/172
f 290/256/173 265/245/173 289/255/173
f 265/245/174 290/256/174 263/243/174
f 291/257/175 263/243/175 290/256/175
f 287/253/176 292/258/176 289/255/176
f 293/259/177 289/255/178 292/258/179
f 289/255/180 293/259/180 290/256/180
f 294/260/181 290/256/181 293/259/181
f 290/256/182 294/260/182 295/261/182
f 296/262/183 295/261/183 294/260/183
f 287/253/184 297/263/185 292/258/186
f 298/264/187 292/258/186 297/263/185
f 292/258/188 298/264/188 299/265/188
f 300/266/188 299/265/188 298/264/188
f 299/265/189 300/266/189 301/267/189
f 301/267/190 302/268/190 299/265/190
f 293/259/191 299/265/190 302/268/190
f 299/265/192 293/259/177 292/258/179
f 301/267/193 303/269/193 302/268/193
f 304/270/194 302/268/194 303/269/194
f 303/269/195 305/271/195 304/270/195
f 306/272/196 304/270/196 305/271/196
f 307/273/197 308/274/197 309/275/197
f 310/276/198 309/275/198 308/274/198
f 311/277/158 312/278/158 313/279/158
f 314/280/158 313/279/158 312/278/158
f 315/281/199 316/282/200 317/283/200
f 318/284/200 317/283/200 316/282/200
f 317/283/200 318/284/200 319/285/200
f 319/285/201 320/286/201 317/283/201
f 321/287/202 317/283/202 320/286/202
f 321/287/203 320/286/203 322/288/203
f 323/289/204 322/288/204 320/286/204
f 324/290/205 325/291/205 326/292/205
f 327/293/206 326/292/206 325/291/206
f 325/291/207 328/294/207 327/293/207
f 329/295/208 327/293/208 328/294/208
f 328/294/209 330/296/209 329/295/209
f 331/297/210 329/295/210 330/296/210
f 330/296/211 332/298/211 331/297/211
f 333/299/212 331/297/212 332/298/212
f 334/277/213 335/300/213 336/301/213
f 337/302/213 336/301/213 335/300/213
f 338/303/214 339/304/214 340/305/214
f 341/306/215 340/305/215 339/304/215
f 342/307/216 343/308/216 344/309/216
f 345/310/217 344/309/217 343/308/217
f 346/311/218 347/312/218 348/313/218
f 349/314/219 348/313/219 347/312/219
f 286/252/220 350/315/220 287/253/220
f 297/263/221 287/253/221 350/315/221
f 351/316/222 352/317/222 353/318/222
f 354/319/222 353/318/222 352/317/222
f 355/320/223 356/321/223 357/322/223
f 358/323/223 357/322/223 356/321/223
f 359/324/224 360/325/224 361/326/224
f 362/327/225 361/326/225 360/325/225
f 363/328/226 364/329/226 365/330/226
f 366/331/227 365/330/227 364/329/227
f 367/332/228 368/333/228 369/334/228
f 370/335/229 369/334/229 368/333/229
f 368/333/230 371/336/230 370/335/230
f 372/337/231 370/335/231 371/336/231
f 371/336/232 373/338/232 372/337/232
f 374/339/233 372/337/233 373/338/233
f 373/338/234 375/340/234 374/339/234
f 376/341/235 374/339/235 375/340/235
f 375/340/236 377/342/236 376/341/236
f 378/343/237 376/341/237 377/342/237
f 378/343/238 377/342/238 379/344/238
f 380/345/239 379/344/239 377/342/239
f 381/346/240 382/347/241 383/320/241
f 384/321/241 383/320/241 382/347/241
f 385/348/242 386/349/242 387/348/242
f 388/349/243 387/348/243 386/349/243
f 389/292/244 390/350/244 391/351/244
f 392/352/245 391/351/245 390/350/245
f 393/353/246 394/354/246 395/355/246
f 396/356/247 395/355/247 394/354/247
f 397/347/248 398/346/249 399/357/249
f 400/358/249 399/357/249 398/346/249
f 401/359/250 402/360/250 403/361/250
f 404/362/251 403/361/251 402/360/251
f 403/361/252 404/362/253 405/363/253
f 406/364/254 405/363/253 404/362/253
f 405/363/255 406/364/256 407/365/256
f 408/366/257 407/365/256 406/364/256
f 407/365/258 408/366/259 409/367/258
f 410/368/260 409/367/260 408/366/260
f 409/367/261 410/368/261 411/369/261
f 412/370/262 411/369/262 410/368/262
f 411/369/263 412/370/263 413/371/263
f 414/372/263 413/371/263 412/370/263
f 411/369/264 415/373/265 409/367/265
f 416/374/266 409/367/265 415/373/265
f 409/367/267 416/374/267 417/375/267
f 418/376/268 417/375/268 416/374/268
f 417/375/269 418/376/270 405/363/271
f 419/377/272 405/363/272 418/376/272
f 405/363/273 419/377/273 403/361/273
f 417/375/269 405/363/271 409/367/274
f 407/365/258 409/367/258 405/363/275
f 420/378/158 421/379/158 422/380/158
f 423/381/158 422/380/158 421/379/158
f 424/382/276 425/383/277 426/384/277
f 427/385/277 426/384/277 425/383/277
f 428/386/159 429/387/159 430/388/159
f 431/389/159 430/388/159 429/387/159
f 429/387/159 432/390/159 431/389/159
f 433/391/159 431/389/159 432/390/159
f 434/392/278 435/393/278 436/394/278
f 437/395/279 436/394/279 435/393/279
f 438/396/280 439/397/280 440/398/280
f 441/399/280 440/398/280 439/397/280
f 440/398/280 441/399/280 442/400/280
f 443/401/280 442/400/280 441/399/280
f 444/402/281 445/321/281 446/403/281
f 447/347/282 446/403/282 445/321/282
f 448/403/283 449/347/283 450/404/283
f 451/357/283 450/404/283 449/347/283
f 450/404/283 451/357/283 452/405/283
f 453/406/283 452/405/283 451/357/283
f 454/349/284 455/407/285 456/349/284
f 457/408/284 456/349/284 455/407/285
f 455/407/285 458/409/285 457/408/284
f 459/409/285 457/408/284 458/409/285
f 460/410/286 461/411/286 462/412/286
f 463/413/287 462/412/287 461/411/287
f 462/412/288 463/413/289 464/414/290
f 465/415/291 464/414/290 463/413/289
f 464/414/292 465/415/292 466/416/292
f 467/417/293 466/416/293 465/415/293
f 466/416/294 467/417/294 468/418/294
f 469/419/295 468/418/295 467/417/295
f 468/418/296 469/419/296 470/420/296
f 471/421/297 470/420/297 469/419/297
f 470/420/298 471/421/298 472/422/298
f 473/423/299 472/422/299 471/421/299
f 474/424/300 475/425/300 476/426/300
f 477/427/300 476/426/300 475/425/300
f 478/359/301 479/428/301 480/359/301
f 481/360/302 480/359/302 479/428/302
f 482/429/303 483/430/303 484/383/303
f 485/431/303 484/383/303 483/430/303
f 404/362/304 402/360/304 406/364/304
f 486/432/305 406/364/305 402/360/305
f 406/364/305 486/432/305 487/433/305
f 406/364/306 487/433/306 488/434/306
f 489/435/307 488/434/307 487/433/307
f 488/434/308 489/435/308 408/366/308
f 490/436/309 408/366/309 489/435/309
f 408/366/310 490/436/310 412/370/310
f 491/437/311 412/370/311 490/436/311
f 412/370/312 491/437/312 414/372/312
f 491/437/313 490/436/313 492/438/313
f 489/435/314 492/438/314 490/436/314
f 492/438/315 489/435/315 493/439/315
f 494/440/316 493/439/316 489/435/316
f 494/440/317 489/435/318 495/441/318
f 487/433/319 495/441/318 489/435/318
f 496/442/320 497/443/320 498/444/320
f 499/445/321 498/444/321 497/443/321
f 500/446/165 501/447/165 502/448/165
f 503/449/165 502/448/165 501/447/165
f 504/450/322 505/451/323 506/452/322
f 507/453/323 506/452/322 505/451/323
f 505/451/323 508/348/324 507/453/323
f 509/348/325 507/453/323 508/348/324
f 510/454/326 511/385/326 512/431/326
f 513/383/327 512/431/327 511/385/327
f 514/455/159 515/456/159 516/455/159
f 517/457/328 516/455/328 515/456/328
f 516/455/329 517/457/329 518/458/329
f 519/459/330 518/458/330 517/457/330
f 518/458/331 519/459/331 520/460/331
f 521/461/332 520/460/332 519/459/332
f 520/460/333 521/461/333 522/462/333
f 523/463/334 522/462/334 521/461/334
f 522/462/335 523/463/335 524/464/335
f 525/465/336 524/464/336 523/463/336
f 524/464/337 525/465/337 526/464/337
f 527/466/338 526/464/338 525/465/338
f 522/462/339 528/467/339 520/460/339
f 529/468/340 520/460/340 528/467/340
f 520/460/341 529/468/341 518/458/341
f 530/469/342 518/458/342 529/468/342
f 518/458/343 530/469/344 531/455/343
f 532/470/344 531/455/343 530/469/344
f 531/455/345 532/470/345 533/471/345
f 534/472/345 533/471/345 532/470/345
f 533/471/346 534/472/347 535/473/346
f 536/474/347 535/473/346 534/472/347
f 535/473/348 536/474/349 537/475/348
f 538/476/349 537/475/348 536/474/349
f 537/475/350 538/476/351 539/477/350
f 540/478/351 539/477/350 538/476/351
f 528/467/352 522/462/352 541/479/352
f 542/464/352 541/479/352 522/462/352
f 541/479/353 542/464/353 543/480/353
f 544/481/353 543/480/353 542/464/353
f 543/480/354 544/481/354 540/478/354
f 539/477/355 540/478/354 544/481/354
f 545/313/356 546/314/356 547/353/356
f 548/354/357 547/353/357 546/314/357
f 549/482/358 550/483/358 551/484/358
f 552/485/359 551/484/359 550/483/359
f 553/486/360 554/487/360 555/488/360
f 556/489/361 555/488/361 554/487/361
f 525/465/362 557/490/362 527/466/362
f 558/491/363 527/466/363 557/490/363
f 558/491/364 557/490/364 559/492/364
f 560/493/365 559/492/365 557/490/365
f 559/492/366 560/493/366 561/494/366
f 562/495/367 561/494/368 560/493/369
f 561/494/368 562/495/367 563/496/368
f 564/497/370 563/496/370 562/495/370
f 563/496/371 565/498/371 561/494/371
f 566/499/372 561/494/372 565/498/372
f 561/494/372 566/499/372 559/492/372
f 567/500/373 559/492/373 566/499/373
f 559/492/374 567/500/374 558/491/374
f 565/498/375 568/501/375 566/499/375
f 569/502/376 566/499/376 568/501/376
f 566/499/376 569/502/376 567/500/376
f 570/503/377 571/504/377 572/505/377
f 573/506/378 572/505/378 571/504/378
f 574/507/379 575/507/379 576/508/380
f 577/508/380 576/508/380 575/507/379
f 576/508/381 577/508/381 578/509/381
f 578/509/381 579/509/381 576/508/381
f 580/508/381 576/508/381 579/509/381
f 576/508/382 580/508/382 581/510/382
f 582/510/382 581/510/382 580/508/382
f 581/510/383 582/510/383 583/511/383
f 584/511/383 583/511/383 582/510/383
f 583/511/384 584/511/384 585/512/385
f 586/512/385 585/512/385 584/511/384
f 585/512/386 586/512/386 587/513/386
f 579/509/387 578/509/387 588/514/387
f 589/514/387 588/514/387 578/509/387
f 588/514/388 589/514/388 590/515/388
f 591/515/388 590/515/388 589/514/388
f 590/515/389 591/515/389 592/516/389
f 593/516/389 592/516/389 591/515/389
f 592/516/390 593/516/390 594/517/390
f 595/517/390 594/517/390 593/516/390
f 594/517/391 595/517/391 587/513/391
f 596/513/391 587/513/391 595/517/391
f 587/513/386 596/513/386 585/512/386
f 578/509/387 597/514/387 589/514/387
f 598/515/388 589/514/388 597/514/388
f 589/514/388 598/515/388 591/515/388
f 599/516/389 591/515/389 598/515/389
f 591/515/389 599/516/389 593/516/389
f 600/517/390 593/516/390 599/516/390
f 593/516/390 600/517/390 601/517/390
f 602/513/391 601/517/391 600/517/391
f 601/517/391 602/513/391 603/513/391
f 604/512/386 603/513/386 602/513/386
f 599/516/158 598/515/158 600/517/158
f 605/512/158 600/517/158 598/515/158
f 600/517/158 605/512/158 602/513/158
f 604/512/386 602/513/386 605/512/386
f 604/512/384 605/512/384 606/511/384
f 598/515/158 606/511/158 605/512/158
f 606/511/158 598/515/158 597/514/158
f 597/514/158 607/510/158 606/511/158
f 608/511/383 606/511/383 607/510/383
f 606/511/384 608/511/384 604/512/384
f 608/511/159 607/510/159 609/511/159
f 610/510/383 609/511/383 607/510/383
f 611/518/392 612/519/392 613/520/392
f 614/521/392 613/520/392 612/519/392
f 615/522/393 616/523/393 617/524/393
f 618/525/393 617/524/393 616/523/393
f 619/526/394 620/527/394 621/528/394
f 622/529/395 621/528/395 620/527/395
f 623/307/396 624/309/396 625/530/396
f 626/531/397 625/530/397 624/309/397
f 627/260/398 628/259/398 629/532/398
f 630/533/399 629/532/399 628/259/399
f 631/523/400 632/534/400 633/525/400
f 634/535/400 633/525/400 632/534/400
f 635/536/401 636/537/401 637/538/401
f 638/539/401 637/538/401 636/537/401
f 639/540/402 640/541/403 641/440/404
f 642/439/403 641/440/404 640/541/403
f 640/541/403 643/438/405 642/439/403
f 644/438/405 642/439/403 643/438/405
f 643/438/405 645/542/406 644/438/405
f 646/437/406 644/438/405 645/542/406
f 645/542/406 647/372/406 646/437/406
f 648/372/406 646/437/406 647/372/406
f 649/543/407 650/544/407 651/545/407
f 652/546/407 651/545/407 650/544/407
f 653/471/408 654/473/408 655/547/408
f 656/548/408 655/547/408 654/473/408
f 657/549/409 658/550/409 659/551/409
f 660/552/409 659/551/409 658/550/409
f 661/553/410 662/554/410 663/555/410
f 664/556/411 663/555/411 662/554/411
f 663/555/412 664/556/412 665/557/412
f 666/558/413 665/557/414 664/556/413
f 665/557/415 666/558/416 667/559/415
f 668/560/417 667/559/417 666/558/418
f 667/559/417 668/560/417 669/561/419
f 670/562/420 669/561/420 668/560/420
f 669/561/421 670/562/421 671/563/421
f 672/409/422 671/563/422 670/562/422
f 671/563/423 672/409/423 673/564/423
f 667/559/415 669/561/424 665/557/415
f 674/565/425 665/557/425 669/561/425
f 665/557/426 674/565/426 675/566/426
f 676/567/427 675/566/427 674/565/427
f 675/566/428 676/567/429 677/568/429
f 678/569/430 677/568/429 676/567/429
f 674/565/431 669/561/431 676/567/431
f 679/570/432 676/567/432 669/561/432
f 676/567/433 679/570/433 680/571/433
f 671/563/434 680/571/434 679/570/434
f 680/571/435 671/563/435 681/572/435
f 682/573/436 681/572/436 671/563/436
f 680/571/437 683/574/437 676/567/437
f 678/569/438 676/567/438 683/574/438
f 684/575/439 685/576/439 686/577/439
f 687/578/440 686/577/440 685/576/440
f 686/577/441 687/578/441 688/579/441
f 689/580/442 688/579/442 687/578/442
f 688/579/443 689/580/443 690/581/443
f 691/582/444 690/581/444 689/580/444
f 685/576/445 692/583/445 687/578/445
f 689/580/445 687/578/445 692/583/445
f 692/583/445 693/584/445 689/580/445
f 694/585/445 689/580/445 693/584/445
f 689/580/446 694/585/446 691/582/446
f 695/586/447 691/582/447 694/585/447
f 693/584/445 696/587/445 694/585/445
f 697/588/445 694/585/445 696/587/445
f 694/585/447 697/588/447 695/586/447
f 693/584/445 698/589/445 696/587/445
f 699/590/445 696/587/445 698/589/445
f 696/587/280 699/590/280 700/591/280
f 701/592/280 700/591/280 699/590/280
f 700/591/448 702/593/448 696/587/448
f 703/594/448 696/587/448 702/593/448
f 696/587/445 703/594/445 697/588/445
f 704/595/280 697/588/280 703/594/280
f 697/588/280 704/595/280 705/596/280
f 706/597/280 705/596/280 704/595/280
f 703/594/280 707/598/280 704/595/280
f 708/599/280 704/595/280 707/598/280
f 704/595/280 708/599/280 706/597/280
f 709/600/158 706/597/158 708/599/158
f 706/597/158 709/600/158 710/601/158
f 711/602/158 710/601/158 709/600/158
f 710/601/158 711/602/158 712/603/158
f 713/604/213 712/603/213 711/602/213
f 712/603/213 713/604/213 714/605/213
f 715/606/213 714/605/213 713/604/213
f 714/605/213 715/606/213 716/607/213
f 709/600/158 717/608/158 711/602/158
f 718/609/213 711/602/213 717/608/213
f 711/602/213 718/609/213 713/604/213
f 719/610/213 713/604/213 718/609/213
f 713/604/213 719/610/213 715/606/213
f 717/608/213 720/611/213 718/609/213
f 721/612/213 718/609/213 720/611/213
f 718/609/213 721/612/213 719/610/213
f 722/613/449 723/614/449 724/615/449
f 725/616/450 724/615/450 723/614/450
f 726/545/451 727/546/451 728/617/451
f 729/618/451 728/617/451 727/546/451
f 670/562/452 668/560/452 672/409/452
f 730/408/453 672/409/454 668/560/455
f 730/408/453 668/560/455 731/349/456
f 732/619/457 731/349/457 668/560/457
f 731/349/458 732/619/458 733/453/458
f 666/558/459 733/453/460 732/619/461
f 733/453/462 666/558/462 734/452/462
f 662/554/463 734/452/463 666/558/463
f 735/620/464 736/621/464 737/622/464
f 738/623/465 737/622/465 736/621/465
f 737/622/466 738/623/466 739/624/466
f 740/625/467 739/624/467 738/623/467
f 739/624/468 740/625/468 741/626/468
f 742/627/469 741/626/469 740/625/469
f 741/626/470 742/627/470 743/628/470
f 744/629/471 743/628/471 742/627/471
f 743/628/472 744/629/472 745/630/472
f 746/631/473 745/630/474 744/629/475
f 745/630/474 746/631/473 747/632/476
f 748/633/477 747/632/477 746/631/477
f 747/632/478 748/633/478 749/634/478
f 736/621/479 750/635/479 738/623/479
f 751/636/480 738/623/480 750/635/480
f 738/623/481 751/636/481 740/625/481
f 752/637/482 740/625/482 751/636/482
f 740/625/483 752/637/483 742/627/483
f 753/638/484 742/627/484 752/637/484
f 742/627/485 753/638/485 754/639/485
f 755/640/486 754/639/486 753/638/486
f 754/639/487 755/640/487 756/641/487
f 757/642/488 756/641/488 755/640/488
f 756/641/489 757/642/489 758/643/489
f 759/644/490 758/643/490 757/642/490
f 758/643/491 759/644/492 760/645/493
f 761/646/494 760/645/494 759/644/494
f 751/636/495 762/647/495 752/637/495
f 763/648/496 752/637/496 762/647/496
f 752/637/497 763/648/497 753/638/497
f 764/649/498 753/638/498 763/648/498
f 753/638/499 764/649/499 755/640/499
f 765/650/500 755/640/500 764/649/500
f 755/640/501 765/650/501 757/642/501
f 766/651/502 757/642/502 765/650/502
f 757/642/503 766/651/503 759/644/503
f 761/646/504 759/644/504 766/651/504
f 762/647/505 767/652/505 763/648/505
f 768/653/506 763/648/506 767/652/506
f 763/648/507 768/653/507 764/649/507
f 769/654/508 764/649/508 768/653/508
f 764/649/509 769/654/509 770/655/509
f 771/656/510 770/655/510 769/654/510
f 770/655/511 771/656/511 772/657/511
f 773/658/512 772/657/512 771/656/512
f 772/657/513 773/658/513 774/659/513
f 775/660/514 774/659/514 773/658/514
f 774/659/515 775/660/515 776/661/515
f 768/653/516 776/661/516 775/660/516
f 776/661/517 768/653/517 777/662/517
f 767/652/518 777/662/518 768/653/518
f 769/654/519 768/653/519 771/656/519
f 775/660/520 771/656/520 768/653/520
f 771/656/521 775/660/521 773/658/521
f 778/663/522 779/664/522 780/665/522
f 781/666/523 780/665/523 779/664/523
f 675/566/524 782/667/524 665/557/524
f 663/555/524 665/557/524 782/667/524
f 783/668/525 784/669/525 785/666/525
f 786/665/526 785/666/526 784/669/526
f 787/670/445 788/671/445 789/672/445
f 790/673/445 789/672/445 788/671/445
f 791/423/527 792/674/527 793/422/527
f 794/675/528 793/422/528 792/674/528
f 795/676/529 796/677/530 797/678/531
f 798/679/532 797/678/531 796/677/530
f 799/680/158 800/681/158 801/682/158
f 802/683/158 801/682/158 800/681/158
f 803/684/533 804/685/533 805/686/533
f 806/687/534 805/686/534 804/685/534
f 807/227/158 808/688/158 809/689/158
f 810/690/158 809/689/158 808/688/158
f 811/279/158 812/280/158 813/691/158
f 814/692/158 813/691/158 812/280/158
f 813/691/158 814/692/158 815/693/158
f 816/694/158 815/693/158 814/692/158
f 815/693/158 816/694/158 817/695/158
f 818/696/158 817/695/158 816/694/158
f 819/697/535 820/698/535 821/699/535
f 822/700/536 821/699/536 820/698/536
f 823/701/537 824/334/537 825/702/538
f 826/335/538 825/702/538 824/334/537
f 825/702/538 826/335/538 827/703/539
f 828/337/537 827/703/539 826/335/538
f 827/703/539 828/337/537 829/704/537
f 830/339/537 829/704/537 828/337/537
f 829/704/537 830/339/537 831/705/537
f 832/341/537 831/705/537 830/339/537
f 831/705/537 832/341/537 833/706/539
f 834/343/539 833/706/539 832/341/537
f 833/706/539 834/343/539 835/707/539
f 836/344/539 835/707/539 834/343/539
f 837/708/540 838/709/540 839/710/540
f 840/711/541 839/710/541 838/709/541
f 841/712/158 842/713/158 843/714/158
f 844/715/158 843/714/158 842/713/158
f 843/714/158 844/715/158 845/716/158
f 846/717/158 845/716/158 844/715/158
f 845/716/158 846/717/158 847/239/158
f 848/240/158 847/239/158 846/717/158
f 849/278/158 850/277/158 851/718/158
f 852/719/158 851/718/158 850/277/158
f 853/693/542 854/720/542 855/691/542
f 856/721/542 855/691/542 854/720/542
f 857/722/543 858/723/543 859/724/543
f 860/725/544 859/724/544 858/723/544
f 861/726/545 862/727/545 863/728/545
f 864/729/546 863/728/546 862/727/546
f 864/729/547 862/727/547 865/730/547
f 866/731/548 865/730/548 862/727/548
f 865/730/549 866/731/549 867/732/549
f 868/733/550 867/732/550 866/731/550
f 864/729/551 865/730/551 869/734/551
f 867/732/552 869/734/553 865/730/554
f 869/734/553 867/732/552 870/735/555
f 871/736/556 870/735/556 867/732/556
f 870/735/556 871/736/556 872/737/556
f 873/738/556 872/737/556 871/736/556
f 871/736/556 874/739/556 873/738/556
f 875/740/557 873/738/558 874/739/559
f 875/740/557 874/739/559 876/741/560
f 877/742/561 876/741/561 874/739/561
f 876/741/562 877/742/562 878/310/562
f 879/743/563 878/310/563 877/742/563
f 878/310/564 879/743/564 880/309/564
f 881/744/564 880/309/564 879/743/564
f 880/309/565 881/744/565 882/745/565
f 883/746/566 882/745/566 881/744/566
f 874/739/567 884/747/567 877/742/567
f 885/748/568 877/742/568 884/747/568
f 877/742/569 885/748/569 879/743/569
f 886/749/570 879/743/570 885/748/570
f 879/743/571 886/749/572 887/750/573
f 888/751/574 887/750/574 886/749/574
f 885/748/575 889/752/575 886/749/575
f 890/753/576 886/749/576 889/752/576
f 886/749/577 890/753/577 888/751/577
f 891/306/578 888/751/578 890/753/578
f 891/306/579 890/753/579 892/754/579
f 889/752/580 892/754/580 890/753/580
f 892/754/581 889/752/581 893/755/581
f 894/756/582 893/755/582 889/752/582
f 893/755/583 894/756/583 895/757/583
f 889/752/584 885/748/584 894/756/584
f 896/758/585 894/756/585 885/748/585
f 897/759/586 898/760/586 899/761/586
f 900/762/587 899/761/587 898/760/587
f 898/760/588 901/763/588 900/762/588
f 902/764/589 900/762/589 901/763/589
f 901/763/590 903/765/590 902/764/590
f 904/766/591 902/764/591 903/765/591
f 903/765/592 905/767/592 904/766/592
f 906/768/593 904/766/593 905/767/593
f 905/767/594 907/769/594 906/768/594
f 908/770/595 906/768/595 907/769/595
f 907/769/596 909/771/596 908/770/596
f 910/669/597 908/770/597 909/771/597
f 911/772/598 912/773/598 913/774/598
f 914/775/598 913/774/598 912/773/598
f 915/394/599 916/395/599 917/776/599
f 918/777/600 917/776/600 916/395/600
f 919/778/601 920/779/601 921/780/601
f 922/781/601 921/780/601 920/779/601
f 923/782/602 924/783/602 925/784/602
f 926/785/602 925/784/602 924/783/602
f 927/786/603 928/782/603 929/787/603
f 930/784/603 929/787/603 928/782/603
f 931/788/604 932/789/604 933/790/604
f 934/791/604 933/790/604 932/789/604
f 935/669/605 936/668/605 937/770/605
f 938/792/606 937/770/606 936/668/606
f 939/793/607 940/786/607 941/794/607
f 942/787/607 941/794/607 940/786/607
f 943/495/608 944/795/608 945/796/608
f 946/797/608 945/796/608 944/795/608
f 947/798/382 948/799/382 949/798/382
f 950/799/382 949/798/382 948/799/382
f 948/799/381 951/800/381 950/799/381
f 952/800/381 950/799/381 951/800/381
f 953/378/445 954/380/445 955/379/445
f 956/381/445 955/379/445 954/380/445
f 957/801/609 958/616/609 959/802/609
f 960/803/610 959/802/610 958/616/610
f 961/277/611 962/301/611 963/719/611
f 964/804/611 963/719/611 962/301/611
f 965/805/612 966/717/612 967/806/612
f 968/715/612 967/806/612 966/717/612
f 969/807/613 970/808/613 971/807/613
f 972/809/614 971/807/614 970/808/614
f 973/810/615 974/811/615 975/812/615
f 976/813/616 975/812/616 974/811/616
f 974/811/617 977/531/617 976/813/617
f 882/745/618 976/813/618 977/531/618
f 978/814/619 979/815/619 980/816/619
f 981/817/620 980/816/620 979/815/620
f 980/816/158 981/817/158 982/818/158
f 983/819/158 982/818/158 981/817/158
f 982/818/158 983/819/158 712/603/158
f 710/601/158 712/603/158 983/819/158
f 712/603/213 714/605/213 982/818/213
f 980/816/213 982/818/213 714/605/213
f 980/816/213 714/605/213 984/820/213
f 985/821/213 984/820/213 714/605/213
f 986/770/621 987/792/621 988/768/621
f 989/822/622 988/768/622 987/792/622
f 990/823/623 991/824/623 992/825/623
f 993/826/623 992/825/623 991/824/623
f 994/827/624 995/828/624 996/829/624
f 997/830/625 996/829/625 995/828/625
f 998/789/445 999/831/445 1000/791/445
f 1001/832/445 1000/791/445 999/831/445
f 1002/316/626 1003/318/626 1004/833/626
f 1005/834/626 1004/833/626 1003/318/626
f 1006/673/627 1007/835/627 1008/836/627
f 1009/837/627 1008/836/627 1007/835/627
f 1010/275/628 1011/276/628 1012/526/628
f 1013/527/629 1012/526/629 1011/276/629
f 1014/691/630 1015/721/630 1016/279/630
f 1017/838/630 1016/279/630 1015/721/630
f 1018/713/631 1019/839/631 1020/715/631
f 1021/806/631 1020/715/631 1019/839/631
f 1022/840/632 1023/764/632 1024/841/632
f 1025/766/633 1024/841/633 1023/764/633
f 1026/842/634 1027/843/634 1028/844/634
f 1029/845/635 1028/844/635 1027/843/635
f 1030/846/631 1031/837/631 1032/847/631
f 1033/835/631 1032/847/631 1031/837/631
f 1034/805/445 1035/806/445 1036/720/445
f 1037/721/445 1036/720/445 1035/806/445
f 1038/848/636 1039/332/636 1040/701/636
f 1041/334/637 1040/701/637 1039/332/637
f 1042/849/638 1043/850/638 1044/851/638
f 1045/852/639 1044/851/639 1043/850/639
f 736/621/479 1046/853/479 750/635/479
f 1047/854/640 750/635/641 1046/853/642
f 750/635/643 1047/854/643 1048/855/643
f 1049/856/644 1048/855/644 1047/854/644
f 1048/855/645 1049/856/645 1050/857/645
f 1051/858/646 1050/857/646 1049/856/646
f 1050/857/647 1051/858/647 1052/859/647
f 1053/860/648 1052/859/648 1051/858/648
f 1052/859/649 1053/860/649 1054/861/649
f 1055/862/650 1054/861/650 1053/860/650
f 1046/853/642 1056/863/651 1047/854/640
f 1057/864/652 1047/854/653 1056/863/653
f 1047/854/654 1057/864/654 1049/856/654
f 1058/865/655 1049/856/655 1057/864/655
f 1049/856/656 1058/865/656 1051/858/656
f 1059/866/657 1051/858/657 1058/865/657
f 1051/858/658 1059/866/658 1053/860/658
f 1060/867/659 1053/860/659 1059/866/659
f 1053/860/660 1060/867/660 1055/862/660
f 1061/868/661 1055/862/661 1060/867/661
f 1056/863/653 1062/869/662 1057/864/652
f 1063/870/663 1057/864/664 1062/869/665
f 1057/864/666 1063/870/666 1058/865/666
f 1064/871/667 1058/865/667 1063/870/667
f 1058/865/668 1064/871/668 1059/866/668
f 1065/872/669 1059/866/669 1064/871/669
f 1059/866/670 1065/872/670 1060/867/670
f 1066/873/671 1060/867/671 1065/872/671
f 1060/867/672 1066/873/672 1061/868/672
f 1067/874/673 1061/868/673 1066/873/673
f 1062/869/665 1068/875/674 1063/870/663
f 1069/876/675 1063/870/676 1068/875/677
f 1063/870/678 1069/876/678 1064/871/678
f 1070/877/679 1064/871/679 1069/876/679
f 1064/871/680 1070/877/680 1065/872/680
f 1071/878/681 1065/872/681 1070/877/681
f 1065/872/682 1071/878/682 1066/873/682
f 1072/879/683 1066/873/683 1071/878/683
f 1066/873/684 1072/879/684 1067/874/684
f 1073/880/685 1067/874/685 1072/879/685
f 1068/875/677 1074/881/686 1069/876/675
f 1075/882/687 1069/876/675 1074/881/686
f 1069/876/688 1075/882/688 1070/877/688
f 1076/883/689 1070/877/689 1075/882/689
f 1070/877/690 1076/883/690 1071/878/690
f 1077/884/691 1071/878/691 1076/883/691
f 1071/878/692 1077/884/692 1072/879/692
f 1078/885/693 1072/879/693 1077/884/693
f 1072/879/694 1078/885/694 1073/880/694
f 1079/886/695 1073/880/695 1078/885/695
f 1074/881/686 1080/887/696 1075/882/687
f 1081/888/697 1075/882/697 1080/887/697
f 1075/882/698 1081/888/698 1076/883/698
f 1082/889/699 1076/883/699 1081/888/699
f 1076/883/700 1082/889/700 1077/884/700
f 1083/890/701 1077/884/701 1082/889/701
f 1077/884/702 1083/890/702 1078/885/702
f 1084/891/703 1078/885/703 1083/890/703
f 1078/885/704 1084/891/705 1079/886/705
f 1085/892/706 1079/886/705 1084/891/705
f 1082/889/707 1086/893/707 1083/890/707
f 1087/894/708 1083/890/708 1086/893/708
f 1083/890/709 1087/894/709 1084/891/709
f 1088/895/710 1084/891/710 1087/894/710
f 1084/891/711 1088/895/711 1085/892/711
f 1089/896/712 1085/892/712 1088/895/712
f 1086/893/713 1090/897/713 1087/894/713
f 1091/898/714 1087/894/714 1090/897/714
f 1087/894/715 1091/898/715 1088/895/715
f 1092/899/716 1088/895/716 1091/898/716
f 1088/895/717 1092/899/717 1089/896/717
f 1093/900/718 1089/896/718 1092/899/718
f 1090/897/719 1094/901/719 1091/898/719
f 1095/902/720 1091/898/720 1094/901/720
f 1091/898/721 1095/902/721 1092/899/721
f 1096/903/722 1092/899/722 1095/902/722
f 1092/899/723 1096/903/723 1093/900/723
f 1097/904/724 1093/900/724 1096/903/724
f 1090/897/725 1098/905/725 1094/901/725
f 1099/906/726 1094/901/726 1098/905/726
f 1094/901/727 1099/906/727 1100/907/727
f 1101/908/728 1100/907/728 1099/906/728
f 1100/907/729 1101/908/729 1102/909/729
f 1103/910/730 1102/909/731 1101/908/731
f 1102/909/731 1103/910/730 1096/903/732
f 1104/911/733 1096/903/733 1103/910/733
f 1096/903/734 1104/911/734 1097/904/734
f 1105/912/735 1097/904/735 1104/911/735
f 1098/905/736 1106/913/736 1099/906/736
f 1107/914/737 1099/906/737 1106/913/737
f 1099/906/738 1107/914/738 1101/908/738
f 1103/910/739 1101/908/739 1107/914/739
f 1106/913/740 1108/915/740 1107/914/740
f 1103/910/741 1107/914/741 1108/915/741
f 1108/915/742 1109/916/742 1103/910/742
f 1110/917/743 1103/910/743 1109/916/743
f 1103/910/744 1110/917/744 1104/911/744
f 1111/918/745 1104/911/745 1110/917/745
f 1104/911/746 1111/918/746 1105/912/746
f 1112/919/747 1105/912/747 1111/918/747
f 1105/912/159 1112/919/159 1113/919/159
f 1114/920/159 1113/919/159 1112/919/159
f 1113/919/748 1114/920/748 1115/921/748
f 1116/922/749 1115/921/749 1114/920/749
f 1115/921/750 1116/922/750 1117/923/750
f 1118/924/751 1117/923/751 1116/922/751
f 1117/923/752 1118/924/752 1119/925/752
f 1120/926/753 1119/925/753 1118/924/753
f 1105/912/754 1113/919/754 1121/927/754
f 1115/921/755 1121/927/755 1113/919/755
f 1121/927/756 1115/921/756 1122/928/756
f 1117/923/757 1122/928/757 1115/921/757
f 1122/928/758 1117/923/758 1123/929/758
f 1119/925/759 1123/929/759 1117/923/759
f 1123/929/760 1119/925/760 1124/930/760
f 1125/931/761 1124/930/761 1119/925/761
f 1123/929/762 1126/932/762 1122/928/762
f 1127/933/763 1122/928/764 1126/932/765
f 1122/928/159 1127/933/159 1128/928/159
f 1121/927/766 1128/928/766 1127/933/766
f 1128/928/159 1121/927/159 1122/928/159
f 1123/929/767 1124/930/767 1126/932/767
f 1129/934/768 1126/932/768 1124/930/768
f 1126/932/769 1129/934/769 1130/935/769
f 1131/936/770 1130/935/770 1129/934/770
f 1130/935/771 1131/936/771 1132/937/771
f 1133/938/772 1132/937/772 1131/936/772
f 1132/937/773 1133/938/773 1134/939/773
f 1135/940/774 1134/939/774 1133/938/774
f 1134/939/775 1135/940/775 1136/941/775
f 1137/942/776 1136/941/776 1135/940/776
f 1136/941/777 1137/942/777 1138/943/777
f 1124/930/778 1139/944/778 1129/934/778
f 1140/945/779 1129/934/779 1139/944/779
f 1129/934/780 1140/945/780 1141/946/780
f 1137/942/781 1141/946/781 1140/945/781
f 1141/946/782 1137/942/782 1135/940/782
f 1141/946/783 1135/940/783 1142/947/783
f 1133/938/784 1142/947/784 1135/940/784
f 1142/947/785 1133/938/785 1131/936/785
f 1131/936/770 1129/934/770 1142/947/786
f 1141/946/787 1142/947/787 1129/934/787
f 1143/727/788 1144/726/788 1145/948/788
f 1146/949/789 1145/948/789 1144/726/789
f 1147/950/790 1148/951/790 1149/834/790
f 1150/833/790 1149/834/790 1148/951/790
f 1151/682/445 1152/680/445 1153/952/445
f 1154/953/445 1153/952/445 1152/680/445
f 1155/954/791 1156/955/791 1157/956/791
f 1158/957/792 1157/956/792 1156/955/792
f 1159/958/793 1160/959/793 1161/960/793
f 1162/961/794 1161/960/794 1160/959/794
f 1163/962/795 1164/963/795 1165/964/795
f 1166/965/795 1165/964/795 1164/963/795
f 1167/966/165 1168/967/165 1169/968/165
f 1170/969/165 1169/968/165 1168/967/165
f 1169/968/796 1170/969/796 1171/970/796
f 1172/971/796 1171/970/796 1170/969/796
f 1171/970/797 1172/971/798 1173/972/797
f 1174/973/798 1173/972/797 1172/971/798
f 1173/972/799 1174/973/800 1175/974/799
f 1176/975/800 1175/974/799 1174/973/800
f 1175/974/801 1176/975/801 1177/976/801
f 1178/977/801 1177/976/801 1176/975/801
f 1177/976/159 1178/977/159 1179/978/159
f 1180/979/159 1179/978/159 1178/977/159
f 1181/980/151 1182/981/151 1183/982/151
f 1184/983/802 1183/982/802 1182/981/802
f 1185/982/803 1186/983/803 1187/949/803
f 1188/948/804 1187/949/804 1186/983/804
f 1189/951/805 1190/950/805 1191/984/805
f 1192/985/805 1191/984/805 1190/950/805
f 1193/764/806 1194/840/806 1195/762/806
f 1196/986/807 1195/762/807 1194/840/807
f 1197/987/808 1198/784/808 1199/988/808
f 1200/785/808 1199/988/808 1198/784/808
f 1201/989/809 1202/990/809 1203/991/809
f 1204/992/809 1203/991/809 1202/990/809
f 1205/993/810 1206/994/810 1207/995/810
f 1208/996/811 1207/995/811 1206/994/811
f 1209/997/812 1210/297/812 1211/998/812
f 1212/299/813 1211/998/813 1210/297/813
f 1213/999/814 1214/1000/814 1215/1001/814
f 1216/1002/815 1215/1001/815 1214/1000/815
f 1217/1003/816 1218/1004/816 1219/1005/816
f 1220/1006/817 1219/1005/817 1218/1004/817
f 1221/240/818 1222/1007/818 1223/242/818
f 1224/1008/818 1223/242/818 1222/1007/818
f 1225/242/819 1226/1008/819 1227/1009/819
f 1228/1010/819 1227/1009/819 1226/1008/819
f 1229/761/820 1230/1011/820 1231/1012/820
f 1232/1013/821 1231/1012/821 1230/1011/821
f 1233/1011/822 1234/761/822 1235/986/822
f 1236/762/823 1235/986/823 1234/761/823
f 1237/1014/824 1238/1015/824 1239/1016/824
f 1240/1017/825 1239/1016/825 1238/1015/825
f 1241/1018/826 1242/346/827 1243/1019/826
f 1244/320/827 1243/1019/826 1242/346/827
f 1245/1020/828 1246/1021/828 1247/1022/828
f 1248/1023/829 1247/1022/829 1246/1021/829
f 1249/1024/830 1250/293/830 1251/1025/830
f 1252/295/831 1251/1025/831 1250/293/831
f 1253/1026/832 1254/1027/833 1255/1028/834
f 1256/1029/835 1255/1028/834 1254/1027/833
f 1257/350/836 1258/292/836 1259/1024/836
f 1260/293/837 1259/1024/837 1258/292/837
f 1261/1028/838 1262/1029/838 1263/1030/838
f 1264/1031/839 1263/1030/839 1262/1029/839
f 1265/1032/840 1266/1033/840 1267/1034/840
f 1268/1035/840 1267/1034/840 1266/1033/840
f 1269/1036/841 1270/327/841 1271/1037/841
f 1272/325/842 1271/1037/842 1270/327/842
f 1273/1038/843 1274/1039/843 1275/1040/843
f 1276/1041/844 1275/1040/844 1274/1039/844
f 1277/1042/845 1278/1043/845 1279/1044/845
f 1280/1045/846 1279/1044/846 1278/1043/846
f 1281/1039/847 1282/1046/847 1283/1041/847
f 1284/1047/848 1283/1041/848 1282/1046/848
f 1285/1034/849 1286/1047/849 1287/1032/849
f 1288/1046/850 1287/1032/850 1286/1047/850
f 1289/1048/851 1290/1049/851 1291/327/851
f 1292/326/852 1291/327/852 1290/1049/852
f 1293/1050/853 1294/1051/853 1295/1052/853
f 1296/1053/854 1295/1052/854 1294/1051/854
f 1297/803/855 1298/616/855 1299/1054/855
f 1300/614/856 1299/1054/856 1298/616/856
f 1301/998/857 1302/299/857 1303/1050/857
f 1304/1051/858 1303/1050/858 1302/299/858
f 1305/327/859 1306/1036/859 1307/1048/859
f 1308/1055/860 1307/1048/860 1306/1036/860
f 1309/324/861 1310/326/861 1311/1056/861
f 1312/1057/862 1311/1056/862 1310/326/862
f 1313/1058/863 1314/1059/863 1315/1060/863
f 1316/1061/864 1315/1060/864 1314/1059/864
f 1317/1025/865 1318/295/865 1319/997/865
f 1320/297/866 1319/997/866 1318/295/866
f 1321/1062/867 1322/1063/867 1323/1064/867
f 1324/1065/867 1323/1064/867 1322/1063/867
f 1325/243/868 1326/244/868 1327/1066/868
f 1328/1067/868 1327/1066/868 1326/244/868
f 1329/680/445 1330/682/445 1331/681/445
f 1332/683/445 1331/681/445 1330/682/445
f 1333/248/869 1334/249/869 1335/1068/869
f 1336/1069/870 1335/1068/870 1334/249/870
f 1337/250/165 1338/249/165 1339/249/165
f 1340/1070/165 1339/249/165 1338/249/165
f 1106/913/871 1098/905/871 1341/1071/871
f 1342/1072/872 1341/1071/872 1098/905/872
f 1342/1072/873 1098/905/873 1343/1073/873
f 1090/897/874 1343/1073/874 1098/905/874
f 1343/1073/875 1090/897/875 1086/893/875
f 1086/893/876 1344/1074/876 1343/1073/876
f 1345/1075/877 1343/1073/877 1344/1074/877
f 1343/1073/878 1345/1075/878 1342/1072/878
f 1345/1075/879 1344/1074/879 1346/1076/879
f 1347/1077/880 1346/1076/880 1344/1074/880
f 1346/1076/881 1347/1077/881 1348/1078/881
f 1081/888/881 1348/1078/881 1347/1077/881
f 1348/1078/882 1081/888/882 1080/887/882
f 1081/888/883 1347/1077/883 1082/889/883
f 1344/1074/884 1082/889/884 1347/1077/884
f 1082/889/885 1344/1074/885 1086/893/885
f 1349/1052/886 1350/1053/886 1351/1045/886
f 1352/1044/887 1351/1045/887 1350/1053/887
f 1353/1079/888 1354/1080/888 1355/1081/888
f 1356/1082/889 1355/1081/889 1354/1080/889
f 1355/1081/890 1356/1082/890 1357/1083/890
f 1358/1084/891 1357/1083/891 1356/1082/891
f 1357/1083/892 1358/1084/892 1359/1085/892
f 1360/1086/893 1359/1085/893 1358/1084/893
f 1359/1085/894 1360/1086/894 1361/1087/894
f 1362/1088/895 1361/1087/895 1360/1086/895
f 1361/1087/896 1362/1088/896 1363/1089/896
f 1364/1090/897 1363/1089/897 1362/1088/897
f 1363/1089/898 1364/1090/898 1365/1091/898
f 1363/1089/899 1366/1092/899 1361/1087/899
f 1367/1093/900 1361/1087/900 1366/1092/900
f 1361/1087/901 1367/1093/901 1359/1085/901
f 1368/1094/902 1359/1085/902 1367/1093/902
f 1359/1085/903 1368/1094/903 1357/1083/903
f 1369/1095/904 1357/1083/904 1368/1094/905
f 1357/1083/890 1369/1095/890 1355/1081/890
f 1366/1092/906 1370/1096/906 1367/1093/906
f 1371/1097/907 1367/1093/907 1370/1096/907
f 1367/1093/908 1371/1097/908 1368/1094/908
f 1372/1098/909 1368/1094/910 1371/1097/911
f 1368/1094/905 1372/1098/905 1369/1095/904
f 1370/1096/912 1373/1099/912 1371/1097/912
f 1374/1100/913 1371/1097/914 1373/1099/915
f 1371/1097/911 1374/1100/916 1372/1098/909
f 1373/1099/917 1370/1096/917 1375/1101/917
f 1376/1102/918 1375/1101/918 1370/1096/918
f 1375/1101/918 1376/1102/918 1377/1103/918
f 1378/1104/919 1377/1103/919 1376/1102/919
f 1377/1103/920 1378/1104/920 1379/1105/920
f 1380/1106/921 1379/1105/921 1378/1104/921
f 1379/1105/922 1380/1106/922 1381/1107/922
f 1382/1108/923 1381/1107/923 1380/1106/923
f 1381/1107/924 1382/1108/924 1383/1109/924
f 1370/1096/925 1366/1092/925 1376/1102/925
f 1384/1110/926 1376/1102/926 1366/1092/926
f 1376/1102/926 1384/1110/926 1378/1104/926
f 1385/1111/927 1378/1104/927 1384/1110/927
f 1378/1104/928 1385/1111/928 1380/1106/928
f 1386/1112/929 1380/1106/929 1385/1111/929
f 1380/1106/930 1386/1112/930 1382/1108/930
f 1366/1092/931 1363/1089/931 1384/1110/931
f 1387/1113/932 1384/1110/932 1363/1089/932
f 1384/1110/932 1387/1113/932 1385/1111/932
f 1388/1114/933 1385/1111/933 1387/1113/934
f 1385/1111/933 1388/1114/933 1386/1112/935
f 1388/1114/936 1387/1113/936 1365/1091/936
f 1363/1089/937 1365/1091/937 1387/1113/937
f 750/635/938 1048/855/938 751/636/938
f 1389/1115/939 751/636/939 1048/855/939
f 751/636/940 1389/1115/940 762/647/940
f 1390/1116/941 762/647/941 1389/1115/941
f 762/647/942 1390/1116/942 767/652/942
f 777/662/943 767/652/943 1390/1116/943
f 1048/855/944 1050/857/944 1389/1115/944
f 1391/1117/945 1389/1115/945 1050/857/945
f 1389/1115/946 1391/1117/946 1390/1116/946
f 1392/1118/947 1390/1116/947 1391/1117/947
f 1390/1116/948 1392/1118/948 777/662/948
f 1393/1119/949 777/662/949 1392/1118/949
f 777/662/950 1393/1119/950 776/661/950
f 1394/1120/951 776/661/952 1393/1119/951
f 776/661/953 1394/1120/953 774/659/953
f 1395/1121/954 774/659/954 1394/1120/954
f 774/659/955 1395/1121/955 772/657/955
f 770/655/956 772/657/956 1395/1121/956
f 1392/1118/957 1396/1122/957 1393/1119/957
f 1397/1123/958 1393/1119/958 1396/1122/958
f 1393/1119/951 1397/1123/959 1394/1120/951
f 1398/1124/960 1394/1120/960 1397/1123/961
f 1394/1120/960 1398/1124/960 1395/1121/962
f 1399/1125/963 1395/1121/963 1398/1124/963
f 1395/1121/964 1399/1125/964 770/655/964
f 1400/1126/965 770/655/965 1399/1125/965
f 770/655/966 1400/1126/966 1401/1127/966
f 1402/1128/967 1401/1127/967 1400/1126/967
f 1401/1127/968 1402/1128/968 1403/1129/968
f 1358/1084/969 1403/1129/969 1402/1128/969
f 1403/1129/970 1358/1084/970 1404/1130/970
f 1356/1082/971 1404/1130/971 1358/1084/971
f 1397/1123/972 1405/1131/972 1398/1124/972
f 1406/1132/973 1398/1124/973 1405/1131/973
f 1398/1124/974 1406/1132/974 1399/1125/974
f 1407/1133/975 1399/1125/975 1406/1132/975
f 1399/1125/976 1407/1133/976 1400/1126/976
f 1402/1128/977 1400/1126/977 1407/1133/977
f 1406/1132/978 1362/1088/978 1407/1133/978
f 1360/1086/979 1407/1133/979 1362/1088/979
f 1407/1133/980 1360/1086/980 1402/1128/980
f 1358/1084/981 1402/1128/981 1360/1086/981
f 1362/1088/982 1406/1132/982 1364/1090/982
f 1408/1134/983 1364/1090/983 1406/1132/983
f 1406/1132/984 1405/1131/984 1408/1134/984
f 1409/1135/985 1408/1134/985 1405/1131/985
f 1409/1135/986 1405/1131/986 1410/1136/986
f 1397/1123/987 1410/1136/987 1405/1131/987
f 1410/1136/988 1397/1123/988 1411/1137/988
f 1396/1122/989 1411/1137/989 1397/1123/989
f 1411/1137/990 1396/1122/990 1412/1138/990
f 1413/1139/991 1412/1138/991 1396/1122/991
f 1412/1138/992 1413/1139/992 1414/1140/992
f 1396/1122/993 1392/1118/993 1413/1139/993
f 1054/861/994 1413/1139/994 1392/1118/994
f 1054/861/994 1392/1118/994 1052/859/994
f 1391/1117/995 1052/859/995 1392/1118/995
f 1052/859/996 1391/1117/996 1050/857/996
f 1415/1141/997 1416/1142/997 1417/1143/997
f 1418/1144/998 1417/1143/998 1416/1142/998
f 1417/1143/999 1418/1144/999 1419/1145/999
f 1420/1146/1000 1419/1145/1000 1418/1144/1000
f 1419/1145/1001 1420/1146/1001 1421/1147/1001
f 1422/1148/1002 1421/1147/1002 1420/1146/1002
f 1421/1147/1003 1422/1148/1003 1423/1149/1003
f 1424/1150/1004 1423/1149/1004 1422/1148/1005
f 1423/1149/1006 1424/1150/1006 1425/1151/1006
f 1426/1152/1007 1425/1151/1007 1424/1150/1007
f 1425/1151/1008 1426/1152/1008 1427/1153/1008
f 1428/1154/1009 1427/1153/1009 1426/1152/1009
f 1422/1148/1005 1429/1155/1010 1424/1150/1004
f 1430/1156/1011 1424/1150/1011 1429/1155/1011
f 1424/1150/1007 1430/1156/1007 1426/1152/1007
f 1431/1157/1012 1426/1152/1012 1430/1156/1012
f 1426/1152/1009 1431/1157/1013 1428/1154/1009
f 1429/1155/1014 1432/1158/1014 1430/1156/1014
f 1433/1159/1015 1430/1156/1015 1432/1158/1015
f 1430/1156/1016 1433/1159/1016 1431/1157/1016
f 1432/1158/1017 1429/1155/1017 1434/1160/1017
f 1435/1161/1018 1434/1160/1019 1429/1155/1010
f 1434/1160/1019 1435/1161/1018 1436/1162/1020
f 1437/1163/1021 1436/1162/1022 1435/1161/1023
f 1436/1162/1022 1437/1163/1021 1438/1164/1024
f 1439/1165/1025 1438/1164/1025 1437/1163/1025
f 1438/1164/1026 1439/1165/1026 1440/1166/1026
f 1441/1167/1027 1440/1166/1027 1439/1165/1027
f 1440/1166/1028 1441/1167/1028 1442/1168/1028
f 1440/1166/1029 1442/1168/1029 1443/1169/1029
f 1444/1170/1030 1443/1169/1030 1442/1168/1030
f 1443/1169/1031 1444/1170/1031 1445/1171/1031
f 1446/1171/159 1445/1171/159 1444/1170/159
f 1445/1171/1032 1447/1172/1032 1443/1169/1032
f 1448/1173/1033 1443/1169/1033 1447/1172/1033
f 1448/1173/1034 1447/1172/1034 1449/1174/1034
f 1450/1175/1035 1449/1174/1035 1447/1172/1035
f 1449/1174/1036 1450/1175/1036 1451/1176/1036
f 1451/1176/1037 1452/1177/1037 1449/1174/1037
f 1453/1178/1038 1449/1174/1038 1452/1177/1038
f 1449/1174/1039 1453/1178/1039 1448/1173/1039
f 1453/1178/1040 1452/1177/1040 1454/1179/1040
f 1455/1180/1041 1454/1179/1041 1452/1177/1041
f 1454/1179/1042 1455/1180/1042 1456/1181/1042
f 1457/1180/1043 1456/1181/1043 1455/1180/1043
f 1456/1181/1044 1457/1180/1044 1458/1182/1044
f 1456/1181/1045 1458/1182/1045 1432/1158/1045
f 1433/1159/1046 1432/1158/1046 1458/1182/1046
f 1459/1183/445 1460/1184/445 1461/1185/445
f 1462/1186/445 1461/1185/445 1460/1184/445
f 1451/1176/354 1463/1187/354 1452/1177/354
f 1464/1180/354 1452/1177/354 1463/1187/354
f 1463/1187/353 1465/1188/353 1464/1180/353
f 1466/1189/353 1464/1180/353 1465/1188/353
f 1465/1188/1047 1467/1190/1047 1466/1189/1048
f 1468/1191/1048 1466/1189/1048 1467/1190/1047
f 1467/1190/1049 1469/1192/1049 1468/1191/1050
f 1470/1193/1050 1468/1191/1050 1469/1192/1049
f 1469/1192/1051 1471/1194/1051 1470/1193/342
f 1472/1195/342 1470/1193/342 1471/1194/1051
f 1471/1194/343 1473/1196/343 1472/1195/343
f 1474/1197/343 1472/1195/343 1473/1196/343
f 1473/1196/345 1475/1198/345 1474/1197/345
f 1476/1171/345 1474/1197/345 1475/1198/345
f 1475/1198/347 1477/1199/347 1476/1171/346
f 1447/1172/346 1476/1171/346 1477/1199/347
f 1478/1200/158 1479/1201/158 1480/1202/158
f 1481/1203/158 1480/1202/158 1479/1201/158
f 1482/1204/445 1483/1205/445 1484/300/445
f 1485/302/445 1484/300/445 1483/1205/445
f 1486/1206/623 1487/1207/623 1488/1010/623
f 1489/1009/623 1488/1010/623 1487/1207/623
f 1490/1208/1052 1491/1209/1052 1492/254/1052
f 1493/251/1053 1492/254/1053 1491/1209/1053
f 1494/1210/1054 1495/463/1054 1496/489/1054
f 1497/488/1055 1496/489/1055 1495/463/1055
f 1498/1211/1056 1499/1212/1056 1500/1213/1056
f 1501/1214/1057 1500/1213/1057 1499/1212/1057
f 1502/1215/601 1503/1216/601 1504/1217/601
f 1505/1218/601 1504/1217/601 1503/1216/601
f 1506/1219/1058 1507/511/1058 1508/510/1058
f 1509/512/1059 1510/511/1059 1511/1220/1059
f 1512/1219/1059 1511/1220/1059 1510/511/1059
f 1513/964/280 1514/1205/280 1515/1221/280
f 1516/1204/280 1515/1221/280 1514/1205/280
f 1517/1222/1060 1518/1223/1060 1519/247/1060
f 1520/246/1061 1519/247/1061 1518/1223/1061
f 1521/778/1062 1522/780/1062 1523/1224/1062
f 1524/1225/1062 1523/1224/1062 1522/780/1062
f 1525/544/1063 1526/543/1063 1527/524/1063
f 1528/522/1063 1527/524/1063 1526/543/1063
f 1529/839/627 1530/713/627 1531/1204/627
f 1532/1221/627 1531/1204/627 1530/713/627
f 1533/1226/1064 1534/1227/1064 1535/1228/1064
f 1536/1229/1064 1535/1228/1064 1534/1227/1064
f 1537/301/795 1538/785/795 1539/804/795
f 1540/783/795 1539/804/795 1538/785/795
f 1541/1230/1065 1542/1231/1065 1543/965/1065
f 1544/1232/1065 1543/965/1065 1542/1231/1065
f 1545/1233/1066 1546/1234/1066 1547/1235/1066
f 1548/1236/1067 1547/1235/1067 1546/1234/1067
f 1549/1237/165 1550/1238/165 1551/1206/165
f 1552/1239/165 1551/1206/165 1550/1238/165
f 1553/477/1068 1554/481/1068 1555/1240/1068
f 1556/1241/1068 1555/1240/1068 1554/481/1068
f 1557/1242/1069 1558/235/1069 1559/1242/1069
f 1560/1243/1070 1559/1242/1070 1558/235/1070
f 1561/1067/213 1562/1223/213 1563/1066/213
f 1564/1244/213 1563/1066/213 1562/1223/213
f 1562/1223/213 1565/1222/213 1564/1244/213
f 1566/1208/213 1564/1244/213 1565/1222/213
f 1565/1222/213 1567/1068/213 1566/1208/213
f 1568/1209/213 1566/1208/213 1567/1068/213
f 1567/1068/213 1569/1069/213 1568/1209/213
f 1570/1245/213 1568/1209/213 1569/1069/213
f 1571/475/1071 1572/477/1071 1573/1246/1071
f 1574/1240/1071 1573/1246/1071 1572/477/1071
f 1575/1247/1072 1576/1248/1072 1577/1249/1072
f 1578/1248/1073 1577/1249/1073 1576/1248/1073
f 1579/254/1074 1580/245/1074 1581/1208/1074
f 1582/1244/1075 1581/1208/1075 1580/245/1075
f 1583/1242/1076 1584/1250/1076 1585/1242/1076
f 1586/1250/1077 1585/1242/1077 1584/1250/1077
f 1587/1066/1078 1588/1244/1078 1589/243/1078
f 1590/245/1079 1589/243/1079 1588/1244/1079
f 1591/1223/1080 1592/1067/1080 1593/246/1080
f 1594/244/1081 1593/246/1081 1592/1067/1081
f 1595/695/1082 1596/1251/1082 1597/693/1082
f 1598/720/1082 1597/693/1082 1596/1251/1082
f 1599/1047/1083 1600/1252/1083 1601/1041/1083
f 1602/999/1084 1601/1041/1084 1600/1252/1084
f 1603/247/1085 1604/248/1085 1605/1222/1085
f 1606/1068/1086 1605/1222/1086 1604/248/1086
f 1607/1253/1087 1608/1254/1087 1609/1255/1087
f 1610/1256/1088 1609/1255/1088 1608/1254/1088
f 1611/430/303 1612/429/303 1613/1257/303
f 1614/1258/303 1613/1257/303 1612/429/303
f 1615/1166/1089 1616/1164/1089 1617/1166/1089
f 1618/1164/1090 1617/1166/1090 1616/1164/1090
f 1619/1209/1091 1620/1245/1091 1621/251/1091
f 1622/250/1092 1621/251/1092 1620/1245/1092
f 1623/1259/1093 1624/1243/1093 1625/1260/1093
f 1626/235/1094 1625/1260/1094 1624/1243/1094
f 1627/799/1095 1628/798/1095 1629/1248/1095
f 1630/1261/1096 1629/1248/1096 1628/798/1096
f 1631/248/1097 1632/247/1097 1633/1262/1097
f 1634/1263/1098 1633/1262/1098 1632/247/1098
f 1635/1264/1099 1636/746/1099 1637/750/1099
f 1638/744/1100 1637/750/1100 1636/746/1100
f 1639/1246/1101 1640/548/1101 1641/475/1101
f 1642/473/1101 1641/475/1101 1640/548/1101
f 1643/1262/1102 1644/1070/1103 1645/248/1104
f 1646/249/1105 1645/248/1104 1644/1070/1103
f 1647/386/1106 1648/388/1106 1649/1265/1106
f 1650/1266/1106 1649/1265/1106 1648/388/1106
f 1651/246/1107 1652/244/1108 1653/1267/1109
f 1654/1268/1110 1653/1267/1109 1652/244/1108
f 1655/1268/159 1656/1268/159 1657/244/159
f 1658/244/159 1657/244/159 1656/1268/159
f 1659/1269/1111 1660/1270/1112 1661/1271/1113
f 1662/1272/1114 1661/1271/1113 1660/1270/1112
f 1663/247/1115 1664/246/1115 1665/1263/1115
f 1666/1267/1116 1665/1263/1116 1664/246/1116
f 708/599/1117 1667/1273/1117 709/600/1117
f 1668/1274/1117 709/600/1117 1667/1273/1117
f 709/600/280 1668/1274/280 1669/1275/280
f 1670/1276/280 1669/1275/280 1668/1274/280
f 1669/1275/1118 1670/1276/1118 717/608/1118
f 1671/1277/1118 717/608/1118 1670/1276/1118
f 1672/1278/1119 1673/1279/1119 1674/1280/1119
f 1675/1281/1120 1674/1280/1120 1673/1279/1120
f 701/592/1121 699/590/1121 1676/1282/1121
f 1677/1283/1121 1676/1282/1121 699/590/1121
f 1678/1284/223 1679/1285/223 1680/323/223
f 1681/322/223 1680/323/223 1679/1285/223
f 1682/1252/1122 1683/1286/1122 1684/999/1122
f 1685/1000/1123 1684/999/1123 1683/1286/1123
f 1686/1144/1124 1687/1287/1125 1688/1146/1126
f 1689/1288/1127 1688/1146/1126 1687/1287/1125
f 1690/449/1128 1691/447/1128 1692/518/1128
f 1693/519/1128 1692/518/1128 1691/447/1128
f 1694/1271/1129 1695/1289/1129 1696/1269/1129
f 1697/1289/1130 1696/1269/1130 1695/1289/1130
f 1698/1290/165 1699/954/165 1700/1291/165
f 1701/956/165 1700/1291/165 1699/954/165
f 1702/449/165 1703/447/165 1704/448/165
f 1705/446/165 1704/448/165 1703/447/165
f 1706/1226/445 1707/1008/445 1708/1251/445
f 1709/1007/445 1708/1251/445 1707/1008/445
f 1710/1292/1131 1711/1293/1131 1712/1294/1131
f 1713/1295/1132 1712/1294/1132 1711/1293/1132
f 1714/957/1133 1715/955/1133 1716/1295/1133
f 1717/1294/1134 1716/1295/1134 1715/955/1134
f 1718/1296/1135 1719/1297/1135 1720/1298/1135
f 1721/1299/1135 1720/1298/1135 1719/1297/1135
f 1722/1300/1136 1723/1301/1136 1724/1302/1136
f 1725/1303/1137 1724/1302/1137 1723/1301/1137
f 1723/1301/1138 1726/1304/1138 1725/1303/1138
f 1727/1305/1139 1725/1303/1139 1726/1304/1139
f 1726/1304/1140 564/497/1140 1727/1305/1140
f 562/495/1141 1727/1305/1141 564/497/1141
f 1728/990/1142 1729/1306/1142 1730/992/1142
f 1731/1307/1143 1730/992/1143 1729/1306/1143
f 1732/1173/1144 1733/1308/1144 1734/1309/1144
f 1735/1310/1145 1734/1309/1145 1733/1308/1145
f 1736/326/1146 1737/1049/1146 1738/1057/1146
f 1739/1311/1147 1738/1057/1147 1737/1049/1147
f 1740/1312/445 1741/1313/445 1742/1314/445
f 1743/1315/445 1742/1314/445 1741/1313/445
f 1744/1316/1148 1745/1317/1148 1746/1318/1148
f 1747/1319/1148 1746/1318/1148 1745/1317/1148
f 1748/1308/1149 1749/1320/1149 1750/1310/1149
f 1751/1321/1150 1750/1310/1150 1749/1320/1150
f 1752/1322/158 1753/1323/158 1754/1324/158
f 1755/1227/158 1754/1324/158 1753/1323/158
f 1753/1323/158 1756/1325/158 1755/1227/158
f 1757/1229/158 1755/1227/158 1756/1325/158
f 1756/1325/158 1758/1239/158 1757/1229/158
f 1759/1238/158 1757/1229/158 1758/1239/158
f 1760/1326/1151 1761/1327/1151 1762/1328/1151
f 1763/1329/1151 1762/1328/1151 1761/1327/1151
f 1764/1320/1152 1765/1330/1152 1766/1321/1152
f 1767/1331/1153 1766/1321/1153 1765/1330/1153
f 1768/1298/1154 1769/1316/1154 1770/1296/1154
f 1771/1318/1154 1770/1296/1154 1769/1316/1154
f 1772/229/445 1773/1332/445 1774/1333/445
f 1775/1334/445 1774/1333/445 1773/1332/445
f 1776/1289/1155 1777/1250/1155 1778/1289/1155
f 1779/1250/1156 1778/1289/1156 1777/1250/1156
f 279/251/1157 280/251/1157 1780/254/1157
f 288/254/1157 1780/254/1157 280/251/1157
f 1780/254/1158 288/254/1158 267/245/1158
f 265/245/1158 267/245/1158 288/254/1158
f 1781/798/445 1782/799/445 1783/1065/445
f 1784/800/445 1783/1065/445 1782/799/445
f 1783/1065/445 1784/800/445 1785/1335/445
f 1783/1065/445 1785/1335/445 1786/1064/445
f 1787/1336/445 1786/1064/445 1785/1335/445
f 1786/1064/445 1787/1336/445 1788/1337/445
f 1789/1338/445 1788/1337/445 1787/1336/445
f 1790/750/1159 1791/751/1159 1792/1264/1159
f 1793/1339/1160 1792/1264/1160 1791/751/1160
f 1794/1340/1161 1795/1341/1161 1796/1342/1161
f 1797/1343/1162 1796/1342/1162 1795/1341/1162
f 1798/1344/1163 1799/1345/1163 1800/1346/1163
f 1801/1347/1164 1800/1346/1164 1799/1345/1164
f 1800/1346/1165 1801/1347/1165 1802/1348/1165
f 1803/1349/1166 1802/1348/1166 1801/1347/1166
f 1802/1348/1167 1803/1349/1167 1804/1350/1167
f 1805/1351/1168 1804/1350/1168 1803/1349/1168
f 1804/1350/1169 1805/1351/1169 1806/1352/1169
f 1807/1353/1170 1806/1352/1170 1805/1351/1170
f 1806/1352/1171 1807/1353/1171 1808/1354/1171
f 1809/1355/1172 1808/1354/1172 1807/1353/1172
f 1808/1354/1173 1809/1355/1173 1810/1356/1173
f 1811/1357/1174 1810/1356/1174 1809/1355/1174
f 1799/1345/1175 1812/1358/1175 1801/1347/1175
f 1813/1359/1176 1801/1347/1176 1812/1358/1176
f 1801/1347/1177 1813/1359/1177 1803/1349/1177
f 1814/1360/1178 1803/1349/1178 1813/1359/1178
f 1803/1349/1179 1814/1360/1179 1805/1351/1179
f 1815/1361/1180 1805/1351/1180 1814/1360/1180
f 1805/1351/1181 1815/1361/1181 1816/1362/1181
f 1817/1363/1182 1816/1362/1182 1815/1361/1182
f 1816/1362/1183 1817/1363/1183 1818/1364/1183
f 1819/1365/1184 1818/1364/1184 1817/1363/1184
f 1818/1364/1185 1819/1365/1185 1820/1366/1185
f 1110/917/1186 1820/1366/1186 1819/1365/1186
f 1812/1358/1187 1821/1367/1187 1813/1359/1187
f 1120/926/1188 1813/1359/1188 1821/1367/1188
f 1813/1359/1189 1120/926/1189 1814/1360/1189
f 1118/924/1190 1814/1360/1190 1120/926/1190
f 1814/1360/1191 1118/924/1191 1815/1361/1191
f 1116/922/1192 1815/1361/1192 1118/924/1192
f 1815/1361/1193 1116/922/1193 1817/1363/1193
f 1114/920/1194 1817/1363/1194 1116/922/1194
f 1817/1363/1195 1114/920/1195 1819/1365/1195
f 1111/918/1196 1819/1365/1196 1114/920/1196
f 1819/1365/1197 1111/918/1197 1110/917/1197
f 1821/1367/1198 1125/931/1198 1120/926/1198
f 1119/925/1199 1120/926/1199 1125/931/1199
f 1822/1341/1200 1823/506/1200 1824/1343/1200
f 1825/504/1201 1824/1343/1201 1823/506/1201
f 1826/1368/1202 1827/1369/1202 1828/1370/1202
f 1829/1371/1203 1828/1370/1203 1827/1369/1203
f 1828/1370/1204 1829/1371/1204 1830/1372/1204
f 1831/1373/1205 1830/1372/1205 1829/1371/1205
f 1831/1373/1206 1829/1371/1206 1832/1374/1206
f 1827/1369/1206 1832/1374/1206 1829/1371/1206
f 1832/1374/1207 1827/1369/1207 1833/1375/1207
f 1833/1375/1208 1834/1376/1208 1832/1374/1208
f 1835/1377/1208 1832/1374/1208 1834/1376/1208
f 1832/1374/1209 1835/1377/1209 1831/1373/1209
f 1835/1377/1210 1834/1376/1210 1836/1378/1210
f 1837/1379/1211 1836/1378/1211 1834/1376/1211
f 1836/1378/1212 1837/1379/1212 1838/1380/1212
f 1839/1381/1213 1838/1380/1213 1837/1379/1213
f 1837/1379/1211 1834/1376/1211 1840/1382/1211
f 1833/1375/1214 1840/1382/1214 1834/1376/1214
f 1840/1382/1215 1841/1383/1215 1837/1379/1215
f 1842/1384/1216 1837/1379/1216 1841/1383/1216
f 1837/1379/1217 1842/1384/1217 1839/1381/1217
f 1843/1385/1217 1839/1381/1217 1842/1384/1217
f 1839/1381/1218 1843/1385/1218 1844/1386/1218
f 1845/1387/1219 1844/1386/1219 1843/1385/1219
f 1844/1386/1219 1845/1387/1219 1846/1388/1219
f 1847/1389/1220 1846/1388/1220 1845/1387/1220
f 1845/1387/1221 1848/1390/1221 1847/1389/1221
f 1849/1391/1221 1847/1389/1221 1848/1390/1221
f 1847/1389/1222 1849/1391/1222 1850/1392/1222
f 1851/1393/1223 1850/1392/1223 1849/1391/1223
f 1850/1392/1224 1851/1393/1224 1852/1394/1224
f 1853/1395/1225 1852/1394/1225 1851/1393/1225
f 1852/1394/1226 1853/1395/1226 1854/1396/1226
f 1855/1397/1227 1854/1396/1227 1853/1395/1227
f 1854/1396/1228 1855/1397/1228 1856/1398/1228
f 1857/1399/1229 1856/1398/1229 1855/1397/1229
f 1856/1398/1230 1857/1399/1230 1858/1400/1230
f 1848/1390/1221 1859/1401/1221 1849/1391/1221
f 1860/1402/1231 1849/1391/1231 1859/1401/1231
f 1849/1391/1223 1860/1402/1223 1851/1393/1223
f 1861/1403/1232 1851/1393/1232 1860/1402/1232
f 1851/1393/1225 1861/1403/1225 1853/1395/1225
f 1862/1404/1233 1853/1395/1233 1861/1403/1233
f 1853/1395/1227 1862/1404/1227 1855/1397/1227
f 1863/1405/1234 1855/1397/1234 1862/1404/1234
f 1855/1397/1235 1863/1405/1235 1864/1406/1235
f 1354/1080/1236 1865/1407/1236 1356/1082/1236
f 1404/1130/1237 1356/1082/1237 1865/1407/1237
f 1404/1130/1238 1865/1407/1238 1866/1408/1238
f 1867/1409/1239 1866/1408/1239 1865/1407/1239
f 1866/1408/1240 1867/1409/1240 761/646/1240
f 1868/1410/1241 761/646/1241 1867/1409/1241
f 761/646/1242 1868/1410/1242 1869/1411/1242
f 1870/1412/1243 1869/1411/1243 1868/1410/1243
f 1869/1411/1244 1870/1412/1244 1871/305/1244
f 1872/1413/1245 1871/305/1245 1870/1412/1245
f 1871/305/1246 1872/1413/1246 1873/303/1246
f 1874/304/1246 1873/303/1246 1872/1413/1246
f 761/646/1247 766/651/1247 1866/1408/1247
f 1404/1130/1248 1866/1408/1248 766/651/1248
f 1404/1130/1249 766/651/1249 1403/1129/1249
f 765/650/1250 1403/1129/1250 766/651/1250
f 1403/1129/1251 765/650/1251 1401/1127/1251
f 764/649/1252 1401/1127/1252 765/650/1252
f 1401/1127/1253 764/649/1253 770/655/1253
f 1875/1330/1254 1876/1340/1254 1877/1331/1254
f 1878/1342/1255 1877/1331/1255 1876/1340/1255
f 1879/1309/1256 1880/1414/1256 1881/1173/1256
f 1882/1178/1257 1881/1173/1257 1880/1414/1257
f 1883/1415/1258 1884/1416/1258 1885/1417/1259
f 1886/1418/1259 1885/1417/1259 1884/1416/1258
f 1885/1417/1260 1886/1418/1261 1887/1419/1261
f 1888/1420/1262 1887/1419/1261 1886/1418/1261
f 1887/1419/1263 1888/1420/1263 1889/1421/1263
f 1890/1422/1264 1889/1421/1264 1888/1420/1264
f 1888/1420/1265 1886/1418/1265 1891/1423/1265
f 1884/1416/1266 1891/1423/1266 1886/1418/1266
f 1891/1423/1267 1884/1416/1268 1892/1424/1269
f 1893/1425/1270 1892/1424/1270 1884/1416/1270
f 1892/1424/1271 1893/1425/1271 1894/1426/1271
f 1895/1427/1272 1894/1426/1272 1893/1425/1272
f 1894/1426/1273 1895/1427/1273 1896/1428/1273
f 1897/1429/1274 1896/1428/1274 1895/1427/1274
f 1896/1428/1275 1897/1429/1275 1898/1430/1275
f 1899/1431/1276 1898/1430/1276 1897/1429/1276
f 1898/1430/1277 1899/1431/1277 1900/1432/1277
f 1901/1433/1278 1900/1432/1278 1899/1431/1278
f 1900/1432/1279 1901/1433/1279 1902/1434/1279
f 1903/1435/1280 1902/1434/1280 1901/1433/1280
f 1897/1429/1281 1904/1436/1282 1899/1431/1283
f 1905/1437/1284 1899/1431/1283 1904/1436/1282
f 1899/1431/1285 1905/1437/1285 1901/1433/1285
f 1906/1438/1286 1901/1433/1286 1905/1437/1286
f 1901/1433/1287 1906/1438/1287 1903/1435/1287
f 1907/1439/1288 1903/1435/1288 1906/1438/1288
f 1903/1435/1289 1907/1439/1289 1908/1440/1289
f 1909/1441/1290 1908/1440/1290 1907/1439/1290
f 1908/1440/1291 1909/1441/1291 1910/1442/1291
f 1911/1443/1292 1910/1442/1292 1909/1441/1292
f 1910/1442/1292 1911/1443/1292 1912/1444/1293
f 1913/1445/1294 1912/1444/1294 1911/1443/1294
f 1912/1444/1295 1913/1445/1295 1914/1446/1295
f 1915/1447/1296 1914/1446/1296 1913/1445/1296
f 1904/1436/1297 1916/1448/1297 1905/1437/1297
f 1917/1449/1298 1905/1437/1298 1916/1448/1298
f 1905/1437/1299 1917/1449/1300 1906/1438/1301
f 1918/1450/1302 1906/1438/1301 1917/1449/1300
f 1906/1438/1303 1918/1450/1303 1907/1439/1303
f 1919/1451/1304 1907/1439/1304 1918/1450/1304
f 1907/1439/1305 1919/1451/1305 1909/1441/1305
f 1920/1452/1306 1909/1441/1306 1919/1451/1306
f 1909/1441/1307 1920/1452/1307 1911/1443/1307
f 1921/1453/1308 1911/1443/1308 1920/1452/1308
f 1911/1443/1308 1921/1453/1308 1913/1445/1309
f 1922/1454/1310 1913/1445/1310 1921/1453/1310
f 1913/1445/1311 1922/1454/1311 1915/1447/1311
f 1923/1455/1312 1915/1447/1312 1922/1454/1312
f 1918/1450/1313 1924/1456/1313 1919/1451/1313
f 1925/1457/1314 1919/1451/1314 1924/1456/1314
f 1919/1451/1315 1925/1457/1315 1920/1452/1315
f 1926/1458/1316 1920/1452/1316 1925/1457/1316
f 1920/1452/1317 1926/1458/1317 1921/1453/1317
f 1927/1459/1318 1921/1453/1318 1926/1458/1319
f 1921/1453/1318 1927/1459/1318 1922/1454/1318
f 1928/1460/1320 1922/1454/1320 1927/1459/1320
f 1922/1454/1321 1928/1460/1321 1923/1455/1321
f 1929/1461/1322 1923/1455/1322 1928/1460/1322
f 1923/1455/1323 1929/1461/1323 1930/1462/1323
f 1931/1463/1324 1930/1462/1324 1929/1461/1324
f 1930/1462/1325 1931/1463/1325 1932/1464/1325
f 1933/1465/1326 1932/1464/1326 1931/1463/1326
f 1924/1456/1327 1934/1466/1327 1925/1457/1327
f 1935/1467/1328 1925/1457/1328 1934/1466/1328
f 1925/1457/1329 1935/1467/1329 1926/1458/1329
f 1936/1468/1330 1926/1458/1330 1935/1467/1330
f 1926/1458/1331 1936/1468/1331 1927/1459/1331
f 1937/1469/1332 1927/1459/1332 1936/1468/1332
f 1927/1459/1332 1937/1469/1332 1928/1460/1332
f 1938/1470/1333 1928/1460/1333 1937/1469/1333
f 1928/1460/1334 1938/1470/1334 1929/1461/1334
f 1939/1471/1335 1929/1461/1335 1938/1470/1335
f 1929/1461/1336 1939/1471/1336 1931/1463/1336
f 1940/1472/1337 1931/1463/1337 1939/1471/1337
f 1931/1463/1338 1940/1472/1338 1933/1465/1338
f 1934/1466/1339 1941/1473/1339 1935/1467/1339
f 1942/1474/1340 1935/1467/1341 1941/1473/1342
f 1935/1467/1341 1942/1474/1340 1936/1468/1343
f 1943/1475/1344 1936/1468/1344 1942/1474/1345
f 1936/1468/1344 1943/1475/1344 1937/1469/1346
f 1944/1476/1347 1937/1469/1347 1943/1475/1348
f 1937/1469/1347 1944/1476/1347 1938/1470/1347
f 1945/1477/1349 1938/1470/1349 1944/1476/1349
f 1938/1470/1350 1945/1477/1350 1939/1471/1350
f 1946/1478/1351 1939/1471/1351 1945/1477/1351
f 1939/1471/1352 1946/1478/1352 1940/1472/1352
f 1942/1474/1353 1947/1479/1353 1943/1475/1353
f 1948/1480/1354 1943/1475/1354 1947/1479/1354
f 1943/1475/1355 1948/1480/1355 1944/1476/1355
f 1949/1481/1356 1944/1476/1356 1948/1480/1356
f 1944/1476/1356 1949/1481/1356 1945/1477/1356
f 1950/1482/1357 1945/1477/1357 1949/1481/1357
f 1945/1477/1358 1950/1482/1358 1946/1478/1358
f 1947/1479/1359 1951/1483/1359 1948/1480/1359
f 1952/1484/1360 1948/1480/1360 1951/1483/1360
f 1948/1480/1357 1952/1484/1357 1949/1481/1357
f 1953/1485/1357 1949/1481/1357 1952/1484/1357
f 1949/1481/1357 1953/1485/1357 1950/1482/1357
f 1951/1483/1361 1947/1479/1362 1954/1486/1363
f 1955/1487/1364 1954/1486/1363 1947/1479/1362
f 1954/1486/1365 1955/1487/1365 1956/1488/1365
f 1957/1489/1366 1956/1488/1366 1955/1487/1366
f 1947/1479/1367 1942/1474/1367 1955/1487/1367
f 1958/1490/1368 1955/1487/1368 1942/1474/1368
f 1955/1487/1369 1958/1490/1370 1957/1489/1370
f 1959/1491/1371 1957/1489/1370 1958/1490/1370
f 1942/1474/1372 1941/1473/1372 1958/1490/1372
f 1959/1491/1373 1958/1490/1373 1941/1473/1374
f 1960/381/158 1961/380/158 1962/379/158
f 1963/378/158 1962/379/158 1961/380/158
f 1964/1492/159 1965/1493/159 1966/1494/159
f 1967/1495/159 1966/1494/159 1965/1493/159
f 1966/1494/159 1967/1495/159 1968/1496/159
f 1969/1497/159 1968/1496/159 1967/1495/159
f 1968/1496/159 1969/1497/159 1970/1498/159
f 1971/1499/159 1970/1498/159 1969/1497/159
f 1970/1498/159 1971/1499/159 1972/1500/159
f 1973/1501/159 1972/1500/159 1971/1499/159
f 1972/1500/1375 1973/1501/1375 1974/1502/1375
f 1975/1503/1376 1974/1502/1376 1973/1501/1376
f 1974/1502/1377 1975/1503/1377 1976/1504/1377
f 1977/1505/1378 1976/1504/1378 1975/1503/1378
f 1976/1504/1379 1977/1505/1379 1978/1506/1379
f 1971/1499/159 1979/1507/159 1973/1501/159
f 1980/1508/159 1973/1501/159 1979/1507/159
f 1973/1501/1376 1980/1508/1376 1975/1503/1376
f 1981/1509/1380 1975/1503/1380 1980/1508/1380
f 1975/1503/1381 1981/1509/1381 1977/1505/1381
f 1979/1507/159 1982/1510/159 1980/1508/159
f 1983/1511/159 1980/1508/159 1982/1510/159
f 1980/1508/1382 1983/1511/1382 1981/1509/1382
f 1982/1510/159 1984/1512/159 1983/1511/159
f 1985/1513/159 1983/1511/159 1984/1512/159
f 1986/1234/1383 1987/1233/1383 1988/1514/1383
f 1989/1515/1384 1988/1514/1384 1987/1233/1384
f 1988/1514/1385 1989/1515/1385 1990/1516/1385
f 1991/1517/1385 1990/1516/1385 1989/1515/1385
f 1990/1516/1386 1991/1517/1386 1992/1518/1386
f 1993/1519/1387 1992/1518/1387 1991/1517/1387
f 1992/1518/1388 1993/1519/1388 1994/1520/1388
f 1995/1521/1389 1994/1520/1389 1993/1519/1389
f 1994/1520/1390 1995/1521/1390 1996/1522/1390
f 1997/1523/1391 1996/1522/1391 1995/1521/1391
f 1996/1522/1392 1997/1523/1392 1998/1524/1392
f 1999/1525/1393 1998/1524/1393 1997/1523/1393
f 1998/1524/1394 1999/1525/1394 2000/1526/1394
f 1989/1515/1395 2001/1527/1395 1991/1517/1395
f 2002/1528/1396 1991/1517/1396 2001/1527/1396
f 1991/1517/1397 2002/1528/1397 1993/1519/1397
f 2003/1529/1398 1993/1519/1398 2002/1528/1398
f 1993/1519/1399 2003/1529/1399 1997/1523/1399
f 1999/1525/1400 1997/1523/1400 2003/1529/1400
f 2001/1527/1401 2004/1530/1401 2002/1528/1401
f 2005/1531/1402 2002/1528/1402 2004/1530/1402
f 2002/1528/1403 2005/1531/1403 2003/1529/1403
f 2006/1532/1404 2003/1529/1404 2005/1531/1404
f 2003/1529/1405 2006/1532/1405 1999/1525/1405
f 2007/1533/1406 1999/1525/1406 2006/1532/1406
f 2001/1527/1407 2008/1534/1407 2004/1530/1407
f 2009/1535/1408 2004/1530/1408 2008/1534/1408
f 2004/1530/1409 2009/1535/1409 2005/1531/1409
f 2010/1536/1410 2005/1531/1410 2009/1535/1410
f 2005/1531/1411 2010/1536/1411 2006/1532/1411
f 2011/1537/1412 2006/1532/1412 2010/1536/1412
f 2006/1532/1413 2011/1537/1413 2007/1533/1413
f 2012/1538/1414 2007/1533/1414 2011/1537/1414
f 2007/1533/1415 2012/1538/1415 2013/1539/1415
f 2014/1540/1416 2013/1539/1416 2012/1538/1416
f 2008/1534/1417 2015/1541/1417 2009/1535/1417
f 2016/1542/1418 2009/1535/1418 2015/1541/1418
f 2009/1535/1419 2016/1542/1419 2010/1536/1419
f 2017/1543/1420 2010/1536/1420 2016/1542/1420
f 2010/1536/1421 2017/1543/1421 2011/1537/1421
f 2012/1538/1422 2011/1537/1422 2017/1543/1422
f 2015/1541/1423 2018/1544/1423 2016/1542/1423
f 2019/1545/1424 2016/1542/1424 2018/1544/1424
f 2016/1542/1425 2019/1545/1425 2017/1543/1425
f 2020/1546/1426 2017/1543/1426 2019/1545/1426
f 2017/1543/1427 2020/1546/1427 2012/1538/1427
f 2021/1547/1428 2012/1538/1428 2020/1546/1428
f 2012/1538/1429 2021/1547/1429 2014/1540/1429
f 2022/1548/213 2014/1540/213 2021/1547/213
f 2014/1540/213 2022/1548/213 2023/1549/213
f 2024/1550/1430 2023/1549/1430 2022/1548/1430
f 2023/1549/1431 2024/1550/1431 2025/1551/1431
f 2026/1552/1432 2025/1551/1432 2024/1550/1432
f 2018/1544/1433 2027/1553/1433 2019/1545/1433
f 2028/1554/1433 2019/1545/1433 2027/1553/1433
f 2019/1545/1434 2028/1554/1434 2020/1546/1434
f 2029/1555/1434 2020/1546/1434 2028/1554/1434
f 2020/1546/1435 2029/1555/1435 2021/1547/1435
f 2022/1548/1435 2021/1547/1435 2029/1555/1435
f 2027/1553/1436 2030/1556/1436 2028/1554/1436
f 2031/1557/1437 2028/1554/1437 2030/1556/1437
f 2028/1554/1438 2031/1557/1438 2029/1555/1438
f 2024/1550/1439 2029/1555/1439 2031/1557/1439
f 2029/1555/1440 2024/1550/1440 2022/1548/1440
f 2030/1556/1441 2032/1558/1441 2031/1557/1441
f 2033/1559/1442 2031/1557/1442 2032/1558/1442
f 2031/1557/1443 2033/1559/1443 2024/1550/1443
f 2026/1552/1444 2024/1550/1444 2033/1559/1444
f 2026/1552/1445 2033/1559/1445 2034/1560/1445
f 2032/1558/1446 2034/1560/1446 2033/1559/1446
f 2034/1560/1447 2032/1558/1447 2035/1561/1447
f 2036/1562/1448 2035/1561/1448 2032/1558/1448
f 2035/1561/1449 2036/1562/1449 2037/1563/1449
f 2038/1564/1450 2037/1563/1450 2036/1562/1450
f 2037/1563/1451 2038/1564/1451 2039/1565/1451
f 2040/234/1452 2039/1565/1452 2038/1564/1452
f 2039/1565/1453 2040/234/1453 2041/1566/1453
f 2042/1567/1454 2041/1566/1454 2040/234/1454
f 2041/1566/1455 2042/1567/1455 2043/1568/1455
f 2035/1561/1456 2037/1563/1456 2044/1569/1456
f 2039/1565/1457 2044/1569/1457 2037/1563/1457
f 2044/1569/1458 2039/1565/1458 2045/1570/1458
f 2041/1566/1459 2045/1570/1459 2039/1565/1459
f 2045/1570/1455 2041/1566/1455 2043/1568/1455
f 2043/1568/1460 2046/1571/1460 2045/1570/1460
f 2047/1572/1461 2045/1570/1461 2046/1571/1461
f 2045/1570/1462 2047/1572/1462 2044/1569/1462
f 2048/1573/1463 2044/1569/1463 2047/1572/1463
f 2044/1569/1464 2048/1573/1464 2035/1561/1464
f 2034/1560/1465 2035/1561/1465 2048/1573/1465
f 2047/1572/1466 2049/1574/1466 2048/1573/1466
f 2050/1575/1467 2048/1573/1467 2049/1574/1467
f 2048/1573/1468 2050/1575/1468 2034/1560/1468
f 2026/1552/1469 2034/1560/1469 2050/1575/1469
f 2047/1572/1470 2051/1576/1470 2049/1574/1470
f 2052/1577/1471 2049/1574/1471 2051/1576/1471
f 2049/1574/1472 2052/1577/1472 2053/1578/1472
f 2054/1579/1473 2053/1578/1473 2052/1577/1473
f 2053/1578/1474 2054/1579/1474 2055/1580/1474
f 2056/1581/1475 2055/1580/1475 2054/1579/1475
f 2055/1580/1476 2056/1581/1476 2057/1582/1476
f 2058/1583/1477 2057/1582/1477 2056/1581/1477
f 2057/1582/1478 2058/1583/1478 2059/1584/1478
f 2060/1585/1479 2059/1584/1479 2058/1583/1479
f 2059/1584/1480 2060/1585/1480 2061/1586/1480
f 2062/1587/1481 2061/1586/1481 2060/1585/1481
f 2061/1586/1482 2062/1587/1482 2063/1588/1482
f 2064/1589/1483 2063/1588/1483 2062/1587/1483
f 2052/1577/1484 2065/1590/1484 2054/1579/1484
f 2066/1591/1485 2054/1579/1485 2065/1590/1485
f 2054/1579/1486 2066/1591/1486 2056/1581/1486
f 2067/1592/1487 2056/1581/1487 2066/1591/1487
f 2056/1581/1488 2067/1592/1488 2058/1583/1488
f 2068/1593/1489 2058/1583/1489 2067/1592/1489
f 2058/1583/1490 2068/1593/1490 2060/1585/1490
f 2069/1594/1491 2060/1585/1491 2068/1593/1491
f 2060/1585/1492 2069/1594/1492 2062/1587/1492
f 2070/1595/1493 2062/1587/1493 2069/1594/1493
f 2062/1587/1494 2070/1595/1494 2064/1589/1494
f 2071/1596/1495 2064/1589/1495 2070/1595/1495
f 2064/1589/1496 2071/1596/1496 2072/1597/1496
f 2073/1598/1497 2072/1597/1497 2071/1596/1497
f 2065/1590/1498 2074/1599/1498 2066/1591/1498
f 2075/1600/1499 2066/1591/1499 2074/1599/1499
f 2066/1591/1500 2075/1600/1500 2067/1592/1500
f 2076/1601/1501 2067/1592/1501 2075/1600/1501
f 2067/1592/1502 2076/1601/1502 2068/1593/1502
f 2077/1602/1503 2068/1593/1503 2076/1601/1503
f 2068/1593/1504 2077/1602/1504 2069/1594/1504
f 2078/1603/1505 2069/1594/1505 2077/1602/1505
f 2069/1594/1506 2078/1603/1506 2070/1595/1506
f 2079/1604/1507 2070/1595/1507 2078/1603/1507
f 2070/1595/1508 2079/1604/1508 2071/1596/1508
f 2080/1605/1509 2071/1596/1509 2079/1604/1509
f 2071/1596/1510 2080/1605/1510 2073/1598/1510
f 1896/1428/1511 2073/1598/1511 2080/1605/1511
f 2075/1600/1512 2081/1606/1512 2076/1601/1512
f 2082/1607/1513 2076/1601/1513 2081/1606/1513
f 2076/1601/1514 2082/1607/1514 2077/1602/1514
f 2083/1608/1515 2077/1602/1515 2082/1607/1515
f 2077/1602/1516 2083/1608/1516 2078/1603/1516
f 2084/1609/1517 2078/1603/1517 2083/1608/1517
f 2078/1603/1518 2084/1609/1518 2079/1604/1518
f 2085/1610/1519 2079/1604/1519 2084/1609/1519
f 2079/1604/1520 2085/1610/1520 2080/1605/1520
f 1894/1426/1521 2080/1605/1521 2085/1610/1521
f 2080/1605/1522 1894/1426/1522 1896/1428/1522
f 2081/1606/1523 2086/1611/1523 2082/1607/1523
f 2087/1612/1524 2082/1607/1524 2086/1611/1524
f 2082/1607/1525 2087/1612/1525 2083/1608/1525
f 2088/1613/1526 2083/1608/1526 2087/1612/1526
f 2083/1608/1527 2088/1613/1528 2084/1609/1529
f 2089/1614/1530 2084/1609/1529 2088/1613/1528
f 2084/1609/1531 2089/1614/1531 2085/1610/1531
f 1892/1424/1532 2085/1610/1532 2089/1614/1532
f 2085/1610/1533 1892/1424/1533 1894/1426/1533
f 2086/1611/1534 2090/1615/1534 2087/1612/1534
f 2091/1616/1535 2087/1612/1535 2090/1615/1535
f 2087/1612/1536 2091/1616/1536 2088/1613/1536
f 2092/1617/1537 2088/1613/1537 2091/1616/1537
f 2088/1613/1528 2092/1617/1538 2089/1614/1530
f 1891/1423/1539 2089/1614/1539 2092/1617/1539
f 2089/1614/1540 1891/1423/1267 1892/1424/1269
f 2090/1615/1535 2093/1618/1535 2091/1616/1535
f 2094/1619/1535 2091/1616/1535 2093/1618/1535
f 2091/1616/1541 2094/1619/1541 2092/1617/1541
f 2095/1620/1542 2092/1617/1542 2094/1619/1542
f 2092/1617/1543 2095/1620/1543 1891/1423/1543
f 1888/1420/1544 1891/1423/1544 2095/1620/1544
f 2093/1618/1535 2096/1621/1535 2094/1619/1535
f 2097/1622/1545 2094/1619/1545 2096/1621/1545
f 2094/1619/1546 2097/1622/1546 2095/1620/1546
f 1890/1422/1547 2095/1620/1548 2097/1622/1549
f 2095/1620/1548 1890/1422/1547 1888/1420/1550
f 1994/1520/1551 1996/1522/1551 2098/1623/1551
f 2099/1624/1552 2098/1623/1552 1996/1522/1552
f 2099/1624/1553 1996/1522/1553 2100/1625/1553
f 1998/1524/1554 2100/1625/1554 1996/1522/1554
f 2100/1625/1555 1998/1524/1555 2101/1626/1555
f 2000/1526/1556 2101/1626/1556 1998/1524/1556
f 2101/1626/1557 2000/1526/1557 2102/1627/1557
f 2103/1628/1558 2102/1627/1558 2000/1526/1558
f 2102/1627/1559 2103/1628/1559 2104/1629/1559
f 2105/1630/1560 2104/1629/1560 2103/1628/1560
f 2104/1629/1561 2105/1630/1562 2106/1631/1561
f 2107/1632/1563 2106/1631/1563 2105/1630/1563
f 2106/1631/1564 2107/1632/1564 2108/1633/1564
f 2109/1634/1565 2108/1633/1565 2107/1632/1565
f 2108/1633/1566 2109/1634/1566 2110/1635/1566
f 2111/1636/1567 2110/1635/1567 2109/1634/1567
f 2104/1629/1561 2106/1631/1561 2112/1637/1568
f 2108/1633/1569 2112/1637/1569 2106/1631/1569
f 2112/1637/1570 2108/1633/1570 2113/1638/1570
f 2110/1635/1571 2113/1638/1571 2108/1633/1571
f 2113/1638/1572 2110/1635/1572 2114/1639/1572
f 2115/1640/1573 2114/1639/1573 2110/1635/1573
f 2114/1639/1574 2115/1640/1574 2116/1641/1574
f 2117/1642/1575 2116/1641/1575 2115/1640/1575
f 2116/1641/1575 2117/1642/1575 2118/1643/1575
f 2119/1644/1576 2118/1643/1576 2117/1642/1576
f 2118/1643/159 2119/1644/159 2120/1645/159
f 2121/1646/1577 2120/1645/1577 2119/1644/1577
f 2120/1645/1577 2121/1646/1577 2122/1647/1577
f 2123/1648/1578 2122/1647/1578 2121/1646/1578
f 2118/1643/159 2120/1645/159 2124/1649/159
f 2122/1647/1579 2124/1649/1579 2120/1645/1579
f 2124/1649/1579 2122/1647/1579 2125/1650/1579
f 2123/1648/1580 2125/1650/1580 2122/1647/1580
f 2125/1650/1581 2123/1648/1581 2126/1651/1581
f 2127/1652/1582 2126/1651/1582 2123/1648/1582
f 2126/1651/1583 2127/1652/1583 2128/1653/1583
f 2129/1654/1584 2128/1653/1585 2127/1652/1586
f 2128/1653/1585 2129/1654/1584 2130/1655/1587
f 2131/1656/1588 2130/1655/1588 2129/1654/1588
f 2130/1655/1589 2131/1656/1589 2132/1657/1589
f 1902/1434/1590 2132/1657/1590 2131/1656/1590
f 2132/1657/1591 1902/1434/1591 2133/1658/1591
f 1903/1435/1592 2133/1658/1593 1902/1434/1594
f 2132/1657/1595 2134/1659/1595 2130/1655/1595
f 2135/1660/1596 2130/1655/1596 2134/1659/1596
f 2130/1655/1597 2135/1660/1598 2128/1653/1599
f 2136/1661/1600 2128/1653/1599 2135/1660/1598
f 2128/1653/1601 2136/1661/1601 2126/1651/1601
f 2137/1662/1602 2126/1651/1602 2136/1661/1602
f 2126/1651/1603 2137/1662/1603 2125/1650/1603
f 2138/1663/1604 2125/1650/1604 2137/1662/1604
f 2125/1650/1605 2138/1663/1605 2124/1649/1605
f 2139/1664/1605 2124/1649/1605 2138/1663/1605
f 2124/1649/159 2139/1664/159 2118/1643/159
f 2116/1641/159 2118/1643/159 2139/1664/159
f 2139/1664/1606 2138/1663/1606 2140/1665/1606
f 2137/1662/1607 2140/1665/1607 2138/1663/1607
f 2140/1665/1607 2137/1662/1607 2141/1666/1607
f 2136/1661/1608 2141/1666/1608 2137/1662/1608
f 2141/1666/1608 2136/1661/1608 2135/1660/1608
f 2135/1660/1609 2142/1667/1609 2141/1666/1609
f 2143/1668/1610 2141/1666/1610 2142/1667/1610
f 2141/1666/1611 2143/1668/1611 2140/1665/1611
f 2144/1669/1612 2140/1665/1612 2143/1668/1612
f 2140/1665/1613 2144/1669/1613 2116/1641/1613
f 2114/1639/1614 2116/1641/1614 2144/1669/1614
f 2114/1639/1615 2144/1669/1615 2145/1670/1615
f 2143/1668/1616 2145/1670/1616 2144/1669/1616
f 2145/1670/1617 2143/1668/1617 2146/1671/1617
f 2142/1667/1618 2146/1671/1618 2143/1668/1618
f 2146/1671/1619 2142/1667/1619 2147/1672/1619
f 2148/1673/1620 2147/1672/1620 2142/1667/1620
f 2147/1672/1621 2148/1673/1621 1912/1444/1621
f 1910/1442/1622 1912/1444/1622 2148/1673/1622
f 1912/1444/1623 1914/1446/1623 2147/1672/1623
f 2149/1674/1624 2147/1672/1624 1914/1446/1624
f 2147/1672/1625 2149/1674/1625 2146/1671/1625
f 2150/1675/1626 2146/1671/1626 2149/1674/1626
f 2146/1671/1627 2150/1675/1627 2145/1670/1627
f 2113/1638/1628 2145/1670/1628 2150/1675/1628
f 2145/1670/1629 2113/1638/1629 2114/1639/1629
f 1914/1446/1630 2151/1676/1631 2149/1674/1631
f 2152/1677/1632 2149/1674/1631 2151/1676/1631
f 2149/1674/1633 2152/1677/1633 2150/1675/1633
f 2112/1637/1634 2150/1675/1634 2152/1677/1634
f 2150/1675/1635 2112/1637/1635 2113/1638/1635
f 2151/1676/1636 2153/1678/1636 2152/1677/1636
f 2154/1679/1637 2152/1677/1637 2153/1678/1637
f 2152/1677/1638 2154/1679/1638 2112/1637/1638
f 2104/1629/1639 2112/1637/1639 2154/1679/1639
f 2153/1678/1640 2155/1680/1640 2154/1679/1640
f 2102/1627/1641 2154/1679/1641 2155/1680/1641
f 2154/1679/1642 2102/1627/1642 2104/1629/1642
f 2102/1627/1643 2155/1680/1643 2101/1626/1643
f 2156/1681/1644 2101/1626/1644 2155/1680/1644
f 2101/1626/1645 2156/1681/1645 2100/1625/1645
f 2157/1682/1646 2100/1625/1646 2156/1681/1646
f 2100/1625/1647 2157/1682/1647 2099/1624/1647
f 2158/1683/1648 2099/1624/1648 2157/1682/1648
f 2155/1680/1649 2159/1684/1649 2156/1681/1649
f 1932/1464/1650 2156/1681/1650 2159/1684/1650
f 2156/1681/1651 1932/1464/1651 2157/1682/1651
f 1933/1465/1652 2157/1682/1652 1932/1464/1652
f 2157/1682/1653 1933/1465/1653 2158/1683/1653
f 1932/1464/1654 2159/1684/1654 1930/1462/1654
f 2160/1685/1655 1930/1462/1655 2159/1684/1655
f 1930/1462/1656 2160/1685/1656 1923/1455/1656
f 1915/1447/1657 1923/1455/1657 2160/1685/1657
f 2159/1684/1658 2153/1678/1658 2160/1685/1658
f 2151/1676/1659 2160/1685/1659 2153/1678/1659
f 2160/1685/1660 2151/1676/1660 1915/1447/1660
f 1914/1446/1661 1915/1447/1661 2151/1676/1661
f 2161/449/1128 2162/518/1128 2163/447/1128
f 2164/519/1128 2163/447/1128 2162/518/1128
f 2165/1686/1662 2166/1687/1662 2167/1688/1662
f 2168/1689/1663 2167/1688/1663 2166/1687/1663
f 2167/1688/1664 2168/1689/1664 2169/1690/1664
f 2170/1691/1665 2169/1690/1665 2168/1689/1665
f 2169/1690/1666 2170/1691/1666 2171/1692/1666
f 2172/1693/1667 2171/1692/1667 2170/1691/1667
f 2171/1692/1668 2172/1693/1668 2173/1694/1668
f 2174/1695/1669 2173/1694/1669 2172/1693/1669
f 2173/1694/1670 2174/1695/1670 2175/1696/1670
f 2176/1697/1671 2175/1696/1671 2174/1695/1671
f 2175/1696/1672 2176/1697/1672 2177/1698/1672
f 2178/1699/1673 2177/1698/1673 2176/1697/1673
f 2177/1698/1674 2178/1699/1674 2179/1700/1674
f 2180/1701/1675 2179/1700/1675 2178/1699/1675
f 2166/1687/1676 2181/1702/1676 2168/1689/1676
f 2182/1703/1677 2168/1689/1677 2181/1702/1677
f 2168/1689/1678 2182/1703/1678 2170/1691/1678
f 2183/1704/1679 2170/1691/1679 2182/1703/1679
f 2170/1691/1680 2183/1704/1680 2172/1693/1680
f 2184/1705/1681 2172/1693/1681 2183/1704/1681
f 2172/1693/1682 2184/1705/1682 2174/1695/1682
f 2185/1706/1683 2174/1695/1683 2184/1705/1683
f 2174/1695/1684 2185/1706/1684 2176/1697/1684
f 2186/1707/1685 2176/1697/1685 2185/1706/1685
f 2176/1697/1686 2186/1707/1686 2178/1699/1686
f 2187/1708/1687 2178/1699/1687 2186/1707/1687
f 2178/1699/1688 2187/1708/1688 2188/1709/1688
f 2188/1709/1689 2189/1710/1689 2178/1699/1689
f 2180/1701/1690 2178/1699/1690 2189/1710/1690
f 2189/1710/1691 2190/1711/1691 2180/1701/1691
f 2191/1712/1692 2180/1701/1692 2190/1711/1692
f 2180/1701/1693 2191/1712/1693 2192/1713/1693
f 2193/1714/1694 2192/1713/1694 2191/1712/1694
f 2190/1711/1695 2194/1715/1695 2191/1712/1695
f 2195/1716/1696 2191/1712/1696 2194/1715/1696
f 2191/1712/1697 2195/1716/1697 2193/1714/1697
f 2196/1717/1698 2193/1714/1698 2195/1716/1698
f 2194/1715/1699 2197/1718/1699 2195/1716/1699
f 2198/1719/1700 2195/1716/1700 2197/1718/1700
f 2195/1716/1701 2198/1719/1701 2196/1717/1701
f 2199/1720/1702 2196/1717/1702 2198/1719/1702
f 2197/1718/1703 2200/1721/1703 2198/1719/1703
f 2201/1722/1704 2198/1719/1704 2200/1721/1704
f 2198/1719/1705 2201/1722/1705 2199/1720/1705
f 2202/1723/1706 2199/1720/1706 2201/1722/1706
f 2200/1721/1707 2203/1724/1707 2201/1722/1707
f 2204/1725/1708 2201/1722/1708 2203/1724/1708
f 2201/1722/1709 2204/1725/1709 2202/1723/1709
f 2110/1635/1710 2111/1636/1710 2115/1640/1710
f 2205/1726/1711 2115/1640/1711 2111/1636/1711
f 2115/1640/1712 2205/1726/1712 2117/1642/1712
f 2206/1727/213 2117/1642/213 2205/1726/213
f 2117/1642/1713 2206/1727/1713 2207/1728/1713
f 2208/1729/1714 2207/1728/1714 2206/1727/1714
f 2207/1728/1715 2208/1729/1715 2209/1730/1715
f 2210/1731/1716 2209/1730/1716 2208/1729/1716
f 2209/1730/1717 2210/1731/1717 2211/1732/1717
f 2212/1733/1718 2211/1732/1718 2210/1731/1718
f 2211/1732/1719 2212/1733/1719 2213/1734/1719
f 2214/1735/1720 2213/1734/1720 2212/1733/1720
f 2213/1734/1721 2214/1735/1722 2215/1736/1721
f 2216/1737/1723 2215/1736/1723 2214/1735/1723
f 2213/1734/1724 2217/1738/1724 2211/1732/1724
f 2218/1739/1725 2211/1732/1725 2217/1738/1725
f 2211/1732/1726 2218/1739/1726 2209/1730/1726
f 2219/1740/1727 2209/1730/1727 2218/1739/1727
f 2209/1730/1728 2219/1740/1728 2207/1728/1728
f 2119/1644/1729 2207/1728/1729 2219/1740/1729
f 2207/1728/1576 2119/1644/1576 2117/1642/1576
f 2217/1738/1730 2220/1741/1730 2218/1739/1730
f 2221/1742/1731 2218/1739/1731 2220/1741/1731
f 2218/1739/1732 2221/1742/1732 2219/1740/1732
f 2222/1743/1733 2219/1740/1733 2221/1742/1733
f 2219/1740/1734 2222/1743/1734 2119/1644/1734
f 2121/1646/1735 2119/1644/1735 2222/1743/1735
f 2121/1646/1736 2222/1743/1736 2223/1744/1736
f 2221/1742/1737 2223/1744/1737 2222/1743/1737
f 2223/1744/1738 2221/1742/1738 2224/1745/1738
f 2220/1741/1739 2224/1745/1739 2221/1742/1739
f 2224/1745/1740 2220/1741/1740 2225/1746/1740
f 2226/1747/1741 2225/1746/1741 2220/1741/1741
f 2225/1746/1742 2226/1747/1743 2061/1586/1742
f 2059/1584/1744 2061/1586/1744 2226/1747/1744
f 2061/1586/1742 2063/1588/1745 2225/1746/1742
f 2227/1748/1746 2225/1746/1746 2063/1588/1746
f 2225/1746/1747 2227/1748/1747 2224/1745/1747
f 2228/1749/1748 2224/1745/1748 2227/1748/1748
f 2224/1745/1749 2228/1749/1749 2223/1744/1749
f 2229/1750/1750 2223/1744/1750 2228/1749/1750
f 2223/1744/1751 2229/1750/1751 2121/1646/1751
f 2123/1648/1578 2121/1646/1578 2229/1750/1578
f 2063/1588/1752 2230/1751/1752 2227/1748/1752
f 2231/1752/1753 2227/1748/1753 2230/1751/1753
f 2227/1748/1754 2231/1752/1754 2228/1749/1754
f 2129/1654/1755 2228/1749/1755 2231/1752/1755
f 2228/1749/1756 2129/1654/1756 2229/1750/1756
f 2127/1652/1757 2229/1750/1757 2129/1654/1757
f 2229/1750/1757 2127/1652/1757 2123/1648/1757
f 2063/1588/1758 2064/1589/1758 2230/1751/1758
f 2072/1597/1759 2230/1751/1759 2064/1589/1759
f 2230/1751/1760 2072/1597/1760 2232/1753/1760
f 2233/1754/1761 2232/1753/1761 2072/1597/1761
f 2232/1753/1762 2233/1754/1762 2234/1755/1762
f 1900/1432/1763 2234/1755/1764 2233/1754/1765
f 2234/1755/1764 1900/1432/1763 1902/1434/1766
f 1902/1434/1766 2131/1656/1766 2234/1755/1764
f 2231/1752/1767 2234/1755/1767 2131/1656/1767
f 2234/1755/1762 2231/1752/1762 2232/1753/1762
f 2230/1751/1768 2232/1753/1768 2231/1752/1768
f 2235/452/1769 2236/554/1770 2237/450/1769
f 2238/554/1770 2237/450/1769 2236/554/1770
f 2236/554/1770 2239/553/1769 2238/554/1770
f 2240/1756/1769 2238/554/1770 2239/553/1769
f 2049/1574/1771 2053/1578/1771 2050/1575/1771
f 2241/1757/1772 2050/1575/1772 2053/1578/1772
f 2053/1578/1773 2055/1580/1773 2241/1757/1773
f 2242/1758/1774 2241/1757/1774 2055/1580/1774
f 2241/1757/1775 2242/1758/1775 2216/1737/1775
f 2215/1736/1776 2216/1737/1776 2242/1758/1776
f 2055/1580/1777 2057/1582/1777 2242/1758/1777
f 2243/1759/1778 2242/1758/1778 2057/1582/1778
f 2242/1758/1779 2243/1759/1779 2215/1736/1779
f 2217/1738/1780 2215/1736/1780 2243/1759/1780
f 2215/1736/1721 2217/1738/1781 2213/1734/1721
f 2057/1582/1782 2059/1584/1782 2243/1759/1782
f 2226/1747/1783 2243/1759/1783 2059/1584/1783
f 2243/1759/1784 2226/1747/1784 2217/1738/1784
f 2220/1741/1785 2217/1738/1785 2226/1747/1785
f 2072/1597/1786 2073/1598/1786 2233/1754/1786
f 1898/1430/1787 2233/1754/1787 2073/1598/1787
f 2233/1754/1788 1898/1430/1788 1900/1432/1788
f 2244/1760/604 2245/775/604 2246/1761/604
f 2247/773/604 2246/1761/604 2245/775/604
f 2248/1414/1789 2249/1762/1789 2250/1178/1789
f 2251/1179/1790 2250/1178/1790 2249/1762/1790
f 2252/1763/1791 2253/1764/1791 2254/1765/1791
f 2255/1766/1792 2254/1765/1792 2253/1764/1792
f 2254/1765/1793 2255/1766/1793 2256/1767/1793
f 2257/1768/1794 2256/1767/1794 2255/1766/1794
f 2256/1767/1795 2257/1768/1795 2258/1769/1795
f 2259/1770/1796 2258/1769/1796 2257/1768/1796
f 2258/1769/1797 2259/1770/1797 2260/1771/1797
f 2259/1770/1798 2257/1768/1798 2261/1772/1798
f 2255/1766/1799 2261/1772/1799 2257/1768/1799
f 2261/1772/1800 2255/1766/1800 2262/1773/1800
f 2263/537/401 2264/1774/401 2265/539/401
f 2266/1775/401 2265/539/401 2264/1774/401
f 515/456/1801 2267/1776/1801 517/457/1801
f 2268/1777/1802 517/457/1802 2267/1776/1802
f 2267/1776/1803 2269/1778/1803 2268/1777/1803
f 2270/1779/1804 2268/1777/1804 2269/1778/1804
f 2268/1777/1805 2270/1779/1805 2271/1780/1805
f 2272/1781/1806 2271/1780/1806 2270/1779/1806
f 2271/1780/1807 2272/1781/1808 2273/1782/1809
f 2274/795/1810 2273/1782/1809 2272/1781/1808
f 2273/1782/1811 2274/795/1812 2275/850/1813
f 560/493/369 2275/850/1813 2274/795/1812
f 2275/850/1814 560/493/1814 557/490/1814
f 2276/1185/445 2277/1186/445 2278/1783/445
f 2279/1784/445 2278/1783/445 2277/1186/445
f 2280/1224/213 2281/1785/213 2282/778/213
f 2283/1786/213 2282/778/213 2281/1785/213
f 285/250/165 284/249/165 2284/250/165
f 2285/250/165 2284/250/165 284/249/165
f 2284/250/167 2285/250/167 2286/251/167
f 2287/1787/445 2288/1786/445 2289/1788/445
f 2290/1789/445 2289/1788/445 2288/1786/445
f 2291/1217/1815 2292/1218/1815 2293/1790/1815
f 2294/774/1815 2293/1790/1815 2292/1218/1815
f 2295/1791/1816 2296/1792/1817 2297/1793/1816
f 2298/1794/1817 2297/1793/1816 2296/1792/1817
f 2296/1792/1817 2299/1795/1818 2298/1794/1817
f 2300/1796/1818 2298/1794/1817 2299/1795/1818
f 2299/1795/1818 2301/1797/1816 2300/1796/1818
f 2302/1798/1816 2300/1796/1818 2301/1797/1816
f 2301/1797/1816 2303/1799/1817 2302/1798/1816
f 2304/1800/1817 2302/1798/1816 2303/1799/1817
f 2303/1799/1817 2305/1801/1816 2304/1800/1817
f 2306/1802/1816 2304/1800/1817 2305/1801/1816
f 2305/1801/1816 2307/482/1818 2306/1802/1816
f 2308/484/1818 2306/1802/1816 2307/482/1818
f 2309/1803/445 2310/1804/445 2311/1805/445
f 2312/1803/445 2311/1805/445 2310/1804/445
f 2311/1805/445 2312/1803/445 2313/1805/445
f 2311/1805/445 2313/1805/445 2314/1806/445
f 2315/1806/445 2314/1806/445 2313/1805/445
f 2314/1806/445 2315/1806/445 2316/1807/445
f 2317/1808/445 2316/1807/445 2315/1806/445
f 2318/1809/158 2319/1810/158 2320/1811/158
f 2321/1812/158 2320/1811/158 2319/1810/158
f 2322/1813/158 2323/1814/158 2324/772/158
f 2325/773/158 2324/772/158 2323/1814/158
f 2326/1815/1819 2327/1816/1819 2328/1303/1820
f 2329/1302/1820 2328/1303/1820 2327/1816/1819
f 2330/664/1821 2331/663/1821 2332/1013/1821
f 2333/1012/1822 2332/1013/1822 2331/663/1822
f 2334/518/392 2335/520/392 2336/519/392
f 2337/521/392 2336/519/392 2335/520/392
f 2338/319/1823 2339/1817/1823 2340/318/1823
f 2341/1818/1824 2340/318/1824 2339/1817/1824
f 2340/318/1825 2341/1818/1825 2342/834/1825
f 2343/1819/1826 2342/834/1826 2341/1818/1826
f 2342/834/1827 2343/1819/1827 2344/1820/1827
f 2345/1821/1828 2344/1820/1828 2343/1819/1828
f 2344/1820/1829 2345/1821/1829 2346/1822/1829
f 2347/1823/1830 2346/1822/1830 2345/1821/1830
f 2346/1822/1831 2347/1823/1831 2348/1824/1831
f 2349/1825/1832 2348/1824/1832 2347/1823/1832
f 2348/1824/1833 2349/1825/1833 2350/1826/1833
f 2339/1817/1834 2351/1827/1834 2341/1818/1834
f 2352/1828/1835 2341/1818/1835 2351/1827/1835
f 2341/1818/1836 2352/1828/1836 2343/1819/1836
f 2353/1829/1837 2343/1819/1837 2352/1828/1837
f 2343/1819/1838 2353/1829/1838 2345/1821/1838
f 2354/1830/1839 2345/1821/1839 2353/1829/1839
f 2345/1821/1840 2354/1830/1840 2347/1823/1840
f 2355/1831/1841 2347/1823/1841 2354/1830/1841
f 2347/1823/1842 2355/1831/1842 2349/1825/1842
f 2351/1827/1843 2356/1832/1843 2352/1828/1843
f 2357/1833/1844 2352/1828/1844 2356/1832/1844
f 2352/1828/1845 2357/1833/1845 2353/1829/1845
f 2358/1834/1846 2353/1829/1846 2357/1833/1846
f 2353/1829/1847 2358/1834/1847 2354/1830/1847
f 2359/953/445 2360/952/445 2361/680/445
f 2362/682/445 2361/680/445 2360/952/445
f 2363/1242/1848 2364/1250/1848 2365/1835/1848
f 2366/1836/1849 2365/1835/1849 2364/1250/1849
f 2342/834/1850 2344/1820/1850 2367/950/1850
f 2368/985/1851 2367/950/1851 2344/1820/1851
f 2344/1820/1852 2346/1822/1852 2368/985/1852
f 2369/1837/1853 2368/985/1853 2346/1822/1853
f 2369/1837/1854 2346/1822/1854 2370/1838/1854
f 2348/1824/1855 2370/1838/1855 2346/1822/1855
f 2370/1838/1856 2348/1824/1856 2371/1839/1856
f 2350/1826/1833 2371/1839/1833 2348/1824/1833
f 2371/1839/1857 2350/1826/1857 2372/1840/1857
f 2373/1841/1858 2372/1840/1858 2350/1826/1858
f 2372/1840/1859 2373/1841/1859 2374/1842/1859
f 2369/1837/1860 2370/1838/1861 2375/1843/1861
f 2376/1844/1861 2375/1843/1861 2370/1838/1861
f 2375/1843/1862 2376/1844/1862 2377/1845/1862
f 2371/1839/1863 2377/1845/1863 2376/1844/1863
f 2377/1845/1864 2371/1839/1864 2372/1840/1864
f 2377/1845/1865 2372/1840/1865 2378/1846/1865
f 2374/1842/1866 2378/1846/1866 2372/1840/1866
f 2378/1846/1867 2374/1842/1867 2379/1847/1867
f 2380/1848/1868 2379/1847/1868 2374/1842/1868
f 2379/1847/1869 2380/1848/1869 2381/1849/1869
f 2377/1845/1870 2378/1846/1870 2382/1850/1870
f 2379/1847/1871 2382/1850/1871 2378/1846/1871
f 2382/1850/1872 2379/1847/1872 2383/1851/1872
f 2384/1852/1873 2383/1851/1873 2379/1847/1873
f 2383/1851/1874 2384/1852/1874 2385/1853/1874
f 2386/1854/1875 2385/1853/1875 2384/1852/1875
f 2385/1853/1876 2386/1854/1876 2387/1855/1876
f 2382/1850/1877 2383/1851/1877 2388/833/1877
f 2385/1853/1878 2388/833/1878 2383/1851/1878
f 2388/833/1879 2385/1853/1879 2389/316/1879
f 2387/1855/1880 2389/316/1880 2385/1853/1880
f 2389/316/1881 2387/1855/1881 2390/317/1881
f 2388/833/1882 2391/951/1882 2382/1850/1882
f 2392/984/1883 2382/1850/1883 2391/951/1883
f 2382/1850/1884 2392/984/1884 2377/1845/1884
f 2375/1843/1885 2377/1845/1885 2392/984/1885
f 2393/235/1886 2394/1242/1886 2395/1856/1886
f 2396/1835/1887 2395/1856/1887 2394/1242/1887
f 2397/282/1888 2398/1857/1888 2399/284/1888
f 2400/1858/1889 2399/284/1889 2398/1857/1889
f 2399/284/1890 2400/1858/1890 2401/285/1890
f 2402/1859/1891 2401/285/1891 2400/1858/1891
f 2401/285/1892 2402/1859/1892 2403/1860/1892
f 2404/841/1893 2403/1860/1894 2402/1859/1895
f 2403/1860/1896 2404/841/1897 2405/822/1898
f 2404/841/1893 2402/1859/1895 2406/840/1899
f 2400/1858/1900 2406/840/1900 2402/1859/1900
f 2406/840/1901 2400/1858/1901 2407/986/1901
f 2398/1857/1902 2407/986/1902 2400/1858/1902
f 2407/986/1903 2398/1857/1903 2408/1011/1903
f 1805/1351/1904 1816/1362/1904 1807/1353/1904
f 2409/1861/1905 1807/1353/1905 1816/1362/1905
f 1807/1353/1906 2409/1861/1906 1809/1355/1906
f 2410/1862/1907 1809/1355/1907 2409/1861/1907
f 1809/1355/1908 2410/1862/1908 1811/1357/1908
f 1816/1362/1909 1818/1364/1909 2409/1861/1909
f 2411/1863/1910 2409/1861/1910 1818/1364/1910
f 2409/1861/1911 2411/1863/1911 2410/1862/1911
f 2412/1864/1912 2413/1865/1912 2414/1866/1912
f 2415/807/1913 2414/1866/1913 2413/1865/1913
f 2416/1867/1914 2417/406/248 2418/358/248
f 2419/357/249 2418/358/248 2417/406/248
f 2420/1262/158 2421/1070/158 2422/1263/158
f 2423/1267/158 2422/1263/158 2421/1070/158
f 2423/1267/158 2421/1070/158 2424/1268/158
f 2425/1070/158 2424/1268/158 2421/1070/158
f 2424/1268/158 2425/1070/158 2426/1268/158
f 2427/1262/158 2426/1268/158 2425/1070/158
f 2426/1268/158 2427/1262/158 2428/1263/158
f 2429/546/407 2430/544/407 2431/545/407
f 2432/543/407 2431/545/407 2430/544/407
f 2433/1237/445 2434/1206/445 2435/1228/445
f 2436/1010/445 2435/1228/445 2434/1206/445
f 2435/1228/445 2436/1010/445 2437/1008/445
f 2438/1868/1915 2439/461/1915 2440/1210/1915
f 2441/463/1916 2440/1210/1916 2439/461/1916
f 2442/1869/1917 2443/1870/1917 2444/1871/1917
f 2445/1872/1917 2444/1871/1917 2443/1870/1917
f 2446/1873/445 2447/847/445 2448/1874/445
f 2449/1875/445 2448/1874/445 2447/847/445
f 2447/847/445 2450/835/445 2449/1875/445
f 2451/1876/445 2449/1875/445 2450/835/445
f 2452/1030/1918 2453/1031/1919 2454/1877/1920
f 2455/801/1921 2454/1877/1920 2453/1031/1919
f 2456/1260/1922 2457/235/1922 2458/1878/1922
f 2459/1856/1923 2458/1878/1923 2457/235/1923
f 2460/507/1924 2461/395/1924 2462/1879/1924
f 2463/1880/1925 2462/1879/1925 2461/395/1925
f 2464/1881/1926 2465/1882/1926 2466/1864/1926
f 2467/1865/1927 2466/1864/1927 2465/1882/1927
f 2468/1815/1928 2469/1883/1929 2470/1884/1929
f 2471/796/1930 2470/1884/1929 2469/1883/1929
f 2472/1885/1929 2470/1884/1929 2471/796/1930
f 2473/1218/1931 2474/1216/1931 2475/1886/1931
f 2476/1887/1931 2475/1886/1931 2474/1216/1931
f 2477/1888/1932 2478/1889/1932 2479/1890/1932
f 2480/1891/1933 2479/1890/1933 2478/1889/1933
f 2481/618/451 2482/546/451 2483/617/451
f 2484/545/451 2483/617/451 2482/546/451
f 2485/829/1934 2486/1260/1934 2487/827/1934
f 2488/1878/1935 2487/827/1935 2486/1260/1935
f 2489/1892/1936 2490/530/1936 2491/811/1936
f 2492/531/1937 2491/811/1937 2490/530/1937
f 706/597/1938 710/601/1938 2493/1893/1938
f 2494/1894/1938 2493/1893/1938 710/601/1938
f 710/601/1939 983/819/1939 2494/1894/1939
f 2495/1895/1940 2494/1894/1940 983/819/1940
f 2495/1895/1941 983/819/1941 2496/1896/1941
f 981/817/1942 2496/1896/1942 983/819/1942
f 2496/1896/1943 981/817/1943 979/815/1943
f 2497/1897/1944 2498/1898/1944 2499/1899/1944
f 2500/1900/1945 2499/1899/1945 2498/1898/1945
f 1126/932/765 1130/935/1946 1127/933/763
f 2501/1901/1947 1127/933/1947 1130/935/1947
f 2501/1901/1948 1130/935/1948 2502/1902/1948
f 2503/1903/1949 2502/1902/1949 1130/935/1949
f 2502/1902/1950 2503/1903/1950 2504/1904/1950
f 2505/1905/1951 2504/1904/1951 2503/1903/1951
f 2504/1904/1952 2505/1905/1952 2506/1906/1952
f 2507/1907/1953 2506/1906/1953 2505/1905/1953
f 2506/1906/1954 2507/1907/1954 2508/1908/1954
f 2509/1909/1955 2508/1908/1955 2507/1907/1955
f 2508/1908/1956 2509/1909/1956 2510/1910/1956
f 2511/1911/1957 2510/1910/1957 2509/1909/1957
f 2510/1910/1958 2511/1911/1958 2512/1912/1958
f 2503/1903/1959 1132/937/1959 2505/1905/1959
f 1134/939/1960 2505/1905/1960 1132/937/1960
f 2505/1905/1961 1134/939/1961 2507/1907/1961
f 1136/941/1962 2507/1907/1962 1134/939/1962
f 2507/1907/1963 1136/941/1963 2509/1909/1963
f 2513/1913/1964 2509/1909/1964 1136/941/1964
f 2509/1909/1965 2513/1913/1965 2511/1911/1965
f 2514/1914/165 2515/1915/165 2516/1916/165
f 2517/1917/165 2516/1916/165 2515/1915/165
f 2518/1882/1966 2519/1882/1966 2520/1918/1966
f 2521/1888/1967 2520/1918/1967 2519/1882/1967
f 2522/1919/1968 2523/1920/1968 2524/1921/1968
f 2525/1922/1969 2524/1921/1969 2523/1920/1969
f 2502/1902/1970 2504/1904/1970 2526/1923/1970
f 2527/1924/1971 2526/1923/1971 2504/1904/1971
f 2526/1923/1972 2527/1924/1972 2528/1925/1972
f 2529/1926/1973 2528/1925/1974 2527/1924/1975
f 2528/1925/1974 2529/1926/1973 1383/1109/1976
f 1381/1107/1977 1383/1109/1976 2529/1926/1973
f 2504/1904/1978 2506/1906/1978 2527/1924/1978
f 2530/1927/1979 2527/1924/1979 2506/1906/1979
f 2527/1924/1980 2530/1927/1980 2529/1926/1980
f 2531/1928/1981 2529/1926/1981 2530/1927/1981
f 2529/1926/1982 2531/1928/1982 1381/1107/1982
f 1379/1105/1983 1381/1107/1983 2531/1928/1983
f 2506/1906/1984 2508/1908/1984 2530/1927/1984
f 2532/1929/1985 2530/1927/1985 2508/1908/1985
f 2530/1927/1986 2532/1929/1986 2531/1928/1986
f 2533/1930/1987 2531/1928/1987 2532/1929/1987
f 2531/1928/1988 2533/1930/1988 1379/1105/1988
f 1377/1103/1989 1379/1105/1989 2533/1930/1989
f 2532/1929/1990 2534/1931/1990 2533/1930/1990
f 2535/1932/1991 2533/1930/1991 2534/1931/1991
f 2533/1930/1992 2535/1932/1992 1377/1103/1992
f 1375/1101/1993 1377/1103/1993 2535/1932/1993
f 2534/1931/1994 2536/1933/1994 2535/1932/1994
f 2537/1934/1995 2535/1932/1996 2536/1933/1997
f 2535/1932/1996 2537/1934/1995 1375/1101/1998
f 1373/1099/1998 1375/1101/1998 2537/1934/1995
f 2536/1933/1999 2534/1931/1999 2538/1935/1999
f 2539/1936/2000 2538/1935/2000 2534/1931/2000
f 2538/1935/2000 2539/1936/2000 2512/1912/2000
f 2510/1910/2001 2512/1912/2001 2539/1936/2001
f 2534/1931/2002 2532/1929/2002 2539/1936/2002
f 2510/1910/2003 2539/1936/2003 2532/1929/2003
f 2540/1882/2004 2541/1882/2004 2542/1865/2004
f 2543/1865/2005 2542/1865/2005 2541/1882/2005
f 2544/1937/2006 2545/1885/2006 2546/1938/2006
f 2547/796/2006 2546/1938/2006 2545/1885/2006
f 2548/1033/2007 2549/613/2008 2550/1035/2009
f 2551/615/2010 2550/1035/2009 2549/613/2008
f 2552/259/2011 2553/268/2011 2554/533/2011
f 2555/1939/2011 2554/533/2011 2553/268/2011
f 2556/1940/158 2557/1941/158 2558/1942/158
f 2559/1943/158 2558/1942/158 2557/1941/158
f 2558/1942/158 2559/1943/158 2560/1944/158
f 2561/1945/158 2560/1944/158 2559/1943/158
f 2559/1943/158 2562/1946/158 2561/1945/158
f 2563/1947/158 2561/1945/158 2562/1946/158
f 2563/1947/158 2562/1946/158 2564/1948/158
f 2565/1949/158 2564/1948/158 2562/1946/158
f 2564/1948/158 2565/1949/158 2566/1950/158
f 2564/1948/158 2566/1950/158 2567/1951/158
f 2568/1952/158 2567/1951/158 2566/1950/158
f 2567/1951/158 2568/1952/158 2569/1953/158
f 2570/680/158 2571/681/158 2572/682/158
f 2573/683/158 2572/682/158 2571/681/158
f 2574/1954/2012 2575/1955/2012 2576/1956/2012
f 2577/1957/2013 2576/1956/2013 2575/1955/2013
f 2578/1958/2014 2579/1959/2014 2580/1914/2014
f 2581/1960/2014 2580/1914/2014 2579/1959/2014
f 2582/1961/2015 2583/1962/2015 2584/1963/2015
f 2585/1964/2016 2584/1963/2016 2583/1962/2016
f 2584/1963/2017 2585/1964/2017 2586/1965/2017
f 2587/1966/2018 2586/1965/2018 2585/1964/2018
f 2586/1965/2019 2587/1966/2019 2588/1337/2019
f 2583/1962/2020 2589/1967/2020 2585/1964/2020
f 2590/1312/2021 2585/1964/2021 2589/1967/2021
f 2589/1967/445 2591/1968/445 2590/1312/445
f 2592/1313/445 2590/1312/445 2591/1968/445
f 2591/1968/2022 2593/1969/2022 2592/1313/2022
f 2594/1970/2023 2592/1313/2023 2593/1969/2023
f 2593/1969/2024 2595/1971/2024 2594/1970/2024
f 2596/1972/2025 2594/1970/2025 2595/1971/2025
f 2597/1953/445 2598/1952/445 2599/1951/445
f 2600/1950/445 2599/1951/445 2598/1952/445
f 2599/1951/445 2600/1950/445 2601/1948/445
f 2602/1949/445 2601/1948/445 2600/1950/445
f 2601/1948/445 2602/1949/445 2603/1946/445
f 2601/1948/445 2603/1946/445 2604/1947/445
f 2605/1945/445 2604/1947/445 2603/1946/445
f 2603/1946/445 2606/1943/445 2605/1945/445
f 2607/1944/445 2605/1945/445 2606/1943/445
f 2607/1944/445 2606/1943/445 2608/1942/445
f 2609/1941/445 2608/1942/445 2606/1943/445
f 2608/1942/445 2609/1941/445 2610/1940/445
f 2611/1973/445 2612/1974/445 2613/1975/445
f 2614/1976/445 2613/1975/445 2612/1974/445
f 2614/1976/2026 2612/1974/2026 2615/1977/2026
f 2616/1978/2026 2615/1977/2026 2612/1974/2026
f 2615/1977/158 2616/1978/158 2617/1979/158
f 2618/1980/158 2617/1979/158 2616/1978/158
f 2612/1974/2027 2619/1981/2027 2616/1978/2027
f 2620/1982/2027 2616/1978/2027 2619/1981/2027
f 2621/1983/2028 2622/1984/2028 2623/1915/2028
f 2624/1985/2028 2623/1915/2028 2622/1984/2028
f 2625/1986/2029 2626/1987/2029 2627/1988/2029
f 2628/1989/2030 2627/1988/2030 2626/1987/2030
f 2628/1989/2031 2626/1987/2031 2629/1990/2031
f 2630/1991/2032 2629/1990/2032 2626/1987/2032
f 2631/1272/2033 2632/1992/2033 2633/1993/2033
f 2634/1994/2034 2633/1993/2034 2632/1992/2034
f 2635/1995/2035 2636/1983/2035 2637/1996/2035
f 2638/1915/2035 2637/1996/2035 2636/1983/2035
f 2639/1991/2036 2640/1987/2036 2641/1990/2036
f 2642/1989/2037 2641/1990/2037 2640/1987/2037
f 2642/1989/2038 2640/1987/2038 2643/1988/2038
f 2644/1986/2039 2643/1988/2039 2640/1987/2039
f 2645/1997/2040 2646/1998/2040 2647/1999/2040
f 2648/2000/2041 2647/1999/2041 2646/1998/2041
f 2649/1289/2042 2650/1271/2042 2651/2001/2042
f 2652/2002/2043 2651/2001/2043 2650/1271/2043
f 2653/1882/2044 2654/1058/2044 2655/1882/2044
f 2656/1060/2045 2655/1882/2045 2654/1058/2045
f 2657/808/2046 2658/2003/2046 2659/809/2046
f 2660/2004/2047 2659/809/2047 2658/2003/2047
f 2661/1993/2048 2662/2002/2048 2663/1272/2048
f 2664/1271/2049 2663/1272/2049 2662/2002/2049
f 2665/2005/2050 2666/2006/2050 2667/2007/2050
f 2668/2007/2051 2667/2007/2051 2666/2006/2051
f 2667/2007/2052 2668/2007/2052 2669/2008/2052
f 2666/2006/2053 2669/2008/2053 2668/2007/2053
f 2667/2007/2053 2669/2008/2054 2670/2009/2055
f 2671/2010/2055 2670/2009/2055 2669/2008/2054
f 2669/2008/2054 2672/2011/2055 2671/2010/2055
f 2673/2012/2055 2671/2010/2055 2672/2011/2055
f 2671/2010/2055 2673/2012/2055 2674/2013/2055
f 2675/2014/2050 2674/2013/2055 2673/2012/2055
f 2676/2015/2056 2677/2016/2056 2678/2017/2056
f 2679/2018/2057 2678/2017/2057 2677/2016/2057
f 2680/2019/2058 2681/2020/2058 2682/2021/2058
f 2683/2022/2059 2682/2021/2059 2681/2020/2059
f 2682/2021/2060 2683/2022/2060 2684/2023/2060
f 2685/1999/2061 2684/2023/2061 2683/2022/2061
f 2681/2020/2062 2686/2024/2062 2683/2022/2062
f 2687/2025/2063 2683/2022/2063 2686/2024/2063
f 2683/2022/2064 2687/2025/2064 2688/1997/2064
f 2689/2026/2065 2688/1997/2065 2687/2025/2065
f 2688/1997/162 2689/2026/162 2690/1997/162
f 2691/2026/162 2690/1997/162 2689/2026/162
f 2686/2024/2066 2692/2027/2067 2687/2025/2068
f 2693/2028/2069 2687/2025/2069 2692/2027/2069
f 2687/2025/2070 2693/2028/2070 2689/2026/2070
f 2694/2029/2071 2689/2026/2071 2693/2028/2071
f 2689/2026/163 2694/2029/163 2691/2026/163
f 2695/2029/163 2691/2026/163 2694/2029/163
f 2693/2028/2072 2696/2030/2072 2694/2029/2072
f 2697/2031/2073 2694/2029/2073 2696/2030/2073
f 2694/2029/2074 2697/2031/164 2698/2031/164
f 2699/2032/165 2698/2031/165 2697/2031/165
f 2698/2031/165 2699/2032/165 2700/2031/165
f 2701/2032/165 2700/2031/165 2699/2032/165
f 2700/2031/2075 2695/2029/2075 2698/2031/164
f 2694/2029/2074 2698/2031/164 2695/2029/2075
f 2702/468/280 2703/467/280 2704/469/280
f 2705/479/280 2704/469/280 2703/467/280
f 2704/469/280 2705/479/280 2706/470/280
f 2707/480/280 2706/470/280 2705/479/280
f 2706/470/280 2707/480/280 2708/472/280
f 2709/478/280 2708/472/280 2707/480/280
f 2708/472/280 2709/478/280 2710/474/280
f 2711/476/280 2710/474/280 2709/478/280
f 2683/2022/2076 2688/1997/2076 2685/1999/2076
f 2712/1999/161 2685/1999/161 2688/1997/161
f 2685/1999/159 2712/1999/159 2713/2033/159
f 2714/2033/159 2713/2033/159 2712/1999/159
f 2713/2033/160 2714/2033/160 2715/2034/160
f 2714/2033/159 2712/1999/159 2716/1999/159
f 2688/1997/161 2716/1999/161 2712/1999/161
f 2716/1999/161 2688/1997/161 2690/1997/161
f 1374/1100/913 1373/1099/915 2717/2035/2077
f 2537/1934/2078 2717/2035/2078 1373/1099/2078
f 2685/1999/159 2713/2033/159 2718/1999/159
f 2719/2033/159 2718/1999/159 2713/2033/159
f 2718/1999/159 2719/2033/159 2720/1999/159
f 2719/2033/160 2713/2033/160 2721/2034/160
f 2722/2034/160 2721/2034/160 2713/2033/160
f 2721/2034/1158 2722/2034/1158 2723/2036/1158
f 2724/2036/1158 2723/2036/1158 2722/2034/1158
f 2723/2036/1157 2724/2036/1157 2725/2037/1157
f 2726/2037/1157 2725/2037/1157 2724/2036/1157
f 2725/2037/167 2726/2037/167 2699/2032/167
f 2701/2032/167 2699/2032/167 2726/2037/167
f 2701/2032/167 2726/2037/167 2727/2037/167
f 2724/2036/1157 2727/2037/1157 2726/2037/1157
f 2727/2037/1157 2724/2036/1157 2728/2036/1157
f 2722/2034/1158 2728/2036/1158 2724/2036/1158
f 2728/2036/1158 2722/2034/1158 2715/2034/1158
f 2713/2033/160 2715/2034/160 2722/2034/160
f 2729/2038/213 2730/2039/213 2731/2040/213
f 2732/2041/213 2731/2040/213 2730/2039/213
f 2731/2040/2079 2732/2041/2079 2733/2042/2079
f 2734/2043/2079 2733/2042/2079 2732/2041/2079
f 2733/2042/2080 2734/2043/2080 2735/2044/2080
f 2736/2045/2080 2735/2044/2080 2734/2043/2080
f 2735/2044/280 2736/2045/280 2737/2046/280
f 2738/2047/280 2737/2046/280 2736/2045/280
f 2737/2046/2081 2738/2047/2081 2739/2048/2081
f 2740/2049/2081 2739/2048/2081 2738/2047/2081
f 2739/2048/2082 2740/2049/2082 2741/2050/2082
f 2742/2051/2082 2741/2050/2082 2740/2049/2082
f 2743/2052/2083 2744/2053/2083 2745/2054/2083
f 2746/2055/2084 2745/2054/2084 2744/2053/2084
f 2747/2009/2085 2748/2056/2086 2749/2007/2085
f 2750/2057/2086 2749/2007/2085 2748/2056/2086
f 2749/2007/2087 2750/2057/2087 2751/2005/2087
f 2752/1921/2087 2751/2005/2087 2750/2057/2087
f 2751/2005/2088 2752/1921/2088 2753/2006/2088
f 2754/1922/2088 2753/2006/2088 2752/1921/2088
f 2753/2006/2089 2754/1922/2090 2755/2008/2089
f 2756/2058/2090 2755/2008/2089 2754/1922/2090
f 2757/505/2091 2758/1179/2091 2759/503/2091
f 2760/1762/2092 2759/503/2092 2758/1179/2092
f 2761/2001/2093 2762/1836/2093 2763/1289/2093
f 2764/1250/2094 2763/1289/2094 2762/1836/2094
f 2765/2059/2095 2766/2060/2095 2767/698/2095
f 2768/700/2096 2767/698/2096 2766/2060/2096
f 2769/2061/2085 2770/2062/2085 2771/2063/2085
f 2772/463/2085 2771/2063/2085 2770/2062/2085
f 2771/2063/2097 2772/463/2098 2773/2064/2097
f 2774/461/2098 2773/2064/2097 2772/463/2098
f 2773/2064/2099 2774/461/2100 2775/2065/2099
f 2776/459/2100 2775/2065/2099 2774/461/2100
f 2775/2065/2089 2776/459/2089 2777/2066/2089
f 2778/2067/2089 2777/2066/2089 2776/459/2089
f 2779/1022/2101 2780/1023/2101 2781/2052/2101
f 2782/2053/2102 2781/2052/2102 2780/1023/2102
f 2783/2068/159 2784/2069/159 2785/2070/159
f 2786/2071/159 2785/2070/159 2784/2069/159
f 2786/2071/159 2784/2069/159 2787/2072/159
f 2788/2073/159 2787/2072/159 2784/2069/159
f 2789/1058/165 2790/2074/165 2791/1059/165
f 2792/2075/165 2791/1059/165 2790/2074/165
f 2791/1059/2103 2792/2075/2103 2793/2076/2103
f 2794/2077/2104 2793/2076/2104 2792/2075/2104
f 2793/2076/2105 2794/2077/2105 2795/2078/2105
f 2796/2079/2106 2795/2078/2106 2794/2077/2106
f 2795/2078/2107 2796/2079/2107 2797/2080/2107
f 2798/2081/2108 2797/2080/2108 2796/2079/2108
f 2797/2080/2109 2798/2081/2109 2799/2004/2109
f 2800/2082/2110 2799/2004/2110 2798/2081/2110
f 2799/2004/159 2800/2082/159 2801/809/159
f 2802/2083/159 2801/809/159 2800/2082/159
f 2803/2084/2111 2804/2085/2111 2805/2086/2111
f 2806/2087/2111 2805/2086/2111 2804/2085/2111
f 2807/2088/2112 2808/2089/2113 2809/2090/2114
f 2810/2091/2115 2809/2090/2114 2808/2089/2113
f 2809/2090/445 2810/2091/445 2811/2092/445
f 2812/2093/445 2811/2092/445 2810/2091/445
f 2811/2092/2116 2812/2093/2116 2813/2094/2116
f 2814/2095/2117 2813/2094/2117 2812/2093/2117
f 2813/2094/2118 2814/2095/2118 2815/2096/2118
f 2816/2097/2119 2815/2096/2119 2814/2095/2119
f 2815/2096/2120 2816/2097/2120 2817/2098/2120
f 2818/2099/2121 2817/2098/2121 2816/2097/2121
f 2817/2098/2122 2818/2099/2122 2819/2100/2122
f 2820/2101/2123 2819/2100/2123 2818/2099/2123
f 2819/2100/2124 2820/2101/2124 2821/2102/2124
f 2822/2103/2125 2821/2102/2125 2820/2101/2125
f 2808/2089/2126 2823/2104/2126 2810/2091/2126
f 2824/2105/2126 2810/2091/2126 2823/2104/2126
f 2810/2091/2127 2824/2105/2127 2812/2093/2127
f 2825/2106/2128 2812/2093/2128 2824/2105/2128
f 2812/2093/2129 2825/2106/2129 2814/2095/2129
f 2826/2107/2130 2814/2095/2130 2825/2106/2130
f 2814/2095/2131 2826/2107/2131 2816/2097/2131
f 2827/2108/2132 2816/2097/2132 2826/2107/2132
f 2816/2097/2133 2827/2108/2133 2818/2099/2133
f 2828/2109/2134 2818/2099/2134 2827/2108/2134
f 2818/2099/2135 2828/2109/2135 2820/2101/2135
f 2829/2110/2136 2820/2101/2136 2828/2109/2136
f 2820/2101/2137 2829/2110/2137 2822/2103/2137
f 2830/2111/2138 2822/2103/2138 2829/2110/2138
f 2823/2104/2139 2831/2112/2139 2824/2105/2139
f 2832/2113/2139 2824/2105/2139 2831/2112/2139
f 2824/2105/2140 2832/2113/2140 2825/2106/2140
f 2833/2114/2141 2825/2106/2141 2832/2113/2141
f 2825/2106/2142 2833/2114/2142 2826/2107/2142
f 2834/2115/2143 2826/2107/2143 2833/2114/2143
f 2826/2107/2144 2834/2115/2144 2827/2108/2144
f 2835/2116/2145 2827/2108/2145 2834/2115/2145
f 2827/2108/2146 2835/2116/2146 2828/2109/2146
f 2836/2117/2146 2828/2109/2146 2835/2116/2146
f 2828/2109/2147 2836/2117/2147 2829/2110/2147
f 2837/2118/2148 2829/2110/2148 2836/2117/2148
f 2829/2110/2149 2837/2118/2149 2830/2111/2149
f 2838/2119/2150 2830/2111/2150 2837/2118/2150
f 2831/2112/2151 2839/2120/2151 2832/2113/2151
f 2840/2121/2151 2832/2113/2151 2839/2120/2151
f 2832/2113/2152 2840/2121/2152 2833/2114/2152
f 2841/2122/2153 2833/2114/2153 2840/2121/2153
f 2833/2114/2154 2841/2122/2154 2834/2115/2154
f 2842/2123/2155 2834/2115/2155 2841/2122/2155
f 2834/2115/2156 2842/2123/2156 2835/2116/2156
f 2843/2124/2157 2835/2116/2157 2842/2123/2157
f 2835/2116/2158 2843/2124/2158 2836/2117/2158
f 2844/2125/2158 2836/2117/2158 2843/2124/2158
f 2836/2117/2159 2844/2125/2159 2837/2118/2159
f 2845/2126/2160 2837/2118/2160 2844/2125/2160
f 2837/2118/2161 2845/2126/2161 2838/2119/2161
f 2846/2127/2161 2838/2119/2161 2845/2126/2161
f 2839/2120/2162 2847/2128/2162 2840/2121/2162
f 2848/2129/2163 2840/2121/2163 2847/2128/2163
f 2840/2121/2164 2848/2129/2164 2841/2122/2164
f 2849/2130/2165 2841/2122/2165 2848/2129/2165
f 2841/2122/2166 2849/2130/2166 2842/2123/2166
f 2850/2131/2167 2842/2123/2167 2849/2130/2167
f 2842/2123/2168 2850/2131/2168 2843/2124/2168
f 2851/2132/2169 2843/2124/2169 2850/2131/2169
f 2843/2124/2170 2851/2132/2170 2844/2125/2170
f 2852/2133/2171 2844/2125/2171 2851/2132/2171
f 2844/2125/2172 2852/2133/2172 2845/2126/2172
f 2853/2134/2173 2845/2126/2173 2852/2133/2173
f 2845/2126/2174 2853/2134/2174 2846/2127/2174
f 2854/2135/2174 2846/2127/2174 2853/2134/2174
f 2847/2128/2175 2855/2136/2175 2848/2129/2175
f 2856/2137/2176 2848/2129/2176 2855/2136/2176
f 2848/2129/2177 2856/2137/2177 2849/2130/2177
f 2857/2138/2178 2849/2130/2178 2856/2137/2178
f 2849/2130/2179 2857/2138/2179 2850/2131/2179
f 2858/2139/2180 2850/2131/2180 2857/2138/2180
f 2850/2131/2181 2858/2139/2181 2851/2132/2181
f 2859/2140/2182 2851/2132/2182 2858/2139/2182
f 2851/2132/2183 2859/2140/2183 2852/2133/2183
f 2860/2141/2184 2852/2133/2184 2859/2140/2184
f 2852/2133/2185 2860/2141/2185 2853/2134/2185
f 2861/2142/2186 2853/2134/2186 2860/2141/2186
f 2853/2134/2186 2861/2142/2186 2854/2135/2186
f 2855/2136/2187 2862/2143/2187 2856/2137/2187
f 2863/2144/2188 2856/2137/2188 2862/2143/2188
f 2856/2137/2189 2863/2144/2189 2857/2138/2189
f 2864/2145/2190 2857/2138/2190 2863/2144/2190
f 2857/2138/2191 2864/2145/2191 2858/2139/2191
f 2865/2146/2192 2858/2139/2192 2864/2145/2192
f 2858/2139/2192 2865/2146/2192 2859/2140/2192
f 2866/2147/2193 2859/2140/2193 2865/2146/2193
f 2859/2140/2194 2866/2147/2194 2860/2141/2194
f 2867/2148/2195 2860/2141/2195 2866/2147/2195
f 2860/2141/2195 2867/2148/2195 2861/2142/2195
f 2862/2143/2196 2868/2149/2196 2863/2144/2196
f 2869/2150/2197 2863/2144/2197 2868/2149/2197
f 2863/2144/2198 2869/2150/2198 2864/2145/2198
f 2870/2151/2199 2864/2145/2199 2869/2150/2199
f 2864/2145/2199 2870/2151/2199 2865/2146/2199
f 2871/2152/2200 2865/2146/2200 2870/2151/2200
f 2865/2146/2201 2871/2152/2201 2866/2147/2201
f 2872/2153/2202 2866/2147/2202 2871/2152/2202
f 2866/2147/2203 2872/2153/2203 2867/2148/2203
f 2868/2149/2204 2873/2154/2204 2869/2150/2204
f 2874/2155/2205 2869/2150/2205 2873/2154/2205
f 2869/2150/2206 2874/2155/2206 2870/2151/2206
f 2875/2156/2207 2870/2151/2207 2874/2155/2207
f 2870/2151/2208 2875/2156/2208 2871/2152/2208
f 2876/2157/2209 2871/2152/2209 2875/2156/2209
f 2871/2152/2210 2876/2157/2210 2872/2153/2210
f 2873/2154/2211 2877/2158/2211 2874/2155/2211
f 2878/2159/2212 2874/2155/2212 2877/2158/2212
f 2874/2155/2213 2878/2159/2213 2875/2156/2213
f 2879/2160/2214 2875/2156/2214 2878/2159/2214
f 2875/2156/2215 2879/2160/2215 2876/2157/2215
f 2877/2158/2216 2873/2154/2216 2880/2161/2216
f 2881/2162/2217 2880/2161/2217 2873/2154/2217
f 2880/2161/2218 2881/2162/2218 2882/2163/2218
f 2883/2164/2219 2882/2163/2219 2881/2162/2219
f 2882/2163/2220 2883/2164/2220 2884/2165/2220
f 2885/2166/158 2884/2165/158 2883/2164/158
f 2884/2165/158 2885/2166/158 2886/2167/158
f 2887/2168/2221 2886/2167/2222 2885/2166/2222
f 2886/2167/2222 2887/2168/2221 2888/2169/2223
f 2873/2154/2224 2868/2149/2224 2881/2162/2224
f 2889/2170/2225 2881/2162/2225 2868/2149/2225
f 2881/2162/2226 2889/2170/2226 2883/2164/2226
f 2890/2171/2227 2883/2164/2227 2889/2170/2227
f 2883/2164/2228 2890/2171/2228 2885/2166/2228
f 2891/2172/2229 2885/2166/2229 2890/2171/2229
f 2885/2166/2229 2891/2172/2229 2887/2168/2229
f 2868/2149/2230 2862/2143/2230 2889/2170/2230
f 2892/2173/2231 2889/2170/2231 2862/2143/2231
f 2889/2170/2232 2892/2173/2232 2890/2171/2232
f 2893/2174/2233 2890/2171/2233 2892/2173/2233
f 2890/2171/2233 2893/2174/2233 2891/2172/2233
f 2862/2143/2234 2855/2136/2234 2892/2173/2234
f 2894/2175/2235 2892/2173/2235 2855/2136/2235
f 2892/2173/2235 2894/2175/2235 2893/2174/2235
f 2895/685/2236 2896/684/2236 2897/2176/2236
f 2898/2177/2237 2897/2176/2237 2896/684/2237
f 2899/1202/2238 2900/1203/2238 2901/311/2238
f 2902/312/2239 2901/311/2239 2900/1203/2239
f 2903/2178/2240 2904/2179/2240 2905/2180/2240
f 2906/2181/445 2905/2180/445 2904/2179/445
f 2907/2181/280 2908/2182/280 2909/2180/280
f 2910/2183/280 2909/2180/280 2908/2182/280
f 2911/686/2241 2912/687/2241 2913/2184/2241
f 2914/2185/2242 2913/2184/2242 2912/687/2242
f 2915/2184/2243 2916/2185/2243 2917/2186/2243
f 2918/2187/2244 2917/2186/2244 2916/2185/2244
f 2919/2186/2245 2920/2187/2245 2921/2188/2245
f 2922/2189/2246 2921/2188/2246 2920/2187/2246
f 2923/2190/2247 2924/2191/2247 2925/2192/2247
f 2926/2193/2247 2925/2192/2247 2924/2191/2247
f 2925/2192/2248 2926/2193/2248 2927/2194/2248
f 2928/2195/2248 2927/2194/2248 2926/2193/2248
f 2927/2194/2249 2928/2195/2249 2929/2196/2249
f 2930/2197/2249 2929/2196/2249 2928/2195/2249
f 2929/2196/2250 2930/2197/2250 2931/2198/2250
f 2932/2199/2250 2931/2198/2250 2930/2197/2250
f 2931/2198/2251 2932/2199/2251 2933/2200/2251
f 2934/2201/2251 2933/2200/2251 2932/2199/2251
f 2935/2202/158 2936/2203/158 2937/1328/158
f 2938/1326/158 2937/1328/158 2936/2203/158
f 2939/2188/2252 2940/2189/2252 2941/2204/2252
f 2942/2205/2253 2941/2204/2253 2940/2189/2253
f 2943/2176/2254 2944/2177/2254 2945/2206/2254
f 2946/2207/2255 2945/2206/2255 2944/2177/2255
f 2947/2208/2256 2948/2209/2256 2949/2210/2256
f 2950/2211/2257 2949/2210/2257 2948/2209/2257
f 2949/2210/2257 2950/2211/2257 2951/2212/2257
f 2952/2213/2258 2951/2212/2258 2950/2211/2258
f 2951/2212/2259 2952/2213/2259 2953/2214/2259
f 2954/2215/2260 2953/2214/2261 2952/2213/2260
f 2953/2214/2262 2954/2215/2262 2955/2216/2262
f 2956/2217/2263 2955/2216/2264 2954/2215/2265
f 2955/2216/2266 2956/2217/2266 2957/2218/2266
f 2958/2219/2267 2957/2218/2268 2956/2217/2269
f 2957/2218/2270 2958/2219/2270 2959/2220/2270
f 2950/2211/2271 2960/2221/2271 2952/2213/2271
f 2961/2222/2272 2952/2213/2272 2960/2221/2272
f 2952/2213/2260 2961/2222/2273 2954/2215/2260
f 2962/2223/2274 2954/2215/2274 2961/2222/2274
f 2954/2215/2265 2962/2223/2275 2956/2217/2263
f 2963/2224/2276 2956/2217/2276 2962/2223/2276
f 2956/2217/2269 2963/2224/2277 2958/2219/2267
f 2964/2225/2277 2958/2219/2267 2963/2224/2277
f 2963/2224/2278 2965/2226/2278 2964/2225/2278
f 2966/2227/2279 2964/2225/2279 2965/2226/2279
f 2964/2225/2279 2966/2227/2279 2967/2228/2279
f 2968/2229/2280 2967/2228/2280 2966/2227/2280
f 2967/2228/2281 2968/2229/2281 2969/2230/2282
f 2970/2231/2281 2969/2230/2282 2968/2229/2281
f 2969/2230/2282 2970/2231/2281 2971/2232/2283
f 2972/2233/2284 2971/2232/2285 2970/2231/2286
f 2971/2232/2287 2972/2233/2287 2973/2234/2287
f 2974/2235/2288 2973/2234/2288 2972/2233/2288
f 2973/2234/2289 2974/2235/2289 2975/2236/2289
f 2976/2237/2290 2975/2236/2290 2974/2235/2290
f 2975/2236/2291 2976/2237/2291 2977/2238/2291
f 2978/2239/2292 2977/2238/2292 2976/2237/2292
f 2968/2229/2293 2979/2240/2293 2970/2231/2293
f 2980/2241/2294 2970/2231/2294 2979/2240/2294
f 2970/2231/2286 2980/2241/2295 2972/2233/2284
f 2981/2242/2296 2972/2233/2296 2980/2241/2296
f 2972/2233/2297 2981/2242/2297 2974/2235/2297
f 2982/2243/2298 2974/2235/2298 2981/2242/2298
f 2974/2235/2299 2982/2243/2299 2976/2237/2299
f 2983/2244/2300 2976/2237/2300 2982/2243/2300
f 2976/2237/2301 2983/2244/2301 2984/2245/2301
f 2985/2246/2302 2986/2247/2303 2987/2248/2304
f 2988/2249/2305 2987/2248/2304 2986/2247/2303
f 2989/2250/445 2990/2251/445 2991/1783/445
f 2992/1185/445 2991/1783/445 2990/2251/445
f 2993/828/2306 2994/1994/2306 2995/830/2306
f 2996/1992/2307 2995/830/2307 2994/1994/2307
f 2997/2252/2308 2998/2253/2308 2999/2254/2309
f 3000/2255/2309 2999/2254/2309 2998/2253/2308
f 3001/2256/2310 3002/2257/2310 3003/2258/2310
f 3004/2259/2311 3003/2258/2311 3002/2257/2311
f 3005/2260/158 3006/2261/158 3007/2262/158
f 3008/2263/158 3007/2262/158 3006/2261/158
f 3009/262/2312 3010/260/2313 3011/2264/2312
f 3012/532/2314 3011/2264/2312 3010/260/2313
f 3013/2265/2315 3014/2266/2315 3015/2267/2315
f 3016/2268/2315 3015/2267/2315 3014/2266/2315
f 3017/2269/2316 3018/700/2316 3019/2270/2316
f 3020/2060/2317 3019/2270/2316 3018/700/2316
f 3021/2081/2318 3022/2079/2319 3023/2271/2319
f 3024/2272/2320 3023/2271/2319 3022/2079/2319
f 3025/425/2321 3026/424/2322 3027/2273/2323
f 3028/2272/2324 3027/2273/2323 3026/424/2322
f 3029/2274/2325 3030/2275/2325 3031/2276/2325
f 3032/2277/2326 3031/2276/2326 3030/2275/2326
f 3031/2276/2327 3032/2277/2327 3033/2278/2327
f 3034/2279/2328 3033/2278/2328 3032/2277/2328
f 3033/2278/2329 3034/2279/2329 3035/2280/2329
f 3036/2281/2330 3035/2280/2330 3034/2279/2330
f 3035/2280/2331 3036/2281/2331 3037/2282/2331
f 3038/2283/2332 3037/2282/2332 3036/2281/2332
f 3034/2279/2333 3032/2277/2333 3039/2284/2333
f 3030/2275/2334 3039/2284/2334 3032/2277/2334
f 3039/2284/2335 3030/2275/2335 3040/2285/2335
f 3041/2286/2336 3040/2285/2336 3030/2275/2336
f 3040/2285/2337 3041/2286/2337 3042/2287/2337
f 3039/2284/2338 3043/2288/2338 3034/2279/2338
f 3044/2289/2339 3034/2279/2339 3043/2288/2339
f 3034/2279/2340 3044/2289/2340 3036/2281/2340
f 3045/2290/2341 3036/2281/2341 3044/2289/2341
f 3036/2281/2342 3045/2290/2342 3038/2283/2342
f 3046/2291/2343 3047/2292/2343 3048/2293/2343
f 3049/2270/2344 3048/2293/2344 3047/2292/2344
f 3050/2294/2345 3051/2295/2345 3052/2296/2345
f 3053/2297/2345 3052/2296/2345 3051/2295/2345
f 3054/2298/2346 3055/807/2346 3056/2298/2346
f 3057/807/2347 3056/2298/2347 3055/807/2347
f 3058/1250/2348 3059/1250/2348 3060/1242/2348
f 3061/1242/2349 3060/1242/2349 3059/1250/2349
f 3062/2299/2350 3063/2300/2350 3064/2301/2350
f 3065/2302/2351 3064/2301/2351 3063/2300/2351
f 3064/2301/2352 3065/2302/2352 3066/2303/2352
f 3067/2304/2353 3066/2303/2353 3065/2302/2353
f 3066/2303/2354 3067/2304/2354 3068/2305/2354
f 3069/2306/2355 3068/2305/2355 3067/2304/2355
f 3068/2305/2356 3069/2306/2356 3070/2307/2356
f 3071/2308/2357 3070/2307/2357 3069/2306/2357
f 3072/2309/2358 3073/2310/2358 3074/2311/2358
f 3075/2312/2359 3074/2311/2359 3073/2310/2359
f 3076/2313/2360 3077/708/2360 3078/2314/2360
f 3079/710/2361 3078/2314/2361 3077/708/2361
f 3080/1898/2362 3081/2315/2362 3082/2313/2362
f 3083/2316/2363 3082/2313/2363 3081/2315/2363
f 3082/2313/2364 3083/2316/2364 3084/708/2364
f 3085/2317/2365 3084/708/2365 3083/2316/2365
f 3084/708/2366 3085/2317/2366 3086/709/2366
f 3087/2318/2367 3086/709/2367 3085/2317/2367
f 3086/709/2368 3087/2318/2368 3088/2319/2368
f 3089/2320/2369 3088/2319/2369 3087/2318/2369
f 3088/2319/2370 3089/2320/2370 3090/2321/2370
f 3091/2322/2371 3090/2321/2371 3089/2320/2371
f 3090/2321/2372 3091/2322/2372 3092/2312/2372
f 3093/2323/2373 3092/2312/2373 3091/2322/2373
f 3094/2314/2374 3095/1900/2374 3096/2313/2374
f 3097/1898/2375 3096/2313/2375 3095/1900/2375
f 3098/2311/2376 3099/2324/2376 3100/2309/2376
f 3101/2325/2377 3100/2309/2377 3099/2324/2377
f 3102/2029/164 3103/2031/164 3104/2031/164
f 3105/2032/165 3104/2031/165 3103/2031/165
f 3104/2031/165 3105/2032/165 2697/2031/165
f 2699/2032/165 2697/2031/165 3105/2032/165
f 3106/768/2378 3107/822/2378 3108/766/2378
f 3109/841/2379 3108/766/2379 3107/822/2379
f 3110/1899/2380 3111/2325/2380 3112/1897/2380
f 3113/2324/2381 3112/1897/2381 3111/2325/2381
f 3114/2326/2382 3115/711/2382 3116/2319/2382
f 3117/709/2383 3116/2319/2383 3115/711/2383
f 3118/2327/2384 3119/2326/2384 3120/2321/2384
f 3121/2319/2385 3120/2321/2385 3119/2326/2385
f 3122/2310/2386 3123/2327/2386 3124/2312/2386
f 3125/2321/2387 3124/2312/2387 3123/2327/2387
f 3126/2328/2388 3127/1777/2388 3128/1780/2388
f 3129/1780/2389 3128/1780/2389 3127/1777/2389
f 3130/271/2390 3131/269/2390 3132/2300/2390
f 3133/2302/2391 3132/2300/2391 3131/269/2391
f 761/646/2392 1869/1411/2392 760/645/2392
f 892/754/2393 760/645/2393 1869/1411/2393
f 760/645/2394 892/754/2394 893/755/2394
f 760/645/493 893/755/2395 758/643/491
f 895/757/2396 758/643/2396 893/755/2396
f 758/643/2397 895/757/2397 3134/2329/2397
f 758/643/2398 3134/2329/2398 756/641/2398
f 746/631/2399 756/641/2399 3134/2329/2399
f 756/641/2400 746/631/2400 754/639/2400
f 744/629/2401 754/639/2401 746/631/2401
f 754/639/2402 744/629/2402 742/627/2402
f 3135/2330/2403 3136/2331/2403 3137/1291/2403
f 3138/1290/2404 3137/1291/2404 3136/2331/2404
f 3139/2304/2405 3140/2302/2405 3141/267/2405
f 3142/269/2406 3141/267/2406 3140/2302/2406
f 3143/2332/2407 3144/2308/2407 3145/2333/2407
f 3146/2334/2408 3145/2333/2408 3144/2308/2408
f 1869/1411/2409 1871/305/2409 892/754/2409
f 891/306/2410 892/754/2410 1871/305/2410
f 3147/1015/2411 3148/2335/2411 3149/1017/2411
f 3150/2336/2412 3149/1017/2412 3148/2335/2412
f 3151/266/2413 3152/2334/2413 3153/2306/2413
f 3154/2308/2414 3153/2306/2414 3152/2334/2414
f 3155/1890/2415 3156/1891/2415 3157/2337/2415
f 3158/2338/2416 3157/2337/2416 3156/1891/2416
f 3159/267/2417 3160/266/2417 3161/2304/2417
f 3162/2306/2418 3161/2304/2418 3160/266/2418
f 2696/2030/2419 2693/2028/2419 3163/2339/2419
f 3164/2340/2420 3163/2339/2420 2693/2028/2420
f 2693/2028/2421 2692/2027/2422 3164/2340/2423
f 3165/2341/2424 3164/2340/2423 2692/2027/2422
f 3165/2341/2425 2692/2027/2425 3166/2342/2425
f 2686/2024/2066 3166/2342/2426 2692/2027/2067
f 3166/2342/2427 2686/2024/2427 3167/2343/2427
f 3167/2343/2427 3168/1025/2427 3166/2342/2427
f 3169/997/2428 3166/2342/2428 3168/1025/2428
f 3166/2342/2425 3169/997/2425 3165/2341/2425
f 3170/998/2429 3165/2341/2429 3169/997/2429
f 3168/1025/2430 3167/2343/2430 3171/1024/2430
f 3172/2344/2431 3171/1024/2431 3167/2343/2431
f 3171/1024/2432 3172/2344/2432 3173/350/2432
f 3174/2345/2433 3173/350/2433 3172/2344/2433
f 3175/2346/2434 3176/2347/2435 3177/2348/2436
f 3178/2349/2437 3177/2348/2436 3176/2347/2435
f 3179/2350/2438 3180/2350/2438 3181/2351/2438
f 3182/2351/2439 3181/2351/2439 3180/2350/2439
f 3183/1021/2440 3184/1020/2440 3185/2352/2440
f 3186/2353/2441 3185/2352/2441 3184/1020/2441
f 3187/2354/2442 3188/2355/2442 3189/2356/2442
f 3190/2357/2443 3189/2356/2443 3188/2355/2443
f 3191/1918/2444 3192/1888/2444 3193/2358/2445
f 3194/1890/2446 3193/2358/2445 3192/1888/2444
f 3195/2359/2447 3196/2360/2447 3197/2361/2447
f 3198/459/2448 3197/2361/2448 3196/2360/2448
f 3199/2360/2449 3200/2359/2449 3201/2362/2449
f 3202/2363/2450 3201/2362/2450 3200/2359/2450
f 3203/1813/808 3204/1225/808 3205/2364/808
f 3206/780/808 3205/2364/808 3204/1225/808
f 3207/2335/2451 3208/2332/2451 3209/2336/2451
f 3210/2333/2452 3209/2336/2452 3208/2332/2452
f 1094/901/2453 1100/907/2453 1095/902/2453
f 1102/909/2454 1095/902/2454 1100/907/2454
f 1095/902/2455 1102/909/2455 1096/903/2455
f 3211/807/2456 3212/807/2456 3213/1865/2456
f 3214/1865/2457 3213/1865/2457 3212/807/2457
f 3215/2365/409 3216/552/409 3217/2366/409
f 3218/550/409 3217/2366/409 3216/552/409
f 3219/2078/2458 3220/2367/2458 3221/2368/2458
f 3222/2369/2459 3221/2368/2459 3220/2367/2459
f 3223/2337/2460 3224/2338/2460 3225/2078/2460
f 3226/2367/2461 3225/2078/2461 3224/2338/2461
f 3227/2370/2462 3228/2291/2462 3229/2058/2462
f 3230/2293/2463 3229/2058/2463 3228/2291/2463
f 3231/2356/2464 3232/2357/2464 3233/1289/2464
f 3234/1289/2465 3233/1289/2465 3232/2357/2465
f 3235/1866/2466 3236/807/2466 3237/2371/2466
f 3238/2351/2467 3237/2371/2467 3236/807/2467
f 3239/1250/2468 3240/1250/2468 3241/1289/2468
f 3242/1289/2469 3241/1289/2469 3240/1250/2469
f 3243/2372/2470 3244/2350/2470 3245/2369/2470
f 3246/2368/2471 3245/2369/2471 3244/2350/2471
f 3247/329/2472 3248/2373/2472 3249/331/2472
f 3250/2374/2473 3249/331/2473 3248/2373/2473
f 3251/2375/2474 3252/2376/2474 3253/2268/2474
f 3254/2267/2474 3253/2268/2474 3252/2376/2474
f 3255/1920/2475 3256/2370/2475 3257/1922/2475
f 3258/2058/2476 3257/1922/2476 3256/2370/2476
f 3259/2083/2477 3260/2082/2477 3261/2377/2477
f 3262/844/2478 3261/2377/2478 3260/2082/2478
f 3263/2378/2479 3264/2379/2479 3265/2059/2479
f 3266/2380/2480 3265/2059/2480 3264/2379/2480
f 3267/2373/2481 3268/2083/2481 3269/2374/2481
f 3270/2377/2482 3269/2374/2482 3268/2083/2482
f 3271/2381/2483 3272/2381/2484 3273/1879/2485
f 3274/1879/2486 3273/1879/2485 3272/2381/2484
f 3272/2381/2487 3275/2382/2487 3274/1879/2487
f 3276/1954/2488 3274/1879/2488 3275/2382/2488
f 3274/1879/2489 3276/1954/2489 575/507/2489
f 3277/1956/2490 575/507/2490 3276/1954/2490
f 575/507/2491 3277/1956/2491 577/508/2491
f 610/510/2492 577/508/2492 3277/1956/2492
f 3275/2382/2493 3278/2383/2493 3276/1954/2493
f 3279/1955/2494 3276/1954/2494 3278/2383/2494
f 3278/2383/158 3280/2384/158 3279/1955/158
f 3281/1211/158 3279/1955/158 3280/2384/158
f 3280/2384/2495 3282/2385/2495 3281/1211/2495
f 3283/1212/2496 3281/1211/2496 3282/2385/2496
f 3282/2385/2497 3284/2386/2497 3283/1212/2497
f 3285/2387/2498 3283/1212/2498 3284/2386/2498
f 3283/1212/2499 3285/2387/2499 3286/1214/2499
f 3287/2388/2500 3286/1214/2500 3285/2387/2500
f 3286/1214/2501 3287/2388/2501 601/517/2501
f 595/517/2502 601/517/2502 3287/2388/2503
f 601/517/390 595/517/390 593/516/390
f 3284/2386/2504 3288/2386/2505 3285/2387/2505
f 3289/2387/2505 3285/2387/2505 3288/2386/2505
f 3285/2387/2505 3289/2387/2505 3287/2388/2505
f 3290/2388/2505 3287/2388/2505 3289/2387/2505
f 3287/2388/2503 3290/2388/2503 595/517/2502
f 3291/2074/2506 3292/328/2506 3293/2389/2506
f 3294/330/2507 3293/2389/2507 3292/328/2507
f 3295/2389/2508 3296/1256/2508 3297/2074/2508
f 3298/2075/2509 3297/2074/2509 3296/1256/2509
f 3299/2077/2510 3300/2075/2510 3301/1254/2510
f 3302/1256/2511 3301/1254/2511 3300/2075/2511
f 3303/751/2512 3304/306/2512 3305/1339/2512
f 3306/304/2513 3305/1339/2513 3304/306/2513
f 3307/2379/2514 3308/2390/2514 3309/2380/2514
f 3310/2056/2515 3309/2380/2515 3308/2390/2515
f 3311/2391/2516 3312/2249/2517 3313/2392/2518
f 3314/2247/2519 3313/2392/2518 3312/2249/2517
f 3315/2077/2520 3316/2273/2520 3317/2079/2520
f 3318/2272/2520 3317/2079/2520 3316/2273/2520
f 3319/1254/2521 3320/1253/2521 3321/2273/2521
f 3322/2393/2522 3321/2273/2522 3320/1253/2522
f 3323/2271/2523 3324/2394/2523 3325/842/2523
f 3326/843/2524 3325/842/2524 3324/2394/2524
f 3327/2395/818 3328/2396/818 3329/1809/818
f 3330/2397/818 3329/1809/818 3328/2396/818
f 3331/836/158 3332/1785/158 3333/1887/158
f 3334/1224/158 3333/1887/158 3332/1785/158
f 3335/2398/2525 3336/2399/2525 3337/2400/2525
f 3338/2401/2526 3337/2400/2526 3336/2399/2526
f 3338/2401/2527 3336/2399/2527 3339/2402/2527
f 3340/2403/2528 3339/2402/2528 3336/2399/2528
f 3341/2404/158 3342/2397/158 3343/2405/158
f 3344/824/158 3343/2405/158 3342/2397/158
f 3343/2405/158 3344/824/158 3345/823/158
f 3346/987/445 3347/1231/445 3348/832/445
f 3349/791/445 3348/832/445 3347/1231/445
f 3350/1995/2529 3351/1996/2529 3352/1983/2529
f 3353/1915/2529 3352/1983/2529 3351/1996/2529
f 3354/835/445 3355/673/445 3356/1876/445
f 3357/671/445 3356/1876/445 3355/673/445
f 3358/680/445 3359/682/445 3360/681/445
f 3361/683/445 3360/681/445 3359/682/445
f 3362/2406/2530 3363/2407/2530 3364/2408/2530
f 3365/2409/2531 3364/2408/2531 3363/2407/2531
f 3364/2408/2532 3365/2409/2532 3366/2410/2532
f 3367/2411/2533 3366/2410/2533 3365/2409/2533
f 3366/2410/2534 3367/2411/2534 3368/2412/2534
f 3369/2413/2535 3370/958/2535 3371/2414/2535
f 3372/960/2536 3371/2414/2536 3370/958/2536
f 3373/1205/445 3374/1232/445 3375/302/445
f 3376/988/445 3375/302/445 3374/1232/445
f 3374/1232/445 3377/1231/445 3376/988/445
f 3378/987/445 3376/988/445 3377/1231/445
f 3379/682/158 3380/952/158 3381/680/158
f 3382/953/158 3381/680/158 3380/952/158
f 1105/912/2537 1121/927/2537 3383/2415/2537
f 1127/933/2538 3383/2415/2538 1121/927/2538
f 3384/396/280 3385/398/280 3386/397/280
f 3387/399/280 3386/397/280 3385/398/280
f 3385/398/280 3388/400/280 3387/399/280
f 3389/401/280 3387/399/280 3388/400/280
f 3390/2416/445 3391/2417/445 3392/2418/445
f 3393/2419/445 3392/2418/445 3391/2417/445
f 3392/2418/445 3393/2419/445 3394/2420/445
f 3395/2421/445 3394/2420/445 3393/2419/445
f 3394/2420/445 3395/2421/445 3396/2422/445
f 3397/2423/445 3396/2422/445 3395/2421/445
f 3393/2419/2539 3398/2424/2539 3395/2421/2539
f 3399/2425/2540 3395/2421/2540 3398/2424/2540
f 3395/2421/2540 3399/2425/2540 3397/2423/2540
f 3398/2424/2539 3393/2419/2539 3400/2426/2539
f 3401/2427/2541 3400/2426/2541 3393/2419/2541
f 3400/2426/2541 3401/2427/2541 3402/2428/2541
f 2379/1847/2542 2381/1849/2542 2384/1852/2542
f 3403/2429/2543 2384/1852/2543 2381/1849/2543
f 2384/1852/2544 3403/2429/2544 2386/1854/2544
f 3404/1774/2545 3405/551/2545 3406/1775/2545
f 3407/2255/2546 3406/1775/2545 3405/551/2545
f 3408/779/2547 3409/778/2547 3410/1787/2547
f 3411/1786/2547 3410/1787/2547 3409/778/2547
f 3412/2250/445 3413/2430/445 3414/2251/445
f 3415/2431/445 3414/2251/445 3413/2430/445
f 3413/2430/445 3416/2432/445 3415/2431/445
f 3417/2433/445 3415/2431/445 3416/2432/445
f 3416/2432/445 3418/2434/445 3417/2433/445
f 3419/2435/445 3417/2433/445 3418/2434/445
f 3420/381/445 3421/379/445 3422/380/445
f 3423/378/445 3422/380/445 3421/379/445
f 1903/1435/1592 1908/1440/2548 2133/1658/1593
f 1910/1442/2549 2133/1658/2549 1908/1440/2549
f 2133/1658/2550 1910/1442/2551 2134/1659/2552
f 2148/1673/2553 2134/1659/2553 1910/1442/2553
f 2134/1659/2554 2148/1673/2554 2135/1660/2554
f 2142/1667/2555 2135/1660/2555 2148/1673/2555
f 3424/301/1062 3425/302/1062 3426/785/1062
f 3427/988/1062 3426/785/1062 3425/302/1062
f 3428/806/445 3429/839/445 3430/721/445
f 3431/838/445 3430/721/445 3429/839/445
f 3429/839/445 3432/1204/445 3431/838/445
f 3433/300/445 3431/838/445 3432/1204/445
f 3434/2436/165 1874/304/165 3435/2437/165
f 3436/2438/165 3435/2437/165 1874/304/165
f 3437/787/2556 3438/832/2556 3439/794/2556
f 3440/831/2556 3439/794/2556 3438/832/2556
f 3441/837/158 3442/2439/158 3443/836/158
f 3444/1785/158 3443/836/158 3442/2439/158
f 3445/1761/158 3446/773/158 3447/2440/158
f 3448/1814/158 3447/2440/158 3446/773/158
f 3449/1225/158 3450/1886/158 3451/1224/158
f 3452/1887/158 3451/1224/158 3450/1886/158
f 3453/1811/158 3454/1812/158 3455/846/158
f 3456/2441/158 3455/846/158 3454/1812/158
f 3455/846/158 3456/2441/158 3457/837/158
f 3458/2439/158 3457/837/158 3456/2441/158
f 3459/1305/2557 3460/495/2558 3461/1883/2559
f 3462/796/2560 3461/1883/2559 3460/495/2558
f 3463/1810/158 3464/1809/158 3465/2404/158
f 3466/2397/158 3465/2404/158 3464/1809/158
f 3467/2297/2345 3468/2295/2345 3469/2296/2345
f 3470/2294/2345 3469/2296/2345 3468/2295/2345
f 3471/2442/159 3472/2443/159 3473/2444/159
f 3474/2445/159 3473/2444/159 3472/2443/159
f 3475/2446/165 3476/2447/165 3477/2448/165
f 3478/2449/165 3477/2448/165 3476/2447/165
f 3479/2450/2561 3480/2451/2561 3481/2452/2561
f 3482/2453/2561 3481/2452/2561 3480/2451/2561
f 3483/2454/2562 3484/2455/2562 3485/2456/2562
f 3486/2457/2563 3485/2456/2563 3484/2455/2563
f 3487/2396/819 3488/826/819 3489/2397/819
f 3490/824/819 3489/2397/819 3488/826/819
f 3491/2458/2564 3492/2448/2564 3493/2459/2564
f 3494/2449/2565 3493/2459/2565 3492/2448/2565
f 3495/2460/2566 3496/2443/2566 3497/2207/2566
f 3498/2442/2567 3497/2207/2567 3496/2443/2567
f 3499/2431/542 3500/2433/542 3501/1812/542
f 3502/2441/542 3501/1812/542 3500/2433/542
f 3503/2251/1082 3504/2431/1082 3505/1810/1082
f 3506/1812/1082 3505/1810/1082 3504/2431/1082
f 3507/774/1065 3508/1218/1065 3509/772/1065
f 3510/1886/1065 3509/772/1065 3508/1218/1065
f 3511/836/280 3512/1887/280 3513/673/280
f 3514/1216/280 3513/673/280 3512/1887/280
f 3515/227/2568 3516/229/2568 3517/688/2568
f 3518/1333/2568 3517/688/2568 3516/229/2568
f 3519/2461/611 3520/962/611 3521/1221/611
f 3522/964/611 3521/1221/611 3520/962/611
f 3523/1184/445 3524/1183/445 3525/2462/445
f 3526/2463/445 3525/2462/445 3524/1183/445
f 3527/963/602 3528/2464/602 3529/965/602
f 3530/1230/602 3529/965/602 3528/2464/602
f 3531/2464/603 3532/2465/603 3533/1230/603
f 3534/790/603 3533/1230/603 3532/2465/603
f 3535/2465/607 3536/2466/607 3537/790/607
f 3538/788/607 3537/790/607 3536/2466/607
f 3539/1790/2569 3540/774/2569 3541/2467/2569
f 3542/775/2569 3541/2467/2569 3540/774/2569
f 3543/1205/1931 3544/964/1931 3545/1232/1931
f 3546/965/2570 3545/1232/1931 3544/964/1931
f 3547/790/598 3548/791/598 3549/1230/598
f 3550/1231/598 3549/1230/598 3548/791/598
f 3551/279/2571 3552/838/2571 3553/277/2571
f 3554/300/2571 3553/277/2571 3552/838/2571
f 3555/2404/1064 3556/2405/1064 3557/1185/1064
f 3558/1183/1064 3557/1185/1064 3556/2405/1064
f 3559/2468/2572 3560/382/2573 3561/2469/2572
f 3562/384/2573 3561/2469/2572 3560/382/2573
f 3563/1814/2574 3564/1813/2574 3565/2470/2574
f 3566/2364/2574 3565/2470/2574 3564/1813/2574
f 3567/358/2575 3568/2471/2576 3569/1867/2575
f 3570/2472/2576 3569/1867/2575 3568/2471/2576
f 3571/1813/158 3572/772/158 3573/1225/158
f 3574/1886/158 3573/1225/158 3572/772/158
f 3575/1016/2577 3576/2473/2577 3577/1014/2577
f 3578/2474/2578 3577/1014/2578 3576/2473/2578
f 3579/1251/1082 3580/695/1082 3581/1226/1082
f 3582/1227/1082 3581/1226/1082 3580/695/1082
f 3583/274/2579 3584/273/2579 3585/2475/2579
f 3586/948/2580 3585/2475/2580 3584/273/2580
f 3585/2475/2581 3586/948/2581 3587/983/2581
f 3586/948/2582 3584/273/2582 3588/2476/2582
f 3589/275/2583 3588/2476/2584 3584/273/2585
f 3588/2476/2584 3589/275/2583 3590/2477/2586
f 3591/526/2587 3590/2477/2587 3589/275/2587
f 3590/2477/2588 3591/526/2588 3592/2478/2588
f 3593/528/2589 3592/2478/2589 3591/526/2589
f 3592/2478/2590 3593/528/2590 3594/2479/2590
f 3595/2480/2591 3594/2479/2591 3593/528/2591
f 3594/2479/2592 3595/2480/2592 3596/2481/2592
f 3597/2482/2593 3596/2481/2593 3595/2480/2593
f 3596/2481/2594 3597/2482/2594 3598/2483/2594
f 3598/2483/2595 743/628/2595 3596/2481/2595
f 745/630/2596 3596/2481/2596 743/628/2596
f 3596/2481/2597 745/630/2597 3594/2479/2597
f 747/632/2598 3594/2479/2598 745/630/2598
f 3594/2479/2599 747/632/2599 3599/2484/2599
f 749/634/2600 3599/2484/2600 747/632/2600
f 3599/2484/2601 749/634/2601 3600/2485/2601
f 3594/2479/2602 3599/2484/2602 3592/2478/2602
f 3590/2477/2603 3592/2478/2603 3599/2484/2603
f 3590/2477/2604 3599/2484/2604 3601/2486/2604
f 3600/2485/2605 3601/2486/2605 3599/2484/2606
f 3601/2486/2605 3600/2485/2605 868/733/2607
f 868/733/2608 866/731/2608 3601/2486/2608
f 3588/2476/2609 3601/2486/2609 866/731/2609
f 3601/2486/2610 3588/2476/2610 3590/2477/2610
f 866/731/2611 862/727/2611 3588/2476/2611
f 3586/948/2582 3588/2476/2582 862/727/2582
f 3602/2487/2576 3603/358/2575 3604/1018/2576
f 3605/346/2575 3604/1018/2576 3603/358/2575
f 3606/2020/2612 3607/2488/2612 3608/2024/2612
f 3609/2489/2613 3608/2024/2613 3607/2488/2613
f 3610/2019/2614 3611/2490/2615 3612/2020/2616
f 3613/2488/2617 3612/2020/2616 3611/2490/2615
f 607/510/158 597/514/158 3614/508/158
f 3615/509/158 3614/508/158 597/514/158
f 3616/1955/158 3617/1211/158 3618/1957/158
f 3619/1213/158 3618/1957/158 3617/1211/158
f 3620/2491/2618 3621/1142/2619 3622/2492/2620
f 3623/2493/2621 3622/2492/2620 3621/1142/2619
f 3585/2475/2622 3587/983/2622 3624/2494/2622
f 3625/981/2623 3624/2494/2623 3587/983/2623
f 3624/2494/2624 3625/981/2624 3626/2495/2624
f 3627/2496/2625 3626/2495/2625 3625/981/2625
f 3628/1889/2626 3629/1888/2626 3630/1881/2626
f 3631/1882/2627 3630/1881/2627 3629/1888/2627
f 3632/2497/2628 3633/2498/2629 3634/2499/2628
f 3635/2500/2629 3634/2499/2628 3633/2498/2629
f 3633/2498/2629 3636/2501/2629 3635/2500/2629
f 3637/2502/2629 3635/2500/2629 3636/2501/2629
f 3636/2501/2629 3638/2503/2629 3637/2502/2629
f 3639/2504/2629 3637/2502/2629 3638/2503/2629
f 3638/2503/2629 3640/2505/2628 3639/2504/2629
f 3641/2506/2628 3639/2504/2629 3640/2505/2628
f 3640/2505/2628 3642/961/2628 3641/2506/2628
f 3643/959/2628 3641/2506/2628 3642/961/2628
f 3644/2507/2630 3645/2508/2631 3646/2507/2632
f 3647/2508/2632 3646/2507/2632 3645/2508/2631
f 3648/1019/2633 3649/2343/2634 3650/2489/2633
f 3651/2024/2634 3650/2489/2633 3649/2343/2634
f 3652/720/445 3653/1251/445 3654/805/445
f 3655/1007/445 3654/805/445 3653/1251/445
f 3656/2406/2635 3657/2408/2635 3658/2407/2635
f 3659/2409/2636 3658/2407/2636 3657/2408/2636
f 3657/2408/2637 3660/2410/2637 3659/2409/2637
f 3661/2411/2638 3659/2409/2638 3660/2410/2638
f 3662/1314/2639 3663/1315/2639 3664/1062/2639
f 3665/1063/2639 3664/1062/2639 3663/1315/2639
f 3666/2351/2640 3667/2351/2640 3668/807/2640
f 3669/807/2641 3668/807/2641 3667/2351/2641
f 3670/1221/158 3671/2509/158 3672/2461/158
f 3673/2510/158 3672/2461/158 3671/2509/158
f 1966/1494/2642 1968/1496/2642 3674/2511/2642
f 3675/2512/2643 3674/2511/2643 1968/1496/2643
f 3674/2511/2644 3675/2512/2644 3676/2513/2644
f 3677/2514/2645 3676/2513/2645 3675/2512/2645
f 3676/2513/2646 3677/2514/2646 3678/2515/2646
f 3679/2516/2647 3678/2515/2647 3677/2514/2647
f 3678/2515/2648 3679/2516/2648 3680/2517/2648
f 3681/2518/2649 3680/2517/2649 3679/2516/2649
f 3680/2517/2650 3681/2518/2650 3682/2519/2650
f 3683/2520/2651 3682/2519/2651 3681/2518/2651
f 3682/2519/2652 3683/2520/2652 3684/2521/2652
f 3685/2522/2652 3684/2521/2652 3683/2520/2652
f 1968/1496/2653 1970/1498/2653 3675/2512/2653
f 3686/2523/2653 3675/2512/2653 1970/1498/2653
f 3675/2512/2654 3686/2523/2654 3677/2514/2654
f 3687/2524/2654 3677/2514/2654 3686/2523/2654
f 3677/2514/2655 3687/2524/2655 3679/2516/2655
f 3688/2525/2656 3679/2516/2656 3687/2524/2656
f 3679/2516/2657 3688/2525/2657 3681/2518/2657
f 3689/2526/2658 3681/2518/2658 3688/2525/2658
f 3681/2518/2659 3689/2526/2659 3683/2520/2659
f 3690/2527/2660 3683/2520/2660 3689/2526/2660
f 3683/2520/2661 3690/2527/2661 3685/2522/2661
f 3691/2528/2662 3685/2522/2662 3690/2527/2662
f 1970/1498/2663 1972/1500/2663 3686/2523/2663
f 3692/2529/2663 3686/2523/2663 1972/1500/2663
f 3686/2523/2664 3692/2529/2664 3687/2524/2664
f 3693/2530/2664 3687/2524/2664 3692/2529/2664
f 3687/2524/2663 3693/2530/2663 3688/2525/2663
f 3694/2531/2663 3688/2525/2663 3693/2530/2663
f 3688/2525/2665 3694/2531/2665 3689/2526/2665
f 3695/2532/2666 3689/2526/2666 3694/2531/2666
f 3689/2526/2667 3695/2532/2667 3690/2527/2667
f 3696/2533/2668 3690/2527/2668 3695/2532/2668
f 3690/2527/2669 3696/2533/2670 3691/2528/2671
f 3697/2534/2672 3691/2528/2671 3696/2533/2670
f 1972/1500/1375 1974/1502/1375 3692/2529/1375
f 3698/2535/2673 3692/2529/2673 1974/1502/2673
f 3692/2529/2673 3698/2535/2673 3693/2530/2673
f 3699/2536/1375 3693/2530/1375 3698/2535/1375
f 3693/2530/1375 3699/2536/1375 3694/2531/1375
f 3700/2537/2674 3694/2531/2674 3699/2536/2674
f 3694/2531/2675 3700/2537/2675 3695/2532/2675
f 3701/2538/2676 3695/2532/2676 3700/2537/2676
f 3695/2532/2677 3701/2538/2677 3696/2533/2677
f 3702/2539/2678 3696/2533/2679 3701/2538/2680
f 3696/2533/2679 3702/2539/2678 3697/2534/2681
f 1974/1502/1377 1976/1504/1377 3698/2535/1377
f 3703/2540/2682 3698/2535/2682 1976/1504/2682
f 3698/2535/2683 3703/2540/2683 3699/2536/2683
f 3704/2541/2684 3699/2536/2684 3703/2540/2684
f 3699/2536/2685 3704/2541/2685 3700/2537/2685
f 3705/2542/2686 3700/2537/2686 3704/2541/2686
f 3700/2537/2687 3705/2542/2687 3701/2538/2687
f 3706/2543/2688 3701/2538/2688 3705/2542/2688
f 3701/2538/2689 3706/2543/2689 3702/2539/2689
f 1976/1504/2690 1978/1506/2690 3703/2540/2690
f 3707/2544/2691 3703/2540/2691 1978/1506/2691
f 3703/2540/2692 3707/2544/2692 3704/2541/2692
f 3708/2545/2693 3704/2541/2693 3707/2544/2693
f 3704/2541/2694 3708/2545/2694 3705/2542/2694
f 3709/2546/2695 3705/2542/2695 3708/2545/2695
f 3705/2542/2695 3709/2546/2695 3706/2543/2695
f 3710/2547/2696 3711/2548/2696 3712/2549/2308
f 3713/2254/2308 3712/2549/2308 3711/2548/2696
f 3714/2550/2697 3715/2551/2697 3716/2552/2697
f 3717/2553/2698 3716/2552/2698 3715/2551/2698
f 3717/2553/2699 3715/2551/2699 3718/2554/2699
f 3719/2555/2700 3718/2554/2700 3715/2551/2700
f 3715/2551/2701 3720/2556/2701 3719/2555/2701
f 3721/2557/2702 3719/2555/2703 3720/2556/2703
f 3719/2555/2703 3721/2557/2702 3722/2558/2703
f 3723/2559/2704 3724/2560/2705 3725/2442/2705
f 3726/2206/2705 3725/2442/2705 3724/2560/2705
f 3727/2561/2706 3728/2562/2706 3729/1005/2706
f 3730/1003/2707 3729/1005/2707 3728/2562/2707
f 3731/1882/2708 3732/2298/2708 3733/1882/2708
f 3734/2298/2709 3733/1882/2709 3732/2298/2709
f 3735/2563/2710 3736/2291/2710 3737/2564/2710
f 3738/2370/2711 3737/2564/2711 3736/2291/2711
f 3737/2564/2712 3738/2370/2712 3739/2565/2712
f 3740/1920/2713 3739/2565/2713 3738/2370/2713
f 3739/2565/2714 3740/1920/2714 3741/2566/2714
f 3742/1919/2715 3741/2566/2715 3740/1920/2715
f 3741/2566/2716 3742/1919/2716 3743/2567/2716
f 3744/2568/2717 3743/2567/2717 3742/1919/2717
f 3743/2567/2718 3744/2568/2718 3745/2569/2718
f 3746/2390/2719 3745/2569/2719 3744/2568/2719
f 3745/2569/2720 3746/2390/2720 3747/2570/2720
f 3748/2379/2721 3747/2570/2721 3746/2390/2721
f 3749/2447/2722 3750/2446/2722 3751/2445/2722
f 3752/2444/2722 3751/2445/2722 3750/2446/2722
f 3753/2571/2723 3754/355/2723 3755/2572/2723
f 3756/2573/2724 3755/2572/2724 3754/355/2724
f 3755/2572/2725 3756/2573/2725 3757/2574/2725
f 3758/2575/2726 3757/2574/2726 3756/2573/2726
f 3757/2574/2727 3758/2575/2727 3759/2576/2727
f 3760/2577/2728 3759/2576/2728 3758/2575/2728
f 3759/2576/2729 3760/2577/2729 3761/2578/2729
f 3762/2579/2730 3761/2578/2730 3760/2577/2730
f 3761/2578/2731 3762/2579/2731 3763/2580/2731
f 3764/2581/2732 3763/2580/2732 3762/2579/2732
f 3763/2580/2733 3764/2581/2733 3765/2582/2733
f 3766/2583/2734 3765/2582/2734 3764/2581/2734
f 3765/2582/2735 3766/2583/2735 3767/2584/2735
f 3768/2585/2736 3767/2584/2736 3766/2583/2736
f 3758/2575/2737 3769/2586/2738 3760/2577/2739
f 3770/2587/2740 3760/2577/2740 3769/2586/2740
f 3760/2577/2741 3770/2587/2741 3762/2579/2741
f 3771/2588/2742 3762/2579/2742 3770/2587/2742
f 3762/2579/2743 3771/2588/2743 3764/2581/2743
f 3772/2589/2744 3764/2581/2744 3771/2588/2744
f 3764/2581/2745 3772/2589/2745 3766/2583/2745
f 3773/2590/2746 3766/2583/2747 3772/2589/2748
f 3766/2583/2747 3773/2590/2746 3768/2585/2749
f 3774/2591/2750 3768/2585/2750 3773/2590/2750
f 3768/2585/2751 3774/2591/2751 3775/2592/2751
f 3776/2593/2752 3775/2592/2752 3774/2591/2752
f 3775/2592/2753 3776/2593/2753 3777/2594/2753
f 3778/2595/2754 3777/2594/2754 3776/2593/2754
f 3773/2590/2755 3779/2596/2755 3774/2591/2755
f 3780/2597/2756 3774/2591/2756 3779/2596/2756
f 3774/2591/2757 3780/2597/2757 3776/2593/2757
f 3781/2598/2758 3776/2593/2758 3780/2597/2758
f 3776/2593/2759 3781/2598/2759 3778/2595/2759
f 3782/2599/2760 3778/2595/2760 3781/2598/2760
f 3778/2595/2761 3782/2599/2761 3783/2600/2761
f 3784/2601/2762 3783/2600/2762 3782/2599/2762
f 3783/2600/2763 3784/2601/2763 3785/2602/2763
f 3786/2603/2764 3785/2602/2764 3784/2601/2764
f 3785/2602/2765 3786/2603/2765 3787/2604/2765
f 3788/2605/2766 3787/2604/2766 3786/2603/2766
f 3787/2604/2767 3788/2605/2767 3789/2606/2767
f 3790/2607/2768 3789/2606/2768 3788/2605/2768
f 3779/2596/2769 3791/2608/2769 3780/2597/2769
f 3792/2609/2770 3780/2597/2770 3791/2608/2770
f 3780/2597/2771 3792/2609/2771 3781/2598/2771
f 3793/2610/2772 3781/2598/2772 3792/2609/2772
f 3781/2598/2773 3793/2610/2773 3782/2599/2773
f 3794/2611/2774 3782/2599/2774 3793/2610/2774
f 3782/2599/2775 3794/2611/2775 3784/2601/2775
f 3795/2612/2776 3784/2601/2776 3794/2611/2776
f 3784/2601/2777 3795/2612/2777 3786/2603/2777
f 3796/2613/2778 3786/2603/2778 3795/2612/2778
f 3786/2603/2779 3796/2613/2779 3788/2605/2779
f 3797/2614/2780 3788/2605/2780 3796/2613/2780
f 3788/2605/2781 3797/2614/2781 3790/2607/2781
f 3798/2615/2782 3790/2607/2782 3797/2614/2782
f 3790/2607/2783 3798/2615/2783 3799/2616/2783
f 3800/2617/2784 3799/2616/2784 3798/2615/2784
f 3799/2616/2785 3800/2617/2785 3801/2618/2785
f 3802/2619/2786 3801/2618/2786 3800/2617/2786
f 3801/2618/2786 3802/2619/2786 3803/2620/2786
f 3804/2621/2787 3803/2620/2787 3802/2619/2787
f 3803/2620/2788 3804/2621/2788 3805/2622/2788
f 3806/2623/2789 3805/2622/2789 3804/2621/2789
f 3805/2622/2790 3806/2623/2790 3807/2624/2790
f 3808/2625/2791 3807/2624/2791 3806/2623/2791
f 3807/2624/2792 3808/2625/2792 3809/2626/2792
f 3810/2627/2793 3809/2626/2793 3808/2625/2793
f 3809/2626/2794 3810/2627/2794 3811/2628/2794
f 3802/2619/2787 3800/2617/2787 3804/2621/2787
f 3812/2629/2795 3804/2621/2795 3800/2617/2795
f 3804/2621/2796 3812/2629/2796 3806/2623/2796
f 3813/2630/2797 3806/2623/2797 3812/2629/2797
f 3806/2623/2798 3813/2630/2798 3808/2625/2798
f 3814/2631/2799 3808/2625/2799 3813/2630/2799
f 3808/2625/2800 3814/2631/2800 3815/2632/2800
f 3816/2633/2801 3815/2632/2801 3814/2631/2801
f 3800/2617/2802 3798/2615/2802 3812/2629/2802
f 3817/2634/2803 3812/2629/2803 3798/2615/2803
f 3812/2629/2804 3817/2634/2804 3813/2630/2804
f 3818/2635/2805 3813/2630/2805 3817/2634/2805
f 3813/2630/2806 3818/2635/2806 3814/2631/2806
f 3819/2636/2807 3814/2631/2807 3818/2635/2807
f 3814/2631/2808 3819/2636/2808 3816/2633/2808
f 3820/2637/2809 3816/2633/2809 3819/2636/2809
f 3798/2615/2810 3821/2638/2810 3817/2634/2810
f 3822/2639/2811 3817/2634/2811 3821/2638/2811
f 3817/2634/2812 3822/2639/2812 3818/2635/2812
f 3823/2640/2813 3818/2635/2813 3822/2639/2813
f 3818/2635/2814 3823/2640/2814 3819/2636/2814
f 3824/2641/2815 3819/2636/2815 3823/2640/2815
f 3819/2636/2816 3824/2641/2816 3820/2637/2816
f 3825/2642/2817 3820/2637/2817 3824/2641/2817
f 3821/2638/2818 3826/2643/2818 3822/2639/2818
f 3827/2644/2819 3822/2639/2819 3826/2643/2819
f 3822/2639/2820 3827/2644/2820 3823/2640/2820
f 3828/2645/2821 3823/2640/2821 3827/2644/2821
f 3823/2640/2822 3828/2645/2822 3824/2641/2822
f 3829/2646/2823 3824/2641/2823 3828/2645/2823
f 3824/2641/2824 3829/2646/2824 3825/2642/2824
f 3830/2647/2825 3825/2642/2825 3829/2646/2825
f 3826/2643/2819 3831/2648/2819 3827/2644/2819
f 3832/2649/2826 3827/2644/2826 3831/2648/2826
f 3827/2644/2821 3832/2649/2821 3828/2645/2821
f 3833/2650/2827 3828/2645/2827 3832/2649/2827
f 3828/2645/2823 3833/2650/2823 3829/2646/2823
f 3834/2651/2828 3829/2646/2828 3833/2650/2828
f 3829/2646/2825 3834/2651/2825 3830/2647/2825
f 3831/2648/2829 3835/2652/2829 3832/2649/2829
f 3836/2653/2830 3832/2649/2830 3835/2652/2830
f 3832/2649/2831 3836/2653/2831 3833/2650/2831
f 3837/2654/2832 3833/2650/2832 3836/2653/2832
f 3833/2650/2833 3837/2654/2833 3834/2651/2833
f 3838/2655/2834 3834/2651/2834 3837/2654/2834
f 3835/2652/2835 3839/2656/2835 3836/2653/2835
f 3840/2657/2836 3836/2653/2836 3839/2656/2836
f 3836/2653/2837 3840/2657/2837 3837/2654/2837
f 3841/2658/2838 3837/2654/2838 3840/2657/2838
f 3837/2654/2839 3841/2658/2839 3838/2655/2839
f 3842/2659/2840 3838/2655/2840 3841/2658/2840
f 3839/2656/2841 3843/2660/2841 3840/2657/2841
f 3844/2661/2842 3840/2657/2842 3843/2660/2842
f 3840/2657/2843 3844/2661/2843 3841/2658/2843
f 3845/2662/2844 3841/2658/2844 3844/2661/2844
f 3841/2658/2845 3845/2662/2845 3842/2659/2845
f 3846/2663/2846 3842/2659/2846 3845/2662/2846
f 3843/2660/2847 3847/2664/2847 3844/2661/2847
f 3848/2665/2848 3844/2661/2848 3847/2664/2848
f 3844/2661/2849 3848/2665/2849 3845/2662/2849
f 3849/2666/2850 3845/2662/2851 3848/2665/2852
f 3845/2662/2853 3849/2666/2853 3846/2663/2853
f 3850/2667/2854 3846/2663/2854 3849/2666/2854
f 3849/2666/2850 3848/2665/2852 3851/2668/2855
f 3847/2664/2856 3851/2668/2856 3848/2665/2856
f 3851/2668/2857 3847/2664/2857 3852/2669/2857
f 3853/2670/2858 3852/2669/2858 3847/2664/2858
f 3847/2664/2859 3843/2660/2859 3853/2670/2859
f 3854/2671/2860 3853/2670/2860 3843/2660/2860
f 3843/2660/2861 3839/2656/2861 3854/2671/2861
f 3855/2672/2862 3854/2671/2862 3839/2656/2862
f 3839/2656/2863 3835/2652/2863 3855/2672/2863
f 3856/2673/2864 3855/2672/2864 3835/2652/2864
f 3835/2652/2865 3831/2648/2865 3856/2673/2865
f 3857/2674/2866 3856/2673/2866 3831/2648/2866
f 3858/1249/2867 3859/1261/2867 3860/991/2867
f 3861/1970/2868 3860/991/2868 3859/1261/2868
f 3773/2590/2869 3772/2589/2869 3779/2596/2869
f 3862/2675/2870 3779/2596/2870 3772/2589/2870
f 3779/2596/2871 3862/2675/2871 3791/2608/2871
f 3862/2675/2872 3772/2589/2872 3863/2676/2872
f 3771/2588/2873 3863/2676/2873 3772/2589/2873
f 3863/2676/2874 3771/2588/2874 3864/2677/2874
f 3770/2587/2875 3864/2677/2875 3771/2588/2875
f 3864/2677/2876 3770/2587/2876 3865/2678/2876
f 3769/2586/2877 3865/2678/2877 3770/2587/2877
f 3865/2678/2878 3769/2586/2878 3866/2679/2878
f 3867/2680/2879 3866/2679/2879 3769/2586/2879
f 3866/2679/2880 3867/2680/2880 3868/2681/2880
f 3869/356/2881 3868/2681/2881 3867/2680/2881
f 3868/2681/2882 3869/356/2882 3870/354/2882
f 3869/356/2883 3867/2680/2883 3758/2575/2883
f 3769/2586/2738 3758/2575/2737 3867/2680/2884
f 3871/420/2885 3872/422/2885 3873/2682/2885
f 3874/675/2886 3873/2682/2886 3872/422/2886
f 3875/2051/2079 3876/2049/2079 3877/2050/2079
f 3878/2048/2079 3877/2050/2079 3876/2049/2079
f 3876/2049/2080 3879/2047/2080 3878/2048/2080
f 3880/2046/2080 3878/2048/2080 3879/2047/2080
f 3879/2047/280 3881/2045/280 3880/2046/280
f 3882/2044/280 3880/2046/280 3881/2045/280
f 3881/2045/2081 3883/2043/2081 3882/2044/2081
f 3884/2042/2081 3882/2044/2081 3883/2043/2081
f 3883/2043/2082 3885/2041/2082 3884/2042/2082
f 3886/2040/2082 3884/2042/2082 3885/2041/2082
f 3885/2041/213 3887/2039/213 3886/2040/213
f 3888/2038/213 3886/2040/213 3887/2039/213
f 3889/2549/2887 3890/2254/2887 3891/2365/2887
f 3892/552/2887 3891/2365/2887 3890/2254/2887
f 3893/2683/2888 3894/1872/2888 3895/1257/1917
f 3896/1870/1917 3895/1257/1917 3894/1872/2888
f 3897/1914/165 3898/1916/165 3899/1915/165
f 3900/1917/165 3899/1915/165 3898/1916/165
f 3901/1004/2889 3902/2684/2889 3903/1006/2889
f 3904/2685/2890 3903/1006/2890 3902/2684/2890
f 3905/615/2891 3906/1031/2891 3907/1035/2891
f 3908/1029/2892 3907/1035/2892 3906/1031/2892
f 3866/2679/2893 3868/2681/2893 3909/2686/2893
f 3910/2687/2893 3909/2686/2893 3868/2681/2893
f 3909/2686/2894 3910/2687/2894 3911/2688/2894
f 3912/2689/2895 3911/2688/2895 3910/2687/2895
f 3911/2688/2896 3912/2689/2896 3913/226/2896
f 3914/312/2897 3913/226/2897 3912/2689/2897
f 3913/226/2898 3914/312/2898 3915/1203/2898
f 3914/312/2899 3912/2689/2899 3916/314/2899
f 3910/2687/2900 3916/314/2900 3912/2689/2900
f 3916/314/2882 3910/2687/2882 3870/354/2882
f 3868/2681/2882 3870/354/2882 3910/2687/2882
f 3917/2690/2901 3918/2691/2901 3919/2692/2901
f 3920/2693/2901 3919/2692/2901 3918/2691/2901
f 3593/528/2902 3921/529/2902 3595/2480/2902
f 3922/2694/2903 3595/2480/2903 3921/529/2903
f 3595/2480/2904 3922/2694/2904 3923/2695/2904
f 3924/2696/2905 3923/2695/2905 3922/2694/2905
f 3922/2694/2906 3921/529/2906 3924/2696/2906
f 3925/2697/165 3924/2696/165 3921/529/165
f 3926/2361/2907 3927/459/2907 3928/1868/2907
f 3929/461/2908 3928/1868/2908 3927/459/2908
f 3930/2698/2909 3931/2699/2909 3932/1266/2909
f 3933/1265/2909 3932/1266/2909 3931/2699/2909
f 3934/2392/2910 3935/2247/2910 3936/2547/2911
f 3937/2548/2912 3936/2547/2911 3935/2247/2910
f 3935/2247/2910 3938/2246/2912 3937/2548/2912
f 3939/2700/2913 3937/2548/2912 3938/2246/2912
f 3938/2246/2912 3940/2264/2910 3939/2700/2913
f 3941/2701/2910 3939/2700/2913 3940/2264/2910
f 3940/2264/2910 3942/532/2913 3941/2701/2910
f 3943/2252/2910 3941/2701/2910 3942/532/2913
f 3942/532/2913 3944/533/2913 3943/2252/2910
f 3945/2253/2910 3943/2252/2910 3944/533/2913
f 3946/2702/2914 3947/994/2914 3948/2703/2914
f 3949/993/2915 3948/2703/2915 3947/994/2915
f 3950/2499/2916 3951/2500/2916 3952/2704/2916
f 3953/2705/2917 3952/2704/2917 3951/2500/2917
f 3951/2500/2918 3954/2502/2919 3953/2705/2920
f 3955/2706/2921 3953/2705/2920 3954/2502/2919
f 3954/2502/2922 3956/2504/2922 3955/2706/2922
f 3957/2707/2923 3955/2706/2923 3956/2504/2923
f 3956/2504/2924 3958/2506/2924 3957/2707/2924
f 3959/2708/2925 3957/2707/2925 3958/2506/2925
f 3958/2506/2926 3960/959/2926 3959/2708/2926
f 3961/2709/2927 3959/2708/2927 3960/959/2927
f 3960/959/2928 3962/958/2928 3961/2709/2928
f 3963/2413/2929 3961/2709/2929 3962/958/2929
f 3964/1197/2930 3965/2710/408 3966/1195/2930
f 3967/2711/408 3966/1195/2930 3965/2710/408
f 3968/2712/2931 3969/2713/2931 3970/2714/2931
f 3971/2715/2931 3970/2714/2931 3969/2713/2931
f 3972/1816/2932 3973/679/2932 3974/1302/2933
f 3975/677/2934 3974/1302/2933 3973/679/2932
f 3976/2716/2935 3977/2717/2935 3978/2718/2935
f 3979/2719/2936 3978/2718/2936 3977/2717/2936
f 3980/2015/2937 3981/2017/2937 3982/2016/2937
f 3983/2018/2938 3982/2016/2938 3981/2017/2938
f 3984/1303/2939 3985/1305/2940 3986/1815/2941
f 3987/1883/2942 3986/1815/2941 3985/1305/2940
f 3988/2692/158 3989/2720/158 3990/2712/158
f 3991/2721/158 3990/2712/158 3989/2720/158
f 3992/2722/2943 3993/2723/2943 3994/2724/2943
f 3995/2725/2944 3994/2724/2944 3993/2723/2944
f 3996/2032/2945 3997/2726/2945 3998/2031/2945
f 3999/2727/2945 3998/2031/2945 3997/2726/2945
f 4000/1146/2946 4001/1288/2947 4002/1148/2948
f 4003/2468/2948 4002/1148/2948 4001/1288/2947
f 4004/2722/2949 4005/2724/2949 4006/2723/2949
f 4007/2725/2950 4006/2723/2950 4005/2724/2950
f 4008/2719/2951 4009/2717/2951 4010/2718/2951
f 4011/2716/2952 4010/2718/2952 4009/2717/2952
f 4012/444/445 4013/2728/445 4014/442/445
f 4015/2729/445 4014/442/445 4013/2728/445
f 4016/1261/2953 4017/1315/2953 4018/1970/2953
f 4019/1313/2954 4018/1970/2954 4017/1315/2954
f 4020/1005/2955 4021/2730/2955 4022/2561/2955
f 4023/2731/2956 4022/2561/2956 4021/2730/2956
f 4022/2561/2956 4023/2731/2956 4024/2732/2956
f 4022/2561/2957 4024/2732/2957 4025/2562/2957
f 4026/2733/2958 4025/2562/2958 4024/2732/2958
f 4025/2562/2959 4026/2733/2959 4027/2734/2959
f 4028/2735/2960 4027/2734/2960 4026/2733/2960
f 4027/2734/2961 4028/2735/2961 4029/2736/2961
f 4030/2737/2962 4029/2736/2962 4028/2735/2962
f 4029/2736/2963 4030/2737/2963 4031/2738/2963
f 3850/2667/2964 4031/2738/2964 4030/2737/2964
f 4031/2738/2965 3850/2667/2965 3849/2666/2965
f 3849/2666/2966 3851/2668/2966 4031/2738/2966
f 4032/2739/2967 4031/2738/2967 3851/2668/2967
f 4031/2738/2968 4032/2739/2968 4029/2736/2968
f 4033/2740/2969 4029/2736/2969 4032/2739/2969
f 4029/2736/2970 4033/2740/2970 4027/2734/2970
f 4034/2741/2971 4027/2734/2971 4033/2740/2971
f 4027/2734/2972 4034/2741/2973 4025/2562/2974
f 4035/2742/2975 4025/2562/2974 4034/2741/2973
f 4025/2562/2976 4035/2742/2976 4036/1003/2976
f 4037/2743/2977 4036/1003/2977 4035/2742/2977
f 4036/1003/2978 4037/2743/2978 4038/1004/2978
f 4039/2744/2978 4038/1004/2978 4037/2743/2978
f 4038/1004/2978 4039/2744/2978 4040/2684/2978
f 4041/2745/2979 4040/2684/2979 4039/2744/2979
f 3851/2668/2980 4042/2746/2980 4032/2739/2980
f 4043/2747/2981 4032/2739/2981 4042/2746/2981
f 4032/2739/2982 4043/2747/2982 4033/2740/2982
f 4044/2748/2983 4033/2740/2983 4043/2747/2983
f 4033/2740/2984 4044/2748/2984 4034/2741/2984
f 4045/2749/2985 4034/2741/2985 4044/2748/2985
f 4034/2741/2986 4045/2749/2986 4035/2742/2986
f 4037/2743/2987 4035/2742/2987 4045/2749/2987
f 4045/2749/2988 4046/2750/2988 4037/2743/2988
f 4039/2744/2988 4037/2743/2988 4046/2750/2988
f 4046/2750/2989 4047/2751/2989 4039/2744/2989
f 4041/2745/2990 4039/2744/2990 4047/2751/2990
f 4047/2751/2991 4048/2752/2991 4041/2745/2991
f 4049/445/2992 4041/2745/2992 4048/2752/2992
f 4041/2745/2993 4049/445/2993 4040/2684/2993
f 4049/445/2994 4048/2752/2994 4050/444/2994
f 4051/2753/2995 4050/444/2995 4048/2752/2995
f 4050/444/2996 4051/2753/2996 4052/2728/2996
f 4053/2754/2997 4052/2728/2997 4051/2753/2997
f 4052/2728/2998 4053/2754/2998 4054/2755/2998
f 4055/2264/2303 4056/2246/2303 4057/262/2302
f 4058/2248/2302 4057/262/2302 4056/2246/2303
f 4059/2756/1815 4060/2364/1815 4061/781/1815
f 4062/780/1815 4061/781/1815 4060/2364/1815
f 4063/2434/445 4064/1789/445 4065/2435/445
f 4066/1786/445 4065/2435/445 4064/1789/445
f 4067/2757/2999 4068/2758/2999 4069/2759/2999
f 4070/2760/3000 4069/2759/3000 4068/2758/3000
f 4071/2692/3001 4072/2712/3001 4073/2690/3002
f 4074/2714/3002 4073/2690/3002 4072/2712/3001
f 4075/616/3003 4076/801/3003 4077/615/3003
f 4078/1031/3004 4077/615/3004 4076/801/3004
f 4079/2364/2569 4080/2756/2569 4081/2470/2569
f 4082/2761/2569 4081/2470/2569 4080/2756/2569
f 4083/487/3005 4084/486/3005 4085/849/3005
f 4086/850/3006 4085/849/3006 4084/486/3006
f 4087/2054/3007 4088/2055/3007 4089/722/3007
f 4090/723/3008 4089/722/3008 4088/2055/3008
f 4091/2762/3009 4092/2763/3010 4093/2764/3010
f 4094/2765/3011 4093/2764/3010 4092/2763/3010
f 4092/2763/3010 4095/2766/3011 4094/2765/3011
f 4096/2767/3011 4094/2765/3011 4095/2766/3011
f 4094/2765/3011 4096/2767/3011 4097/2768/3010
f 4098/2769/3012 4097/2768/3010 4096/2767/3011
f 4098/2769/3013 4096/2767/3013 4099/2769/3013
f 4100/2770/3012 4099/2769/3012 4096/2767/3012
f 4099/2769/3014 4100/2770/3014 4098/2769/3014
f 4101/2771/3009 4098/2769/3009 4100/2770/3009
f 4102/1242/3015 4103/1242/3015 4104/235/3015
f 4105/236/3016 4104/235/3016 4103/1242/3016
f 4106/2772/445 4107/2773/445 4108/2714/445
f 4109/2690/445 4108/2714/445 4107/2773/445
f 4110/2357/165 4111/2355/165 4112/2189/165
f 4113/2205/165 4112/2189/165 4111/2355/165
f 4111/2355/3017 4114/1992/3017 4113/2205/3017
f 4115/2774/3018 4113/2205/3018 4114/1992/3018
f 4114/1992/3019 4116/2775/3019 4115/2774/3019
f 4117/2560/3020 4115/2774/3020 4116/2775/3020
f 4116/2775/3021 4118/829/3021 4117/2560/3021
f 4119/2206/3022 4117/2560/3022 4118/829/3022
f 4118/829/3023 4120/238/3023 4119/2206/3023
f 4121/2176/3024 4119/2206/3024 4120/238/3024
f 4120/238/159 4122/236/159 4121/2176/159
f 4123/685/159 4121/2176/159 4122/236/159
f 4124/1871/3025 4125/2776/3025 4126/1869/3025
f 4127/2777/3026 4126/1869/3026 4125/2776/3026
f 4128/2068/165 4129/2069/165 4130/2070/165
f 4131/2071/165 4130/2070/165 4129/2069/165
f 4131/2071/165 4129/2069/165 4132/2778/165
f 4133/2073/165 4132/2778/165 4129/2069/165
f 4134/1257/2080 4135/1870/2080 4136/2779/2080
f 4137/2780/2080 4136/2779/2080 4135/1870/2080
f 4135/1870/159 4138/1870/159 4137/2780/159
f 4139/1869/2080 4137/2780/2080 4138/1870/2080
f 4137/2780/2080 4139/1869/2080 4140/2777/2080
f 4141/851/3027 4142/852/3027 4143/2781/3027
f 4144/1780/3028 4143/2781/3028 4142/852/3028
f 4145/1811/612 4146/846/612 4147/1873/612
f 4148/847/612 4147/1873/612 4146/846/612
f 4149/2204/3029 4150/2205/3029 4151/2458/3029
f 4152/2774/3030 4151/2458/3030 4150/2205/3030
f 4153/2760/3031 4154/2758/3031 4155/2759/3031
f 4156/2757/3032 4155/2759/3032 4154/2758/3032
f 4157/1329/1151 4158/1327/1151 4159/1328/1151
f 4160/1326/1151 4159/1328/1151 4158/1327/1151
f 4161/2782/158 4162/2783/158 4163/2784/158
f 4164/2452/158 4163/2784/158 4162/2783/158
f 4165/2452/3033 4166/2783/3033 4167/2450/3033
f 4168/2785/3033 4167/2450/3033 4166/2783/3033
f 4169/1148/3034 4170/2468/3034 4171/1161/3034
f 4172/2786/3034 4171/1161/3034 4170/2468/3034
f 4173/2787/158 4174/2788/158 4175/2789/158
f 4176/2790/158 4175/2789/158 4174/2788/158
f 4176/2790/3035 4174/2788/3035 4177/2791/3035
f 4178/2792/3035 4177/2791/3035 4174/2788/3035
f 4177/2791/445 4178/2792/445 4179/2793/445
f 4180/2794/445 4179/2793/445 4178/2792/445
f 4174/2788/3036 4181/2795/3036 4178/2792/3036
f 4182/2796/3036 4178/2792/3036 4181/2795/3036
f 4177/2791/3037 4183/2797/3037 4176/2790/3037
f 4184/2798/3037 4176/2790/3037 4183/2797/3037
f 4185/420/3038 4186/2682/3038 4187/418/3038
f 4188/2799/3038 4187/418/3038 4186/2682/3038
f 4187/418/3038 4188/2799/3038 4189/416/3038
f 4190/2800/3038 4189/416/3038 4188/2799/3038
f 4189/416/3038 4190/2800/3038 4191/414/3038
f 4192/2801/3038 4191/414/3038 4190/2800/3038
f 4191/414/3038 4192/2801/3038 4193/412/3039
f 4194/2802/3040 4193/412/3039 4192/2801/3038
f 4193/412/3039 4194/2802/3040 4195/410/3038
f 4196/2803/3038 4195/410/3038 4194/2802/3040
f 875/740/3041 876/741/3041 4197/2804/3041
f 878/310/3042 4197/2804/3042 876/741/3042
f 4197/2804/3043 878/310/3043 4198/2805/3043
f 4199/308/3044 4198/2805/3044 878/310/3044
f 4200/428/3045 4201/432/3045 4202/360/3045
f 4203/432/3045 4202/360/3045 4201/432/3045
f 4201/432/3045 4204/433/3045 4203/432/3045
f 4205/433/3045 4203/432/3045 4204/433/3045
f 4206/433/3046 4207/441/3046 4208/433/3046
f 4209/441/3047 4208/433/3046 4207/441/3046
f 4207/441/3046 4210/540/3047 4209/441/3047
f 4211/440/3047 4209/441/3047 4210/540/3047
f 4212/2398/3048 4213/2400/3048 4214/2399/3048
f 4215/2401/3049 4214/2399/3049 4213/2400/3049
f 4214/2399/3050 4215/2401/3050 4216/2402/3050
f 4217/1914/3051 4218/2806/3051 4219/1958/3051
f 4220/2807/3051 4219/1958/3051 4218/2806/3051
f 739/624/3052 741/626/3052 4221/2808/3052
f 743/628/3053 4221/2808/3053 741/626/3053
f 4221/2808/3054 743/628/3054 3598/2483/3054
f 4222/2459/3055 4223/2809/3055 4224/2458/3055
f 4225/2204/3056 4224/2458/3056 4223/2809/3056
f 4226/1175/280 4227/1199/280 4228/1176/280
f 4229/1187/280 4228/1176/280 4227/1199/280
f 4227/1199/280 4230/1198/280 4229/1187/280
f 4231/1188/280 4229/1187/280 4230/1198/280
f 4230/1198/280 4232/1196/280 4231/1188/280
f 4233/1190/280 4231/1188/280 4232/1196/280
f 4232/1196/280 4234/1194/280 4233/1190/280
f 4235/1192/280 4233/1190/280 4234/1194/280
f 4236/2810/3057 4237/2811/3057 4238/2812/3057
f 4239/2813/3057 4238/2812/3057 4237/2811/3057
f 4238/2812/3058 4239/2813/3058 4240/2814/3058
f 4241/2815/3058 4240/2814/3058 4239/2813/3058
f 4240/2814/3059 4241/2815/3059 4242/2816/3059
f 4243/2817/3059 4242/2816/3059 4241/2815/3059
f 4242/2816/3060 4243/2817/3060 4244/2818/3060
f 4245/2819/3060 4244/2818/3060 4243/2817/3060
f 4244/2818/3061 4245/2819/3061 4246/2820/3061
f 4247/2821/3061 4246/2820/3061 4245/2819/3061
f 4246/2820/3062 4247/2821/3062 4248/2822/3062
f 4249/2823/3062 4248/2822/3062 4247/2821/3062
f 4248/2822/3063 4249/2823/3063 4250/2824/3063
f 4251/2825/3063 4250/2824/3063 4249/2823/3063
f 4252/1280/3064 4253/2331/3064 4254/1278/3064
f 4255/2330/3065 4254/1278/3065 4253/2331/3065
f 4256/573/3066 4257/564/3066 4258/573/3066
f 4259/564/3066 4258/573/3066 4257/564/3066
f 4257/564/3066 4260/409/3066 4259/564/3066
f 4261/409/3066 4259/564/3066 4260/409/3066
f 4262/356/3067 4263/2575/3067 4264/355/3067
f 4265/2573/3068 4264/355/3068 4263/2575/3068
f 4266/2826/3069 4267/2827/3069 4268/2828/3070
f 4269/2829/3071 4268/2828/3070 4267/2827/3069
f 4268/2828/3072 4269/2829/3072 4270/2830/3073
f 4271/2831/3074 4270/2830/3074 4269/2829/3075
f 4270/2830/3076 4271/2831/3076 4272/2832/3077
f 4273/2833/3078 4272/2832/3079 4271/2831/3080
f 4272/2832/159 4273/2833/3081 4274/2834/159
f 4275/2835/3082 4274/2834/159 4273/2833/3081
f 4274/2834/3083 4275/2835/3083 4276/2836/3084
f 4277/2837/3085 4276/2836/3085 4275/2835/3086
f 4276/2836/3087 4277/2837/3087 4278/2838/3087
f 4279/2839/3088 4278/2838/3088 4277/2837/3089
f 4278/2838/3090 4279/2839/3090 4280/2840/3091
f 4281/2841/3091 4280/2840/3091 4279/2839/3090
f 4267/2827/3092 4282/2842/3093 4269/2829/3093
f 4283/2843/3094 4269/2829/3093 4282/2842/3093
f 4269/2829/3075 4283/2843/3075 4271/2831/3074
f 4284/2844/3095 4271/2831/3095 4283/2843/3096
f 4271/2831/3080 4284/2844/3080 4273/2833/3078
f 4285/2845/3097 4273/2833/3098 4284/2844/3099
f 4273/2833/3081 4285/2845/3081 4275/2835/3082
f 4286/2846/3100 4275/2835/3082 4285/2845/3081
f 4275/2835/3086 4286/2846/3086 4277/2837/3085
f 4287/2847/3101 4277/2837/3102 4286/2846/3103
f 4277/2837/3089 4287/2847/3089 4279/2839/3088
f 4288/2848/3104 4279/2839/3104 4287/2847/3105
f 4279/2839/3106 4288/2848/3107 4281/2841/3107
f 4289/2849/3107 4281/2841/3107 4288/2848/3107
f 4282/2842/3108 4290/2850/3109 4283/2843/3109
f 4291/2851/3110 4283/2843/3109 4290/2850/3109
f 4283/2843/3096 4291/2851/3096 4284/2844/3095
f 4292/2852/3111 4284/2844/3112 4291/2851/3113
f 4284/2844/3099 4292/2852/3114 4285/2845/3097
f 4293/2853/3115 4285/2845/3116 4292/2852/3117
f 4285/2845/3081 4293/2853/3118 4286/2846/3100
f 4294/2854/3119 4286/2846/3100 4293/2853/3118
f 4286/2846/3103 4294/2854/3103 4287/2847/3101
f 4295/2855/3120 4287/2847/3120 4294/2854/3121
f 4287/2847/3105 4295/2855/3105 4288/2848/3104
f 4290/2850/3122 4296/2856/3123 4291/2851/3123
f 4297/2857/3124 4291/2851/3123 4296/2856/3123
f 4291/2851/3113 4297/2857/3113 4292/2852/3111
f 4298/2858/3125 4292/2852/3126 4297/2857/3125
f 4292/2852/3117 4298/2858/3127 4293/2853/3115
f 4299/2859/3128 4293/2853/3129 4298/2858/3128
f 4293/2853/3118 4299/2859/3130 4294/2854/3119
f 4295/2855/3120 4294/2854/3121 4299/2859/3131
f 4296/2856/3132 4300/2860/3132 4297/2857/3132
f 4301/2861/3133 4297/2857/3132 4300/2860/3132
f 4297/2857/3125 4301/2861/3125 4298/2858/3125
f 4302/2862/3134 4298/2858/3134 4301/2861/3135
f 4298/2858/3128 4302/2862/3128 4299/2859/3128
f 4300/2860/3136 4303/2863/3136 4301/2861/3136
f 4304/2864/3136 4301/2861/3136 4303/2863/3136
f 4301/2861/3135 4304/2864/3135 4302/2862/3134
f 4305/483/3137 4306/482/3137 4307/2865/3137
f 4308/1801/3138 4307/2865/3138 4306/482/3138
f 4307/2865/3139 4308/1801/3139 4309/2866/3139
f 4310/1799/3140 4309/2866/3140 4308/1801/3140
f 4309/2866/3141 4310/1799/3141 4311/2867/3141
f 4312/1797/3142 4311/2867/3142 4310/1799/3142
f 4311/2867/3143 4312/1797/3143 4313/2868/3143
f 4314/1795/3144 4313/2868/3144 4312/1797/3144
f 4313/2868/3145 4314/1795/3145 4315/2869/3145
f 4316/1792/3146 4315/2869/3146 4314/1795/3146
f 4315/2869/3147 4316/1792/3147 4317/2870/3147
f 4318/1791/3148 4317/2870/3148 4316/1792/3148
f 4319/1884/1928 4320/2871/1928 4321/679/1928
f 4322/678/1928 4321/679/1928 4320/2871/1928
f 4323/2872/3149 4324/1900/3149 4325/2873/3149
f 4326/2314/3150 4325/2873/3150 4324/1900/3150
f 4325/2873/3151 4326/2314/3151 4327/2874/3151
f 4328/710/3152 4327/2874/3152 4326/2314/3152
f 4327/2874/3153 4328/710/3154 4329/2875/3155
f 4330/711/3156 4329/2875/3155 4328/710/3154
f 4329/2875/3157 4330/711/3158 4331/2876/3159
f 4332/2326/3160 4331/2876/3159 4330/711/3158
f 4331/2876/3161 4332/2326/3161 4333/2877/3161
f 4334/2327/3162 4333/2877/3162 4332/2326/3162
f 4333/2877/3163 4334/2327/3163 4335/2878/3163
f 4336/2310/3164 4335/2878/3164 4334/2327/3164
f 4329/2875/3165 4331/2876/3165 4337/2556/3165
f 4333/2877/3166 4337/2556/3166 4331/2876/3166
f 4337/2556/3167 4333/2877/3167 4338/2557/3167
f 4335/2878/3168 4338/2557/3168 4333/2877/3168
f 4338/2557/3169 4335/2878/3169 4339/2558/3169
f 4337/2556/3170 4340/2551/3170 4329/2875/3170
f 4341/2550/3171 4329/2875/3171 4340/2551/3171
f 4329/2875/3172 4341/2550/3172 4327/2874/3172
f 4342/2552/3173 4327/2874/3173 4341/2550/3173
f 4327/2874/3174 4342/2552/3174 4325/2873/3174
f 4343/1220/3175 4344/1219/3175 4345/1213/3175
f 4346/1957/3175 4345/1213/3175 4344/1219/3175
f 4347/717/818 4348/805/818 4349/240/818
f 4350/1007/818 4349/240/818 4348/805/818
f 4351/2258/3176 4352/725/3176 4353/2879/3176
f 4354/2880/3177 4353/2879/3177 4352/725/3177
f 4352/725/3178 4355/723/3178 4354/2880/3178
f 4356/2881/3179 4354/2880/3179 4355/723/3179
f 4355/723/3180 4357/2055/3180 4356/2881/3180
f 4358/2882/3181 4356/2881/3181 4357/2055/3181
f 4357/2055/3182 4359/2053/3182 4358/2882/3182
f 4360/2883/3183 4358/2882/3183 4359/2053/3183
f 4359/2053/3184 4361/1023/3184 4360/2883/3184
f 4362/2884/3185 4360/2883/3185 4361/1023/3185
f 4361/1023/3186 4363/1021/3186 4362/2884/3186
f 4364/2885/3187 4362/2884/3187 4363/1021/3187
f 4365/1964/3188 4366/1312/3188 4367/1966/3188
f 4368/1314/3189 4367/1966/3189 4366/1312/3189
f 4369/2886/445 4370/2086/445 4371/2887/445
f 4372/2888/445 4371/2887/445 4370/2086/445
f 4373/814/439 4374/816/439 4375/815/439
f 4376/817/440 4375/815/440 4374/816/440
f 4375/815/3190 4376/817/3190 4377/1896/3190
f 4378/819/442 4377/1896/442 4376/817/442
f 4377/1896/443 4378/819/443 4379/1895/443
f 4380/1894/444 4379/1895/444 4378/819/444
f 4378/819/445 4376/817/445 4381/818/445
f 4374/816/445 4381/818/445 4376/817/445
f 4381/818/213 4374/816/213 4382/605/213
f 4383/820/213 4382/605/213 4374/816/213
f 4382/605/213 4383/820/213 4384/821/213
f 4378/819/445 4381/818/445 4385/603/445
f 4382/605/213 4385/603/213 4381/818/213
f 4385/603/213 4382/605/213 4386/604/213
f 4387/606/213 4386/604/213 4382/605/213
f 4386/604/213 4387/606/213 4388/610/213
f 4388/610/213 4389/609/213 4386/604/213
f 4390/602/213 4386/604/213 4389/609/213
f 4386/604/213 4390/602/213 4385/603/213
f 4391/601/445 4385/603/445 4390/602/445
f 4385/603/445 4391/601/445 4378/819/445
f 4380/1894/446 4378/819/446 4391/601/446
f 4389/609/213 4392/608/213 4390/602/213
f 4393/600/445 4390/602/445 4392/608/445
f 4390/602/445 4393/600/445 4391/601/445
f 4394/597/445 4391/601/445 4393/600/445
f 4391/601/447 4394/597/447 4395/1893/447
f 4392/608/213 4389/609/213 4396/611/213
f 4397/612/213 4396/611/213 4389/609/213
f 4384/821/213 4398/607/213 4382/605/213
f 4387/606/213 4382/605/213 4398/607/213
f 4399/2889/158 4400/2890/158 4401/2084/158
f 4402/2891/158 4401/2084/158 4400/2890/158
f 4403/1985/3191 4404/2806/3192 4405/1915/3193
f 4406/1914/3194 4405/1915/3193 4404/2806/3192
f 4407/2892/165 4408/2893/165 4409/2894/165
f 4410/2895/165 4409/2894/165 4408/2893/165
f 4408/2893/3195 4411/2896/3195 4410/2895/3195
f 4412/2897/3195 4410/2895/3195 4411/2896/3195
f 4411/2896/3196 4413/2898/3196 4412/2897/3197
f 4414/2899/3197 4412/2897/3197 4413/2898/3196
f 4413/2898/3198 4415/2900/3198 4414/2899/3199
f 4416/2901/3199 4414/2899/3199 4415/2900/3198
f 4415/2900/3200 4417/2902/3200 4416/2901/3201
f 4418/2903/3201 4416/2901/3201 4417/2902/3200
f 4417/2902/159 4419/2904/159 4418/2903/159
f 4420/2905/159 4418/2903/159 4419/2904/159
f 4421/1996/159 4422/1915/159 4423/1960/159
f 4424/1914/159 4423/1960/159 4422/1915/159
f 4425/2906/3202 4426/2907/3202 4427/2908/3202
f 4428/1179/3202 4427/2908/3202 4426/2907/3202
f 4426/2907/3203 4429/2909/3203 4428/1179/3204
f 4430/2910/3204 4428/1179/3204 4429/2909/3203
f 4429/2909/3205 4431/2911/3205 4430/2910/3206
f 4432/1173/3206 4430/2910/3206 4431/2911/3205
f 4431/2911/3207 4433/2912/3207 4432/1173/3207
f 4434/2913/3207 4432/1173/3207 4433/2912/3207
f 4435/1018/3208 4436/2489/3209 4437/2487/3210
f 4438/2488/3211 4437/2487/3210 4436/2489/3209
f 4437/2487/3210 4438/2488/3211 4439/2914/3209
f 4440/2490/3211 4439/2914/3209 4438/2488/3211
f 4439/2914/3209 4440/2490/3211 4441/2915/3209
f 4442/2346/3209 4441/2915/3209 4440/2490/3211
f 4441/2915/3209 4442/2346/3209 4443/2471/3210
f 4444/2348/3210 4443/2471/3210 4442/2346/3209
f 4443/2471/3210 4444/2348/3210 4445/2472/3210
f 4446/2916/3210 4445/2472/3210 4444/2348/3210
f 4447/1270/3212 4448/1992/3212 4449/1272/3212
f 4450/1992/3213 4449/1272/3213 4448/1992/3213
f 4451/2404/1082 4452/1185/1082 4453/1810/1082
f 4454/2251/1082 4453/1810/1082 4452/1185/1082
f 4455/1914/159 4456/1915/159 4457/1960/159
f 4458/1996/159 4457/1960/159 4456/1915/159
f 4459/2371/3214 4460/2351/3214 4461/2372/3214
f 4462/2350/3215 4461/2372/3215 4460/2351/3215
f 4463/1027/3216 4464/1026/3216 4465/1252/3216
f 4466/1286/3217 4465/1252/3217 4464/1026/3217
f 4268/2828/3072 4270/2830/3073 4467/2917/3073
f 4468/2918/3218 4467/2917/3219 4270/2830/3219
f 4467/2917/3219 4468/2918/3218 4469/2919/3218
f 4470/2920/3082 4469/2919/3220 4468/2918/3082
f 4469/2919/3221 4470/2920/3221 4471/2921/3222
f 4472/2922/3223 4471/2921/3224 4470/2920/3224
f 4471/2921/3225 4472/2922/3225 4473/2923/3226
f 4474/2924/3227 4473/2923/3227 4472/2922/3227
f 4473/2923/3228 4474/2924/3229 4475/2925/3229
f 4476/2926/3229 4475/2925/3229 4474/2924/3229
f 4468/2918/3082 4272/2832/159 4470/2920/3082
f 4274/2834/159 4470/2920/3082 4272/2832/159
f 4470/2920/3224 4274/2834/3230 4472/2922/3223
f 4276/2836/3084 4472/2922/3231 4274/2834/3083
f 4472/2922/3227 4276/2836/3232 4474/2924/3227
f 4278/2838/3087 4474/2924/3087 4276/2836/3087
f 4474/2924/3233 4278/2838/3233 4476/2926/3233
f 4280/2840/3234 4476/2926/3233 4278/2838/3233
f 4477/1191/1068 4478/2927/1068 4479/1189/1068
f 4480/2928/1068 4479/1189/1068 4478/2927/1068
f 4475/2925/3235 4481/2929/3235 4473/2923/3235
f 4482/2930/3235 4473/2923/3235 4481/2929/3235
f 4473/2923/3226 4482/2930/3226 4471/2921/3225
f 4483/2931/3236 4471/2921/3236 4482/2930/3237
f 4471/2921/3222 4483/2931/3222 4469/2919/3221
f 4481/2929/3238 4484/2932/3238 4482/2930/3238
f 4485/2933/3238 4482/2930/3238 4484/2932/3238
f 4482/2930/3237 4485/2933/3237 4483/2931/3236
f 2615/1977/3239 4486/2934/3239 2614/1976/3239
f 4487/2935/3239 2614/1976/3239 4486/2934/3239
f 4488/2936/3240 4489/1329/3241 4490/2937/3241
f 4491/1328/3241 4490/2937/3241 4489/1329/3241
f 4492/2938/3242 4493/2939/3242 4494/2940/3242
f 4495/2941/3242 4494/2940/3242 4493/2939/3242
f 4494/2940/3243 4495/2941/3243 4496/2942/3243
f 4497/2943/158 4496/2942/158 4495/2941/158
f 4496/2942/280 4497/2943/280 4498/2944/280
f 4499/2945/280 4498/2944/280 4497/2943/280
f 4498/2944/445 4499/2945/445 3396/2422/445
f 3394/2420/445 3396/2422/445 4499/2945/445
f 4493/2939/158 4500/2946/158 4495/2941/158
f 4501/2947/158 4495/2941/158 4500/2946/158
f 4495/2941/158 4501/2947/158 4497/2943/158
f 4500/2946/158 4502/2948/158 4501/2947/158
f 4503/2949/158 4501/2947/158 4502/2948/158
f 4503/2949/158 4502/2948/158 4504/2950/158
f 4505/2951/158 4504/2950/158 4502/2948/158
f 4504/2950/3244 4505/2951/3244 4506/2952/3244
f 4507/2953/3244 4506/2952/3244 4505/2951/3244
f 4506/2952/3245 4508/2954/3245 4504/2950/3245
f 4509/2955/3245 4504/2950/3245 4508/2954/3245
f 4504/2950/158 4509/2955/158 4503/2949/158
f 4510/575/619 4511/577/619 4512/576/619
f 4513/578/620 4512/576/620 4511/577/620
f 4512/576/158 4513/578/158 4514/583/158
f 4515/580/158 4514/583/158 4513/578/158
f 4514/583/158 4515/580/158 4516/584/158
f 4517/585/158 4516/584/158 4515/580/158
f 4516/584/158 4517/585/158 4518/587/158
f 4519/588/158 4518/587/158 4517/585/158
f 4518/587/158 4519/588/158 4520/594/158
f 4521/595/280 4520/594/280 4519/588/280
f 4520/594/280 4521/595/280 4522/598/280
f 4523/599/280 4522/598/280 4521/595/280
f 4519/588/280 4524/596/280 4521/595/280
f 4394/597/280 4521/595/280 4524/596/280
f 4521/595/280 4394/597/280 4523/599/280
f 4393/600/445 4523/599/445 4394/597/445
f 4523/599/448 4393/600/448 4525/1273/448
f 4526/1274/448 4525/1273/448 4393/600/448
f 4526/1274/280 4393/600/280 4527/1275/280
f 4392/608/445 4527/1275/445 4393/600/445
f 4527/1275/1121 4392/608/1121 4528/1276/1121
f 4529/1277/1121 4528/1276/1121 4392/608/1121
f 4516/584/158 4518/587/158 4530/589/158
f 4531/590/158 4530/589/158 4518/587/158
f 4530/589/158 4531/590/158 4532/1283/158
f 4533/1282/1118 4532/1283/1118 4531/590/1118
f 4518/587/280 4534/591/280 4531/590/280
f 4535/592/280 4531/590/280 4534/591/280
f 4531/590/1118 4535/592/1118 4533/1282/1118
f 4534/591/1117 4518/587/1117 4536/593/1117
f 4520/594/1117 4536/593/1117 4518/587/1117
f 4537/1193/1071 4538/2956/1071 4539/1191/1071
f 4540/2927/1071 4539/1191/1071 4538/2956/1071
f 4541/2957/3246 4542/1915/3247 4543/2958/3248
f 4544/1914/3249 4543/2958/3248 4542/1915/3247
f 4545/2073/159 4546/2069/159 4547/2072/159
f 4548/2071/159 4547/2072/159 4546/2069/159
f 4548/2071/159 4546/2069/159 4549/2070/159
f 4550/2068/159 4549/2070/159 4546/2069/159
f 4551/2026/3250 4552/2959/3250 4553/1997/3250
f 4554/1998/3251 4553/1997/3251 4552/2959/3251
f 4555/1960/3252 4556/1959/3252 4557/1914/3252
f 4558/1958/3252 4557/1914/3252 4556/1959/3252
f 4559/2960/2635 4560/2961/2635 4561/2962/2635
f 4562/2963/2636 4561/2962/2636 4560/2961/2636
f 4560/2961/2637 4563/2964/2637 4562/2963/2637
f 4564/2965/3253 4562/2963/3253 4563/2964/3253
f 4562/2963/3254 4564/2965/3254 4565/2966/3254
f 4566/2889/3255 4567/2084/3255 4568/2886/3255
f 4569/2086/3255 4568/2886/3255 4567/2084/3255
f 4570/1914/3256 4571/1915/3257 4572/2958/3258
f 4573/2957/3259 4572/2958/3258 4571/1915/3257
f 4574/1983/3260 4575/1915/3260 4576/1984/3260
f 4577/1985/3260 4576/1984/3260 4575/1915/3260
f 4578/1985/3261 4579/1915/3262 4580/2806/3263
f 4581/1914/3264 4580/2806/3263 4579/1915/3262
f 4582/522/393 4583/524/393 4584/523/393
f 4585/525/393 4584/523/393 4583/524/393
f 4586/695/158 4587/696/158 4588/1227/158
f 4589/1324/158 4588/1227/158 4587/696/158
f 4590/2936/3240 4591/2937/3241 4592/1329/3241
f 4593/1328/3241 4592/1329/3241 4591/2937/3241
f 4594/2033/3265 4595/2967/3265 4596/2034/3265
f 4597/2968/3266 4596/2034/3266 4595/2967/3266
f 4598/2969/3267 4599/2970/3267 4600/2971/3267
f 4601/2972/3268 4600/2971/3268 4599/2970/3268
f 4600/2971/3269 4601/2972/3269 4602/2973/3269
f 4603/2974/3270 4602/2973/3270 4601/2972/3270
f 4602/2973/3271 4603/2974/3271 4604/2975/3271
f 4605/2976/3272 4604/2975/3272 4603/2974/3272
f 4604/2975/3273 4605/2976/3273 4606/2977/3273
f 4607/2978/3274 4606/2977/3274 4605/2976/3274
f 4606/2977/3275 4607/2978/3275 4608/2979/3275
f 4609/2980/3276 4608/2979/3276 4607/2978/3276
f 4608/2979/3277 4609/2980/3277 4610/2981/3277
f 4611/2982/3278 4610/2981/3278 4609/2980/3278
f 4599/2970/3279 4612/2983/3279 4601/2972/3279
f 4613/2984/3280 4601/2972/3280 4612/2983/3280
f 4601/2972/3281 4613/2984/3281 4603/2974/3281
f 4614/2985/3282 4603/2974/3282 4613/2984/3282
f 4603/2974/3283 4614/2985/3283 4605/2976/3283
f 4607/2978/3284 4605/2976/3284 4614/2985/3284
f 4612/2983/3285 4615/2986/3285 4613/2984/3285
f 4616/2987/3286 4613/2984/3286 4615/2986/3286
f 4613/2984/3287 4616/2987/3287 4614/2985/3287
f 4617/2988/3288 4614/2985/3288 4616/2987/3288
f 4614/2985/3289 4617/2988/3289 4607/2978/3289
f 4609/2980/3290 4607/2978/3290 4617/2988/3290
f 4615/2986/3291 4618/2989/3291 4616/2987/3291
f 4619/2990/3292 4616/2987/3292 4618/2989/3292
f 4616/2987/3293 4619/2990/3293 4617/2988/3293
f 4620/2991/3294 4617/2988/3294 4619/2990/3294
f 4617/2988/3295 4620/2991/3295 4609/2980/3295
f 4611/2982/3296 4609/2980/3296 4620/2991/3296
f 4618/2989/3297 4621/2992/3297 4619/2990/3297
f 4622/2993/3298 4619/2990/3298 4621/2992/3298
f 4619/2990/3299 4622/2993/3299 4620/2991/3299
f 4623/2994/3300 4620/2991/3300 4622/2993/3300
f 4620/2991/3301 4623/2994/3301 4611/2982/3301
f 4621/2992/3302 4624/2995/3302 4622/2993/3302
f 4625/2996/3303 4622/2993/3303 4624/2995/3303
f 4622/2993/3304 4625/2996/3304 4623/2994/3304
f 4625/2996/3305 4624/2995/3305 4626/2997/3305
f 4627/2998/3306 4626/2997/3306 4624/2995/3306
f 4626/2997/3307 4627/2998/3307 4628/2999/3307
f 4629/3000/3308 4628/2999/3308 4627/2998/3308
f 4628/2999/3309 4629/3000/3309 4630/3001/3309
f 4631/3002/3310 4630/3001/3310 4629/3000/3310
f 4630/3001/3311 4631/3002/3311 4632/3003/3311
f 4633/3004/3312 4632/3003/3312 4631/3002/3312
f 4632/3003/3313 4633/3004/3313 4634/3005/3313
f 4635/3006/3314 4634/3005/3314 4633/3004/3314
f 4634/3005/3315 4635/3006/3315 3811/2628/3315
f 3809/2626/3315 3811/2628/3315 4635/3006/3315
f 4624/2995/3316 4636/3007/3316 4627/2998/3316
f 4637/3008/3317 4627/2998/3317 4636/3007/3317
f 4627/2998/3318 4637/3008/3318 4629/3000/3318
f 4638/3009/3319 4629/3000/3319 4637/3008/3319
f 4629/3000/3320 4638/3009/3320 4631/3002/3320
f 4639/3010/3321 4631/3002/3321 4638/3009/3321
f 4631/3002/3322 4639/3010/3322 4633/3004/3322
f 4640/3011/3323 4633/3004/3323 4639/3010/3323
f 4633/3004/3324 4640/3011/3324 4635/3006/3324
f 3807/2624/3325 4635/3006/3325 4640/3011/3325
f 4635/3006/2792 3807/2624/2792 3809/2626/2792
f 4636/3007/3326 4641/3012/3326 4637/3008/3326
f 4642/3013/3327 4637/3008/3327 4641/3012/3327
f 4637/3008/3328 4642/3013/3328 4638/3009/3328
f 4643/3014/3329 4638/3009/3329 4642/3013/3329
f 4638/3009/3330 4643/3014/3330 4639/3010/3331
f 4644/3015/3332 4639/3010/3331 4643/3014/3330
f 4639/3010/3333 4644/3015/3333 4640/3011/3333
f 3805/2622/3334 4640/3011/3334 4644/3015/3334
f 4640/3011/3335 3805/2622/3335 3807/2624/3335
f 4641/3012/3336 4645/3016/3336 4642/3013/3336
f 4646/3017/3337 4642/3013/3337 4645/3016/3337
f 4642/3013/3338 4646/3017/3338 4643/3014/3338
f 4647/3018/3339 4643/3014/3340 4646/3017/3340
f 4643/3014/3340 4647/3018/3339 4648/3019/3341
f 4649/3020/3342 4648/3019/3342 4647/3018/3342
f 4648/3019/3343 4649/3020/3343 4650/3021/3343
f 4651/3022/3344 4650/3021/3344 4649/3020/3344
f 4650/3021/3345 4651/3022/3345 4652/3023/3345
f 4653/3024/3346 4652/3023/3346 4651/3022/3346
f 4652/3023/3347 4653/3024/3347 4654/3025/3347
f 4655/3026/3348 4654/3025/3348 4653/3024/3348
f 4654/3025/3349 4655/3026/3349 3789/2606/3349
f 4656/3027/3350 3789/2606/3350 4655/3026/3350
f 4645/3016/3351 4657/3028/3351 4646/3017/3351
f 4658/3029/3352 4646/3017/3352 4657/3028/3352
f 4646/3017/3353 4658/3029/3353 4647/3018/3353
f 4659/3030/3354 4647/3018/3354 4658/3029/3354
f 4647/3018/3355 4659/3030/3355 4649/3020/3355
f 4660/3031/3356 4649/3020/3356 4659/3030/3356
f 4649/3020/3357 4660/3031/3357 4651/3022/3357
f 4661/3032/3358 4651/3022/3358 4660/3031/3358
f 4651/3022/3358 4661/3032/3358 4653/3024/3358
f 4662/3033/3359 4653/3024/3359 4661/3032/3359
f 4653/3024/3360 4662/3033/3360 4663/3034/3360
f 4657/3028/3361 4664/3035/3361 4658/3029/3361
f 4665/3036/3362 4658/3029/3362 4664/3035/3362
f 4658/3029/3363 4665/3036/3363 4659/3030/3363
f 4666/3037/3364 4659/3030/3364 4665/3036/3364
f 4659/3030/3365 4666/3037/3365 4660/3031/3365
f 4667/3038/3366 4660/3031/3366 4666/3037/3366
f 4660/3031/3366 4667/3038/3366 4661/3032/3366
f 4662/3033/3367 4661/3032/3367 4667/3038/3367
f 4664/3035/3368 4668/3039/3369 4665/3036/3369
f 4666/3037/3370 4665/3036/3369 4668/3039/3369
f 4668/3039/3371 4669/3040/3371 4666/3037/3371
f 4667/3038/3372 4666/3037/3372 4669/3040/3372
f 4670/3041/3373 4671/2034/3373 4672/3042/3373
f 4673/2036/1115 4672/3042/1115 4671/2034/1115
f 4674/2358/3374 4675/1890/3374 4676/2337/3374
f 4677/2337/3375 4676/2337/3375 4675/1890/3375
f 4678/2776/3376 4679/1871/3377 4680/1937/3377
f 4681/1885/3377 4680/1937/3377 4679/1871/3377
f 4653/3024/3378 4663/3034/3378 4655/3026/3378
f 4682/3043/3379 4655/3026/3379 4663/3034/3379
f 4655/3026/3380 4682/3043/3380 4656/3027/3380
f 4683/3044/3381 4656/3027/3381 4682/3043/3381
f 4656/3027/3382 4683/3044/3382 4684/3045/3382
f 4685/3046/3383 4684/3045/3383 4683/3044/3383
f 4684/3045/3384 4685/3046/3384 4686/3047/3384
f 4687/3048/3385 4686/3047/3385 4685/3046/3385
f 4686/3047/3386 4687/3048/3386 4688/3049/3386
f 4689/3050/3387 4688/3049/3387 4687/3048/3387
f 4688/3049/3388 4689/3050/3388 3777/2594/3388
f 4690/3051/3389 3777/2594/3389 4689/3050/3389
f 3777/2594/3390 4690/3051/3390 3775/2592/3390
f 4691/3052/3391 3775/2592/3391 4690/3051/3391
f 3777/2594/3392 3778/2595/3392 4688/3049/3392
f 3783/2600/3393 4688/3049/3393 3778/2595/3393
f 4688/3049/3394 3783/2600/3394 4686/3047/3394
f 3785/2602/3395 4686/3047/3395 3783/2600/3395
f 4686/3047/3396 3785/2602/3396 4684/3045/3396
f 3787/2604/3397 4684/3045/3397 3785/2602/3397
f 4684/3045/3398 3787/2604/3398 4656/3027/3398
f 3789/2606/3399 4656/3027/3399 3787/2604/3399
f 4692/3053/1110 4693/2033/3400 4694/3041/3401
f 4695/2034/3402 4694/3041/3401 4693/2033/3400
f 4696/1049/3403 4697/1048/3403 4698/803/3403
f 4699/802/3404 4698/803/3404 4697/1048/3404
f 4700/2559/3405 4701/2444/3406 4702/2448/3407
f 4703/2446/3408 4702/2448/3407 4701/2444/3406
f 4704/2774/3409 4705/2560/3410 4706/2448/3410
f 4707/2559/3410 4706/2448/3410 4705/2560/3410
f 4708/2178/3411 4709/2180/3411 4710/2179/3411
f 4711/2181/158 4710/2179/158 4709/2180/158
f 4712/3054/159 4713/3055/159 4714/3056/159
f 4715/3057/159 4714/3056/159 4713/3055/159
f 4716/992/3412 4717/1307/3412 4718/1249/3412
f 4719/3058/3413 4718/1249/3413 4717/1307/3413
f 4720/3057/280 4721/3059/280 4722/3056/280
f 4723/3060/280 4722/3056/280 4721/3059/280
f 4724/2031/3414 4725/2727/3414 4726/2029/3414
f 4727/3061/3415 4726/2029/3415 4725/2727/3415
f 4728/2037/3416 4729/3062/3416 4730/2032/3416
f 4731/2726/3417 4730/2032/3417 4729/3062/3417
f 4732/2254/2887 4733/2255/2887 4734/552/2887
f 4735/551/2887 4734/552/2887 4733/2255/2887
f 4736/249/2945 4737/250/2945 4738/1069/2945
f 4739/1245/2945 4738/1069/2945 4737/250/2945
f 4740/2492/3418 4741/2493/3419 4742/3063/3420
f 4743/3064/3421 4742/3063/3420 4741/2493/3419
f 4744/1879/3422 4745/1880/3422 4746/1879/3422
f 4747/3065/3423 4746/1879/3423 4745/1880/3423
f 2065/1590/3424 2052/1577/3424 4748/3066/3424
f 4749/3067/3425 4748/3066/3425 2052/1577/3425
f 2052/1577/3426 2051/1576/3426 4749/3067/3426
f 2047/1572/3427 4749/3067/3427 2051/1576/3427
f 4749/3067/3428 2047/1572/3428 2046/1571/3428
f 4750/1326/445 4751/2203/445 4752/1328/445
f 4753/2202/445 4752/1328/445 4751/2203/445
f 4754/1027/3429 4755/1034/3429 4756/1029/3429
f 4757/1035/3430 4756/1029/3430 4755/1034/3430
f 4758/2390/3431 4759/2568/3431 4760/2056/3431
f 4761/2057/3432 4760/2056/3432 4759/2568/3432
f 3811/2628/3433 4762/3068/3433 4634/3005/3433
f 4763/3069/3434 4634/3005/3434 4762/3068/3434
f 4634/3005/3435 4763/3069/3436 4632/3003/3436
f 4630/3001/3437 4632/3003/3436 4763/3069/3436
f 4764/523/400 4765/525/400 4766/534/400
f 4767/535/400 4766/534/400 4765/525/400
f 4768/2953/3244 4769/2951/3244 4770/2952/3244
f 4771/2950/3244 4770/2952/3244 4769/2951/3244
f 4770/2952/3245 4771/2950/3245 4772/2954/3245
f 4773/2955/3245 4772/2954/3245 4771/2950/3245
f 4769/2951/445 4774/2948/445 4771/2950/445
f 4775/2949/445 4771/2950/445 4774/2948/445
f 4771/2950/445 4775/2949/445 4773/2955/445
f 4775/2949/445 4774/2948/445 4776/2947/445
f 4777/2946/445 4776/2947/445 4774/2948/445
f 4776/2947/445 4777/2946/445 4778/2941/445
f 4779/2939/445 4778/2941/445 4777/2946/445
f 4778/2941/3242 4779/2939/3242 4780/2940/3242
f 4781/2938/3242 4780/2940/3242 4779/2939/3242
f 4776/2947/445 4778/2941/445 4782/2943/445
f 4783/2942/445 4782/2943/445 4778/2941/445
f 4782/2943/280 4783/2942/280 4784/2944/280
f 4780/2940/3243 4784/2944/3243 4783/2942/3243
f 4782/2943/280 4784/2944/280 4785/2945/280
f 4786/2422/158 4785/2945/158 4784/2944/158
f 4785/2945/158 4786/2422/158 4787/2420/158
f 4788/2421/158 4787/2420/158 4786/2422/158
f 4787/2420/158 4788/2421/158 4789/2419/158
f 4790/2424/2539 4789/2419/2539 4788/2421/2539
f 4789/2419/2539 4790/2424/2539 4791/2426/2539
f 4786/2422/158 4792/2423/158 4788/2421/158
f 4793/2425/2540 4788/2421/2540 4792/2423/2540
f 4788/2421/2540 4793/2425/2540 4790/2424/2540
f 4794/3070/3438 4795/3071/3438 4796/3072/3438
f 4797/3073/3438 4796/3072/3438 4795/3071/3438
f 4798/224/803 4799/3074/803 4800/226/803
f 4801/2688/3439 4800/226/3439 4799/3074/3439
f 1989/1515/3440 1987/1233/3440 2001/1527/3440
f 2008/1534/3441 2001/1527/3441 1987/1233/3441
f 1987/1233/3442 4802/3075/3442 2008/1534/3442
f 4803/3076/3443 2008/1534/3443 4802/3075/3443
f 2008/1534/3444 4803/3076/3444 2015/1541/3444
f 4804/3077/3445 2015/1541/3445 4803/3076/3445
f 2015/1541/3446 4804/3077/3446 2018/1544/3446
f 4805/3078/3447 2018/1544/3447 4804/3077/3447
f 2018/1544/3447 4805/3078/3447 2027/1553/3447
f 4806/3079/3448 2027/1553/3448 4805/3078/3448
f 2027/1553/3449 4806/3079/3449 2030/1556/3449
f 2036/1562/3450 2030/1556/3450 4806/3079/3450
f 2030/1556/3451 2036/1562/3451 2032/1558/3451
f 4805/3078/3452 4807/3080/3452 4806/3079/3452
f 2038/1564/3453 4806/3079/3453 4807/3080/3453
f 4806/3079/3454 2038/1564/3454 2036/1562/3454
f 4807/3080/3455 4808/3081/3455 2038/1564/3455
f 2040/234/3456 2038/1564/3456 4808/3081/3456
f 4808/3081/3457 4809/3082/3457 2040/234/3457
f 4810/233/3458 2040/234/3458 4809/3082/3458
f 4811/1837/3459 4812/1843/3459 4813/985/3459
f 4814/984/3459 4813/985/3459 4812/1843/3459
f 4815/1999/868 4816/2000/868 4817/2033/868
f 4818/2967/868 4817/2033/868 4816/2000/868
f 4819/1775/3460 4820/2255/3460 4821/1939/3461
f 4822/2253/3461 4821/1939/3461 4820/2255/3460
f 4823/3083/165 4824/2032/165 4825/3083/165
f 4826/2032/165 4825/3083/165 4824/2032/165
f 4827/3084/3462 4828/1319/3462 4829/3085/3462
f 4830/1317/3462 4829/3085/3462 4828/1319/3462
f 4831/2037/3463 4832/3086/3463 4833/2036/3463
f 4834/3042/1098 4833/2036/1098 4832/3086/1098
f 3789/2606/3464 3790/2607/3464 4654/3025/3464
f 3799/2616/3465 4654/3025/3465 3790/2607/3465
f 4654/3025/3466 3799/2616/3466 4652/3023/3466
f 3801/2618/3467 4652/3023/3467 3799/2616/3467
f 4652/3023/3468 3801/2618/3468 4650/3021/3468
f 3803/2620/3469 4650/3021/3469 3801/2618/3469
f 4650/3021/3470 3803/2620/3471 4835/3087/3472
f 3805/2622/3473 4835/3087/3474 3803/2620/3475
f 4835/3087/3474 3805/2622/3473 4644/3015/3476
f 4644/3015/3477 4643/3014/3477 4835/3087/3477
f 4648/3019/3478 4835/3087/3478 4643/3014/3478
f 4835/3087/3472 4648/3019/3479 4650/3021/3470
f 4836/1760/3480 4837/3088/3480 4838/775/3480
f 4839/2467/3480 4838/775/3480 4837/3088/3480
f 2256/1767/3481 2258/1769/3481 4840/3089/3481
f 4841/3090/3482 4840/3089/3482 2258/1769/3482
f 4841/3090/3483 2258/1769/3483 4842/3091/3483
f 2260/1771/3484 4842/3091/3484 2258/1769/3484
f 4842/3091/3485 2260/1771/3485 4843/3092/3485
f 4843/3092/3486 4844/3093/3486 4842/3091/3486
f 4845/3094/3487 4842/3091/3487 4844/3093/3487
f 4842/3091/3488 4845/3094/3488 4841/3090/3488
f 3775/2592/3489 4691/3052/3489 3768/2585/3489
f 3767/2584/3490 3768/2585/3490 4691/3052/3490
f 4846/2207/3491 4847/2177/3491 4848/2460/3491
f 4849/3095/3492 4848/2460/3492 4847/2177/3492
f 4850/2457/3493 4851/3096/3493 4852/2456/3493
f 4853/2257/3494 4852/2456/3494 4851/3096/3494
f 4787/2420/158 4789/2419/158 4854/2418/158
f 4855/2417/158 4854/2418/158 4789/2419/158
f 4854/2418/158 4855/2417/158 4856/2416/158
f 4855/2417/158 4789/2419/158 4857/2427/158
f 4791/2426/2541 4857/2427/2541 4789/2419/2541
f 4857/2427/2541 4791/2426/2541 4858/2428/2541
f 4859/2490/2434 4860/2019/2434 4861/2346/2434
f 4862/2347/2434 4861/2346/2434 4860/2019/2434
f 4863/3097/445 4864/2395/445 4865/1874/445
f 4866/1873/445 4865/1874/445 4864/2395/445
f 4867/2271/159 4868/424/159 4869/2394/159
f 4870/426/159 4869/2394/159 4868/424/159
f 4871/3063/3495 4872/3098/3496 4873/2492/3495
f 4874/3099/3496 4873/2492/3495 4872/3098/3496
f 4511/577/1943 4875/579/1943 4513/578/1943
f 4515/580/1942 4513/578/1942 4875/579/1942
f 4875/579/1941 4876/581/1941 4515/580/1941
f 4877/582/1940 4515/580/1940 4876/581/1940
f 4515/580/1939 4877/582/1939 4517/585/1939
f 4878/586/1938 4517/585/1938 4877/582/1938
f 4517/585/1938 4878/586/1938 4519/588/1938
f 4879/3100/3497 4880/2916/3498 4881/2349/3499
f 4882/2348/3500 4881/2349/3499 4880/2916/3498
f 4883/3072/3501 4884/3073/3501 4885/3101/3501
f 4886/3102/3501 4885/3101/3501 4884/3073/3501
f 4624/2995/3502 4621/2992/3502 4636/3007/3502
f 4887/3103/3503 4636/3007/3503 4621/2992/3503
f 4636/3007/3504 4887/3103/3504 4641/3012/3504
f 4888/3104/3505 4641/3012/3505 4887/3103/3505
f 4641/3012/3506 4888/3104/3506 4645/3016/3506
f 4889/3105/3507 4645/3016/3507 4888/3104/3507
f 4645/3016/3508 4889/3105/3508 4657/3028/3508
f 4890/3106/3509 4657/3028/3509 4889/3105/3509
f 4657/3028/3510 4890/3106/3510 4664/3035/3510
f 4621/2992/3511 4618/2989/3511 4887/3103/3511
f 4891/3107/3512 4887/3103/3512 4618/2989/3512
f 4887/3103/3513 4891/3107/3513 4888/3104/3513
f 4892/3108/3514 4888/3104/3514 4891/3107/3514
f 4888/3104/3515 4892/3108/3515 4889/3105/3515
f 4893/3109/3516 4889/3105/3516 4892/3108/3516
f 4889/3105/3517 4893/3109/3517 4890/3106/3517
f 4618/2989/3518 4615/2986/3518 4891/3107/3518
f 4894/3110/3519 4891/3107/3519 4615/2986/3519
f 4891/3107/3520 4894/3110/3520 4892/3108/3520
f 4895/3111/3521 4892/3108/3521 4894/3110/3521
f 4892/3108/3522 4895/3111/3522 4893/3109/3522
f 4615/2986/3523 4612/2983/3523 4894/3110/3523
f 4896/3112/3524 4894/3110/3524 4612/2983/3524
f 4894/3110/3525 4896/3112/3525 4895/3111/3525
f 4897/2684/3526 4898/445/3526 4899/2685/3526
f 4900/443/3527 4899/2685/3527 4898/445/3527
f 4901/1785/2571 4902/2439/2571 4903/1786/2571
f 4904/2435/2571 4903/1786/2571 4902/2439/2571
f 4905/2462/165 4906/2463/165 4907/823/165
f 4908/3113/165 4907/823/165 4906/2463/165
f 4909/2036/3528 4910/3114/3528 4911/2037/3528
f 4912/3062/3529 4911/2037/3529 4910/3114/3529
f 4913/2509/158 4914/1221/158 4915/712/158
f 4916/713/158 4915/712/158 4914/1221/158
f 4917/1022/3530 4918/2052/3530 4919/2767/3207
f 4920/2770/3207 4919/2767/3207 4918/2052/3530
f 4918/2052/3531 4921/2054/3531 4920/2770/3206
f 4922/2771/3206 4920/2770/3206 4921/2054/3531
f 4921/2054/3532 4923/722/3532 4922/2771/3204
f 4924/2769/3204 4922/2771/3204 4923/722/3532
f 4923/722/3533 4925/724/3533 4924/2769/3202
f 4926/2768/3202 4924/2769/3202 4925/724/3533
f 4927/2034/3534 4928/2968/3534 4929/2036/3534
f 4930/3114/3535 4929/2036/3535 4928/2968/3535
f 4931/1914/3536 4932/1958/3536 4933/2806/3536
f 4934/2807/3536 4933/2806/3536 4932/1958/3536
f 4935/2959/3537 4936/2026/3537 4937/3061/3537
f 4938/2029/3538 4937/3061/3538 4936/2026/3538
f 4939/3115/3539 4940/2889/3539 4941/3116/3539
f 4942/2886/3539 4941/3116/3539 4940/2889/3539
f 4943/2450/445 4944/2785/445 4945/3117/445
f 4946/3118/445 4945/3117/445 4944/2785/445
f 4947/2473/3540 4948/271/3540 4949/2474/3540
f 4950/2300/3541 4949/2474/3541 4948/271/3541
f 4951/2183/280 4952/2182/280 4953/2180/280
f 4954/2181/280 4953/2180/280 4952/2182/280
f 4955/2258/3542 4956/2259/3542 4957/725/3542
f 4958/724/3543 4957/725/3543 4956/2259/3543
f 4959/1034/3544 4960/1027/3544 4961/1047/3544
f 4962/1252/3545 4961/1047/3545 4960/1027/3545
f 4963/402/3546 4964/549/3546 4965/1774/3546
f 4966/551/3547 4965/1774/3547 4964/549/3547
f 4967/454/2081 4968/431/2081 4969/3119/2081
f 4970/430/2081 4969/3119/2081 4968/431/2081
f 4969/3119/159 4970/430/159 4971/430/159
f 4969/3119/2081 4971/430/2081 4972/3120/2081
f 4973/1257/2081 4972/3120/2081 4971/430/2081
f 4974/3086/3548 4975/2037/3549 4976/3083/3550
f 4977/2032/1105 4976/3083/3550 4975/2037/3549
f 4978/2470/2556 4979/3121/2556 4980/1814/2556
f 4981/2440/2556 4980/1814/2556 4979/3121/2556
f 4982/2393/165 4983/427/165 4984/2273/165
f 4985/425/165 4984/2273/165 4983/427/165
f 4986/2463/3551 4987/1183/3551 4988/3113/3551
f 4989/2405/3551 4988/3113/3551 4987/1183/3551
f 4990/1040/3552 4991/1041/3552 4992/1001/3552
f 4993/999/3553 4992/1001/3553 4991/1041/3553
f 4994/1195/1101 4995/2711/1101 4996/1193/1101
f 4997/2956/1101 4996/1193/1101 4995/2711/1101
f 2014/1540/3554 2023/1549/3554 2205/1726/3554
f 2206/1727/3554 2205/1726/3554 2023/1549/3554
f 4998/3053/159 4999/2033/159 5000/3053/159
f 5001/2033/159 5000/3053/159 4999/2033/159
f 5002/1049/3555 5003/803/3555 5004/1311/3555
f 5005/1054/3556 5004/1311/3556 5003/803/3556
f 5006/1921/3557 5007/2057/3557 5008/1919/3557
f 5009/2568/3558 5008/1919/3558 5007/2057/3558
f 5010/522/1063 5011/543/1063 5012/524/1063
f 5013/544/1063 5012/524/1063 5011/543/1063
f 5014/672/2547 5015/673/2547 5016/1215/2547
f 5017/1216/2547 5016/1215/2547 5015/673/2547
f 5018/3122/3559 5019/802/3559 5020/1055/3559
f 5021/1048/3560 5020/1055/3560 5019/802/3560
f 5022/953/158 5023/680/158 5024/952/158
f 5025/682/158 5024/952/158 5023/680/158
f 5026/2362/3561 5027/2363/3561 5028/1780/3561
f 5029/2781/3562 5028/1780/3562 5027/2363/3562
f 5030/3084/3563 5031/3085/3563 5032/2265/3563
f 5033/2266/3563 5032/2265/3563 5031/3085/3563
f 5034/802/3564 5035/3122/3564 5036/801/3564
f 5037/1877/3565 5036/801/3565 5035/3122/3565
f 5038/2295/445 5039/1329/445 5040/2297/445
f 5041/1327/445 5040/2297/445 5039/1329/445
f 5042/3123/3566 5043/3124/3566 5044/668/3566
f 5045/792/3567 5044/668/3567 5043/3124/3567
f 5045/792/3568 5043/3124/3568 5046/3125/3568
f 5047/289/3569 5046/3125/3569 5043/3124/3569
f 5046/3125/3570 5047/289/3570 5048/3126/3570
f 5048/3126/3571 2403/1860/3571 5046/3125/3571
f 2405/822/1898 5046/3125/1896 2403/1860/1896
f 5046/3125/3572 2405/822/3572 5045/792/3572
f 5048/3126/3573 5049/286/3573 2403/1860/3573
f 2401/285/3574 2403/1860/3574 5049/286/3574
f 5050/3127/1936 5051/2753/1936 5052/3128/1936
f 5053/2752/3575 5052/3128/3575 5051/2753/3575
f 5054/2395/818 5055/1809/818 5056/1873/818
f 5057/1811/818 5056/1873/818 5055/1809/818
f 5058/2433/630 5059/2435/630 5060/2441/630
f 5061/2439/630 5060/2441/630 5059/2435/630
f 5062/2470/3480 5063/2761/3480 5064/3121/3480
f 5065/3129/3480 5064/3121/3480 5063/2761/3480
f 5066/2073/165 5067/2069/165 5068/2778/165
f 5069/2071/165 5068/2778/165 5067/2069/165
f 5069/2071/165 5067/2069/165 5070/2070/165
f 5071/2068/165 5070/2070/165 5067/2069/165
f 5072/3097/445 5073/3130/445 5074/2395/445
f 5075/2396/445 5074/2395/445 5073/3130/445
f 5076/3131/3576 5077/3058/3576 5078/1306/3576
f 5079/1307/3577 5078/1306/3577 5077/3058/3577
f 5080/1043/3578 5081/1042/3578 5082/352/3578
f 5083/351/3579 5082/352/3579 5081/1042/3579
f 5084/1235/3580 5085/3132/3580 1987/1233/3580
f 4802/3075/3581 1987/1233/3581 5085/3132/3581
f 5086/1142/3582 5087/2491/3582 5088/1144/3582
f 5089/1287/3582 5088/1144/3582 5087/2491/3582
f 5090/1238/3551 5091/1237/3551 5092/1229/3551
f 5093/1228/3551 5092/1229/3551 5091/1237/3551
f 5094/2967/213 5095/2000/213 5096/2968/213
f 5097/1998/213 5096/2968/213 5095/2000/213
f 5096/2968/213 5097/1998/213 5098/3114/213
f 5099/2959/213 5098/3114/213 5097/1998/213
f 5098/3114/213 5099/2959/213 5100/3062/213
f 5101/3061/213 5100/3062/213 5099/2959/213
f 5100/3062/213 5101/3061/213 5102/2726/213
f 5103/2727/3583 5102/2726/213 5101/3061/213
f 5104/2966/3584 5105/2965/3584 5106/2963/3584
f 5107/2964/3585 5106/2963/3585 5105/2965/3585
f 5106/2963/2532 5107/2964/2532 5108/2961/2532
f 5106/2963/2531 5108/2961/2531 5109/2962/2531
f 5110/2960/2530 5109/2962/2530 5108/2961/2530
f 5111/2082/3586 5112/2081/3586 5113/844/3586
f 5114/842/3587 5113/844/3587 5112/2081/3587
f 5115/3096/3588 5116/2457/3589 5117/2353/3589
f 5118/3133/3589 5117/2353/3589 5116/2457/3589
f 5119/2783/3590 5120/3134/3590 5121/2785/3590
f 5122/3135/3590 5121/2785/3590 5120/3134/3590
f 5123/3128/3591 5124/2752/3591 5125/3136/3591
f 5126/2751/3592 5125/3136/3592 5124/2752/3592
f 5127/832/2574 5128/787/2574 5129/987/2574
f 5130/784/2574 5129/987/2574 5128/787/2574
f 5131/1327/158 5132/1329/158 5133/2297/158
f 5134/2295/158 5133/2297/158 5132/1329/158
f 5135/3137/165 5136/3138/165 5137/3139/165
f 5138/3140/165 5137/3139/165 5136/3138/165
f 5137/3139/165 5138/3140/165 5139/3141/165
f 5140/3142/165 5139/3141/165 5138/3140/165
f 5139/3141/165 5140/3142/165 5141/3143/165
f 5142/3144/165 5141/3143/165 5140/3142/165
f 5140/3142/165 5143/3145/165 5142/3144/165
f 5144/3146/165 5142/3144/165 5143/3145/165
f 5142/3144/165 5144/3146/165 5145/3147/165
f 5146/3148/165 5145/3147/165 5144/3146/165
f 5147/3149/3593 5148/3150/3593 5149/1201/3593
f 5150/225/3594 5149/1201/3594 5148/3150/3594
f 5149/1201/3595 5150/225/3595 3915/1203/3595
f 3913/226/3596 3915/1203/3596 5150/225/3596
f 5151/3151/3597 5152/3152/3597 5153/3153/3597
f 5154/3154/3598 5153/3153/3598 5152/3152/3598
f 5153/3153/3599 5154/3154/3600 5155/3155/3601
f 5156/3156/3601 5155/3155/3601 5154/3154/3600
f 5155/3155/3602 5156/3156/3603 5157/3157/3604
f 5158/3158/3604 5157/3157/3604 5156/3156/3603
f 5157/3157/3605 5158/3158/3605 5159/3159/3605
f 5160/3160/3606 5159/3159/3605 5158/3158/3605
f 5159/3159/3607 5160/3160/3608 5161/3161/3608
f 5162/3162/3608 5161/3161/3608 5160/3160/3608
f 5161/3161/3609 5162/3162/3609 5163/3163/3609
f 5164/3164/3609 5163/3163/3609 5162/3162/3609
f 5163/3163/3610 5164/3164/3610 5165/3165/3610
f 5166/3166/3611 5165/3165/3611 5164/3164/3611
f 5151/3151/3612 5153/3153/3612 5167/3167/3612
f 5155/3155/3612 5167/3167/3612 5153/3153/3612
f 5167/3167/3613 5155/3155/3613 5168/3168/3613
f 5157/3157/3614 5168/3168/3613 5155/3155/3613
f 5168/3168/3615 5157/3157/3615 5169/3169/3615
f 5159/3159/3615 5169/3169/3615 5157/3157/3615
f 5169/3169/3616 5159/3159/3616 5170/3170/3616
f 5161/3161/3616 5170/3170/3616 5159/3159/3616
f 5170/3170/3617 5161/3161/3617 5171/3171/3617
f 5163/3163/3617 5171/3171/3617 5161/3161/3617
f 5171/3171/3618 5163/3163/3618 5172/3172/3618
f 5165/3165/3610 5172/3172/3610 5163/3163/3610
f 5172/3172/3619 5165/3165/3619 5173/3173/3619
f 5174/3174/3619 5173/3173/3619 5165/3165/3619
f 5173/3173/3620 5175/3175/3620 5172/3172/3620
f 5176/3176/3620 5172/3172/3620 5175/3175/3620
f 5172/3172/3618 5176/3176/3618 5171/3171/3618
f 5177/3177/3621 5171/3171/3621 5176/3176/3621
f 5171/3171/3622 5177/3177/3622 5170/3170/3622
f 5178/3178/3622 5170/3170/3622 5177/3177/3622
f 5170/3170/3623 5178/3178/3623 5169/3169/3623
f 5179/3179/3623 5169/3169/3623 5178/3178/3623
f 5169/3169/3624 5179/3179/3624 5168/3168/3624
f 5180/3180/3624 5168/3168/3624 5179/3179/3624
f 5168/3168/3625 5180/3180/3626 5167/3167/3626
f 5181/3181/3626 5167/3167/3626 5180/3180/3626
f 5167/3167/3627 5181/3181/3627 5151/3151/3627
f 5182/3182/3627 5151/3151/3627 5181/3181/3627
f 5175/3175/3628 5183/3183/3628 5176/3176/3628
f 5184/3184/3628 5176/3176/3628 5183/3183/3628
f 5176/3176/3621 5184/3184/3621 5177/3177/3621
f 5185/3185/3629 5177/3177/3629 5184/3184/3629
f 5177/3177/3630 5185/3185/3630 5178/3178/3630
f 5186/3186/3630 5178/3178/3630 5185/3185/3630
f 5178/3178/3631 5186/3186/3632 5179/3179/3632
f 5187/3187/3632 5179/3179/3632 5186/3186/3632
f 5179/3179/3633 5187/3187/3633 5180/3180/3633
f 5188/3188/3634 5180/3180/3633 5187/3187/3633
f 5180/3180/3635 5188/3188/3635 5181/3181/3636
f 5189/3189/3637 5181/3181/3636 5188/3188/3635
f 5181/3181/3638 5189/3189/3638 5182/3182/3639
f 5190/3190/3639 5182/3182/3639 5189/3189/3638
f 5183/3183/3640 5191/3191/3640 5184/3184/3640
f 5192/3192/3640 5184/3184/3640 5191/3191/3640
f 5184/3184/3629 5192/3192/3629 5185/3185/3629
f 5193/3193/3641 5185/3185/3641 5192/3192/3642
f 5185/3185/3643 5193/3193/3643 5186/3186/3643
f 5194/3194/3643 5186/3186/3643 5193/3193/3643
f 5186/3186/3644 5194/3194/3644 5187/3187/3644
f 5195/3195/3644 5187/3187/3644 5194/3194/3644
f 5187/3187/3645 5195/3195/3645 5188/3188/3645
f 5196/3196/3645 5188/3188/3645 5195/3195/3645
f 5188/3188/3646 5196/3196/3646 5197/3197/3647
f 5198/3198/3648 5197/3197/3649 5196/3196/3648
f 5197/3197/3649 5198/3198/3648 5199/3199/3650
f 5200/3200/3651 5199/3199/3652 5198/3198/3653
f 5191/3191/3654 5201/3201/3654 5192/3192/3654
f 5202/3202/3654 5192/3192/3654 5201/3201/3654
f 5192/3192/3642 5202/3202/3642 5193/3193/3641
f 5203/3203/3655 5193/3193/3655 5202/3202/3655
f 5193/3193/3656 5203/3203/3656 5194/3194/3657
f 5204/3204/3657 5194/3194/3657 5203/3203/3656
f 5194/3194/3658 5204/3204/3658 5195/3195/3658
f 5205/3205/3658 5195/3195/3658 5204/3204/3658
f 5195/3195/3659 5205/3205/3659 5196/3196/3659
f 5198/3198/3659 5196/3196/3659 5205/3205/3659
f 5201/3201/3660 5206/3206/3660 5202/3202/3660
f 5207/3207/3660 5202/3202/3660 5206/3206/3660
f 5202/3202/3655 5207/3207/3655 5203/3203/3655
f 5208/3208/3661 5203/3203/3661 5207/3207/3661
f 5203/3203/3662 5208/3208/3662 5204/3204/3662
f 5209/3209/3662 5204/3204/3662 5208/3208/3662
f 5204/3204/3663 5209/3209/3663 5205/3205/3664
f 5210/3210/3665 5205/3205/3664 5209/3209/3663
f 5205/3205/3666 5210/3210/3666 5198/3198/3666
f 5200/3200/3666 5198/3198/3666 5210/3210/3666
f 5206/3206/3667 5211/3211/3667 5207/3207/3667
f 5212/3212/3667 5207/3207/3667 5211/3211/3667
f 5207/3207/3661 5212/3212/3661 5208/3208/3661
f 5213/3213/3668 5208/3208/3668 5212/3212/3668
f 5208/3208/3669 5213/3213/3669 5209/3209/3669
f 5214/3214/3669 5209/3209/3669 5213/3213/3669
f 5209/3209/3670 5214/3214/3670 5210/3210/3670
f 5215/3215/3670 5210/3210/3670 5214/3214/3670
f 5210/3210/3671 5215/3215/3671 5200/3200/3671
f 5216/3216/3671 5200/3200/3671 5215/3215/3671
f 5200/3200/3672 5216/3216/3672 5217/3217/3672
f 5218/3218/3672 5217/3217/3672 5216/3216/3672
f 5217/3217/3673 5218/3218/3673 5219/3219/3673
f 5220/3220/3673 5219/3219/3673 5218/3218/3673
f 5220/3220/3674 5221/3221/3674 5219/3219/3674
f 5222/3222/3675 5219/3219/3675 5221/3221/3675
f 5219/3219/3676 5222/3222/3676 5217/3217/3677
f 5199/3199/3677 5217/3217/3677 5222/3222/3676
f 5217/3217/3678 5199/3199/3652 5200/3200/3651
f 5199/3199/3679 5222/3222/3679 5223/3223/3679
f 5221/3221/3680 5223/3223/3680 5222/3222/3680
f 5223/3223/3681 5221/3221/3681 5190/3190/3681
f 5182/3182/3682 5190/3190/3682 5221/3221/3682
f 5199/3199/3679 5223/3223/3679 5197/3197/3679
f 5190/3190/3683 5197/3197/3683 5223/3223/3683
f 5197/3197/3683 5190/3190/3683 5189/3189/3683
f 5165/3165/3684 5166/3166/3684 5174/3174/3684
f 5224/3224/3684 5174/3174/3684 5166/3166/3684
f 5174/3174/3685 5224/3224/3685 5225/3225/3685
f 5226/3226/3686 5225/3225/3685 5224/3224/3685
f 5225/3225/3687 5226/3226/3687 5227/3227/3687
f 5228/3228/3687 5227/3227/3687 5226/3226/3687
f 5227/3227/3688 5228/3228/3688 5229/3229/3689
f 5230/3230/3689 5229/3229/3689 5228/3228/3688
f 5229/3229/3690 5230/3230/3690 5231/3231/3690
f 5232/3232/3690 5231/3231/3690 5230/3230/3690
f 5231/3231/3691 5232/3232/3691 5233/3233/3691
f 5234/3234/3692 5233/3233/3692 5232/3232/3692
f 5233/3233/3693 5234/3234/3693 5235/3235/3693
f 5236/3236/3694 5235/3235/3695 5234/3234/3695
f 5166/3166/3696 5237/3237/3696 5224/3224/3696
f 5238/3238/3697 5224/3224/3696 5237/3237/3696
f 5224/3224/3698 5238/3238/3698 5226/3226/3698
f 5239/3239/3698 5226/3226/3698 5238/3238/3698
f 5226/3226/3699 5239/3239/3699 5228/3228/3699
f 5240/3240/3699 5228/3228/3699 5239/3239/3699
f 5228/3228/3700 5240/3240/3700 5230/3230/3701
f 5241/3241/3702 5230/3230/3701 5240/3240/3700
f 5230/3230/3703 5241/3241/3703 5232/3232/3704
f 5234/3234/3704 5232/3232/3704 5241/3241/3703
f 5237/3237/3705 5242/3242/3705 5238/3238/3705
f 5243/3243/3705 5238/3238/3705 5242/3242/3705
f 5238/3238/3706 5243/3243/3706 5239/3239/3706
f 5244/3244/3706 5239/3239/3706 5243/3243/3706
f 5239/3239/3707 5244/3244/3708 5240/3240/3708
f 5245/3245/3708 5240/3240/3708 5244/3244/3708
f 5240/3240/3709 5245/3245/3710 5241/3241/3710
f 5236/3236/3711 5241/3241/3710 5245/3245/3710
f 5241/3241/3712 5236/3236/3694 5234/3234/3695
f 5242/3242/3713 5237/3237/3713 5246/3246/3713
f 5247/3247/3714 5246/3246/3714 5237/3237/3714
f 5246/3246/3715 5247/3247/3715 5248/3248/3715
f 5249/3249/3715 5248/3248/3715 5247/3247/3715
f 5248/3248/3716 5249/3249/3716 5250/3250/3716
f 5251/3251/3716 5250/3250/3716 5249/3249/3716
f 5250/3250/3717 5251/3251/3717 5252/3252/3717
f 5253/3253/3717 5252/3252/3717 5251/3251/3717
f 5252/3252/3718 5253/3253/3719 5254/3254/3720
f 5255/3255/3720 5254/3254/3720 5253/3253/3719
f 5254/3254/3721 5255/3255/3721 5256/3256/3721
f 5257/3257/3721 5256/3256/3721 5255/3255/3721
f 5256/3256/3722 5257/3257/3722 5152/3152/3722
f 5154/3154/3723 5152/3152/3723 5257/3257/3723
f 5237/3237/3714 5166/3166/3714 5247/3247/3714
f 5164/3164/3611 5247/3247/3611 5166/3166/3611
f 5247/3247/3724 5164/3164/3724 5249/3249/3724
f 5162/3162/3724 5249/3249/3724 5164/3164/3724
f 5249/3249/3725 5162/3162/3725 5251/3251/3725
f 5160/3160/3725 5251/3251/3725 5162/3162/3725
f 5251/3251/3726 5160/3160/3726 5253/3253/3727
f 5158/3158/3728 5253/3253/3727 5160/3160/3726
f 5253/3253/3729 5158/3158/3730 5255/3255/3731
f 5156/3156/3732 5255/3255/3731 5158/3158/3730
f 5255/3255/3733 5156/3156/3733 5257/3257/3733
f 5154/3154/3734 5257/3257/3733 5156/3156/3733
f 5242/3242/3713 5246/3246/3713 5258/3258/3713
f 5259/3259/3735 5258/3258/3735 5246/3246/3735
f 5246/3246/3735 5248/3248/3735 5259/3259/3735
f 5260/3260/3736 5259/3259/3737 5248/3248/3738
f 5248/3248/3738 5250/3250/3736 5260/3260/3736
f 5261/3261/3739 5260/3260/3739 5250/3250/3739
f 5250/3250/3739 5252/3252/3739 5261/3261/3739
f 5262/3262/3740 5261/3261/3741 5252/3252/3742
f 5252/3252/3742 5254/3254/3740 5262/3262/3740
f 5263/3263/3743 5262/3262/3744 5254/3254/3744
f 5254/3254/3744 5256/3256/3743 5263/3263/3743
f 5152/3152/3745 5263/3263/3745 5256/3256/3745
f 5213/3213/3668 5212/3212/3668 5264/3264/3668
f 5265/3265/3746 5264/3264/3746 5212/3212/3746
f 5212/3212/3746 5211/3211/3746 5265/3265/3746
f 5266/3266/3747 5265/3265/3747 5211/3211/3747
f 5266/3266/3747 5211/3211/3747 5267/3267/3747
f 5206/3206/3748 5267/3267/3748 5211/3211/3748
f 5267/3267/3748 5206/3206/3748 5268/3268/3748
f 5201/3201/3749 5268/3268/3749 5206/3206/3749
f 5268/3268/3749 5201/3201/3749 5269/3269/3749
f 5191/3191/3750 5269/3269/3750 5201/3201/3751
f 5269/3269/3750 5191/3191/3750 5270/3270/3750
f 5183/3183/3752 5270/3270/3752 5191/3191/3752
f 5270/3270/3752 5183/3183/3752 5271/3271/3752
f 5175/3175/3753 5271/3271/3753 5183/3183/3753
f 5271/3271/3753 5175/3175/3753 5272/3272/3753
f 5173/3173/3754 5272/3272/3754 5175/3175/3754
f 5272/3272/3754 5173/3173/3754 5273/3273/3754
f 5174/3174/3755 5273/3273/3755 5173/3173/3755
f 5273/3273/3756 5274/3274/3757 5272/3272/3756
f 5275/3275/3758 5272/3272/3759 5274/3274/3758
f 5272/3272/3759 5275/3275/3758 5271/3271/3759
f 5276/3276/3760 5271/3271/3760 5275/3275/3760
f 5271/3271/3760 5276/3276/3760 5270/3270/3760
f 5277/3277/3761 5270/3270/3761 5276/3276/3761
f 5270/3270/3761 5277/3277/3761 5269/3269/3761
f 5278/3278/3762 5269/3269/3762 5277/3277/3762
f 5269/3269/3762 5278/3278/3762 5268/3268/3762
f 5279/3279/3763 5268/3268/3763 5278/3278/3763
f 5268/3268/3763 5279/3279/3763 5267/3267/3763
f 5280/3280/3764 5267/3267/3764 5279/3279/3764
f 5267/3267/3764 5280/3280/3764 5266/3266/3764
f 5277/3277/3765 5281/3281/3766 5278/3278/3765
f 5282/3282/3767 5278/3278/3767 5281/3281/3768
f 5278/3278/3767 5282/3282/3767 5279/3279/3769
f 5283/3283/3770 5279/3279/3770 5282/3282/3770
f 5279/3279/3770 5283/3283/3770 5280/3280/3770
f 5283/3283/3771 5282/3282/3771 5284/3284/3771
f 5285/3285/3771 5284/3284/3771 5282/3282/3771
f 5284/3284/3772 5285/3285/3772 5286/3286/3772
f 5287/3287/3773 5286/3286/3773 5285/3285/3773
f 5286/3286/3774 5287/3287/3774 5288/3288/3774
f 5289/3289/3775 5288/3288/3776 5287/3287/3776
f 5288/3288/3777 5289/3289/3778 5290/3290/3778
f 5277/3277/3779 5290/3290/3780 5289/3289/3781
f 5290/3290/3780 5277/3277/3779 5276/3276/3782
f 5277/3277/3765 5289/3289/3783 5281/3281/3766
f 5287/3287/3776 5281/3281/3775 5289/3289/3775
f 5281/3281/3784 5287/3287/3784 5285/3285/3784
f 5174/3174/3755 5225/3225/3755 5273/3273/3755
f 5291/3291/3785 5273/3273/3785 5225/3225/3785
f 5273/3273/3756 5291/3291/3757 5274/3274/3757
f 5292/3292/3786 5274/3274/3787 5291/3291/3787
f 5274/3274/3788 5292/3292/3789 5293/3293/3790
f 5294/3294/3791 5293/3293/3792 5292/3292/3793
f 5293/3293/3794 5294/3294/3795 5295/3295/3795
f 5286/3286/3796 5295/3295/3796 5294/3294/3796
f 5295/3295/3797 5286/3286/3797 5288/3288/3797
f 5225/3225/3785 5227/3227/3785 5291/3291/3785
f 5296/3296/3798 5291/3291/3799 5227/3227/3799
f 5291/3291/3787 5296/3296/3786 5292/3292/3786
f 5297/3297/3800 5292/3292/3801 5296/3296/3801
f 5292/3292/3793 5297/3297/3793 5294/3294/3791
f 5286/3286/3802 5294/3294/3802 5297/3297/3802
f 5227/3227/3799 5229/3229/3803 5296/3296/3798
f 5298/3298/3804 5296/3296/3804 5229/3229/3804
f 5296/3296/3801 5298/3298/3805 5297/3297/3800
f 5233/3233/3806 5297/3297/3806 5298/3298/3806
f 5233/3233/3807 5298/3298/3807 5231/3231/3807
f 5229/3229/3804 5231/3231/3804 5298/3298/3804
f 5274/3274/3788 5293/3293/3790 5275/3275/3788
f 5290/3290/3808 5275/3275/3809 5293/3293/3810
f 5275/3275/3809 5290/3290/3808 5276/3276/3809
f 5293/3293/3794 5295/3295/3795 5290/3290/3794
f 5288/3288/3777 5290/3290/3778 5295/3295/3777
f 5299/3261/3653 5300/3262/3652 5301/3252/3651
f 5302/3254/3678 5301/3252/3651 5300/3262/3652
f 5301/3252/3648 5302/3254/3811 5303/3253/3812
f 5304/3255/3811 5303/3253/3812 5302/3254/3811
f 5303/3253/3646 5304/3255/3647 5305/3158/3646
f 5306/3156/3813 5305/3158/3646 5304/3255/3647
f 5305/3158/3635 5306/3156/3636 5307/3157/3635
f 5308/3155/3637 5307/3157/3635 5306/3156/3636
f 5307/3157/3625 5308/3155/3626 5309/3168/3625
f 5310/3167/3626 5309/3168/3625 5308/3155/3626
f 5309/3168/3614 5310/3167/3613 5311/3180/3613
f 5312/3181/3613 5311/3180/3613 5310/3167/3613
f 5311/3180/3604 5312/3181/3603 5313/3188/3604
f 5314/3189/3602 5313/3188/3604 5312/3181/3603
f 5300/3262/3677 5315/3263/3676 5302/3254/3677
f 5316/3256/3676 5302/3254/3677 5315/3263/3676
f 5302/3254/3679 5316/3256/3679 5304/3255/3679
f 5317/3257/3814 5304/3255/3679 5316/3256/3679
f 5304/3255/3683 5317/3257/3815 5306/3156/3683
f 5318/3154/3815 5306/3156/3683 5317/3257/3815
f 5306/3156/3639 5318/3154/3638 5308/3155/3639
f 5319/3153/3816 5308/3155/3639 5318/3154/3638
f 5308/3155/3817 5319/3153/3817 5310/3167/3817
f 5320/3151/3817 5310/3167/3817 5319/3153/3817
f 5310/3167/3818 5320/3151/3818 5312/3181/3818
f 5321/3182/3818 5312/3181/3818 5320/3151/3818
f 5312/3181/3600 5321/3182/3601 5314/3189/3600
f 5322/3190/3601 5314/3189/3600 5321/3182/3601
f 5320/3151/3819 5319/3153/3819 5323/3152/3819
f 5318/3154/3820 5323/3152/3820 5319/3153/3820
f 5323/3152/3681 5318/3154/3681 5317/3257/3681
f 5317/3257/3680 5316/3256/3680 5323/3152/3680
f 5315/3263/3675 5323/3152/3675 5316/3256/3675
f 5320/3151/3597 5324/3221/3597 5321/3182/3597
f 5322/3190/3821 5321/3182/3821 5324/3221/3821
f 5322/3190/3723 5324/3221/3723 5325/3223/3723
f 5326/3222/3722 5325/3223/3722 5324/3221/3722
f 5325/3223/3721 5326/3222/3721 5327/3199/3721
f 5328/3217/3822 5327/3199/3744 5326/3222/3743
f 5327/3199/3740 5328/3217/3823 5329/3200/3741
f 5330/3216/3672 5329/3200/3672 5328/3217/3672
f 5329/3200/3671 5330/3216/3671 5331/3215/3671
f 5322/3190/3733 5325/3223/3733 5332/3197/3733
f 5327/3199/3721 5332/3197/3721 5325/3223/3721
f 5332/3197/3824 5327/3199/3825 5333/3198/3718
f 5329/3200/3741 5333/3198/3741 5327/3199/3740
f 5333/3198/3739 5329/3200/3739 5334/3210/3739
f 5331/3215/3671 5334/3210/3671 5329/3200/3671
f 5334/3210/3670 5331/3215/3670 5335/3214/3670
f 5335/3214/3670 5336/3209/3670 5334/3210/3670
f 5337/3205/3736 5334/3210/3738 5336/3209/3826
f 5334/3210/3739 5337/3205/3739 5333/3198/3739
f 5338/3196/3717 5333/3198/3717 5337/3205/3717
f 5333/3198/3718 5338/3196/3718 5332/3197/3824
f 5313/3188/3729 5332/3197/3731 5338/3196/3729
f 5332/3197/3731 5313/3188/3729 5314/3189/3732
f 5313/3188/3727 5338/3196/3727 5339/3195/3727
f 5337/3205/3717 5339/3195/3717 5338/3196/3717
f 5339/3195/3716 5337/3205/3716 5340/3204/3716
f 5336/3209/3826 5340/3204/3826 5337/3205/3736
f 5340/3204/3735 5336/3209/3735 5341/3208/3735
f 5342/3213/3669 5341/3208/3669 5336/3209/3669
f 5341/3208/3668 5342/3213/3668 5343/3212/3668
f 5344/3264/3668 5343/3212/3668 5342/3213/3668
f 5343/3212/3746 5344/3264/3746 5345/3265/3746
f 5345/3265/3746 5346/3211/3746 5343/3212/3746
f 5347/3207/3705 5343/3212/3705 5346/3211/3705
f 5343/3212/3713 5347/3207/3713 5341/3208/3713
f 5348/3203/3713 5341/3208/3713 5347/3207/3713
f 5341/3208/3735 5348/3203/3735 5340/3204/3735
f 5349/3194/3827 5340/3204/3827 5348/3203/3715
f 5340/3204/3716 5349/3194/3716 5339/3195/3716
f 5350/3187/3725 5339/3195/3725 5349/3194/3725
f 5339/3195/3727 5350/3187/3727 5313/3188/3727
f 5311/3180/3605 5313/3188/3605 5350/3187/3606
f 5346/3211/3705 5351/3206/3705 5347/3207/3705
f 5352/3202/3696 5347/3207/3696 5351/3206/3696
f 5347/3207/3714 5352/3202/3714 5348/3203/3714
f 5353/3193/3714 5348/3203/3714 5352/3202/3714
f 5348/3203/3715 5353/3193/3715 5349/3194/3827
f 5354/3186/3724 5349/3194/3724 5353/3193/3724
f 5349/3194/3725 5354/3186/3725 5350/3187/3725
f 5355/3179/3607 5350/3187/3607 5354/3186/3607
f 5350/3187/3606 5355/3179/3606 5311/3180/3605
f 5309/3168/3615 5311/3180/3615 5355/3179/3615
f 5351/3206/3696 5356/3201/3696 5352/3202/3696
f 5357/3192/3684 5352/3202/3684 5356/3201/3684
f 5352/3202/3611 5357/3192/3611 5353/3193/3611
f 5358/3185/3611 5353/3193/3611 5357/3192/3611
f 5353/3193/3724 5358/3185/3724 5354/3186/3724
f 5359/3178/3609 5354/3186/3609 5358/3185/3609
f 5354/3186/3607 5359/3178/3608 5355/3179/3607
f 5360/3169/3616 5355/3179/3616 5359/3178/3616
f 5355/3179/3615 5360/3169/3615 5309/3168/3615
f 5307/3157/3624 5309/3168/3624 5360/3169/3624
f 5356/3201/3684 5361/3191/3684 5357/3192/3684
f 5362/3184/3619 5357/3192/3619 5361/3191/3619
f 5357/3192/3610 5362/3184/3610 5358/3185/3610
f 5363/3177/3610 5358/3185/3610 5362/3184/3610
f 5358/3185/3609 5363/3177/3609 5359/3178/3609
f 5364/3170/3617 5359/3178/3617 5363/3177/3617
f 5359/3178/3616 5364/3170/3616 5360/3169/3616
f 5365/3159/3623 5360/3169/3623 5364/3170/3623
f 5360/3169/3624 5365/3159/3624 5307/3157/3624
f 5305/3158/3634 5307/3157/3634 5365/3159/3634
f 5361/3191/3619 5366/3183/3619 5362/3184/3619
f 5367/3176/3620 5362/3184/3620 5366/3183/3620
f 5362/3184/3618 5367/3176/3618 5363/3177/3618
f 5368/3171/3618 5363/3177/3618 5367/3176/3618
f 5363/3177/3617 5368/3171/3617 5364/3170/3617
f 5369/3161/3622 5364/3170/3622 5368/3171/3622
f 5364/3170/3623 5369/3161/3623 5365/3159/3623
f 5370/3160/3631 5365/3159/3631 5369/3161/3631
f 5365/3159/3634 5370/3160/3633 5305/3158/3634
f 5303/3253/3645 5305/3158/3645 5370/3160/3645
f 5366/3183/3620 5371/3175/3620 5367/3176/3620
f 5372/3172/3628 5367/3176/3628 5371/3175/3628
f 5367/3176/3621 5372/3172/3621 5368/3171/3621
f 5373/3163/3621 5368/3171/3621 5372/3172/3621
f 5368/3171/3622 5373/3163/3622 5369/3161/3622
f 5374/3162/3630 5369/3161/3630 5373/3163/3630
f 5369/3161/3631 5374/3162/3631 5370/3160/3631
f 5375/3251/3644 5370/3160/3644 5374/3162/3644
f 5370/3160/3645 5375/3251/3645 5303/3253/3645
f 5301/3252/3659 5303/3253/3659 5375/3251/3659
f 5371/3175/3628 5376/3173/3628 5372/3172/3628
f 5377/3165/3640 5372/3172/3640 5376/3173/3640
f 5372/3172/3629 5377/3165/3629 5373/3163/3629
f 5378/3164/3629 5373/3163/3629 5377/3165/3629
f 5373/3163/3630 5378/3164/3630 5374/3162/3630
f 5379/3249/3643 5374/3162/3643 5378/3164/3643
f 5374/3162/3644 5379/3249/3644 5375/3251/3644
f 5380/3250/3658 5375/3251/3658 5379/3249/3658
f 5375/3251/3659 5380/3250/3659 5301/3252/3659
f 5299/3261/3666 5301/3252/3666 5380/3250/3666
f 5376/3173/3640 5381/3174/3640 5377/3165/3640
f 5382/3166/3654 5377/3165/3654 5381/3174/3654
f 5377/3165/3641 5382/3166/3641 5378/3164/3641
f 5383/3247/3641 5378/3164/3641 5382/3166/3641
f 5378/3164/3643 5383/3247/3643 5379/3249/3643
f 5384/3248/3656 5379/3249/3656 5383/3247/3656
f 5379/3249/3658 5384/3248/3658 5380/3250/3658
f 5385/3260/3664 5380/3250/3664 5384/3248/3665
f 5380/3250/3666 5385/3260/3666 5299/3261/3666
f 5381/3174/3654 5386/3224/3654 5382/3166/3654
f 5387/3237/3660 5382/3166/3660 5386/3224/3660
f 5382/3166/3655 5387/3237/3655 5383/3247/3655
f 5388/3246/3655 5383/3247/3655 5387/3237/3655
f 5383/3247/3656 5388/3246/3656 5384/3248/3656
f 5389/3259/3662 5384/3248/3662 5388/3246/3662
f 5384/3248/3665 5389/3259/3828 5385/3260/3664
f 5386/3224/3660 5390/3238/3660 5387/3237/3660
f 5391/3242/3667 5387/3237/3667 5390/3238/3667
f 5387/3237/3661 5391/3242/3661 5388/3246/3661
f 5392/3258/3661 5388/3246/3661 5391/3242/3661
f 5388/3246/3662 5392/3258/3662 5389/3259/3662
f 5390/3238/3749 5386/3224/3749 5393/3226/3749
f 5394/3225/3750 5393/3226/3751 5386/3224/3750
f 5393/3226/3761 5394/3225/3761 5395/3227/3761
f 5396/3291/3760 5395/3227/3760 5394/3225/3760
f 5395/3227/3809 5396/3291/3809 5397/3296/3808
f 5398/3292/3790 5397/3296/3790 5396/3291/3788
f 5397/3296/3829 5398/3292/3829 5399/3297/3830
f 5400/3294/3831 5399/3297/3832 5398/3292/3832
f 5399/3297/3806 5400/3294/3806 5401/3286/3806
f 5402/3295/3807 5401/3286/3807 5400/3294/3807
f 5401/3286/3691 5402/3295/3691 5403/3288/3691
f 5404/3290/3833 5403/3288/3690 5402/3295/3690
f 5403/3288/3690 5404/3290/3833 5405/3289/3833
f 5406/3277/3688 5405/3289/3689 5404/3290/3834
f 5386/3224/3750 5381/3174/3750 5394/3225/3750
f 5407/3273/3752 5394/3225/3752 5381/3174/3752
f 5394/3225/3760 5407/3273/3760 5396/3291/3760
f 5408/3274/3758 5396/3291/3758 5407/3273/3759
f 5396/3291/3788 5408/3274/3788 5398/3292/3790
f 5409/3293/3786 5398/3292/3835 5408/3274/3787
f 5398/3292/3832 5409/3293/3836 5400/3294/3831
f 5402/3295/3804 5400/3294/3837 5409/3293/3838
f 5381/3174/3752 5376/3173/3752 5407/3273/3752
f 5410/3272/3753 5407/3273/3753 5376/3173/3753
f 5407/3273/3759 5410/3272/3759 5408/3274/3758
f 5411/3275/3757 5408/3274/3757 5410/3272/3756
f 5408/3274/3787 5411/3275/3787 5409/3293/3786
f 5404/3290/3798 5409/3293/3839 5411/3275/3799
f 5409/3293/3838 5404/3290/3838 5402/3295/3804
f 5376/3173/3753 5371/3175/3753 5410/3272/3753
f 5412/3271/3754 5410/3272/3754 5371/3175/3754
f 5410/3272/3756 5412/3271/3756 5411/3275/3757
f 5413/3276/3785 5411/3275/3785 5412/3271/3785
f 5411/3275/3799 5413/3276/3799 5404/3290/3798
f 5406/3277/3688 5404/3290/3834 5413/3276/3840
f 5371/3175/3754 5366/3183/3754 5412/3271/3754
f 5414/3270/3755 5412/3271/3755 5366/3183/3755
f 5412/3271/3785 5414/3270/3785 5413/3276/3785
f 5406/3277/3687 5413/3276/3687 5414/3270/3687
f 5366/3183/3755 5361/3191/3755 5414/3270/3755
f 5415/3269/3685 5414/3270/3685 5361/3191/3685
f 5414/3270/3687 5415/3269/3687 5406/3277/3687
f 5416/3278/3699 5406/3277/3699 5415/3269/3699
f 5406/3277/3841 5416/3278/3841 5417/3281/3842
f 5418/3282/3710 5417/3281/3843 5416/3278/3710
f 5417/3281/3695 5418/3282/3695 5419/3285/3695
f 5420/3284/3771 5419/3285/3771 5418/3282/3771
f 5419/3285/3772 5420/3284/3772 5401/3286/3772
f 5361/3191/3685 5356/3201/3686 5415/3269/3685
f 5421/3268/3698 5415/3269/3698 5356/3201/3698
f 5415/3269/3699 5421/3268/3699 5416/3278/3699
f 5422/3279/3708 5416/3278/3708 5421/3268/3708
f 5416/3278/3710 5422/3279/3709 5418/3282/3710
f 5423/3283/3770 5418/3282/3770 5422/3279/3770
f 5418/3282/3771 5423/3283/3771 5420/3284/3771
f 5356/3201/3698 5351/3206/3698 5421/3268/3698
f 5424/3267/3706 5421/3268/3706 5351/3206/3706
f 5421/3268/3708 5424/3267/3708 5422/3279/3708
f 5425/3280/3764 5422/3279/3764 5424/3267/3764
f 5422/3279/3770 5425/3280/3770 5423/3283/3770
f 5351/3206/3706 5346/3211/3706 5424/3267/3706
f 5426/3266/3747 5424/3267/3747 5346/3211/3747
f 5424/3267/3764 5426/3266/3764 5425/3280/3764
f 5330/3216/3672 5328/3217/3672 5427/3218/3672
f 5428/3219/3673 5427/3218/3673 5328/3217/3673
f 5427/3218/3673 5428/3219/3673 5429/3220/3673
f 5324/3221/3674 5429/3220/3674 5428/3219/3674
f 5324/3221/3745 5428/3219/3745 5326/3222/3745
f 5328/3217/3822 5326/3222/3743 5428/3219/3743
f 5391/3242/3667 5390/3238/3667 5430/3243/3667
f 5431/3239/3748 5430/3243/3748 5390/3238/3748
f 5430/3243/3748 5431/3239/3748 5432/3244/3748
f 5433/3240/3763 5432/3244/3763 5431/3239/3844
f 5432/3244/3763 5433/3240/3763 5434/3245/3763
f 5435/3241/3767 5434/3245/3767 5433/3240/3769
f 5434/3245/3767 5435/3241/3767 5436/3236/3845
f 5437/3234/3784 5436/3236/3846 5435/3241/3847
f 5436/3236/3846 5437/3234/3784 5438/3235/3784
f 5439/3233/3848 5438/3235/3848 5437/3234/3848
f 5390/3238/3749 5393/3226/3749 5431/3239/3749
f 5440/3228/3762 5431/3239/3762 5393/3226/3762
f 5431/3239/3762 5440/3228/3762 5433/3240/3762
f 5441/3230/3849 5433/3240/3850 5440/3228/3850
f 5433/3240/3850 5441/3230/3849 5435/3241/3849
f 5442/3232/3851 5435/3241/3775 5441/3230/3775
f 5435/3241/3775 5442/3232/3851 5437/3234/3851
f 5439/3233/3852 5437/3234/3852 5442/3232/3852
f 5393/3226/3761 5395/3227/3761 5440/3228/3761
f 5443/3229/3781 5440/3228/3779 5395/3227/3779
f 5440/3228/3779 5443/3229/3781 5441/3230/3781
f 5444/3231/3777 5441/3230/3777 5443/3229/3777
f 5441/3230/3777 5444/3231/3777 5442/3232/3778
f 5439/3233/3797 5442/3232/3797 5444/3231/3797
f 5395/3227/3809 5397/3296/3808 5443/3229/3853
f 5445/3298/3795 5443/3229/3795 5397/3296/3795
f 5443/3229/3795 5445/3298/3795 5444/3231/3854
f 5439/3233/3796 5444/3231/3796 5445/3298/3796
f 5439/3233/3802 5445/3298/3802 5399/3297/3802
f 5397/3296/3829 5399/3297/3830 5445/3298/3855
f 5406/3277/3841 5417/3281/3842 5405/3289/3856
f 5446/3287/3857 5405/3289/3703 5417/3281/3703
f 5405/3289/3703 5446/3287/3857 5403/3288/3857
f 5401/3286/3858 5403/3288/3858 5446/3287/3858
f 5401/3286/3859 5446/3287/3859 5419/3285/3859
f 5417/3281/3695 5419/3285/3695 5446/3287/3695
f 5447/3299/3860 5448/3300/3860 5449/3301/3860
f 5450/3302/3861 5449/3301/3861 5448/3300/3861
f 5449/3301/445 5450/3302/445 5451/3303/445
f 5452/3304/445 5451/3303/445 5450/3302/445
f 5451/3303/3862 5453/3305/3862 5449/3301/3862
f 5454/3306/3863 5449/3301/3863 5453/3305/3863
f 5449/3301/3864 5454/3306/3864 5447/3299/3864
f 5448/3300/165 5455/3307/165 5450/3302/165
f 5456/3308/165 5450/3302/165 5455/3307/165
f 5450/3302/165 5456/3308/165 5457/3309/165
f 5457/3309/165 5458/3310/165 5450/3302/165
f 5459/3311/165 5450/3302/165 5458/3310/165
f 5450/3302/165 5459/3311/165 5452/3304/165
f 5460/3312/165 5461/3313/165 5462/3314/165
f 5463/3315/165 5462/3314/165 5461/3313/165
f 5462/3314/3865 5463/3315/3865 5464/3316/3865
f 5465/3317/3866 5464/3316/3866 5463/3315/3866
f 5464/3316/3867 5465/3317/3867 5466/3318/3867
f 5466/3318/3868 5467/3319/3868 5464/3316/3868
f 5468/3320/3869 5464/3316/3869 5467/3319/3869
f 5464/3316/158 5468/3320/158 5462/3314/158
f 5469/3321/158 5462/3314/158 5468/3320/158
f 5462/3314/165 5469/3321/165 5470/3322/165
f 5470/3322/165 5471/3323/165 5462/3314/165
f 5472/3324/165 5462/3314/165 5471/3323/165
f 5462/3314/165 5472/3324/165 5460/3312/165
f 5473/1288/3870 5474/3099/3496 5475/2468/3870
f 5475/2468/3870 5474/3099/3496 5476/382/3496
f 4397/612/213 4389/609/213 4388/610/213
f 5477/3325/3871 2181/1702/3871 2166/1687/3871
f 2179/1700/3872 2180/1701/3872 2192/1713/3872
f 5478/3326/3871 2204/1725/3871 2203/1724/3871
f 4391/601/447 4395/1893/447 4380/1894/447
f 4272/2832/3077 4468/2918/3873 4270/2830/3076
f 1435/1161/1018 1429/1155/1010 1422/1148/1005
f 1477/1199/349 1450/1175/349 1447/1172/349
f 5479/2031/165 4826/2032/165 4824/2032/165
f 5480/1807/445 2317/1808/445 2315/1806/445
f 2586/1965/3874 2588/1337/3874 5481/1338/3874
f 2370/1838/1856 2371/1839/1856 2376/1844/1856
f 2513/1913/3875 1136/941/3875 1138/943/3875
f 1130/935/3876 1132/937/3876 2503/1903/3876
f 2411/1863/3877 1818/1364/3877 1820/1366/3877
f 1112/919/3878 1111/918/3878 1114/920/3878
f 5482/2403/3879 4214/2399/3879 4216/2402/3879
f 5483/3327/1360 1952/1484/1360 1951/1483/1360
f 2159/1684/3880 2155/1680/3880 2153/1678/3880
f 2134/1659/2552 2132/1657/3881 2133/1658/2550
f 2129/1654/3882 2231/1752/3882 2131/1656/3882
f 1896/1428/3883 1898/1430/3883 2073/1598/3883
f 5484/3328/1545 2097/1622/1545 2096/1621/1545
f 1993/1519/3884 1997/1523/3884 1995/1521/3884
f 5485/3126/3885 323/289/3885 320/286/3885
f 5486/1267/158 2426/1268/158 2428/1263/158
f 2116/1641/1606 2139/1664/1606 2140/1665/1606
f 291/257/3886 290/256/3886 295/261/3886
f 3436/2438/3887 1874/304/3887 1872/1413/3887
f 5487/3329/3888 1842/1384/3888 1841/1383/3888
f 5488/1226/445 2435/1228/445 2437/1008/445
f 3401/2427/445 3393/2419/445 3391/2417/445
f 560/493/369 2274/795/1812 562/495/367
f 5489/3113/158 3343/2405/158 3345/823/158
f 5490/3330/165 3925/2697/165 3921/529/165
f 3597/2482/3889 3595/2480/3889 3923/2695/3889
f 4042/2746/3890 3851/2668/3890 3852/2669/3890
f 3826/2643/3891 3857/2674/3891 3831/2648/3891
f 3810/2627/3892 3808/2625/3892 3815/2632/3892
f 4599/2970/3893 4896/3112/3893 4612/2983/3893
f 3286/1214/3894 601/517/3894 603/513/3894
f 578/509/387 3615/509/387 597/514/387
f 5491/2412/3895 3661/2411/3895 3660/2410/3895
f 410/368/3896 408/366/3896 412/370/3896
f 406/364/3897 488/434/3897 408/366/3897
f 664/556/413 662/554/3898 666/558/413
f 2532/1929/3899 2508/1908/3899 2510/1910/3899
f 5342/3213/3669 5336/3209/3669 5335/3214/3669
f 5322/3190/3733 5332/3197/3733 5314/3189/3733
f 5426/3266/3747 5346/3211/3747 5345/3265/3747
f 5197/3197/3647 5189/3189/3813 5188/3188/3646
f 5281/3281/3784 5285/3285/3784 5282/3282/3784
f 5151/3151/3819 5182/3182/3819 5221/3221/3819
f 2847/2128/3900 2894/2175/3900 2855/2136/3900
f 1864/1406/3901 1857/1399/3901 1855/1397/3901
f 5492/1339/3902 5493/304/3902 5494/2436/3902
f 885/748/3903 884/747/3903 896/758/3903
f 2042/1567/3904 2040/234/3904 5495/232/3904
f 880/309/3905 882/745/3905 977/531/3905
f 879/743/571 887/750/573 881/744/3906
f 5496/788/3907 5497/2466/3907 5498/3331/3907
f 5499/788/3908 5500/3331/3908 5501/789/3908
f 5502/794/3909 5503/831/3909 5504/3331/3909
f 5505/789/3910 5506/3331/3910 5507/831/3910
f 5508/2729/445 5509/2728/445 5510/2755/445
f 5511/1892/3911 5512/811/3911 5513/810/3911
f 1941/1473/1374 5514/3332/1374 1959/1491/1373
f 748/633/3912 746/631/3912 3134/2329/3912
f 2978/2239/2301 2976/2237/2301 2984/2245/2301
f 2951/2212/3913 5515/3333/3913 2949/2210/3913
f 5516/527/3914 5517/3330/3914 5518/529/3914
f 5519/3334/3915 5520/3121/3915 5521/3129/3915
f 5522/1760/3908 5523/1761/3908 5524/3334/3908
f 5525/3121/3909 5526/3334/3909 5527/2440/3909
f 5528/1761/3916 5529/2440/3916 5530/3334/3916
f 5531/1200/158 5532/3149/158 5533/1201/158
f 5534/2496/3917 5535/981/3917 5536/980/3917
f 5537/223/3917 5538/225/3917 5539/3150/3917
f 5540/793/3907 5541/794/3907 5498/3331/3907
f 5542/3088/3915 5543/1760/3915 5519/3334/3915
f 5544/2754/3911 5545/2753/3911 5546/3127/3911
f 5547/2033/159 5548/1999/159 5549/2033/159
f 2699/2032/167 3105/2032/167 2725/2037/167
f 5550/1999/161 5551/1999/161 5552/1997/161
f 5553/3335/3918 5554/1330/3918 5555/1320/3918
f 5556/1992/3919 5557/2355/3919 5558/2354/3919
f 5559/1162/3920 5560/1164/3920 5561/1164/3920
f 5562/1160/3921 5563/1160/3921 5564/1162/3921
f 5565/2457/3589 5566/2455/3589 5567/3133/3589
f 5568/2442/2705 5569/2444/2705 5570/2559/2705
f 5571/3133/3922 5572/2352/3922 5573/2353/3922
f 5574/2256/3923 5575/2456/3923 5576/2257/3923
f 5577/2448/3924 5578/2458/3924 5579/2774/3924
f 5580/2207/3925 5581/2442/3925 5582/2206/3925
f 5583/2786/3926 5584/2468/3926 5585/2469/3926
f 5586/1019/3927 5587/2489/3927 5588/1018/3927
f 5589/1288/3495 5590/1287/3495 5591/3099/3495
f 5592/1287/3496 5593/2491/3496 5594/3099/3496
f 5595/2491/3495 5596/2492/3495 5591/3099/3495
f 5597/2487/2576 5598/2914/2576 5599/358/2576
f 5600/2914/2575 5601/2915/2575 5602/358/2575
f 5603/2915/2575 5604/2471/2575 5605/358/2575
f 1340/1070/165 1338/249/165 5606/1070/165
f 5607/244/159 5608/244/159 5609/243/159
f 281/246/161 262/244/161 260/244/161
f 300/266/3928 298/264/3928 5610/2334/3928
f 5611/243/160 5612/245/160 5613/243/160
f 5614/3336/3929 5615/2362/3929 5616/1780/3929
f 5617/2076/3930 5618/1061/3930 5619/1059/3930
f 5620/1782/3931 5621/1780/3931 5622/1780/3931
f 5623/850/3932 5624/1782/3932 5625/850/3932
f 5626/700/2316 5627/2269/2316 5628/699/2316
f 5629/2271/2319 5630/2272/2319 5631/424/2319
f 5632/2269/3933 5633/2270/3933 5634/2292/3933
f 5635/2378/3934 5636/2059/3934 5637/698/3934
f 5638/2273/3935 5639/2077/3935 5640/1254/3935
f 5641/842/3936 5642/2081/3936 5643/2271/3936
f 5644/797/3937 5645/1938/3937 5646/796/3937
f 5647/1939/3938 5648/2253/3938 5649/533/3938
f 5650/1815/1929 5651/1884/1929 5652/1816/1929
f 5653/1816/1928 5654/1884/1928 5655/679/1928
f 5656/2252/2308 5657/2254/2308 5658/2701/2308
f 5659/2701/2309 5660/2254/2309 5661/2700/2309
f 5662/2700/2309 5663/2254/2309 5664/2548/2309
f 3719/2555/2703 3722/2558/2703 5665/3337/3939
f 5666/513/3940 5667/1213/3940 5668/1214/3940
f 5669/510/3941 5670/1956/3941 5671/1957/3941
f 5672/1065/3942 5673/1063/3942 5674/798/3942
f 5675/1337/3943 5676/1062/3943 5677/1064/3943
f 5678/512/3944 5679/1220/3944 5680/513/3944
f 5681/798/3945 5682/1063/3945 5683/1315/3945
f 5684/1314/3946 5685/1062/3946 5686/1337/3946
f 5687/513/3947 5688/1220/3947 5689/1213/3947
f 5690/1957/3948 5691/1219/3948 5692/510/3948
f 5693/3338/3949 5694/3339/3949 5695/3340/3949
f 5696/2507/3950 5697/3341/3950 5698/2508/3950
f 5699/3342/3951 5700/1879/3951 5701/3065/3951
f 5702/1880/3952 5703/395/3952 5704/393/3952
f 5705/1249/3953 5706/991/3953 5707/992/3953
f 5708/1248/3954 5709/1261/3954 5710/1249/3954
f 5711/1261/3955 5712/798/3955 5713/1315/3955
f 1787/1336/445 5714/3343/445 1789/1338/445
f 5715/1314/3956 5716/1337/3956 5717/1966/3956
f 682/573/423 671/563/423 673/564/423
f 669/561/3957 671/563/3957 679/570/3957
f 666/558/459 732/619/461 668/560/3958
f 731/349/3959 733/453/3959 5718/348/3959
f 416/374/3960 5719/3344/3960 418/376/3960
f 4496/2942/3243 4498/2944/3243 4494/2940/3243
f 4527/1275/280 4528/1276/280 4526/1274/280
f 4783/2942/3243 4778/2941/3243 4780/2940/3243
f 985/821/213 714/605/213 716/607/213
f 698/589/445 1677/1283/445 699/590/445
f 717/608/158 709/600/158 1669/1275/158
f 5720/325/3961 5721/324/3961 5722/3345/3961
f 5723/3346/3962 5724/2699/3962 5725/2698/3962
f 2950/2211/3963 2948/2209/3963 2960/2221/3963
f 2969/2230/3964 2971/2232/3964 5726/3347/3964
o F16_15_2
v 0.008058 0.420336 -1.723859
v 0.007720 0.419681 -1.690054
v 0.012864 0.326417 -1.721603
v 0.012864 0.300446 -1.689829
v -0.004957 1.046208 -2.023021
v 0.000127 1.046208 -2.023613
v -0.014454 1.046208 -2.018890
v 0.000127 1.046208 -2.005283
v -0.005475 1.046208 -1.986206
v -0.014454 1.046208 -1.986206
v -0.009459 1.046208 -1.935012
v -0.014454 1.046208 -1.935012
v -0.013117 1.046208 -1.878980
v -0.014454 1.046208 -1.878980
v 0.000126 1.092303 -1.663547
v 0.000117 1.092305 -1.750382
v -0.005119 1.092303 -1.663547
v -0.013912 1.092305 -1.750382
v -0.014454 1.046208 -2.018890
v -0.014454 1.092744 -2.018890
v -0.004957 1.046208 -2.023021
v -0.004957 1.092744 -2.023021
v 0.007720 0.419681 -1.690054
v 0.005727 0.465870 -1.690140
v 0.012735 0.434086 -1.596646
v 0.011291 0.465870 -1.596708
v 0.014163 0.449529 -1.494430
v 0.013369 0.465870 -1.494462
v 0.010051 0.465430 -1.386248
v 0.013369 1.046208 -1.878980
v 0.013570 1.045769 -1.819687
v 0.009713 1.046208 -1.935012
v 0.014707 1.092744 -2.018890
v 0.005210 1.092744 -2.023021
v 0.014707 1.092744 -1.986206
v 0.000127 1.092744 -2.023613
v 0.000130 1.092744 -1.986206
v -0.014454 1.092744 -1.986206
v -0.014454 1.092744 -1.952455
v 0.000133 1.092744 -1.952455
v 0.014707 1.092744 -1.952455
v 0.018428 0.308746 -1.596397
v 0.012735 0.434086 -1.596646
v 0.020506 0.318887 -1.494150
v 0.014163 0.449529 -1.494430
v -0.005458 0.465870 -1.735708
v 0.000127 0.465870 -1.735708
v -0.005475 0.465421 -1.756971
v 0.000127 0.465421 -1.756971
v 0.005711 0.465870 -1.735708
v 0.005727 0.465870 -1.690140
v 0.008058 0.420336 -1.723859
v 0.007720 0.419681 -1.690054
v 0.000127 0.300446 -1.689829
v 0.012864 0.300446 -1.689829
v 0.000127 0.308746 -1.596397
v 0.018428 0.308746 -1.596397
v 0.005727 0.465421 -1.756971
v 0.005711 0.465870 -1.735708
v 0.008058 0.419888 -1.755882
v 0.008058 0.420336 -1.723859
v 0.000137 1.092745 -1.910412
v 0.014707 1.092745 -1.910412
v 0.000133 1.092744 -1.952455
v 0.014707 1.092744 -1.952455
v -0.005475 0.465870 -1.690140
v -0.011039 0.465870 -1.596708
v -0.005475 1.046208 -1.986206
v -0.009459 1.046208 -1.935012
v -0.014454 1.092744 -1.986206
v -0.014454 1.092744 -2.018890
v -0.014454 1.046208 -1.986206
v -0.014454 1.046208 -2.018890
v 0.000127 1.092744 -2.023613
v 0.005210 1.092744 -2.023021
v 0.000127 1.046208 -2.023613
v 0.005210 1.046208 -2.023021
v 0.000127 0.326417 -1.721603
v 0.000127 0.300446 -1.689829
v -0.012611 0.326417 -1.721603
v -0.012611 0.300446 -1.689829
v 0.014707 1.092745 -1.910412
v 0.000137 1.092745 -1.910412
v 0.014707 1.092305 -1.865707
v 0.000106 1.092305 -1.865707
v -0.014454 1.092745 -1.910412
v -0.014454 1.092305 -1.865707
v 0.014707 1.046208 -2.018890
v 0.005210 1.046208 -2.023021
v 0.014707 1.092744 -2.018890
v 0.005210 1.092744 -2.023021
v 0.014707 1.046208 -2.018890
v 0.014707 1.092744 -2.018890
v 0.014707 1.046208 -1.986206
v 0.014707 1.092744 -1.986206
v 0.014707 1.092744 -1.952455
v 0.014707 1.046208 -1.935012
v 0.014707 1.092744 -1.986206
v 0.014707 1.046208 -1.986206
v 0.012864 0.300446 -1.689829
v 0.007720 0.419681 -1.690054
v 0.018428 0.308746 -1.596397
v 0.012735 0.434086 -1.596646
v 0.000133 1.092744 -1.952455
v -0.014454 1.092744 -1.952455
v 0.000137 1.092745 -1.910412
v -0.014454 1.092745 -1.910412
v 0.014707 1.092745 -1.910412
v 0.014707 1.046208 -1.878980
v 0.014707 1.092744 -1.952455
v 0.014707 1.046208 -1.935012
v 0.000126 1.092303 -1.663547
v 0.005371 1.092303 -1.663547
v 0.000117 1.092305 -1.750382
v 0.014165 1.092305 -1.750382
v 0.014165 1.092305 -1.750382
v 0.014165 1.045769 -1.704354
v 0.014707 1.092305 -1.865707
v 0.014707 1.045769 -1.819687
v 0.005727 1.046208 -1.986206
v 0.005727 0.465870 -1.690140
v 0.000127 1.046208 -2.005283
v 0.005711 0.465870 -1.735708
v 0.000127 0.318887 -1.494150
v 0.020506 0.318887 -1.494150
v 0.000127 0.294035 -1.486861
v 0.020444 0.294035 -1.486861
v 0.020444 0.322285 -1.237880
v 0.020444 0.322285 -1.237880
v 0.020444 0.324548 -0.993459
v 0.013008 0.465430 -1.141826
v 0.014165 1.045769 -1.704354
v -0.020190 0.319336 -0.362007
v 0.000127 0.321920 -0.327758
v 0.000127 0.325064 -0.362007
v 0.020444 0.319336 -0.362007
v 0.020444 0.324809 -0.834993
v 0.012276 0.465430 -0.983360
v 0.020444 0.319336 -0.362007
v 0.000127 0.325064 -0.362007
v 0.005482 1.045768 -1.617520
v 0.000127 0.471146 -0.983360
v 0.000127 1.045395 -1.610884
v 0.014165 1.092305 -1.750382
v 0.005371 1.092303 -1.663547
v 0.000127 1.092303 -1.657386
v -0.014454 1.046208 -1.878980
v -0.014454 1.045769 -1.819687
v -0.014454 1.092745 -1.910412
v -0.014454 1.092305 -1.865707
v 0.014707 1.046208 -1.878980
v 0.014707 1.092745 -1.910412
v 0.014707 1.045769 -1.819687
v 0.014707 1.092305 -1.865707
v 0.012864 0.300446 -1.689829
v 0.000127 0.300446 -1.689829
v 0.012864 0.326417 -1.721603
v 0.000127 0.326417 -1.721603
v 0.005371 1.092303 -1.663547
v 0.000126 1.092303 -1.663547
v 0.000127 1.092303 -1.657386
v -0.005119 1.092303 -1.663547
v 0.000127 0.420336 -1.723859
v 0.000127 0.326417 -1.721603
v -0.007805 0.420336 -1.723859
v -0.012611 0.326417 -1.721603
v -0.014454 1.092745 -1.910412
v -0.014454 1.092744 -1.952455
v -0.014454 1.046208 -1.878980
v -0.014454 1.046208 -1.935012
v -0.013900 0.449725 -1.494430
v -0.012474 0.434257 -1.596646
v -0.020253 0.318887 -1.494150
v -0.018175 0.308746 -1.596397
v -0.012611 0.300446 -1.689829
v -0.007467 0.419681 -1.690054
v -0.012611 0.326417 -1.721603
v -0.007805 0.420336 -1.723859
v -0.012611 0.300446 -1.689829
v -0.018175 0.308746 -1.596397
v -0.007467 0.419681 -1.690054
v -0.012474 0.434257 -1.596646
v 0.000127 0.308746 -1.596397
v 0.018428 0.308746 -1.596397
v 0.000127 0.318887 -1.494150
v 0.020506 0.318887 -1.494150
v -0.004957 1.046208 -2.023021
v -0.004957 1.092744 -2.023021
v 0.000127 1.046208 -2.023613
v 0.000127 1.092744 -2.023613
v 0.012864 0.326417 -1.721603
v 0.000127 0.326417 -1.721603
v 0.008058 0.420336 -1.723859
v 0.000127 0.420336 -1.723859
v 0.005727 0.465870 -1.690140
v 0.005727 1.046208 -1.986206
v 0.011291 0.465870 -1.596708
v 0.009713 1.046208 -1.935012
v -0.018175 0.308746 -1.596397
v -0.012611 0.300446 -1.689829
v 0.000127 0.308746 -1.596397
v 0.000127 0.300446 -1.689829
v 0.013369 1.046208 -1.878980
v 0.014707 1.046208 -1.878980
v 0.013570 1.045769 -1.819687
v 0.014707 1.045769 -1.819687
v 0.000127 0.308746 -1.596397
v 0.000127 0.318887 -1.494150
v -0.018175 0.308746 -1.596397
v -0.020253 0.318887 -1.494150
v 0.014707 1.046208 -1.878980
v 0.013369 1.046208 -1.878980
v 0.014707 1.046208 -1.935012
v 0.009713 1.046208 -1.935012
v 0.014707 1.046208 -1.986206
v 0.005727 1.046208 -1.986206
v 0.014707 1.046208 -2.018890
v 0.000127 1.046208 -2.005283
v 0.000127 1.046208 -2.023613
v -0.007467 0.419681 -1.690054
v -0.005475 0.465870 -1.690140
v -0.007805 0.420336 -1.723859
v -0.005458 0.465870 -1.735708
v 0.000127 0.465421 -1.756971
v 0.000127 0.465870 -1.735708
v 0.005727 0.465421 -1.756971
v 0.005711 0.465870 -1.735708
v -0.014454 1.092744 -1.952455
v -0.014454 1.092744 -1.986206
v -0.014454 1.046208 -1.935012
v -0.014454 1.046208 -1.986206
v -0.005458 0.465870 -1.735708
v -0.005475 0.465870 -1.690140
v 0.000127 1.046208 -2.005283
v -0.005475 1.046208 -1.986206
v -0.005475 0.465870 -1.690140
v -0.007467 0.419681 -1.690054
v -0.011039 0.465870 -1.596708
v -0.012474 0.434257 -1.596646
v -0.013900 0.449725 -1.494430
v -0.013117 0.465870 -1.494462
v -0.009798 0.465430 -1.386240
v -0.013117 1.046208 -1.878980
v -0.013316 1.045769 -1.819687
v -0.009459 1.046208 -1.935012
v -0.014454 1.045769 -1.819687
v -0.013912 1.045769 -1.704354
v -0.014454 1.092305 -1.865707
v -0.013912 1.092305 -1.750382
v 0.008058 0.419888 -1.755882
v 0.008058 0.420336 -1.723859
v 0.000127 0.419888 -1.755882
v 0.000127 0.420336 -1.723859
v -0.020253 0.318887 -1.494150
v -0.020190 0.322285 -1.237880
v -0.020190 0.324548 -0.993459
v -0.020190 0.294035 -1.486861
v 0.000127 0.294035 -1.486861
v 0.005727 0.465421 -1.756971
v 0.008058 0.419888 -1.755882
v 0.000127 0.465421 -1.756971
v 0.000127 0.419888 -1.755882
v -0.004957 1.092744 -2.023021
v -0.014454 1.092744 -2.018890
v -0.005475 0.465421 -1.756971
v 0.000127 0.465421 -1.756971
v -0.007805 0.419888 -1.755882
v 0.000127 0.419888 -1.755882
v -0.013912 1.092305 -1.750382
v 0.000117 1.092305 -1.750382
v -0.014454 1.092305 -1.865707
v 0.000106 1.092305 -1.865707
v 0.014165 1.092305 -1.750382
v 0.014707 1.092305 -1.865707
v -0.014454 1.045769 -1.819687
v -0.014454 1.046208 -1.878980
v -0.013316 1.045769 -1.819687
v -0.013117 1.046208 -1.878980
v -0.007805 0.420336 -1.723859
v -0.005458 0.465870 -1.735708
v -0.007805 0.419888 -1.755882
v -0.005475 0.465421 -1.756971
v -0.007805 0.419888 -1.755882
v 0.000127 0.419888 -1.755882
v -0.007805 0.420336 -1.723859
v 0.000127 0.420336 -1.723859
v -0.013912 1.092305 -1.750382
v -0.013912 1.045769 -1.704354
v -0.005230 1.045768 -1.617520
v -0.012023 0.465430 -0.983360
v 0.000127 0.471146 -0.983360
v 0.000127 0.325064 -0.362007
v 0.000127 1.045395 -1.610884
v -0.005119 1.092303 -1.663547
v -0.020190 0.319336 -0.362007
v -0.020190 0.324809 -0.834993
v -0.012755 0.465430 -1.141826
v 0.005210 1.046208 -2.023021
v 0.014165 1.045769 -1.704354
v 0.013570 1.045769 -1.819687
v 0.014707 1.045769 -1.819687
v -0.013912 1.045769 -1.704354
v -0.014454 1.045769 -1.819687
v -0.013316 1.045769 -1.819687
v 0.000127 0.465870 -1.735708
v 0.000127 1.046208 -2.005283
v 0.005711 0.465870 -1.735708
v 0.000127 0.318887 -1.494150
v 0.000127 1.046208 -2.005283
v 0.000127 0.465870 -1.735708
v -0.005458 0.465870 -1.735708
vt 0.785818 0.143273
vt 0.767759 0.142165
vt 0.786973 0.092791
vt 0.772041 0.078756
vt 0.920929 0.546478
vt 0.922977 0.547037
vt 0.916710 0.545618
vt 0.913561 0.552756
vt 0.901398 0.552930
vt 0.900031 0.549374
vt 0.872867 0.552025
vt 0.872207 0.550392
vt 0.842037 0.550510
vt 0.841822 0.549996
vt 0.726009 0.514669
vt 0.772951 0.515997
vt 0.726020 0.518327
vt 0.773042 0.523018
vt 0.914461 0.524597
vt 0.917007 0.521008
vt 0.766048 0.166497
vt 0.717134 0.146510
vt 0.715861 0.163268
vt 0.661862 0.151204
vt 0.661158 0.160065
vt 0.603372 0.157120
vt 0.844072 0.485635
vt 0.811946 0.484983
vt 0.874902 0.486140
vt 0.914276 0.517947
vt 0.916317 0.522201
vt 0.897529 0.514342
vt 0.918363 0.521583
vt 0.897842 0.520276
vt 0.897410 0.526060
vt 0.880429 0.526134
vt 0.880421 0.519223
vt 0.880600 0.512414
vt 0.722508 0.079646
vt 0.666212 0.080747
vt 0.770960 0.865621
vt 0.772566 0.865074
vt 0.782815 0.866845
vt 0.783797 0.864791
vt 0.790499 0.168018
vt 0.774774 0.073192
vt 0.723319 0.070038
vt 0.802395 0.167105
vt 0.802654 0.144395
vt 0.858457 0.518525
vt 0.858900 0.511292
vt 0.746653 0.865580
vt 0.696493 0.865723
vt 0.924157 0.495933
vt 0.922133 0.496549
vt 0.768724 0.942951
vt 0.750041 0.959110
vt 0.763389 0.940292
vt 0.747640 0.953404
vt 0.835280 0.510464
vt 0.834851 0.517790
vt 0.858517 0.525782
vt 0.834837 0.525111
vt 0.917912 0.496582
vt 0.901849 0.491085
vt 0.874184 0.487719
vt 0.843758 0.486042
vt 0.726256 0.511022
vt 0.773479 0.508990
vt 0.749826 0.483682
vt 0.811814 0.485393
vt 0.903439 0.487348
vt 0.915558 0.488440
vt 0.671209 0.071658
vt 0.665916 0.061631
vt 0.659296 0.067755
vt 0.527802 0.076190
vt 0.397821 0.069348
vt 0.472731 0.149706
vt 0.559761 0.514555
vt 0.548687 0.533621
vt 0.548739 0.514737
vt 0.537692 0.514621
vt 0.313946 0.063441
vt 0.388223 0.144577
vt 0.061565 0.039738
vt 0.058941 0.050579
vt 0.703046 0.483421
vt 0.385982 0.151460
vt 0.698806 0.484361
vt 0.721930 0.514556
vt 0.809905 0.548761
vt 0.792454 0.090451
vt 0.767006 0.892566
vt 0.765141 0.889874
vt 0.641999 0.874344
vt 0.696823 0.882388
vt 0.642150 0.944838
vt 0.698253 0.949507
vt 0.747038 0.889909
vt 0.787798 0.140672
vt 0.698484 0.959132
vt 0.646649 0.954083
vt 0.803314 0.169206
vt 0.792135 0.168667
vt 0.641798 0.865649
vt 0.584056 0.865344
vt 0.810007 0.549181
vt 0.747937 0.546965
vt 0.805137 0.142803
vt 0.504081 0.942178
vt 0.373989 0.941675
vt 0.634711 0.957504
vt 0.641056 0.963895
vt 0.782023 0.889557
vt 0.784438 0.891243
vt 0.701248 0.544600
vt 0.368696 0.866105
vt 0.366867 0.859131
vt 0.034573 0.941040
vt 0.697076 0.543406
vt 0.036578 0.952043
vt 0.289925 0.942863
vt 0.453280 0.865610
vn 0.998600 0.046900 0.024200
vn 0.000000 -1.000000 0.000100
vn 0.000000 -1.000000 0.000000
vn 0.000000 1.000000 0.000000
vn -0.398900 -0.000000 -0.917000
vn 0.997200 0.043800 -0.059900
vn 0.997300 0.043400 -0.060000
vn 0.998100 0.044900 -0.042000
vn 0.999100 0.018600 -0.038700
vn 0.998800 0.048300 0.012700
vn 0.999700 0.023900 0.003200
vn 0.999600 0.027900 0.003400
vn 0.999800 -0.011400 -0.019100
vn 0.999900 0.003400 0.010200
vn 0.999100 -0.021200 -0.036200
vn 0.998600 0.046800 -0.023100
vn 0.998600 0.047100 -0.022800
vn 0.998600 0.046700 -0.023300
vn 0.998600 0.046900 -0.023000
vn 0.000000 0.999800 -0.021100
vn 0.998800 0.047800 0.004400
vn 0.998800 0.048000 0.004200
vn 0.998800 0.047900 0.004400
vn 0.998800 0.047800 0.004500
vn 0.000000 -0.996100 0.088500
vn 0.998700 0.051100 -0.000300
vn 0.998700 0.051200 -0.000500
vn 0.998700 0.051200 -0.000600
vn 0.998700 0.051300 -0.000700
vn -0.997200 -0.034600 -0.065800
vn -1.000000 -0.000000 -0.000000
vn 0.115900 0.000000 -0.993300
vn 0.116100 -0.000000 -0.993200
vn 0.115600 0.000000 -0.993300
vn 0.000000 -0.774300 -0.632900
vn 0.000000 1.000000 0.009800
vn 0.398900 0.000000 -0.917000
vn 1.000000 0.000000 0.000000
vn 0.997100 0.044100 -0.061800
vn 0.997100 0.044200 -0.061600
vn 0.997100 0.043900 -0.062100
vn 1.000000 0.004600 0.004700
vn 0.995500 -0.037400 -0.086500
vn 0.995600 -0.037400 -0.086500
vn 0.000000 -0.281500 -0.959600
vn 0.882000 -0.107300 -0.458800
vn 0.742200 -0.190300 -0.642600
vn 0.117200 0.156500 -0.980700
vn -0.706000 -0.050800 -0.706400
vn 0.998400 0.057300 0.000100
vn 0.999000 0.043200 0.010900
vn 0.998100 0.043900 0.044100
vn -0.377000 0.912700 0.157700
vn -0.000000 0.995800 0.091400
vn 0.000000 0.987000 0.160700
vn 0.377000 0.912700 0.157700
vn 0.998300 0.058300 0.001000
vn 0.857400 0.469400 0.210900
vn 0.874000 0.348800 0.338400
vn 0.000000 0.873600 0.486600
vn -0.000000 0.729800 0.683600
vn 0.990100 0.099500 0.099500
vn 0.937100 0.246100 0.247400
vn -0.000100 0.704100 0.710100
vn 0.000000 -0.024000 -0.999700
vn -0.998600 0.047000 -0.022900
vn -0.998600 0.047100 -0.022700
vn -0.998600 0.046700 -0.023300
vn -0.998600 0.046900 -0.023000
vn -0.998600 0.046900 0.024200
vn -0.997100 0.044000 -0.061800
vn -0.997100 0.043900 -0.062000
vn -0.997100 0.044300 -0.061600
vn -0.997100 0.044100 -0.061800
vn 0.000000 -0.995100 0.098700
vn -0.115900 -0.000000 -0.993300
vn -0.116000 -0.000000 -0.993200
vn 0.997200 -0.034600 -0.065800
vn 0.000000 -1.000000 -0.007400
vn -0.998800 0.047800 0.004500
vn -0.998800 0.048000 0.004200
vn -0.998800 0.047800 0.004400
vn -0.995500 -0.037400 -0.086600
vn -0.995500 -0.037400 -0.086500
vn -0.997200 0.043800 -0.059900
vn -0.997300 0.043700 -0.059800
vn -0.999100 0.018600 -0.038700
vn -0.998100 0.045200 -0.042500
vn -0.998800 0.048300 0.012700
vn -0.999700 0.023900 0.003200
vn -0.999600 0.028100 0.003700
vn -0.999800 -0.011400 -0.019100
vn -0.999900 0.003500 0.010300
vn -0.999100 -0.021200 -0.036200
vn -1.000000 0.004700 0.004700
vn -1.000000 0.004600 0.004700
vn 0.000000 -0.999900 0.014000
vn -0.882000 -0.107300 -0.458900
vn -0.998300 0.058100 -0.004700
vn -0.998400 0.057300 0.000200
vn -0.742200 -0.190400 -0.642600
vn -0.000000 -0.281800 -0.959500
vn 0.000000 -0.023900 -0.999700
vn -0.998700 0.051300 -0.000700
vn -0.998700 0.051200 -0.000400
vn -0.998700 0.051200 -0.000600
vn -0.998700 0.051100 -0.000300
vn -0.990000 0.099800 0.099600
vn -0.998100 0.043900 0.044100
vn -0.874000 0.348800 0.338400
vn -0.857400 0.469400 0.210900
vn 0.000100 0.704100 0.710100
vn -0.937100 0.246100 0.247400
vn -0.998300 0.058300 0.001000
vn -0.999000 0.043200 0.010900
vn 0.000000 -0.421300 -0.906900

f 5727/3348/3965 5728/3349/3965 5729/3350/3965
f 5730/3351/3965 5729/3350/3965 5728/3349/3965
f 5731/3352/3966 5732/3353/3967 5733/3354/3967
f 5734/3355/3967 5733/3354/3967 5732/3353/3967
f 5733/3354/3967 5734/3355/3967 5735/3356/3967
f 5733/3354/3967 5735/3356/3967 5736/3357/3967
f 5737/3358/3967 5736/3357/3967 5735/3356/3967
f 5736/3357/3967 5737/3358/3967 5738/3359/3967
f 5739/3360/3967 5738/3359/3967 5737/3358/3967
f 5738/3359/3967 5739/3360/3967 5740/3361/3967
f 5741/3362/3968 5742/3363/3968 5743/3364/3968
f 5744/3365/3968 5743/3364/3968 5742/3363/3968
f 5745/3354/3969 5746/3366/3969 5747/3352/3969
f 5748/3367/3969 5747/3352/3969 5746/3366/3969
f 5749/3349/3970 5750/3368/3971 5751/3369/3972
f 5752/3370/3973 5751/3369/3972 5750/3368/3971
f 5751/3369/3972 5752/3370/3973 5753/3371/3974
f 5754/3372/3975 5753/3371/3974 5752/3370/3973
f 5753/3371/3974 5754/3372/3975 5755/3373/3976
f 5756/3374/3977 5755/3373/3976 5754/3372/3975
f 5755/3373/3976 5756/3374/3977 5757/3375/3978
f 5756/3374/3977 5754/3372/3975 5758/3376/3979
f 5752/3370/3973 5758/3376/3979 5754/3372/3975
f 5759/3377/3968 5760/3378/3968 5761/3379/3968
f 5762/3380/3968 5761/3379/3968 5760/3378/3968
f 5761/3379/3968 5762/3380/3968 5763/3381/3968
f 5764/3382/3968 5763/3381/3968 5762/3380/3968
f 5763/3381/3968 5764/3382/3968 5765/3383/3968
f 5765/3383/3968 5766/3384/3968 5763/3381/3968
f 5767/3385/3968 5763/3381/3968 5766/3384/3968
f 5763/3381/3968 5767/3385/3968 5761/3379/3968
f 5768/3386/3980 5769/3369/3981 5770/3387/3982
f 5771/3371/3983 5770/3387/3982 5769/3369/3981
f 5772/3388/3984 5773/3389/3984 5774/3390/3984
f 5775/3391/3984 5774/3390/3984 5773/3389/3984
f 5776/3392/3985 5777/3368/3986 5778/3348/3987
f 5779/3349/3988 5778/3348/3987 5777/3368/3986
f 5780/3393/3989 5781/3351/3989 5782/3394/3989
f 5783/3386/3989 5782/3394/3989 5781/3351/3989
f 5784/3395/3990 5785/3392/3991 5786/3396/3992
f 5787/3348/3993 5786/3396/3992 5785/3392/3991
f 5788/3397/3968 5789/3398/3968 5790/3384/3968
f 5791/3385/3968 5790/3384/3968 5789/3398/3968
f 5792/3399/3994 5793/3400/3994 5794/3356/3994
f 5795/3358/3994 5794/3356/3994 5793/3400/3994
f 5796/3382/3995 5797/3366/3995 5798/3357/3995
f 5799/3354/3995 5798/3357/3995 5797/3366/3995
f 5800/3380/3996 5801/3378/3997 5802/3401/3996
f 5803/3402/3998 5802/3401/3996 5801/3378/3997
f 5804/3403/3999 5805/3404/3999 5806/3405/3999
f 5807/3406/3999 5806/3405/3999 5805/3404/3999
f 5808/3398/4000 5809/3397/4000 5810/3407/4000
f 5811/3408/4000 5810/3407/4000 5809/3397/4000
f 5809/3397/4000 5812/3409/4000 5811/3408/4000
f 5813/3410/4000 5811/3408/4000 5812/3409/4000
f 5814/3411/4001 5815/3402/4001 5816/3377/4001
f 5817/3378/4001 5816/3377/4001 5815/3402/4001
f 5818/3411/4002 5819/3377/4002 5820/3412/4002
f 5821/3379/4002 5820/3412/4002 5819/3377/4002
f 5822/3385/4002 5823/3413/4002 5824/3379/4002
f 5825/3412/4002 5824/3379/4002 5823/3413/4002
f 5826/3351/4003 5827/3349/4004 5828/3386/4005
f 5829/3369/4003 5828/3386/4005 5827/3349/4004
f 5830/3384/3968 5831/3383/3968 5832/3397/3968
f 5833/3409/3968 5832/3397/3968 5831/3383/3968
f 5834/3398/4002 5835/3414/4002 5836/3385/4002
f 5837/3413/4002 5836/3385/4002 5835/3414/4002
f 5838/3362/3968 5839/3415/3968 5840/3363/3968
f 5841/3416/3968 5840/3363/3968 5839/3415/3968
f 5842/3416/4006 5843/3417/4006 5844/3407/4006
f 5845/3418/4006 5844/3407/4006 5843/3417/4006
f 5846/3419/4007 5847/3368/4007 5848/3420/4007
f 5849/3392/4008 5848/3420/4007 5847/3368/4007
f 5850/3421/4009 5851/3387/4010 5852/3422/4009
f 5853/3423/4011 5852/3422/4009 5851/3387/4010
f 5853/3423/4011 5851/3387/4010 5854/3424/4012
f 5855/3424/4013 5854/3424/4012 5851/3387/4010
f 5854/3424/4012 5855/3424/4013 5856/3425/4014
f 5755/3373/3976 5856/3425/4014 5855/3424/4013
f 5856/3425/4014 5755/3373/3976 5857/3426/4015
f 5757/3375/3978 5857/3426/4015 5755/3373/3976
f 5857/3426/4015 5757/3375/3978 5858/3417/4016
f 5855/3424/4013 5851/3387/4010 5755/3373/3976
f 5753/3371/3974 5755/3373/3976 5851/3387/4010
f 5859/3427/4017 5860/3428/4018 5861/3429/4019
f 5862/3430/4020 5861/3429/4019 5860/3428/4018
f 5856/3425/4014 5857/3426/4015 5863/3431/4021
f 5864/3432/4022 5863/3431/4021 5857/3426/4015
f 5863/3431/4021 5864/3432/4022 5865/3433/4020
f 5866/3434/4019 5865/3433/4020 5864/3432/4022
f 5857/3426/4015 5858/3417/4016 5864/3432/4022
f 5867/3435/4023 5864/3432/4022 5858/3417/4016
f 5864/3432/4022 5867/3435/4023 5868/3436/4024
f 5869/3437/4025 5868/3436/4024 5867/3435/4023
f 5858/3417/4016 5870/3416/4026 5867/3435/4023
f 5871/3415/4027 5867/3435/4023 5870/3416/4026
f 5867/3435/4023 5871/3415/4027 5872/3438/4028
f 5873/3361/3995 5874/3439/3995 5875/3409/3995
f 5876/3410/3995 5875/3409/3995 5874/3439/3995
f 5877/3414/4002 5878/3398/4002 5879/3418/4002
f 5880/3407/4002 5879/3418/4002 5878/3398/4002
f 5881/3351/3999 5882/3393/3999 5883/3350/3999
f 5884/3440/3999 5883/3350/3999 5882/3393/3999
f 5885/3415/3968 5886/3362/3968 5887/3438/3968
f 5888/3364/3968 5887/3438/3968 5886/3362/3968
f 5889/3441/4029 5890/3403/4029 5891/3442/4029
f 5892/3405/4029 5891/3442/4029 5890/3403/4029
f 5893/3409/3995 5894/3383/3995 5895/3361/3995
f 5896/3359/3995 5895/3361/3995 5894/3383/3995
f 5897/3443/4030 5898/3444/4031 5899/3445/4032
f 5900/3446/4033 5899/3445/4032 5898/3444/4031
f 5901/3406/4034 5902/3447/4034 5903/3405/4034
f 5904/3442/4034 5903/3405/4034 5902/3447/4034
f 5905/3406/4035 5906/3446/4036 5907/3447/4037
f 5908/3444/4038 5907/3447/4037 5906/3446/4036
f 5909/3394/4039 5910/3386/4039 5911/3421/4039
f 5912/3387/4039 5911/3421/4039 5910/3386/4039
f 5913/3352/4040 5914/3367/4041 5915/3353/4041
f 5916/3380/4040 5915/3353/4041 5914/3367/4041
f 5917/3350/4029 5918/3440/4029 5919/3348/4029
f 5920/3448/4029 5919/3348/4029 5918/3440/4029
f 5921/3368/4042 5922/3419/4042 5923/3370/4042
f 5924/3376/4042 5923/3370/4042 5922/3419/4042
f 5925/3446/3989 5926/3406/3989 5927/3449/3989
f 5928/3404/3989 5927/3449/3989 5926/3406/3989
f 5929/3374/4043 5930/3414/4043 5931/3375/4043
f 5932/3418/4043 5931/3375/4043 5930/3414/4043
f 5933/3449/4039 5934/3450/4039 5935/3446/4039
f 5936/3445/4039 5935/3446/4039 5934/3450/4039
f 5937/3414/3967 5938/3374/3967 5939/3413/3967
f 5940/3376/3967 5939/3413/3967 5938/3374/3967
f 5939/3413/3967 5940/3376/3967 5941/3412/3967
f 5942/3419/3967 5941/3412/3967 5940/3376/3967
f 5941/3412/3967 5942/3419/3967 5943/3411/3967
f 5944/3420/3967 5943/3411/3967 5942/3419/3967
f 5943/3411/3967 5944/3420/3967 5945/3401/3967
f 5946/3447/4044 5947/3399/4045 5948/3442/4046
f 5949/3388/4046 5948/3442/4046 5947/3399/4045
f 5950/3451/3984 5951/3452/3984 5952/3395/3984
f 5953/3392/3984 5952/3395/3984 5951/3452/3984
f 5954/3383/3995 5955/3382/3995 5956/3359/3995
f 5957/3357/3995 5956/3359/3995 5955/3382/3995
f 5958/3388/4047 5959/3399/4047 5960/3355/4048
f 5961/3356/4048 5960/3355/4048 5959/3399/4047
f 5962/3399/4049 5963/3447/4050 5964/3400/4051
f 5965/3444/4052 5964/3400/4051 5963/3447/4050
f 5964/3400/4051 5965/3444/4052 5966/3443/4053
f 5964/3400/4051 5966/3443/4053 5967/3453/4054
f 5968/3454/4055 5967/3453/4054 5966/3443/4053
f 5967/3453/4054 5968/3454/4055 5969/3360/4056
f 5970/3455/4057 5969/3360/4056 5968/3454/4055
f 5969/3360/4056 5971/3358/4058 5967/3453/4054
f 5964/3400/4051 5967/3453/4054 5971/3358/4058
f 5972/3439/4059 5973/3456/4059 5974/3410/4059
f 5975/3365/4060 5974/3410/4059 5973/3456/4059
f 5976/3396/4061 5977/3348/4061 5978/3457/4061
f 5979/3448/4061 5978/3457/4061 5977/3348/4061
f 5966/3443/4053 5980/3445/4062 5968/3454/4055
f 5981/3458/4063 5968/3454/4055 5980/3445/4062
f 5968/3454/4055 5981/3458/4063 5982/3459/4064
f 5981/3458/4063 5980/3445/4062 5983/3460/4065
f 5984/3461/4066 5983/3460/4065 5980/3445/4062
f 5985/3395/4067 5986/3396/4067 5987/3451/4067
f 5988/3457/4067 5987/3451/4067 5986/3396/4067
f 5762/3380/3968 5989/3367/3968 5764/3382/3968
f 5990/3366/3968 5764/3382/3968 5989/3367/3968
f 5991/3390/4067 5992/3391/4067 5993/3462/4067
f 5994/3463/4067 5993/3462/4067 5992/3391/4067
f 5995/3365/3968 5996/3363/3968 5997/3410/3968
f 5998/3408/3968 5997/3410/3968 5996/3363/3968
f 5996/3363/3968 5999/3416/3968 5998/3408/3968
f 6000/3407/3968 5998/3408/3968 5999/3416/3968
f 6001/3439/4043 6002/3361/4043 6003/3455/4043
f 6004/3360/4043 6003/3455/4043 6002/3361/4043
f 6005/3442/4068 6006/3388/4069 6007/3462/4070
f 6008/3390/4071 6007/3462/4070 6006/3388/4069
f 6009/3462/4061 6010/3463/4061 6011/3442/4061
f 6012/3441/4061 6011/3442/4061 6010/3463/4061
f 6013/3365/4072 6014/3456/4073 6015/3464/4074
f 6016/3465/4075 6015/3464/4074 6014/3456/4073
f 6015/3464/4074 6016/3465/4075 6017/3466/4024
f 6018/3467/4019 6017/3466/4024 6016/3465/4075
f 6017/3466/4024 6019/3468/4025 6015/3464/4074
f 5872/3438/4076 6015/3464/4074 6019/3468/4025
f 6015/3464/4074 5872/3438/4076 6020/3364/4077
f 6018/3467/4019 6016/3465/4075 6021/3469/4017
f 6022/3470/4078 6021/3469/4017 6016/3465/4075
f 6022/3470/4078 6016/3465/4075 6023/3471/4079
f 6014/3456/4073 6023/3471/4079 6016/3465/4075
f 6023/3471/4079 6014/3456/4073 5970/3455/4057
f 5970/3455/4057 5968/3454/4055 6023/3471/4079
f 5982/3459/4064 6023/3471/4079 5968/3454/4055
f 6023/3471/4079 5982/3459/4064 6022/3470/4078
f 6024/3402/3967 5943/3411/3967 5945/3401/3967
f 5866/3434/4019 5864/3432/4022 5868/3436/4024
f 5872/3438/4028 5869/3437/4025 5867/3435/4023
f 6015/3464/4074 6020/3364/4077 6013/3365/4072
f 6025/3417/3967 6026/3375/3967 6027/3418/3967
f 6028/3456/3967 6029/3439/3967 6030/3455/3967
f 6031/3452/4080 6032/3420/4080 6033/3392/4080
f 5980/3445/4062 6034/3450/4009 5984/3461/4066
f 6035/3355/4080 6036/3389/4080 6037/3388/4080
o F16_04_1
v 0.414886 0.133845 -0.632276
v 0.416801 0.029873 -0.816087
v 1.100196 0.116584 -0.743574
v 1.101152 0.063732 -0.837594
v 0.417338 0.023993 -0.813187
v 1.101503 0.059685 -0.835598
v 1.101387 0.102613 -0.736685
v 0.417179 0.107230 -0.619152
v 1.101387 0.102613 -0.736685
v 1.100196 0.116584 -0.743574
v 1.101503 0.059685 -0.835598
v 1.101152 0.063732 -0.837594
v 1.100196 0.116584 -0.743574
v 1.101387 0.102613 -0.736685
v 0.414886 0.133845 -0.632276
v 0.417179 0.107230 -0.619152
v 0.417179 0.107230 -0.619152
v 0.417338 0.023993 -0.813187
v 0.414886 0.133845 -0.632276
v 0.416801 0.029873 -0.816087
vt 0.989959 0.711720
vt 0.989407 0.753073
vt 0.855853 0.731693
vt 0.855548 0.752705
vt 0.989336 0.754602
vt 0.855493 0.753493
vt 0.855499 0.774508
vt 0.989334 0.795932
vn -0.058100 0.869000 -0.491400
vn -0.044700 0.303400 -0.951800
vn -0.058200 0.869100 -0.491100
vn -0.044000 0.284200 -0.957800
vn 0.037700 -0.936400 -0.349000
vn 0.037900 -0.938300 -0.343800
vn 0.061200 -0.916700 0.394800
vn 0.061200 -0.916700 0.394900
vn 0.997100 0.070800 -0.029600
vn 0.997000 0.071100 -0.029700
vn 0.997000 0.071500 -0.030000
vn 0.997000 0.071500 -0.030100
vn 0.154300 0.447600 0.880800
vn 0.154300 0.447300 0.881000
vn -0.997000 -0.071600 0.030000
vn -0.996900 -0.072100 0.030200
vn -0.997000 -0.071900 0.030200
vn -0.997000 -0.072000 0.030200

f 6038/3472/4081 6039/3473/4082 6040/3474/4083
f 6041/3475/4084 6040/3474/4083 6039/3473/4082
f 6039/3473/4082 6042/3476/4085 6041/3475/4084
f 6043/3477/4086 6041/3475/4084 6042/3476/4085
f 6043/3477/4086 6042/3476/4085 6044/3478/4087
f 6045/3479/4088 6044/3478/4087 6042/3476/4085
f 6046/3478/4089 6047/3474/4090 6048/3477/4091
f 6049/3475/4092 6048/3477/4091 6047/3474/4090
f 6050/3474/4093 6051/3478/4093 6052/3472/4093
f 6053/3479/4094 6052/3472/4093 6051/3478/4093
f 6054/3479/4095 6055/3476/4096 6056/3472/4097
f 6057/3473/4098 6056/3472/4097 6055/3476/4096
o F16_08_1
v -0.411924 0.136109 -0.623575
v -0.411963 0.106345 -0.623575
v -1.097302 0.117842 -0.734294
v -1.097309 0.102219 -0.734294
v 1.104169 0.117536 -0.737741
v 1.104177 0.102294 -0.737741
v 0.412177 0.135841 -0.628267
v 0.412216 0.106593 -0.628267
v 0.412216 0.106593 -0.628267
v 0.412216 0.117460 -0.834417
v 0.412177 0.135841 -0.628267
v 0.412177 0.124037 -0.834417
v -0.411924 0.136109 -0.623575
v -0.411924 0.124037 -0.834417
v -0.411963 0.106345 -0.623575
v -0.411963 0.117460 -0.834417
v -1.097309 0.107437 -0.841995
v -1.097302 0.111964 -0.841995
v -1.097309 0.102219 -0.734294
v -1.097302 0.117842 -0.734294
v 1.104177 0.107341 -0.842065
v 1.104177 0.102294 -0.737741
v 1.104169 0.111848 -0.842065
v 1.104169 0.117536 -0.737741
vt 0.382431 0.127556
vt 0.382425 0.132659
vt 0.263386 0.130688
vt 0.263384 0.133367
vt 0.382039 0.137790
vt 0.382041 0.140403
vt 0.263384 0.134651
vt 0.263390 0.139666
vt 0.298732 0.153091
vt 0.263384 0.151227
vt 0.298732 0.148075
vt 0.263384 0.150099
vt 0.263384 0.141688
vt 0.299536 0.143758
vt 0.263384 0.146791
vt 0.299536 0.144885
vt 0.300821 0.143472
vt 0.300821 0.142695
vt 0.319288 0.144367
vt 0.319288 0.141688
vt 0.281273 0.156123
vt 0.263384 0.156989
vt 0.281273 0.155350
vt 0.263384 0.154375
vn 0.159500 -0.000200 -0.987200
vn 0.159500 -0.000100 -0.987200
vn -0.156300 -0.000100 -0.987700
vn -0.156300 -0.000200 -0.987700
vn 1.000000 0.002000 0.000000
vn 1.000000 0.002200 -0.000000
vn 1.000000 0.002300 -0.000000
vn -1.000000 0.001900 -0.000000
vn -1.000000 0.002200 0.000000
vn 1.000000 -0.001700 -0.000100
vn 1.000000 -0.001200 0.000000
vn 1.000000 -0.001000 -0.000000
vn 1.000000 -0.000500 0.000000
vn -1.000000 -0.001700 -0.000100
vn -1.000000 -0.001000 -0.000000
vn -1.000000 -0.001600 -0.000100
vn -1.000000 -0.000500 0.000000

f 6058/3480/4099 6059/3481/4099 6060/3482/4100
f 6061/3483/4100 6060/3482/4100 6059/3481/4099
f 6062/3484/4101 6063/3485/4101 6064/3486/4102
f 6065/3487/4102 6064/3486/4102 6063/3485/4101
f 6066/3488/4103 6067/3489/4104 6068/3490/4105
f 6069/3491/4104 6068/3490/4105 6067/3489/4104
f 6070/3492/4106 6071/3493/4107 6072/3494/4107
f 6073/3495/4107 6072/3494/4107 6071/3493/4107
f 6074/3496/4108 6075/3497/4109 6076/3498/4110
f 6077/3499/4111 6076/3498/4110 6075/3497/4109
f 6078/3500/4112 6079/3501/4113 6080/3502/4114
f 6081/3503/4115 6080/3502/4114 6079/3501/4113
o Tire_2_1
v 0.418949 -0.284378 -0.336967
v 0.418949 -0.284827 -0.338203
v 0.418949 -0.274639 -0.310208
v 0.401891 -0.267172 -0.311525
v 0.401891 -0.267172 -0.279100
v 0.380074 -0.267172 -0.279100
v 0.401891 -0.278262 -0.341993
v 0.380074 -0.267172 -0.311525
v 0.418949 -0.303978 -0.361024
v 0.401891 -0.299104 -0.366832
v 0.380074 -0.278262 -0.341993
v 0.380074 -0.299104 -0.366832
v 0.363017 -0.284827 -0.338203
v 0.363017 -0.303977 -0.361024
v 0.418949 -0.329774 -0.375920
v 0.401891 -0.327183 -0.383044
v 0.380074 -0.327183 -0.383044
v 0.363017 -0.329774 -0.375920
v 0.418949 -0.359113 -0.381093
v 0.401892 -0.359113 -0.388674
v 0.380074 -0.359113 -0.388674
v 0.363017 -0.359113 -0.381093
v 0.418949 -0.388452 -0.375920
v 0.401892 -0.391051 -0.383044
v 0.380074 -0.391051 -0.383044
v 0.363017 -0.388452 -0.375920
v 0.418949 -0.414251 -0.361024
v 0.401892 -0.419129 -0.366832
v 0.380074 -0.419129 -0.366832
v 0.363017 -0.414251 -0.361024
v 0.418949 -0.433406 -0.338203
v 0.401892 -0.439972 -0.341994
v 0.380074 -0.439972 -0.341994
v 0.363017 -0.433406 -0.338203
v 0.418949 -0.443590 -0.310209
v 0.401892 -0.451059 -0.311525
v 0.380074 -0.451059 -0.311525
v 0.363017 -0.443590 -0.310209
v 0.363017 -0.274639 -0.310208
v 0.363017 -0.284827 -0.338203
v 0.363017 -0.274639 -0.280417
v 0.363017 -0.284828 -0.252422
v 0.363017 -0.303977 -0.361024
v 0.363017 -0.303977 -0.229601
v 0.363017 -0.329774 -0.375920
v 0.363017 -0.329774 -0.214706
v 0.363017 -0.359113 -0.381093
v 0.363017 -0.359113 -0.209533
v 0.363017 -0.388452 -0.375920
v 0.363017 -0.388452 -0.214706
v 0.363017 -0.414251 -0.361024
v 0.363017 -0.414251 -0.229602
v 0.363017 -0.433406 -0.338203
v 0.363017 -0.433406 -0.252422
v 0.363017 -0.443590 -0.310209
v 0.363017 -0.443590 -0.280417
v 0.418949 -0.443590 -0.310209
v 0.418949 -0.433406 -0.338203
v 0.418949 -0.443590 -0.280417
v 0.418949 -0.433406 -0.252422
v 0.418949 -0.414251 -0.361024
v 0.418949 -0.414251 -0.229602
v 0.418949 -0.388452 -0.375920
v 0.418949 -0.388452 -0.214706
v 0.418949 -0.359113 -0.209533
v 0.418949 -0.359113 -0.381093
v 0.418949 -0.329774 -0.375920
v 0.418949 -0.329774 -0.214706
v 0.418949 -0.303978 -0.361024
v 0.418949 -0.303978 -0.229601
v 0.418949 -0.284827 -0.338203
v 0.418949 -0.284378 -0.336967
v 0.418949 -0.284828 -0.252422
v 0.418949 -0.274639 -0.310208
v 0.418949 -0.274639 -0.280417
v 0.363017 -0.274639 -0.310208
v 0.418949 -0.443590 -0.310209
v 0.418949 -0.443590 -0.280417
v 0.401892 -0.451059 -0.311525
v 0.401891 -0.451059 -0.279100
v 0.380074 -0.451059 -0.311525
v 0.380074 -0.451059 -0.279100
v 0.363017 -0.443590 -0.310209
v 0.363017 -0.443590 -0.280417
v 0.418949 -0.433406 -0.252422
v 0.401891 -0.439972 -0.248632
v 0.380074 -0.439972 -0.248632
v 0.363017 -0.433406 -0.252422
v 0.418949 -0.414251 -0.229602
v 0.401891 -0.419129 -0.223794
v 0.380074 -0.419129 -0.223794
v 0.363017 -0.414251 -0.229602
v 0.418949 -0.388452 -0.214706
v 0.401891 -0.391051 -0.207581
v 0.380074 -0.391051 -0.207581
v 0.363017 -0.388452 -0.214706
v 0.401891 -0.359113 -0.201951
v 0.380074 -0.359113 -0.201951
v 0.363017 -0.359113 -0.209533
v 0.418949 -0.359113 -0.209533
v 0.418949 -0.329774 -0.214706
v 0.401891 -0.327183 -0.207581
v 0.380074 -0.327183 -0.207581
v 0.363017 -0.329774 -0.214706
v 0.380074 -0.299104 -0.223794
v 0.363017 -0.303977 -0.229601
v 0.380074 -0.278262 -0.248632
v 0.363017 -0.284828 -0.252422
v 0.380074 -0.267172 -0.279100
v 0.363017 -0.274639 -0.280417
v 0.380074 -0.267172 -0.311525
v 0.363017 -0.274639 -0.310208
v 0.401891 -0.299104 -0.223794
v 0.401891 -0.278262 -0.248632
v 0.401891 -0.267172 -0.279100
v 0.418949 -0.284828 -0.252422
v 0.418949 -0.274639 -0.280417
v 0.418949 -0.303978 -0.229601
v 0.418949 -0.274639 -0.280417
vt 0.554455 0.935761
vt 0.554660 0.935761
vt 0.550009 0.935761
vt 0.546601 0.943547
vt 0.546247 0.955628
vt 0.551663 0.943547
vt 0.546601 0.953506
vt 0.563401 0.935761
vt 0.561177 0.943547
vt 0.551663 0.953506
vt 0.561177 0.953506
vt 0.554660 0.961292
vt 0.563401 0.961292
vt 0.575178 0.935761
vt 0.573994 0.943547
vt 0.573994 0.953506
vt 0.575178 0.961292
vt 0.588570 0.935761
vt 0.588570 0.943547
vt 0.588570 0.953506
vt 0.588570 0.961292
vt 0.601962 0.935761
vt 0.603145 0.943547
vt 0.603145 0.953506
vt 0.601962 0.961292
vt 0.613738 0.935761
vt 0.615963 0.943547
vt 0.615963 0.953506
vt 0.613738 0.961292
vt 0.622479 0.935761
vt 0.625476 0.943547
vt 0.625476 0.953506
vt 0.622479 0.961292
vt 0.627130 0.935761
vt 0.630538 0.943547
vt 0.630538 0.953506
vt 0.627130 0.961292
vt 0.573500 0.874357
vt 0.581750 0.877360
vt 0.564722 0.874357
vt 0.556472 0.877360
vt 0.588475 0.883002
vt 0.549747 0.883002
vt 0.592864 0.890605
vt 0.545358 0.890605
vt 0.594389 0.899251
vt 0.543833 0.899251
vt 0.592864 0.907896
vt 0.545358 0.907896
vt 0.588475 0.915499
vt 0.549747 0.915499
vt 0.581750 0.921142
vt 0.556472 0.921142
vt 0.573500 0.924145
vt 0.564722 0.924145
vt 0.563049 0.865674
vt 0.554799 0.862672
vt 0.571828 0.865674
vt 0.580077 0.862672
vt 0.548074 0.857029
vt 0.586802 0.857029
vt 0.543685 0.849426
vt 0.591192 0.849426
vt 0.592620 0.841327
vt 0.542161 0.840781
vt 0.543685 0.832135
vt 0.591192 0.832135
vt 0.548074 0.824532
vt 0.586802 0.824532
vt 0.554799 0.818889
vt 0.555164 0.818757
vt 0.580077 0.818889
vt 0.563049 0.815887
vt 0.571828 0.815887
vt 0.550009 0.961292
vt 0.627272 0.991400
vt 0.630741 0.983476
vt 0.630741 0.973341
vt 0.627272 0.965417
vt 0.622539 0.991400
vt 0.625589 0.983476
vt 0.625589 0.973341
vt 0.622539 0.965417
vt 0.613643 0.991400
vt 0.615907 0.983476
vt 0.615907 0.973341
vt 0.613643 0.965418
vt 0.601658 0.991400
vt 0.602863 0.983476
vt 0.602863 0.973341
vt 0.601658 0.965418
vt 0.588029 0.983476
vt 0.588029 0.973341
vt 0.588029 0.965418
vt 0.588890 0.991400
vt 0.574400 0.991400
vt 0.573196 0.983476
vt 0.573196 0.973341
vt 0.574400 0.965418
vt 0.560151 0.973341
vt 0.562415 0.965417
vt 0.550469 0.973341
vt 0.553519 0.965417
vt 0.545318 0.973341
vt 0.548786 0.965417
vt 0.560151 0.983476
vt 0.550469 0.983476
vt 0.545318 0.983476
vt 0.553519 0.991400
vt 0.548786 0.991400
vt 0.562415 0.991400
vn 0.401000 0.860800 -0.313300
vn 0.406200 0.791300 -0.456900
vn 0.406200 0.899900 -0.158700
vn 0.203100 0.964300 -0.170000
vn 0.203100 0.964300 0.170000
vn -0.203100 0.964300 0.170000
vn 0.203100 0.848000 -0.489600
vn -0.203100 0.964300 -0.170000
vn 0.406200 0.587400 -0.700000
vn 0.203100 0.629400 -0.750100
vn -0.203100 0.848000 -0.489600
vn -0.203100 0.629400 -0.750100
vn -0.406100 0.791400 -0.456900
vn -0.406100 0.587400 -0.700000
vn 0.406100 0.312600 -0.858700
vn 0.203100 0.334900 -0.920100
vn -0.203100 0.334900 -0.920100
vn -0.406100 0.312600 -0.858700
vn 0.406200 0.000000 -0.913800
vn 0.203100 0.000000 -0.979200
vn -0.203100 0.000000 -0.979200
vn -0.406200 0.000000 -0.913800
vn 0.406200 -0.312500 -0.858700
vn 0.203100 -0.334900 -0.920100
vn -0.203100 -0.334900 -0.920100
vn -0.406200 -0.312500 -0.858700
vn 0.406300 -0.587300 -0.700000
vn 0.203100 -0.629400 -0.750100
vn -0.203200 -0.629400 -0.750100
vn -0.406300 -0.587300 -0.700000
vn 0.406200 -0.791400 -0.456900
vn 0.203100 -0.848000 -0.489500
vn -0.203100 -0.848000 -0.489600
vn -0.406200 -0.791300 -0.456900
vn 0.406200 -0.899900 -0.158700
vn 0.203100 -0.964300 -0.170000
vn -0.203100 -0.964300 -0.170000
vn -0.406200 -0.899900 -0.158700
vn -1.000000 -0.000000 0.000000
vn 1.000000 0.000000 0.000000
vn -0.406200 0.899900 -0.158700
vn 0.406300 -0.899900 0.158600
vn 0.203100 -0.964300 0.170000
vn -0.203100 -0.964300 0.170000
vn -0.406300 -0.899900 0.158600
vn 0.406200 -0.791300 0.456900
vn 0.203100 -0.848000 0.489600
vn -0.203100 -0.848000 0.489500
vn -0.406200 -0.791400 0.456900
vn 0.406300 -0.587300 0.700000
vn 0.203200 -0.629400 0.750100
vn -0.203100 -0.629400 0.750100
vn -0.406300 -0.587300 0.700000
vn 0.406200 -0.312500 0.858700
vn 0.203100 -0.334900 0.920100
vn -0.203100 -0.334900 0.920100
vn -0.406200 -0.312500 0.858700
vn 0.203100 0.000000 0.979200
vn -0.203100 0.000000 0.979200
vn -0.406200 0.000000 0.913800
vn 0.406200 0.000000 0.913800
vn 0.406100 0.312600 0.858700
vn 0.203100 0.334900 0.920100
vn -0.203100 0.334900 0.920100
vn -0.406100 0.312600 0.858700
vn -0.203100 0.629400 0.750100
vn -0.406100 0.587400 0.700000
vn -0.203100 0.848000 0.489600
vn -0.406200 0.791400 0.456900
vn -0.406200 0.899900 0.158700
vn 0.203100 0.629400 0.750100
vn 0.203100 0.848000 0.489600
vn 0.406200 0.791400 0.456900
vn 0.406200 0.899900 0.158700
vn 0.406200 0.587400 0.700000

f 6082/3504/4116 6083/3505/4117 6084/3506/4118
f 6085/3507/4119 6084/3506/4118 6083/3505/4117
f 6084/3506/4118 6085/3507/4119 6086/3507/4120
f 6087/3508/4121 6086/3507/4120 6085/3507/4119
f 6083/3505/4117 6088/3509/4122 6085/3507/4119
f 6089/3510/4123 6085/3507/4119 6088/3509/4122
f 6085/3507/4119 6089/3510/4123 6087/3508/4121
f 6083/3505/4117 6090/3511/4124 6088/3509/4122
f 6091/3512/4125 6088/3509/4122 6090/3511/4124
f 6088/3509/4122 6091/3512/4125 6092/3513/4126
f 6093/3514/4127 6092/3513/4126 6091/3512/4125
f 6092/3513/4126 6093/3514/4127 6094/3515/4128
f 6095/3516/4129 6094/3515/4128 6093/3514/4127
f 6090/3511/4124 6096/3517/4130 6091/3512/4125
f 6097/3518/4131 6091/3512/4125 6096/3517/4130
f 6091/3512/4125 6097/3518/4131 6093/3514/4127
f 6098/3519/4132 6093/3514/4127 6097/3518/4131
f 6093/3514/4127 6098/3519/4132 6095/3516/4129
f 6099/3520/4133 6095/3516/4129 6098/3519/4132
f 6096/3517/4130 6100/3521/4134 6097/3518/4131
f 6101/3522/4135 6097/3518/4131 6100/3521/4134
f 6097/3518/4131 6101/3522/4135 6098/3519/4132
f 6102/3523/4136 6098/3519/4132 6101/3522/4135
f 6098/3519/4132 6102/3523/4136 6099/3520/4133
f 6103/3524/4137 6099/3520/4133 6102/3523/4136
f 6100/3521/4134 6104/3525/4138 6101/3522/4135
f 6105/3526/4139 6101/3522/4135 6104/3525/4138
f 6101/3522/4135 6105/3526/4139 6102/3523/4136
f 6106/3527/4140 6102/3523/4136 6105/3526/4139
f 6102/3523/4136 6106/3527/4140 6103/3524/4137
f 6107/3528/4141 6103/3524/4137 6106/3527/4140
f 6104/3525/4138 6108/3529/4142 6105/3526/4139
f 6109/3530/4143 6105/3526/4139 6108/3529/4142
f 6105/3526/4139 6109/3530/4143 6106/3527/4140
f 6110/3531/4144 6106/3527/4140 6109/3530/4143
f 6106/3527/4140 6110/3531/4144 6107/3528/4141
f 6111/3532/4145 6107/3528/4141 6110/3531/4144
f 6108/3529/4142 6112/3533/4146 6109/3530/4143
f 6113/3534/4147 6109/3530/4143 6112/3533/4146
f 6109/3530/4143 6113/3534/4147 6110/3531/4144
f 6114/3535/4148 6110/3531/4144 6113/3534/4147
f 6110/3531/4144 6114/3535/4148 6111/3532/4145
f 6115/3536/4149 6111/3532/4145 6114/3535/4148
f 6112/3533/4146 6116/3537/4150 6113/3534/4147
f 6117/3538/4151 6113/3534/4147 6116/3537/4150
f 6113/3534/4147 6117/3538/4151 6114/3535/4148
f 6118/3539/4152 6114/3535/4148 6117/3538/4151
f 6114/3535/4148 6118/3539/4152 6115/3536/4149
f 6119/3540/4153 6115/3536/4149 6118/3539/4152
f 6120/3541/4154 6121/3542/4154 6122/3543/4154
f 6123/3544/4154 6122/3543/4154 6121/3542/4154
f 6121/3542/4154 6124/3545/4154 6123/3544/4154
f 6125/3546/4154 6123/3544/4154 6124/3545/4154
f 6124/3545/4154 6126/3547/4154 6125/3546/4154
f 6127/3548/4154 6125/3546/4154 6126/3547/4154
f 6126/3547/4154 6128/3549/4154 6127/3548/4154
f 6129/3550/4154 6127/3548/4154 6128/3549/4154
f 6128/3549/4154 6130/3551/4154 6129/3550/4154
f 6131/3552/4154 6129/3550/4154 6130/3551/4154
f 6130/3551/4154 6132/3553/4154 6131/3552/4154
f 6133/3554/4154 6131/3552/4154 6132/3553/4154
f 6132/3553/4154 6134/3555/4154 6133/3554/4154
f 6135/3556/4154 6133/3554/4154 6134/3555/4154
f 6134/3555/4154 6136/3557/4154 6135/3556/4154
f 6137/3558/4154 6135/3556/4154 6136/3557/4154
f 6138/3559/4155 6139/3560/4155 6140/3561/4155
f 6141/3562/4155 6140/3561/4155 6139/3560/4155
f 6139/3560/4155 6142/3563/4155 6141/3562/4155
f 6143/3564/4155 6141/3562/4155 6142/3563/4155
f 6142/3563/4155 6144/3565/4155 6143/3564/4155
f 6145/3566/4155 6143/3564/4155 6144/3565/4155
f 6145/3566/4155 6144/3565/4155 6146/3567/4155
f 6147/3568/4155 6146/3567/4155 6144/3565/4155
f 6146/3567/4155 6147/3568/4155 6148/3569/4155
f 6146/3567/4155 6148/3569/4155 6149/3570/4155
f 6150/3571/4155 6149/3570/4155 6148/3569/4155
f 6149/3570/4155 6150/3571/4155 6151/3572/4155
f 6152/3573/4155 6151/3572/4155 6150/3571/4155
f 6151/3572/4155 6152/3573/4155 6153/3574/4155
f 6151/3572/4155 6153/3574/4155 6154/3575/4155
f 6155/3576/4155 6154/3575/4155 6153/3574/4155
f 6154/3575/4155 6155/3576/4155 6156/3577/4155
f 6088/3509/4122 6092/3513/4126 6089/3510/4123
f 6157/3578/4156 6089/3510/4123 6092/3513/4126
f 6158/3579/4150 6159/3579/4157 6160/3580/4151
f 6161/3580/4158 6160/3580/4151 6159/3579/4157
f 6160/3580/4151 6161/3580/4158 6162/3581/4152
f 6163/3581/4159 6162/3581/4152 6161/3580/4158
f 6162/3581/4152 6163/3581/4159 6164/3582/4153
f 6165/3582/4160 6164/3582/4153 6163/3581/4159
f 6159/3579/4157 6166/3583/4161 6161/3580/4158
f 6167/3584/4162 6161/3580/4158 6166/3583/4161
f 6161/3580/4158 6167/3584/4162 6163/3581/4159
f 6168/3585/4163 6163/3581/4159 6167/3584/4162
f 6163/3581/4159 6168/3585/4163 6165/3582/4160
f 6169/3586/4164 6165/3582/4160 6168/3585/4163
f 6166/3583/4161 6170/3587/4165 6167/3584/4162
f 6171/3588/4166 6167/3584/4162 6170/3587/4165
f 6167/3584/4162 6171/3588/4166 6168/3585/4163
f 6172/3589/4167 6168/3585/4163 6171/3588/4166
f 6168/3585/4163 6172/3589/4167 6169/3586/4164
f 6173/3590/4168 6169/3586/4164 6172/3589/4167
f 6170/3587/4165 6174/3591/4169 6171/3588/4166
f 6175/3592/4170 6171/3588/4166 6174/3591/4169
f 6171/3588/4166 6175/3592/4170 6172/3589/4167
f 6176/3593/4171 6172/3589/4167 6175/3592/4170
f 6172/3589/4167 6176/3593/4171 6173/3590/4168
f 6177/3594/4172 6173/3590/4168 6176/3593/4171
f 6175/3592/4170 6178/3595/4173 6176/3593/4171
f 6179/3596/4174 6176/3593/4171 6178/3595/4173
f 6176/3593/4171 6179/3596/4174 6177/3594/4172
f 6180/3597/4175 6177/3594/4172 6179/3596/4174
f 6175/3592/4170 6174/3591/4169 6178/3595/4173
f 6181/3598/4176 6178/3595/4173 6174/3591/4169
f 6178/3595/4173 6181/3598/4176 6182/3599/4177
f 6182/3599/4177 6183/3600/4178 6178/3595/4173
f 6179/3596/4174 6178/3595/4173 6183/3600/4178
f 6183/3600/4178 6184/3601/4179 6179/3596/4174
f 6180/3597/4175 6179/3596/4174 6184/3601/4179
f 6180/3597/4175 6184/3601/4179 6185/3602/4180
f 6186/3603/4181 6185/3602/4180 6184/3601/4179
f 6185/3602/4180 6186/3603/4181 6187/3604/4182
f 6188/3605/4183 6187/3604/4182 6186/3603/4181
f 6187/3604/4182 6188/3605/4183 6189/3606/4184
f 6190/3607/4121 6189/3606/4184 6188/3605/4183
f 6189/3606/4184 6190/3607/4121 6191/3608/4185
f 6192/3607/4123 6191/3608/4185 6190/3607/4121
f 6191/3608/4185 6192/3607/4123 6193/3608/4156
f 6184/3601/4179 6194/3609/4186 6186/3603/4181
f 6195/3610/4187 6186/3603/4181 6194/3609/4186
f 6186/3603/4181 6195/3610/4187 6188/3605/4183
f 6196/3611/4120 6188/3605/4183 6195/3610/4187
f 6188/3605/4183 6196/3611/4120 6190/3607/4121
f 6194/3609/4186 6197/3612/4188 6195/3610/4187
f 6198/3613/4189 6195/3610/4187 6197/3612/4188
f 6195/3610/4187 6198/3613/4189 6196/3611/4120
f 6197/3612/4188 6194/3609/4186 6199/3614/4190
f 6183/3600/4178 6199/3614/4190 6194/3609/4186
f 6199/3614/4190 6183/3600/4178 6182/3599/4177
f 6094/3515/4128 6157/3578/4156 6092/3513/4126
f 6183/3600/4178 6194/3609/4186 6184/3601/4179
f 6084/3506/4118 6086/3507/4120 6200/3506/4189
o F16_03_1
v 0.792154 0.046858 -1.616371
v 0.792340 0.040329 -1.640710
v 0.792924 0.049961 -1.617657
v 0.793220 0.044017 -1.641702
v 0.791391 0.043531 -1.615915
v 0.791422 0.043894 -1.615140
v 0.307813 0.193017 -1.271464
v 0.791718 0.047769 -1.606857
v -0.793316 0.011474 -1.733821
v -0.311250 0.102145 -1.607318
v -0.792888 0.025623 -1.680805
v -0.310144 0.142484 -1.456367
v -0.793192 0.049298 -1.607275
v -0.793262 0.046857 -1.616364
v -0.792826 0.047769 -1.606857
v -0.792530 0.043893 -1.615140
v -0.792569 0.036640 -1.639709
v -0.792499 0.043531 -1.615915
v -0.793262 0.046857 -1.616364
v -0.792530 0.043893 -1.615140
v 0.792698 -0.000112 -1.779323
v 0.793422 0.002929 -1.780138
v 0.792208 0.011474 -1.733821
v 0.793072 0.015091 -1.734803
v -0.795246 0.005972 -1.780968
v -0.795082 -0.003392 -1.809298
v -0.794522 0.002930 -1.780145
v -0.794748 -0.004790 -1.808920
v 0.793671 -0.005915 -1.813116
v 0.793305 -0.006188 -1.808542
v 0.312616 0.049217 -1.832167
v 0.312198 0.049765 -1.819509
v -0.311250 0.102145 -1.607318
v -0.793316 0.011474 -1.733821
v -0.312320 0.068617 -1.736725
v -0.793798 -0.000112 -1.779323
v -0.313767 0.080165 -1.739808
v -0.795246 0.005972 -1.780968
v -0.312971 0.115877 -1.610988
v -0.795035 0.018707 -1.735777
v -0.309465 0.207175 -1.243047
v -0.793184 0.049575 -1.606230
v -0.309123 0.203483 -1.245239
v -0.792826 0.047769 -1.606857
v -0.313968 0.055072 -1.820928
v -0.795082 -0.003392 -1.809298
v -0.313767 0.080165 -1.739808
v -0.795246 0.005972 -1.780968
v -0.309465 0.207175 -1.243047
v -0.309123 0.203483 -1.245239
v -0.309487 0.206382 -1.246008
v -0.309682 0.199120 -1.273098
v -0.308918 0.193017 -1.271464
v -0.310174 0.180853 -1.341219
v -0.309298 0.173850 -1.339349
v -0.311020 0.149477 -1.458238
v -0.310144 0.142484 -1.456367
v -0.312111 0.109012 -1.609157
v -0.311250 0.102145 -1.607318
v -0.313044 0.074391 -1.738267
v -0.312320 0.068617 -1.736725
v -0.313636 0.052418 -1.820219
v -0.313304 0.049765 -1.819509
v -0.313722 0.049217 -1.832167
v -0.794024 0.049959 -1.617649
v -0.310447 0.205222 -1.274724
v -0.794327 0.044017 -1.641702
v -0.311052 0.187855 -1.343089
v -0.794639 0.032991 -1.682800
v -0.311896 0.156471 -1.460110
v -0.795035 0.018707 -1.735777
v -0.312971 0.115877 -1.610988
v -0.793316 0.011474 -1.733821
v -0.794172 0.015091 -1.734803
v -0.793798 -0.000112 -1.779323
v -0.794522 0.002930 -1.780145
v -0.794327 0.044017 -1.641702
v -0.311052 0.187855 -1.343089
v -0.794639 0.032991 -1.682800
v -0.311896 0.156471 -1.460110
v 0.794138 0.005971 -1.780968
v 0.793974 -0.003392 -1.809298
v 0.312661 0.080166 -1.739816
v 0.312863 0.055071 -1.820928
v 0.793220 0.044017 -1.641702
v 0.793538 0.032991 -1.682800
v 0.309946 0.187855 -1.343089
v 0.310790 0.156470 -1.460110
v 0.793927 0.018707 -1.735777
v 0.794138 0.005971 -1.780968
v 0.311866 0.115877 -1.610988
v 0.312661 0.080166 -1.739816
v -0.309298 0.173850 -1.339349
v -0.792569 0.036640 -1.639709
v -0.310144 0.142484 -1.456367
v -0.792888 0.025623 -1.680805
v -0.308918 0.193017 -1.271464
v -0.792499 0.043531 -1.615915
v -0.309298 0.173850 -1.339349
v -0.792569 0.036640 -1.639709
v 0.311866 0.115877 -1.610988
v 0.310790 0.156470 -1.460110
v 0.793927 0.018707 -1.735777
v 0.793538 0.032991 -1.682800
v 0.791469 0.036640 -1.639709
v 0.792340 0.040329 -1.640710
v 0.791391 0.043531 -1.615915
v 0.791422 0.043894 -1.615140
v 0.793220 0.044017 -1.641702
v 0.792340 0.040329 -1.640710
v 0.793538 0.032991 -1.682800
v 0.792659 0.029306 -1.681799
v 0.793305 -0.006188 -1.808542
v 0.792698 -0.000112 -1.779323
v 0.312198 0.049765 -1.819509
v 0.311215 0.068617 -1.736725
v -0.312320 0.068617 -1.736725
v -0.793798 -0.000112 -1.779323
v -0.313304 0.049765 -1.819509
v -0.794413 -0.006188 -1.808542
v 0.792698 -0.000112 -1.779323
v 0.792208 0.011474 -1.733821
v 0.311215 0.068617 -1.736725
v 0.310145 0.102146 -1.607318
v -0.309850 0.209282 -1.246784
v -0.793557 0.050824 -1.607685
v -0.309465 0.207175 -1.243047
v -0.793184 0.049575 -1.606230
v 0.308192 0.173851 -1.339349
v 0.309039 0.142484 -1.456367
v 0.791469 0.036640 -1.639709
v 0.791788 0.025623 -1.680805
v 0.791469 0.036640 -1.639709
v 0.791391 0.043531 -1.615915
v 0.308192 0.173851 -1.339349
v 0.307813 0.193017 -1.271464
v -0.794779 -0.005915 -1.813116
v -0.313722 0.049217 -1.832167
v -0.794413 -0.006188 -1.808542
v -0.313304 0.049765 -1.819509
v -0.793262 0.046857 -1.616364
v -0.794024 0.049959 -1.617649
v -0.793448 0.040330 -1.640709
v -0.794327 0.044017 -1.641702
v -0.793767 0.029306 -1.681799
v -0.793448 0.040330 -1.640709
v -0.794639 0.032991 -1.682800
v -0.794327 0.044017 -1.641702
v -0.792888 0.025623 -1.680805
v -0.793767 0.029306 -1.681799
v -0.793316 0.011474 -1.733821
v -0.794172 0.015091 -1.734803
v -0.794172 0.015091 -1.734803
v -0.793767 0.029306 -1.681799
v -0.795035 0.018707 -1.735777
v -0.794639 0.032991 -1.682800
v 0.793927 0.018707 -1.735777
v 0.793072 0.015091 -1.734803
v 0.794138 0.005971 -1.780968
v 0.793422 0.002929 -1.780138
v 0.791422 0.043894 -1.615140
v 0.792154 0.046858 -1.616371
v 0.791718 0.047769 -1.606857
v 0.792084 0.049298 -1.607275
v 0.309341 0.205222 -1.274724
v 0.308744 0.209282 -1.246784
v 0.792924 0.049961 -1.617657
v 0.792449 0.050825 -1.607685
v -0.795082 -0.003392 -1.809298
v -0.313968 0.055072 -1.820928
v -0.794779 -0.005915 -1.813116
v -0.313722 0.049217 -1.832167
v -0.794748 -0.004790 -1.808920
v -0.794413 -0.006188 -1.808542
v -0.794522 0.002930 -1.780145
v -0.793798 -0.000112 -1.779323
v 0.308744 0.209282 -1.246784
v 0.308360 0.207177 -1.243055
v 0.792449 0.050825 -1.607685
v 0.792076 0.049575 -1.606230
v -0.792569 0.036640 -1.639709
v -0.793448 0.040330 -1.640709
v -0.792888 0.025623 -1.680805
v -0.793767 0.029306 -1.681799
v 0.308360 0.207177 -1.243055
v 0.308381 0.206383 -1.246008
v 0.308018 0.203484 -1.245239
v 0.308577 0.199120 -1.273098
v 0.307813 0.193017 -1.271464
v 0.308192 0.173851 -1.339349
v 0.309069 0.180853 -1.341219
v 0.309039 0.142484 -1.456367
v 0.309915 0.149477 -1.458238
v 0.310145 0.102146 -1.607318
v 0.311005 0.109012 -1.609157
v 0.311215 0.068617 -1.736725
v 0.311938 0.074392 -1.738267
v 0.312198 0.049765 -1.819509
v 0.312530 0.052418 -1.820219
v 0.312616 0.049217 -1.832167
v 0.793538 0.032991 -1.682800
v 0.792659 0.029306 -1.681799
v 0.793927 0.018707 -1.735777
v 0.793072 0.015091 -1.734803
v 0.792208 0.011474 -1.733821
v 0.791788 0.025623 -1.680805
v 0.310145 0.102146 -1.607318
v 0.309039 0.142484 -1.456367
v -0.309123 0.203483 -1.245239
v -0.792826 0.047769 -1.606857
v -0.308918 0.193017 -1.271464
v -0.792530 0.043893 -1.615140
v -0.794024 0.049959 -1.617649
v -0.793262 0.046857 -1.616364
v -0.793557 0.050824 -1.607685
v -0.793192 0.049298 -1.607275
v 0.308360 0.207177 -1.243055
v 0.308018 0.203484 -1.245239
v 0.792076 0.049575 -1.606230
v 0.791718 0.047769 -1.606857
v 0.792924 0.049961 -1.617657
v 0.792449 0.050825 -1.607685
v 0.792154 0.046858 -1.616371
v 0.792084 0.049298 -1.607275
v 0.792208 0.011474 -1.733821
v 0.793072 0.015091 -1.734803
v 0.791788 0.025623 -1.680805
v 0.792659 0.029306 -1.681799
v 0.793640 -0.004790 -1.808920
v 0.793422 0.002929 -1.780138
v 0.793305 -0.006188 -1.808542
v 0.792698 -0.000112 -1.779323
v 0.793640 -0.004790 -1.808920
v 0.793974 -0.003392 -1.809298
v 0.793422 0.002929 -1.780138
v 0.794138 0.005971 -1.780968
v 0.792924 0.049961 -1.617657
v 0.793220 0.044017 -1.641702
v 0.309341 0.205222 -1.274724
v 0.309946 0.187855 -1.343089
v 0.312616 0.049217 -1.832167
v 0.312863 0.055071 -1.820928
v 0.793671 -0.005915 -1.813116
v 0.793974 -0.003392 -1.809298
v -0.795035 0.018707 -1.735777
v -0.795246 0.005972 -1.780968
v -0.794172 0.015091 -1.734803
v -0.794522 0.002930 -1.780145
v -0.309465 0.207175 -1.243047
v -0.309487 0.206382 -1.246008
v -0.309850 0.209282 -1.246784
v -0.309682 0.199120 -1.273098
v -0.310447 0.205222 -1.274724
v -0.310174 0.180853 -1.341219
v -0.311052 0.187855 -1.343089
v -0.311020 0.149477 -1.458238
v -0.311896 0.156471 -1.460110
v -0.312111 0.109012 -1.609157
v -0.312971 0.115877 -1.610988
v -0.313044 0.074391 -1.738267
v -0.313767 0.080165 -1.739808
v -0.313636 0.052418 -1.820219
v -0.313968 0.055072 -1.820928
v 0.792340 0.040329 -1.640710
v 0.791469 0.036640 -1.639709
v 0.792659 0.029306 -1.681799
v 0.791788 0.025623 -1.680805
v 0.308360 0.207177 -1.243055
v 0.308744 0.209282 -1.246784
v 0.308381 0.206383 -1.246008
v 0.308577 0.199120 -1.273098
v 0.309341 0.205222 -1.274724
v 0.309069 0.180853 -1.341219
v 0.309946 0.187855 -1.343089
v 0.309915 0.149477 -1.458238
v 0.310790 0.156470 -1.460110
v 0.311005 0.109012 -1.609157
v 0.311866 0.115877 -1.610988
v 0.311938 0.074392 -1.738267
v 0.312661 0.080166 -1.739816
v 0.312530 0.052418 -1.820219
v 0.312863 0.055071 -1.820928
v -0.793557 0.050824 -1.607685
v -0.309850 0.209282 -1.246784
v -0.794024 0.049959 -1.617649
v -0.310447 0.205222 -1.274724
v -0.308918 0.193017 -1.271464
v -0.792530 0.043893 -1.615140
v -0.792499 0.043531 -1.615915
v -0.793184 0.049575 -1.606230
v -0.793557 0.050824 -1.607685
v -0.793192 0.049298 -1.607275
v -0.795082 -0.003392 -1.809298
v -0.794779 -0.005915 -1.813116
v -0.794748 -0.004790 -1.808920
v -0.794779 -0.005915 -1.813116
v -0.794413 -0.006188 -1.808542
v -0.794748 -0.004790 -1.808920
v -0.793448 0.040330 -1.640709
v -0.792569 0.036640 -1.639709
v -0.793262 0.046857 -1.616364
v -0.793192 0.049298 -1.607275
v -0.792826 0.047769 -1.606857
v -0.793184 0.049575 -1.606230
v 0.307813 0.193017 -1.271464
v 0.791718 0.047769 -1.606857
v 0.308018 0.203484 -1.245239
v 0.792084 0.049298 -1.607275
v 0.792449 0.050825 -1.607685
v 0.792076 0.049575 -1.606230
v 0.793974 -0.003392 -1.809298
v 0.793640 -0.004790 -1.808920
v 0.793671 -0.005915 -1.813116
v 0.792076 0.049575 -1.606230
v 0.791718 0.047769 -1.606857
v 0.792084 0.049298 -1.607275
v 0.792154 0.046858 -1.616371
v 0.791422 0.043894 -1.615140
v 0.792340 0.040329 -1.640710
v 0.793640 -0.004790 -1.808920
v 0.793305 -0.006188 -1.808542
v 0.793671 -0.005915 -1.813116
vt 0.525443 0.638345
vt 0.525539 0.643332
vt 0.524798 0.638503
vt 0.524775 0.643339
vt 0.524213 0.718666
vt 0.524244 0.718845
vt 0.428159 0.789831
vt 0.524276 0.720632
vt 0.524696 0.694687
vt 0.429237 0.720605
vt 0.524464 0.705458
vt 0.428302 0.751076
vt 0.524583 0.720716
vt 0.524892 0.718811
vt 0.524252 0.718849
vt 0.524295 0.713821
vt 0.524520 0.685409
vt 0.525152 0.685391
vt 0.524437 0.694648
vt 0.525189 0.694649
vt 0.524814 0.671863
vt 0.524742 0.677724
vt 0.525442 0.671900
vt 0.525027 0.677762
vt 0.524540 0.678534
vt 0.524559 0.679519
vt 0.429909 0.676916
vt 0.429970 0.679368
vt 0.429965 0.694536
vt 0.524866 0.685470
vt 0.430586 0.656529
vt 0.431300 0.630438
vt 0.524983 0.662673
vt 0.427007 0.794612
vt 0.524455 0.720966
vt 0.426989 0.793835
vt 0.430199 0.673076
vt 0.426504 0.794046
vt 0.425878 0.788474
vt 0.427114 0.788408
vt 0.426118 0.774662
vt 0.427545 0.774692
vt 0.426881 0.751029
vt 0.427842 0.720552
vt 0.428793 0.694471
vt 0.429824 0.677916
vt 0.430354 0.677984
vt 0.430265 0.675524
vt 0.525443 0.638832
vt 0.433296 0.562495
vt 0.525376 0.643645
vt 0.432890 0.576257
vt 0.525209 0.651949
vt 0.432190 0.599924
vt 0.525451 0.694696
vt 0.525500 0.685457
vt 0.524518 0.671658
vt 0.524472 0.677549
vt 0.430046 0.657924
vt 0.429869 0.674470
vt 0.524701 0.651675
vt 0.431059 0.577668
vt 0.430765 0.601326
vt 0.524599 0.662435
vt 0.430374 0.631834
vt 0.524239 0.713801
vt 0.525013 0.713835
vt 0.525465 0.651683
vt 0.429769 0.695919
vt 0.524931 0.679611
vt 0.429378 0.721995
vt 0.433485 0.557045
vt 0.525445 0.636904
vt 0.433537 0.556265
vt 0.525577 0.636563
vt 0.428410 0.776104
vt 0.428850 0.752477
vt 0.524322 0.705436
vt 0.524857 0.678670
vt 0.526084 0.638676
vt 0.526139 0.643645
vt 0.525971 0.651967
vt 0.525234 0.705472
vt 0.525730 0.662699
vt 0.525348 0.662450
vt 0.525144 0.671689
vt 0.431228 0.563914
vt 0.431326 0.558470
vt 0.524795 0.636562
vt 0.525202 0.679558
vt 0.431368 0.557692
vt 0.524928 0.636217
vt 0.525068 0.713834
vt 0.428112 0.796044
vt 0.427607 0.795477
vt 0.428093 0.795265
vt 0.426923 0.789911
vt 0.426982 0.776094
vt 0.427426 0.752451
vt 0.427982 0.721961
vt 0.428595 0.695869
vt 0.429439 0.679301
vt 0.525723 0.636798
vt 0.525076 0.636456
vt 0.525091 0.705443
vt 0.524833 0.679474
vt 0.524752 0.677588
vt 0.433005 0.556813
vt 0.432060 0.562360
vt 0.431461 0.576197
vt 0.430764 0.599876
vt 0.429895 0.630399
vt 0.429408 0.656524
vt 0.429670 0.673139
vt 0.430844 0.558245
vt 0.429993 0.563801
vt 0.429628 0.577633
vt 0.429339 0.601304
vt 0.428974 0.631819
vt 0.428870 0.657936
vt 0.429339 0.674537
vn 0.974600 -0.214400 0.065000
vn 0.974600 -0.214200 0.065000
vn 0.974600 -0.214300 0.065000
vn 0.021400 -0.905700 0.423400
vn 0.021200 -0.905900 0.423000
vn 0.021300 -0.905900 0.423000
vn 0.113600 -0.960200 0.255300
vn 0.113500 -0.960100 0.255700
vn 0.113600 -0.960100 0.255400
vn -0.974600 -0.214400 0.064900
vn -0.974700 -0.213900 0.065200
vn -0.974600 -0.214300 0.064900
vn -0.974600 -0.214100 0.065100
vn -0.974600 -0.214300 0.065000
vn -0.974600 -0.214200 0.064900
vn -0.974700 -0.214100 0.064900
vn -0.974600 -0.214200 0.065000
vn 0.974600 -0.214500 0.065100
vn 0.974700 -0.214100 0.064900
vn -0.974500 -0.214600 0.064900
vn -0.974600 -0.214400 0.065100
vn -0.974600 -0.214300 0.065200
vn -0.115000 -0.993300 0.010700
vn 0.115800 -0.962000 0.247300
vn 0.115800 -0.962000 0.247100
vn -0.124300 0.956100 -0.265600
vn -0.124300 0.956100 -0.265500
vn -0.436100 -0.452700 0.777800
vn -0.436100 -0.452800 0.777700
vn -0.436100 -0.452700 0.777700
vn -0.121300 0.946800 -0.298000
vn -0.121400 0.946800 -0.298000
vn 0.992700 0.114400 -0.037900
vn 0.992700 0.114400 -0.037800
vn 0.992700 0.114200 -0.037800
vn 0.992700 0.114300 -0.037800
vn -0.137300 0.960800 -0.241000
vn -0.126300 0.958000 -0.257400
vn -0.126600 0.958100 -0.256900
vn -0.126600 0.958100 -0.257000
vn -0.974700 -0.214000 0.064900
vn -0.126900 0.958300 -0.256100
vn -0.127000 0.958300 -0.256100
vn 0.121300 0.946800 -0.298000
vn 0.121300 0.946800 -0.298100
vn 0.121400 0.946800 -0.298000
vn 0.127000 0.958300 -0.256100
vn 0.124300 0.956100 -0.265500
vn 0.124400 0.956100 -0.265200
vn 0.124400 0.956100 -0.265300
vn 0.113100 -0.959900 0.256500
vn 0.113100 -0.959900 0.256400
vn 0.102700 -0.956900 0.271500
vn 0.102700 -0.957000 0.271400
vn 0.126600 0.958100 -0.256900
vn 0.126600 0.958100 -0.257000
vn 0.126500 0.958100 -0.257100
vn 0.974700 -0.214000 0.065000
vn 0.974500 -0.214800 0.065000
vn 0.974500 -0.214700 0.065000
vn 0.974500 -0.214800 0.065200
vn -0.118600 -0.969600 0.214100
vn 0.118600 -0.969600 0.214100
vn -0.115800 -0.962100 0.247100
vn -0.115800 -0.962100 0.247000
vn -0.115800 -0.962000 0.247300
vn -0.583200 0.640600 0.499500
vn -0.583200 0.640500 0.499700
vn -0.583200 0.640600 0.499600
vn -0.113100 -0.959900 0.256500
vn -0.102700 -0.957000 0.271500
vn -0.102700 -0.956900 0.271500
vn -0.102800 -0.957000 0.271400
vn 0.115000 -0.993300 0.010700
vn -0.974500 -0.214600 0.065300
vn -0.974500 -0.214500 0.065200
vn -0.974600 -0.214500 0.065000
vn -0.974600 -0.214400 0.065000
vn 0.974700 -0.213900 0.064900
vn 0.974600 -0.214400 0.064900
vn 0.974500 -0.214500 0.065100
vn 0.974600 -0.214100 0.065000
vn 0.226800 0.966600 -0.119100
vn 0.226800 0.966600 -0.119200
vn -0.117700 0.865900 -0.486100
vn -0.117700 0.865900 -0.486200
vn -0.974700 -0.213900 0.064900
vn 0.583200 0.640600 0.499500
vn -0.974500 -0.214500 0.065100
vn -0.974600 -0.214500 0.065100
vn -0.992700 0.114500 -0.037400
vn -0.992700 0.114100 -0.037800
vn -0.992700 0.114200 -0.037800
vn -0.992700 0.114300 -0.037800
vn 0.974500 -0.214800 0.065100
vn 0.974700 -0.214100 0.065000
vn -0.113500 -0.960000 0.255800
vn -0.113600 -0.960100 0.255400
vn -0.113500 -0.960100 0.255700
vn 0.011100 -0.923300 0.383800
vn -0.974700 -0.214000 0.064800
vn 0.436100 -0.452700 0.777700
vn 0.974600 -0.214200 0.064900
vn 0.974600 -0.214100 0.064900
vn 0.974700 -0.214000 0.064900
vn 0.974800 -0.213600 0.064800
vn 0.974800 -0.213600 0.064900
vn 0.974600 -0.214500 0.064800
vn 0.137300 0.960800 -0.241000
vn 0.117700 0.865900 -0.486200
vn 0.992700 0.114300 -0.037900
vn -0.992800 0.114200 -0.037500
vn -0.992700 0.114500 -0.037900
vn -0.992700 0.114500 -0.037800
vn -0.226800 0.966600 -0.119100
vn -0.226800 0.966600 -0.119200
vn -0.021300 -0.905900 0.423000
vn -0.974600 -0.214200 0.065300
vn -0.974500 -0.214600 0.065200
vn -0.974700 -0.214000 0.065000
vn -0.021700 -0.928500 0.370700
vn 0.974700 -0.214100 0.064800
vn 0.974500 -0.214900 0.064900

f 6201/3615/4191 6202/3616/4192 6203/3617/4193
f 6204/3618/4193 6203/3617/4193 6202/3616/4192
f 6205/3619/4194 6206/3620/4195 6207/3621/4196
f 6208/3622/4196 6207/3621/4196 6206/3620/4195
f 6209/3623/4197 6210/3624/4198 6211/3625/4199
f 6212/3626/4198 6211/3625/4199 6210/3624/4198
f 6213/3627/4200 6214/3628/4201 6215/3622/4202
f 6216/3629/4203 6215/3622/4202 6214/3628/4201
f 6217/3630/4204 6218/3619/4205 6219/3628/4206
f 6220/3629/4207 6219/3628/4206 6218/3619/4205
f 6221/3631/4208 6222/3632/4208 6223/3633/4193
f 6224/3634/4209 6223/3633/4193 6222/3632/4208
f 6225/3635/4210 6226/3636/4211 6227/3637/4212
f 6228/3638/4211 6227/3637/4212 6226/3636/4211
f 6229/3639/4213 6230/3640/4213 6231/3641/4213
f 6232/3642/4213 6231/3641/4213 6230/3640/4213
f 6233/3624/4214 6234/3623/4215 6235/3643/4215
f 6236/3644/4215 6235/3643/4215 6234/3623/4215
f 6237/3645/4216 6238/3635/4217 6239/3646/4217
f 6240/3647/4217 6239/3646/4217 6238/3635/4217
f 6241/3648/4218 6242/3649/4219 6243/3650/4218
f 6244/3622/4220 6243/3650/4218 6242/3649/4219
f 6245/3651/4221 6246/3636/4221 6247/3645/4221
f 6248/3635/4222 6247/3645/4221 6246/3636/4221
f 6249/3648/4223 6250/3650/4224 6251/3652/4223
f 6252/3653/4225 6251/3652/4223 6250/3650/4224
f 6250/3650/4224 6253/3654/4225 6252/3653/4225
f 6254/3655/4225 6252/3653/4225 6253/3654/4225
f 6253/3654/4225 6255/3656/4225 6254/3655/4225
f 6256/3657/4225 6254/3655/4225 6255/3656/4225
f 6255/3656/4225 6257/3626/4225 6256/3657/4225
f 6258/3658/4226 6256/3657/4225 6257/3626/4225
f 6257/3626/4225 6259/3624/4226 6258/3658/4226
f 6260/3659/4226 6258/3658/4226 6259/3624/4226
f 6259/3624/4226 6261/3643/4226 6260/3659/4226
f 6262/3660/4225 6260/3659/4226 6261/3643/4226
f 6261/3643/4226 6263/3661/4225 6262/3660/4225
f 6264/3662/4225 6262/3660/4225 6263/3661/4225
f 6265/3663/4227 6266/3664/4227 6267/3665/4227
f 6268/3666/4227 6267/3665/4227 6266/3664/4227
f 6269/3667/4228 6270/3668/4229 6271/3647/4230
f 6272/3646/4229 6271/3647/4230 6270/3668/4229
f 6273/3623/4207 6274/3669/4231 6275/3644/4207
f 6276/3670/4204 6275/3644/4207 6274/3669/4231
f 6277/3665/4232 6278/3666/4233 6279/3667/4232
f 6280/3668/4233 6279/3667/4232 6278/3666/4233
f 6281/3671/4234 6282/3672/4235 6283/3673/4234
f 6284/3674/4236 6283/3673/4234 6282/3672/4235
f 6285/3618/4237 6286/3675/4237 6287/3676/4237
f 6288/3677/4237 6287/3676/4237 6286/3675/4237
f 6289/3678/4238 6290/3671/4238 6291/3679/4239
f 6292/3673/4240 6291/3679/4239 6290/3671/4238
f 6293/3656/4241 6294/3630/4242 6295/3626/4241
f 6296/3625/4242 6295/3626/4241 6294/3630/4242
f 6297/3654/4243 6298/3619/4243 6299/3656/4244
f 6300/3630/4243 6299/3656/4244 6298/3619/4243
f 6301/3679/4245 6302/3677/4245 6303/3678/4246
f 6304/3675/4247 6303/3678/4246 6302/3677/4245
f 6305/3680/4248 6306/3681/4248 6307/3619/4249
f 6308/3620/4250 6307/3619/4249 6306/3681/4248
f 6309/3618/4192 6310/3616/4192 6311/3675/4251
f 6312/3682/4251 6311/3675/4251 6310/3616/4192
f 6313/3640/4252 6314/3631/4252 6315/3642/4252
f 6316/3683/4252 6315/3642/4252 6314/3631/4252
f 6317/3643/4253 6318/3644/4253 6319/3661/4253
f 6320/3684/4253 6319/3661/4253 6318/3644/4253
f 6321/3631/4254 6322/3633/4255 6323/3683/4256
f 6324/3685/4256 6323/3683/4256 6322/3633/4255
f 6325/3686/4257 6326/3687/4258 6327/3688/4259
f 6328/3689/4258 6327/3688/4259 6326/3687/4258
f 6329/3690/4260 6330/3691/4260 6331/3680/4260
f 6332/3692/4260 6331/3680/4260 6330/3691/4260
f 6333/3680/4261 6334/3619/4262 6335/3690/4261
f 6336/3621/4263 6335/3690/4261 6334/3619/4262
f 6337/3693/4264 6338/3662/4264 6339/3684/4264
f 6340/3661/4264 6339/3684/4264 6338/3662/4264
f 6341/3694/4204 6342/3663/4207 6343/3695/4265
f 6344/3665/4266 6343/3695/4265 6342/3663/4207
f 6345/3696/4207 6346/3695/4204 6347/3667/4204
f 6348/3665/4267 6347/3667/4204 6346/3695/4204
f 6349/3625/4268 6350/3697/4268 6351/3623/4206
f 6352/3669/4207 6351/3623/4206 6350/3697/4268
f 6353/3698/4207 6354/3696/4231 6355/3647/4207
f 6356/3667/4231 6355/3647/4207 6354/3696/4231
f 6357/3678/4269 6358/3699/4209 6359/3671/4209
f 6360/3700/4269 6359/3671/4209 6358/3699/4209
f 6361/3620/4248 6362/3628/4270 6363/3622/4271
f 6364/3627/4272 6363/3622/4271 6362/3628/4270
f 6365/3701/4273 6366/3702/4274 6367/3617/4274
f 6368/3703/4274 6367/3617/4274 6366/3702/4274
f 6369/3636/4275 6370/3651/4276 6371/3693/4275
f 6372/3662/4276 6371/3693/4275 6370/3651/4276
f 6373/3704/4277 6374/3684/4277 6375/3670/4231
f 6376/3644/4207 6375/3670/4231 6374/3684/4277
f 6377/3702/4278 6378/3705/4278 6379/3703/4278
f 6380/3706/4278 6379/3703/4278 6378/3705/4278
f 6381/3630/4279 6382/3707/4206 6383/3625/4280
f 6384/3697/4207 6383/3625/4280 6382/3707/4206
f 6385/3708/4281 6386/3709/4282 6387/3710/4283
f 6388/3711/4283 6387/3710/4283 6386/3709/4282
f 6387/3710/4283 6388/3711/4283 6389/3621/4283
f 6390/3690/4284 6389/3621/4283 6388/3711/4283
f 6388/3711/4283 6391/3712/4284 6390/3690/4284
f 6392/3691/4283 6390/3690/4284 6391/3712/4284
f 6391/3712/4284 6393/3713/4283 6392/3691/4283
f 6394/3685/4283 6392/3691/4283 6393/3713/4283
f 6393/3713/4283 6395/3714/4283 6394/3685/4283
f 6396/3683/4283 6394/3685/4283 6395/3714/4283
f 6395/3714/4283 6397/3715/4283 6396/3683/4283
f 6398/3642/4283 6396/3683/4283 6397/3715/4283
f 6397/3715/4283 6399/3716/4283 6398/3642/4283
f 6400/3641/4283 6398/3642/4283 6399/3716/4283
f 6401/3675/4285 6402/3682/4285 6403/3678/4272
f 6404/3699/4286 6403/3678/4272 6402/3682/4285
f 6405/3633/4287 6406/3692/4288 6407/3685/4289
f 6408/3691/4289 6407/3685/4289 6406/3692/4288
f 6409/3650/4290 6410/3622/4290 6411/3654/4290
f 6412/3629/4290 6411/3654/4290 6410/3622/4290
f 6413/3663/4231 6414/3694/4291 6415/3687/4205
f 6416/3717/4206 6415/3687/4205 6414/3694/4291
f 6417/3708/4292 6418/3710/4292 6419/3649/4292
f 6420/3622/4292 6419/3649/4292 6418/3710/4292
f 6421/3617/4209 6422/3703/4293 6423/3615/4294
f 6424/3718/4293 6423/3615/4294 6422/3703/4293
f 6425/3633/4192 6426/3634/4295 6427/3692/4296
f 6428/3719/4297 6427/3692/4296 6426/3634/4295
f 6429/3720/4193 6430/3632/4298 6431/3640/4193
f 6432/3631/4298 6431/3640/4193 6430/3632/4298
f 6433/3721/4269 6434/3672/4295 6435/3700/4295
f 6436/3671/4295 6435/3700/4295 6434/3672/4295
f 6437/3617/4299 6438/3618/4299 6439/3701/4299
f 6440/3676/4299 6439/3701/4299 6438/3618/4299
f 6441/3641/4300 6442/3674/4300 6443/3639/4300
f 6444/3672/4300 6443/3639/4300 6442/3674/4300
f 6445/3647/4207 6446/3635/4204 6447/3698/4267
f 6448/3637/4207 6447/3698/4267 6446/3635/4204
f 6449/3688/4301 6450/3722/4226 6451/3686/4226
f 6452/3723/4226 6451/3686/4226 6450/3722/4226
f 6451/3686/4226 6452/3723/4226 6453/3664/4226
f 6454/3724/4226 6453/3664/4226 6452/3723/4226
f 6453/3664/4226 6454/3724/4226 6455/3666/4226
f 6456/3725/4225 6455/3666/4226 6454/3724/4226
f 6455/3666/4226 6456/3725/4225 6457/3668/4225
f 6458/3726/4225 6457/3668/4225 6456/3725/4225
f 6457/3668/4225 6458/3726/4225 6459/3646/4225
f 6460/3727/4225 6459/3646/4225 6458/3726/4225
f 6459/3646/4225 6460/3727/4225 6461/3645/4225
f 6462/3728/4225 6461/3645/4225 6460/3727/4225
f 6461/3645/4225 6462/3728/4225 6463/3651/4225
f 6264/3662/4225 6463/3651/4225 6462/3728/4225
f 6464/3681/4269 6465/3680/4295 6466/3719/4295
f 6467/3692/4209 6466/3719/4295 6465/3680/4295
f 6468/3705/4302 6469/3702/4284 6470/3729/4284
f 6471/3730/4283 6470/3729/4284 6469/3702/4284
f 6469/3702/4284 6472/3701/4283 6471/3730/4283
f 6473/3731/4283 6471/3730/4283 6472/3701/4283
f 6472/3701/4283 6474/3676/4283 6473/3731/4283
f 6475/3732/4282 6473/3731/4283 6474/3676/4283
f 6474/3676/4283 6476/3677/4282 6475/3732/4282
f 6477/3733/4284 6475/3732/4282 6476/3677/4282
f 6476/3677/4282 6478/3679/4284 6477/3733/4284
f 6479/3734/4283 6477/3733/4284 6478/3679/4284
f 6478/3679/4284 6480/3673/4283 6479/3734/4283
f 6481/3735/4303 6479/3734/4283 6480/3673/4283
f 6480/3673/4283 6482/3674/4303 6481/3735/4303
f 6400/3641/4304 6481/3735/4303 6482/3674/4303
f 6483/3687/4305 6484/3686/4305 6485/3663/4306
f 6486/3664/4305 6485/3663/4306 6484/3686/4305
f 6487/3654/4307 6488/3629/4307 6489/3619/4307
f 6490/3689/4308 6491/3687/4308 6492/3717/4308
f 6493/3636/4309 6494/3693/4309 6495/3638/4309
f 6496/3693/4310 6497/3684/4310 6498/3704/4310
f 6499/3707/4206 6500/3630/4206 6501/3628/4206
f 6502/3627/4308 6503/3622/4308 6504/3649/4308
f 6505/3621/4311 6506/3622/4311 6507/3710/4311
f 6508/3718/4270 6509/3703/4270 6510/3706/4270
f 6511/3672/4312 6512/3721/4312 6513/3639/4312
f 6514/3649/4270 6515/3622/4270 6516/3627/4270
f 6517/3628/4209 6518/3620/4209 6519/3681/4209
f 6520/3720/4313 6521/3640/4313 6522/3639/4313
o NWS_1
v -0.014957 -0.275980 0.838854
v -0.014957 -0.308123 0.845881
v -0.010981 -0.274945 0.844723
v -0.010981 -0.307088 0.851750
v -0.006793 -0.274596 0.846705
v -0.006793 -0.306738 0.853732
v 0.002648 -0.274596 0.846705
v 0.002648 -0.306738 0.853732
v 0.006836 -0.274945 0.844723
v 0.006836 -0.307088 0.851750
v 0.010811 -0.308123 0.845881
v 0.010811 -0.275980 0.838854
v 0.010811 -0.309385 0.838725
v 0.010811 -0.277242 0.831698
v 0.006836 -0.310419 0.832855
v 0.006836 -0.278277 0.825828
v 0.002648 -0.278626 0.823847
v 0.002648 -0.310770 0.830874
v -0.006793 -0.278626 0.823847
v -0.006793 -0.310770 0.830874
v -0.010981 -0.278277 0.825828
v -0.010981 -0.310419 0.832855
v -0.014957 -0.277242 0.831698
v -0.014957 -0.309385 0.838725
v -0.014957 -0.275980 0.838854
v -0.022737 -0.253946 0.837416
v -0.016791 -0.252235 0.846954
v -0.022737 -0.255823 0.825582
v -0.016798 -0.257393 0.816014
v -0.008622 -0.257996 0.812357
v -0.008621 -0.251663 0.850609
v 0.004477 -0.257959 0.812350
v 0.004476 -0.251693 0.850613
v 0.012655 -0.257318 0.816000
v 0.012644 -0.252304 0.846966
v 0.018592 -0.255874 0.825590
v 0.018592 -0.253946 0.837416
v -0.013518 -0.311239 0.829083
v -0.007651 -0.310989 0.826237
v -0.013741 -0.306674 0.776913
v 0.009595 -0.306674 0.776913
v -0.013741 -0.271148 0.814448
v 0.009595 -0.271148 0.814448
v 0.003506 -0.310989 0.826237
v 0.009373 -0.311239 0.829083
v 0.009620 -0.317306 0.775029
v 0.009391 -0.322308 0.832203
v 0.003512 -0.322059 0.829343
v -0.013765 -0.317306 0.775029
v -0.013765 -0.309643 0.766529
v 0.009620 -0.309643 0.766529
v -0.013765 -0.298643 0.769693
v 0.009620 -0.298643 0.769693
v 0.009620 -0.263116 0.807228
v 0.009620 -0.260511 0.812581
v -0.013518 -0.311239 0.829083
v -0.013536 -0.322308 0.832203
v -0.018671 -0.309631 0.837596
v -0.018687 -0.326549 0.841349
v -0.013545 -0.327972 0.833697
v -0.007661 -0.328509 0.830870
v -0.007658 -0.322059 0.829343
v 0.003512 -0.322059 0.829343
v 0.003515 -0.328509 0.830870
v 0.009391 -0.322308 0.832203
v 0.009399 -0.327972 0.833697
v 0.014543 -0.326549 0.841349
v 0.014527 -0.309631 0.837596
v 0.014543 -0.307888 0.846958
v 0.014527 -0.324806 0.850711
v 0.009399 -0.306463 0.854609
v 0.009373 -0.323390 0.858332
v 0.003515 -0.305929 0.857437
v 0.003506 -0.322861 0.861140
v -0.007661 -0.305929 0.857437
v -0.007651 -0.322861 0.861140
v -0.013518 -0.323390 0.858332
v -0.013544 -0.306463 0.854609
v -0.018671 -0.324806 0.850711
v -0.019281 -0.393590 0.849943
v -0.019281 -0.385615 0.853247
v -0.019281 -0.401573 0.853247
v -0.019281 -0.401573 0.869201
v -0.019281 -0.404871 0.861224
v -0.019281 -0.385615 0.869201
v -0.019281 -0.382309 0.861224
v -0.013766 -0.260511 0.812581
v -0.013766 -0.263116 0.807228
v -0.013741 -0.271148 0.814448
v -0.013765 -0.298643 0.769693
v -0.013741 -0.306674 0.776913
v -0.013765 -0.309643 0.766529
v -0.013765 -0.317306 0.775029
v -0.013518 -0.311239 0.829083
v -0.013536 -0.322308 0.832203
v -0.040521 -0.385615 0.853247
v -0.026613 -0.385615 0.853247
v -0.040521 -0.393590 0.849943
v -0.026613 -0.393590 0.849943
v -0.040521 -0.401573 0.853247
v -0.026613 -0.401573 0.853247
v -0.040521 -0.404871 0.861224
v -0.026613 -0.404871 0.861224
v -0.040521 -0.401573 0.869201
v -0.026613 -0.401573 0.869201
v -0.040521 -0.393590 0.872505
v -0.026613 -0.393590 0.872505
v -0.040521 -0.385615 0.869201
v -0.026613 -0.385615 0.869201
v -0.019281 -0.393590 0.849943
v -0.019281 -0.401573 0.853247
v -0.019281 -0.404871 0.861224
v -0.019281 -0.401573 0.869201
v -0.019281 -0.393590 0.872505
v -0.019281 -0.385615 0.869201
v -0.019281 -0.385615 0.853247
v -0.026613 -0.382309 0.861224
v -0.019281 -0.382309 0.861224
v -0.026613 -0.385615 0.869201
v -0.019281 -0.385615 0.869201
v -0.013766 -0.260511 0.812581
v -0.013766 -0.263116 0.807228
v -0.040521 -0.385615 0.869201
v -0.040347 -0.379197 0.863006
v -0.040521 -0.382309 0.861224
v -0.040475 -0.380854 0.853628
v -0.040521 -0.385615 0.853247
v -0.026755 -0.380714 0.854405
v -0.026613 -0.385615 0.853247
v -0.026613 -0.382309 0.861224
v -0.039176 -0.324036 0.849977
v -0.039190 -0.325747 0.840607
v -0.025478 -0.326549 0.841355
v -0.036072 -0.316870 0.838956
v -0.022561 -0.309630 0.837589
v -0.022578 -0.307892 0.846951
v -0.018671 -0.309631 0.837596
v -0.018687 -0.307888 0.846958
v -0.036075 -0.315158 0.848324
v -0.018687 -0.326549 0.841349
v -0.018671 -0.324806 0.850711
v -0.025462 -0.324806 0.850718
v -0.026629 -0.379065 0.863782
v -0.026613 -0.385615 0.869201
v 0.004419 -0.273244 0.854367
v 0.012126 -0.273888 0.850721
v 0.004476 -0.251693 0.850613
v 0.012644 -0.252304 0.846966
v 0.018592 -0.275570 0.841175
v 0.018592 -0.253946 0.837416
v 0.018592 -0.255874 0.825590
v 0.018592 -0.277651 0.829377
v 0.012558 -0.261314 0.816696
v 0.012290 -0.272518 0.818645
v 0.009595 -0.271148 0.814448
v 0.004439 -0.272585 0.814897
v -0.008584 -0.272585 0.814897
v -0.008565 -0.279977 0.816185
v -0.016434 -0.272518 0.818645
v -0.016271 -0.279335 0.819831
v -0.022737 -0.277651 0.829377
v -0.013741 -0.271148 0.814448
v -0.016704 -0.261314 0.816696
v -0.022737 -0.255823 0.825582
v -0.022737 -0.253946 0.837416
v -0.016798 -0.257393 0.816014
v -0.013766 -0.260511 0.812581
v -0.008622 -0.257996 0.812357
v 0.004477 -0.257959 0.812350
v 0.009620 -0.260511 0.812581
v 0.012655 -0.257318 0.816000
v 0.003506 -0.322861 0.861140
v -0.007651 -0.322861 0.861140
v 0.009373 -0.323390 0.858332
v -0.013518 -0.323390 0.858332
v -0.018671 -0.324806 0.850711
v 0.014527 -0.324806 0.850711
v -0.018687 -0.326549 0.841349
v 0.014543 -0.326549 0.841349
v -0.013545 -0.327972 0.833697
v 0.009399 -0.327972 0.833697
v 0.003515 -0.328509 0.830870
v -0.022737 -0.275571 0.841175
v -0.016271 -0.273888 0.850721
v -0.016791 -0.252235 0.846954
v -0.008621 -0.251663 0.850609
v -0.008565 -0.273244 0.854367
v 0.004419 -0.273244 0.854367
v 0.004476 -0.251693 0.850613
v 0.004419 -0.279977 0.816185
v 0.012126 -0.279335 0.819831
v -0.018687 -0.307888 0.846958
v -0.022578 -0.307892 0.846951
v -0.018671 -0.324806 0.850711
v -0.025462 -0.324806 0.850718
v -0.036075 -0.315158 0.848324
v -0.039176 -0.324036 0.849977
v -0.040347 -0.379197 0.863006
v -0.026629 -0.379065 0.863782
v -0.040521 -0.385615 0.869201
v -0.026613 -0.385615 0.869201
v -0.040521 -0.401573 0.853247
v -0.040521 -0.404871 0.861224
v -0.040521 -0.393590 0.849943
v -0.040521 -0.382309 0.861224
v -0.040521 -0.385615 0.853247
v -0.040521 -0.393590 0.872505
v -0.040521 -0.401573 0.869201
v -0.007658 -0.322059 0.829343
v -0.013536 -0.322308 0.832203
v -0.010981 -0.278277 0.825828
v -0.008565 -0.279977 0.816185
v -0.006793 -0.278626 0.823847
v 0.004419 -0.279977 0.816185
v 0.002648 -0.278626 0.823847
v 0.006836 -0.278277 0.825828
v -0.016271 -0.279335 0.819831
v -0.014957 -0.277242 0.831698
v -0.022737 -0.277651 0.829377
v -0.014957 -0.275980 0.838854
v -0.022737 -0.275571 0.841175
v -0.016271 -0.273888 0.850721
v -0.010981 -0.274945 0.844723
v -0.008565 -0.273244 0.854367
v -0.006793 -0.274596 0.846705
v 0.002648 -0.274596 0.846705
v 0.004419 -0.273244 0.854367
v 0.006836 -0.274945 0.844723
v 0.012126 -0.273888 0.850721
v 0.010811 -0.275980 0.838854
v 0.018592 -0.275570 0.841175
v 0.010811 -0.277242 0.831698
v 0.018592 -0.277651 0.829377
v 0.012126 -0.279335 0.819831
v -0.006793 -0.306738 0.853732
v 0.003515 -0.305929 0.857437
v 0.002648 -0.306738 0.853732
v 0.006836 -0.307088 0.851750
v -0.007661 -0.305929 0.857437
v -0.010981 -0.307088 0.851750
v -0.013544 -0.306463 0.854609
v -0.014957 -0.308123 0.845881
v -0.018687 -0.307888 0.846958
v -0.014957 -0.309385 0.838725
v -0.018671 -0.309631 0.837596
v -0.010981 -0.310419 0.832855
v -0.013518 -0.311239 0.829083
v -0.006793 -0.310770 0.830874
v -0.007651 -0.310989 0.826237
v 0.002648 -0.310770 0.830874
v 0.003506 -0.310989 0.826237
v 0.009373 -0.311239 0.829083
v 0.006836 -0.310419 0.832855
v 0.014527 -0.309631 0.837596
v 0.010811 -0.309385 0.838725
v 0.010811 -0.308123 0.845881
v 0.014543 -0.307888 0.846958
v 0.009399 -0.306463 0.854609
v -0.018687 -0.307888 0.846958
v 0.009373 -0.311239 0.829083
v -0.007661 -0.328509 0.830870
v -0.014957 -0.308123 0.845881
v -0.040521 -0.385615 0.869201
v -0.019281 -0.393590 0.872505
vt 0.469566 0.956943
vt 0.473116 0.946520
vt 0.467324 0.956094
vt 0.470874 0.945671
vt 0.465861 0.955566
vt 0.469411 0.945143
vt 0.462871 0.954548
vt 0.466419 0.944124
vt 0.461390 0.954073
vt 0.464938 0.943649
vt 0.462642 0.942954
vt 0.459097 0.953378
vt 0.460308 0.942265
vt 0.456765 0.952690
vt 0.458012 0.941570
vt 0.454471 0.951996
vt 0.452990 0.951522
vt 0.456530 0.941095
vt 0.449999 0.950507
vt 0.453538 0.940079
vt 0.448536 0.949981
vt 0.452073 0.939554
vt 0.446293 0.949135
vt 0.449830 0.938707
vt 0.444024 0.948261
vt 0.414753 0.899710
vt 0.416797 0.902920
vt 0.414687 0.895701
vt 0.416621 0.892424
vt 0.419336 0.891138
vt 0.419551 0.904112
vt 0.423720 0.891066
vt 0.423933 0.904040
vt 0.426477 0.892261
vt 0.426646 0.902758
vt 0.428517 0.895473
vt 0.428583 0.899483
vt 0.474904 0.908044
vt 0.472986 0.906894
vt 0.459806 0.916678
vt 0.455096 0.910204
vt 0.448110 0.928656
vt 0.442598 0.923479
vt 0.471066 0.903994
vt 0.471433 0.902168
vt 0.455000 0.906228
vt 0.471838 0.898280
vt 0.470515 0.896706
vt 0.451585 0.899100
vt 0.448215 0.901063
vt 0.452731 0.907282
vt 0.445362 0.903687
vt 0.451088 0.909224
vt 0.439796 0.921494
vt 0.438814 0.923134
vt 0.430268 0.908323
vt 0.428744 0.904788
vt 0.427077 0.909419
vt 0.425038 0.903989
vt 0.427990 0.902978
vt 0.430036 0.902201
vt 0.430871 0.904255
vt 0.434338 0.902839
vt 0.433493 0.900789
vt 0.436233 0.901723
vt 0.435490 0.899908
vt 0.438285 0.898535
vt 0.440692 0.903812
vt 0.443548 0.902387
vt 0.441132 0.897114
vt 0.446350 0.901000
vt 0.443920 0.895734
vt 0.448330 0.900049
vt 0.445885 0.894790
vt 0.451723 0.898467
vt 0.449266 0.893213
vt 0.451253 0.892314
vt 0.453722 0.897561
vt 0.454106 0.891066
vt 0.430415 0.907203
vt 0.431521 0.909873
vt 0.431521 0.904533
vt 0.436860 0.904534
vt 0.434191 0.903428
vt 0.436861 0.909873
vt 0.434191 0.910979
vt 0.434392 0.915268
vt 0.433113 0.913740
vt 0.431089 0.916735
vt 0.418527 0.904430
vt 0.416519 0.907430
vt 0.414686 0.904321
vt 0.412921 0.907736
vt 0.419609 0.924673
vt 0.416305 0.926650
vt 0.465730 0.929575
vt 0.470350 0.930142
vt 0.466082 0.926707
vt 0.470701 0.927274
vt 0.466434 0.923838
vt 0.471053 0.924406
vt 0.466787 0.920969
vt 0.471406 0.921538
vt 0.467140 0.918101
vt 0.471760 0.918670
vt 0.467494 0.915232
vt 0.472113 0.915803
vt 0.467849 0.912364
vt 0.472468 0.912935
vt 0.473137 0.927572
vt 0.473489 0.924705
vt 0.473842 0.921838
vt 0.474195 0.918971
vt 0.474549 0.916103
vt 0.474904 0.913236
vt 0.472786 0.930439
vt 0.470002 0.933012
vt 0.472438 0.933307
vt 0.469656 0.935881
vt 0.472092 0.936175
vt 0.432550 0.918205
vt 0.433796 0.916591
vt 0.417559 0.926293
vt 0.419209 0.928775
vt 0.419942 0.927914
vt 0.422454 0.928718
vt 0.422527 0.927106
vt 0.427189 0.928609
vt 0.426904 0.926904
vt 0.429408 0.927690
vt 0.420105 0.947839
vt 0.423271 0.947447
vt 0.427984 0.947645
vt 0.423761 0.950065
vt 0.426742 0.953748
vt 0.424255 0.955736
vt 0.427646 0.954454
vt 0.425199 0.956706
vt 0.421010 0.951349
vt 0.429593 0.949327
vt 0.432158 0.948371
vt 0.431207 0.946658
vt 0.430415 0.928456
vt 0.431674 0.925918
vt 0.474904 0.938854
vt 0.472196 0.937893
vt 0.472446 0.945750
vt 0.469625 0.944761
vt 0.468504 0.936570
vt 0.466060 0.943497
vt 0.462280 0.942224
vt 0.464700 0.935227
vt 0.459102 0.939807
vt 0.460294 0.936106
vt 0.458719 0.936422
vt 0.457411 0.935270
vt 0.453236 0.933741
vt 0.454116 0.931393
vt 0.450497 0.932516
vt 0.451385 0.930378
vt 0.447709 0.928995
vt 0.451493 0.933775
vt 0.449009 0.936109
vt 0.445010 0.935908
vt 0.441303 0.934405
vt 0.448558 0.937317
vt 0.450276 0.937082
vt 0.451373 0.938551
vt 0.455715 0.940150
vt 0.457508 0.939731
vt 0.458655 0.941044
vt 0.425229 0.926392
vt 0.428962 0.926446
vt 0.423280 0.925407
vt 0.430940 0.925518
vt 0.432702 0.922949
vt 0.421593 0.922788
vt 0.432753 0.919762
vt 0.421634 0.919602
vt 0.431070 0.917132
vt 0.423392 0.917022
vt 0.425375 0.916088
vt 0.443952 0.927553
vt 0.440299 0.926158
vt 0.437754 0.933060
vt 0.434973 0.931949
vt 0.437626 0.925115
vt 0.433574 0.923535
vt 0.430896 0.930348
vt 0.458258 0.932910
vt 0.461000 0.933901
vt 0.411163 0.941988
vt 0.412445 0.941761
vt 0.410151 0.936277
vt 0.412389 0.935881
vt 0.416465 0.938540
vt 0.416966 0.935386
vt 0.414060 0.916638
vt 0.409529 0.917420
vt 0.413518 0.913705
vt 0.408959 0.914634
vt 0.439541 0.892171
vt 0.436872 0.891066
vt 0.440647 0.894841
vt 0.436872 0.898616
vt 0.439542 0.897510
vt 0.433096 0.894841
vt 0.434202 0.892171
vt 0.469002 0.893261
vt 0.469042 0.891066
vt 0.441264 0.937674
vt 0.440413 0.934407
vt 0.439853 0.937018
vt 0.436068 0.934463
vt 0.436694 0.937059
vt 0.435301 0.937750
vt 0.443008 0.935613
vt 0.442619 0.939651
vt 0.445213 0.938829
vt 0.442651 0.942083
vt 0.445264 0.942838
vt 0.443143 0.946109
vt 0.441346 0.944094
vt 0.440580 0.947382
vt 0.439953 0.944786
vt 0.436794 0.944826
vt 0.436234 0.947438
vt 0.435384 0.944171
vt 0.433639 0.946231
vt 0.434028 0.942194
vt 0.431435 0.943015
vt 0.433997 0.939762
vt 0.431383 0.939007
vt 0.433505 0.935735
vt 0.458505 0.928983
vt 0.461948 0.930271
vt 0.461664 0.929000
vt 0.463070 0.928334
vt 0.458208 0.930251
vt 0.457107 0.928303
vt 0.456244 0.929277
vt 0.455787 0.926301
vt 0.454537 0.926663
vt 0.455800 0.923869
vt 0.454559 0.923477
vt 0.457141 0.921881
vt 0.456296 0.920587
vt 0.458546 0.921216
vt 0.458269 0.919662
vt 0.461707 0.921233
vt 0.462000 0.919682
vt 0.463963 0.920628
vt 0.463104 0.921912
vt 0.465669 0.923536
vt 0.464424 0.923915
vt 0.464411 0.926347
vt 0.465657 0.926723
vt 0.463922 0.929318
vt 0.456584 0.896309
vt 0.437663 0.905299
vt 0.429115 0.916141
vt 0.447560 0.937833
vt 0.434202 0.897511
vt 0.437966 0.907203
vn -0.606100 -0.732200 0.310700
vn -0.592000 0.805000 0.038400
vn -0.426800 -0.665900 0.611900
vn -0.401900 0.859400 0.316000
vn -0.148200 -0.624100 0.767200
vn -0.137700 0.879300 0.455800
vn 0.148200 -0.624100 0.767100
vn 0.137700 0.879300 0.455900
vn 0.426900 -0.665900 0.611800
vn 0.401900 0.859400 0.316000
vn 0.592000 0.805000 0.038300
vn 0.606100 -0.732200 0.310700
vn 0.609500 0.726300 -0.317800
vn 0.595000 -0.802400 -0.046200
vn 0.448700 0.667300 -0.594500
vn 0.407300 -0.851400 -0.330400
vn 0.140000 -0.868800 -0.474900
vn 0.172800 0.664000 -0.727500
vn -0.140000 -0.868800 -0.474900
vn -0.172800 0.664000 -0.727500
vn -0.407300 -0.851400 -0.330400
vn -0.448700 0.667200 -0.594500
vn -0.595000 -0.802400 -0.046200
vn -0.609500 0.726300 -0.317800
vn -0.734600 0.670400 0.104600
vn -0.504800 0.731200 0.458900
vn -0.733900 0.604000 -0.310800
vn -0.503500 0.657900 -0.560000
vn -0.077300 0.588700 -0.804700
vn -0.162000 0.774800 0.611000
vn 0.077900 0.589300 -0.804200
vn 0.161200 0.774500 0.611600
vn 0.503800 0.658000 -0.559700
vn 0.505600 0.729300 0.461000
vn 0.736900 0.601000 -0.309400
vn 0.734800 0.670100 0.105100
vn -0.677900 0.705900 -0.205200
vn -0.008500 0.999800 0.017400
vn -0.972500 0.075500 0.220200
vn 0.972600 0.075300 0.220100
vn -0.777800 -0.590600 -0.215100
vn 0.777700 -0.590600 -0.215200
vn 0.008500 0.999800 0.017400
vn 0.677900 0.706000 -0.205200
vn 0.643600 -0.702300 -0.304400
vn 0.775500 -0.317200 -0.545800
vn 0.115900 -0.803100 -0.584500
vn -0.643600 -0.702200 -0.304500
vn -0.605700 -0.218400 -0.765100
vn 0.605700 -0.218800 -0.765000
vn -0.653100 0.393500 -0.647000
vn 0.653100 0.393500 -0.647000
vn 0.675200 0.606500 -0.419800
vn 0.654300 0.354900 -0.667800
vn -0.775500 -0.317200 -0.545800
vn -0.280700 0.721600 -0.632800
vn -0.257600 -0.912700 -0.317300
vn -0.496400 -0.757600 -0.423800
vn -0.162900 -0.799200 -0.578600
vn -0.115900 -0.803100 -0.584400
vn 0.163000 -0.799200 -0.578600
vn 0.496300 -0.757600 -0.423800
vn 0.728800 -0.679100 -0.087600
vn 0.735900 0.592800 -0.327100
vn 0.726000 0.681500 0.091500
vn 0.731000 -0.592000 0.339200
vn 0.492500 0.758600 0.426600
vn 0.502200 -0.527200 0.685400
vn 0.165700 0.799400 0.577400
vn 0.170400 -0.500700 0.848700
vn -0.165700 0.799400 0.577400
vn -0.170400 -0.500700 0.848700
vn -0.502200 -0.527200 0.685400
vn -0.492500 0.758600 0.426500
vn -0.271300 -0.717700 0.641300
vn 0.630300 -0.000000 -0.776400
vn 0.630200 0.549000 -0.549000
vn 0.630200 -0.549000 -0.549000
vn 0.630300 -0.549000 0.549000
vn 0.630200 -0.776400 -0.000000
vn 0.630200 0.549000 0.549000
vn 0.630200 0.776400 -0.000000
vn -0.654500 0.358400 -0.665700
vn -0.675300 0.606500 -0.419800
vn -0.777700 -0.590700 -0.215200
vn -0.653100 0.393400 -0.647000
vn -0.972600 0.075500 0.220100
vn -0.605700 -0.218800 -0.765000
vn -0.738300 0.185600 -0.648400
vn 0.167100 0.495200 -0.852600
vn -0.630300 -0.000000 -0.776400
vn 0.000000 0.000200 -1.000000
vn -0.630300 -0.548900 -0.549100
vn 0.000000 -0.707200 -0.707000
vn -0.630300 -0.776400 -0.000000
vn 0.000000 -1.000000 0.000000
vn -0.630300 -0.549000 0.549000
vn 0.000000 -0.707200 0.707000
vn -0.630300 -0.000000 0.776400
vn 0.000000 0.000200 1.000000
vn -0.671600 0.396200 0.626100
vn 0.075100 0.619200 0.781600
vn 0.630300 -0.000200 -0.776400
vn 0.630300 -0.549100 -0.548900
vn 0.630200 -0.776400 -0.000100
vn 0.630300 -0.549100 0.548800
vn 0.630300 0.000100 0.776400
vn 0.630200 0.549100 -0.549000
vn 0.798200 0.602400 -0.007900
vn 0.630300 0.776400 -0.000100
vn 0.075200 0.619200 0.781600
vn 0.630300 0.549000 0.549000
vn -0.654500 0.358500 -0.665700
vn -0.675300 0.606500 -0.419700
vn -0.671600 0.396300 0.626100
vn -0.772800 0.314300 0.551400
vn -0.999600 0.027400 0.005200
vn -0.734500 -0.008500 -0.678500
vn 0.765200 -0.021000 -0.643400
vn 0.167000 0.495200 -0.852600
vn 0.798200 0.602300 -0.008000
vn -0.743000 0.264700 0.614700
vn -0.711000 -0.018000 -0.702900
vn 0.310900 -0.494300 -0.811800
vn -0.583300 0.366100 -0.725100
vn -0.185700 0.587100 -0.787900
vn -0.188200 0.847200 0.496800
vn -0.252300 0.913000 0.320600
vn -0.598100 0.610400 0.519300
vn -0.271400 -0.717700 0.641300
vn 0.292900 -0.107600 0.950100
vn 0.750200 0.306100 0.586200
vn 0.162000 -0.524700 0.835700
vn 0.494800 -0.548200 0.674300
vn 0.161300 0.774500 0.611600
vn 0.505600 0.729300 0.461100
vn 0.730400 -0.601900 0.322900
vn 0.728800 -0.677300 -0.100400
vn 0.794500 -0.018100 -0.607000
vn 0.715800 -0.210700 -0.665800
vn 0.777700 -0.590700 -0.215200
vn 0.124100 -0.303200 -0.944800
vn -0.124200 -0.303300 -0.944800
vn -0.165100 -0.777700 -0.606500
vn -0.715800 -0.210800 -0.665700
vn -0.491700 -0.745900 -0.449300
vn -0.728800 -0.677300 -0.100400
vn -0.794800 -0.016400 -0.606700
vn -0.503600 0.658000 -0.559900
vn -0.077300 0.588600 -0.804700
vn 0.078000 0.589200 -0.804200
vn 0.170400 -0.500600 0.848700
vn 0.502200 -0.527200 0.685500
vn -0.502300 -0.527200 0.685400
vn 0.731000 -0.592000 0.339300
vn 0.728900 -0.679000 -0.087600
vn -0.496300 -0.757600 -0.423800
vn 0.496300 -0.757700 -0.423800
vn 0.163000 -0.799100 -0.578600
vn -0.730400 -0.601900 0.322900
vn -0.494700 -0.548200 0.674300
vn -0.504800 0.731100 0.458900
vn -0.162000 0.774900 0.611000
vn -0.162000 -0.524700 0.835700
vn 0.162000 -0.524600 0.835800
vn 0.164800 -0.777800 -0.606600
vn 0.491700 -0.745900 -0.449400
vn -0.188300 0.847200 0.496800
vn -0.598200 0.610300 0.519300
vn 0.750200 0.306000 0.586100
vn -0.630300 -0.549000 -0.549000
vn -0.630200 -0.776400 -0.000000
vn -0.775500 -0.317200 -0.545900
vn -0.407300 -0.851500 -0.330400
vn -0.165000 -0.777700 -0.606500
vn 0.165000 -0.777700 -0.606500
vn 0.407200 -0.851500 -0.330400
vn -0.491700 -0.745800 -0.449400
vn 0.148200 -0.624100 0.767200
vn 0.426800 -0.666000 0.611800
vn 0.491700 -0.745800 -0.449400
vn 0.165600 0.799500 0.577400
vn 0.137700 0.879300 0.455800
vn -0.401800 0.859500 0.316000
vn -0.172700 0.664000 -0.727500
vn 0.172700 0.664000 -0.727500
vn 0.448800 0.667200 -0.594500
vn 0.726000 0.681500 0.091600
vn -0.163000 -0.799200 -0.578600
vn 0.630300 -0.000000 0.776400

f 6523/3736/4314 6524/3737/4315 6525/3738/4316
f 6526/3739/4317 6525/3738/4316 6524/3737/4315
f 6525/3738/4316 6526/3739/4317 6527/3740/4318
f 6528/3741/4319 6527/3740/4318 6526/3739/4317
f 6527/3740/4318 6528/3741/4319 6529/3742/4320
f 6530/3743/4321 6529/3742/4320 6528/3741/4319
f 6529/3742/4320 6530/3743/4321 6531/3744/4322
f 6532/3745/4323 6531/3744/4322 6530/3743/4321
f 6531/3744/4322 6532/3745/4323 6533/3746/4324
f 6531/3744/4322 6533/3746/4324 6534/3747/4325
f 6535/3748/4326 6534/3747/4325 6533/3746/4324
f 6534/3747/4325 6535/3748/4326 6536/3749/4327
f 6537/3750/4328 6536/3749/4327 6535/3748/4326
f 6536/3749/4327 6537/3750/4328 6538/3751/4329
f 6539/3752/4330 6538/3751/4329 6537/3750/4328
f 6537/3750/4328 6540/3753/4331 6539/3752/4330
f 6541/3754/4332 6539/3752/4330 6540/3753/4331
f 6540/3753/4331 6542/3755/4333 6541/3754/4332
f 6543/3756/4334 6541/3754/4332 6542/3755/4333
f 6542/3755/4333 6544/3757/4335 6543/3756/4334
f 6545/3758/4336 6543/3756/4334 6544/3757/4335
f 6544/3757/4335 6546/3759/4337 6545/3758/4336
f 6547/3760/4314 6545/3758/4336 6546/3759/4337
f 6548/3761/4338 6549/3762/4339 6550/3763/4340
f 6551/3764/4341 6550/3763/4340 6549/3762/4339
f 6551/3764/4341 6549/3762/4339 6552/3765/4342
f 6553/3766/4343 6552/3765/4342 6549/3762/4339
f 6552/3765/4342 6553/3766/4343 6554/3767/4344
f 6555/3768/4345 6554/3767/4344 6553/3766/4343
f 6554/3767/4344 6555/3768/4345 6556/3769/4346
f 6557/3770/4347 6556/3769/4346 6555/3768/4345
f 6556/3769/4346 6557/3770/4347 6558/3771/4348
f 6559/3772/4349 6558/3771/4348 6557/3770/4347
f 6560/3773/4350 6561/3774/4351 6562/3775/4352
f 6563/3776/4353 6562/3775/4352 6561/3774/4351
f 6562/3775/4352 6563/3776/4353 6564/3777/4354
f 6565/3778/4355 6564/3777/4354 6563/3776/4353
f 6561/3774/4351 6566/3779/4356 6563/3776/4353
f 6567/3780/4357 6563/3776/4353 6566/3779/4356
f 6563/3776/4353 6567/3780/4357 6568/3781/4358
f 6569/3782/4359 6568/3781/4358 6567/3780/4357
f 6568/3781/4358 6569/3782/4359 6570/3783/4360
f 6570/3783/4360 6571/3784/4361 6568/3781/4358
f 6572/3785/4362 6568/3781/4358 6571/3784/4361
f 6568/3781/4358 6572/3785/4362 6573/3786/4363
f 6574/3787/4364 6573/3786/4363 6572/3785/4362
f 6573/3786/4363 6574/3787/4364 6575/3788/4365
f 6576/3789/4366 6575/3788/4365 6574/3787/4364
f 6575/3788/4365 6576/3789/4366 6565/3778/4355
f 6577/3790/4367 6565/3778/4355 6576/3789/4366
f 6568/3781/4358 6573/3786/4363 6563/3776/4353
f 6575/3788/4365 6563/3776/4353 6573/3786/4363
f 6563/3776/4353 6575/3788/4365 6565/3778/4355
f 6578/3791/4350 6579/3792/4368 6580/3793/4369
f 6581/3794/4370 6580/3793/4369 6579/3792/4368
f 6581/3794/4370 6579/3792/4368 6582/3795/4371
f 6583/3796/4372 6582/3795/4371 6579/3792/4368
f 6579/3792/4368 6584/3797/4373 6583/3796/4372
f 6585/3798/4360 6583/3796/4372 6584/3797/4373
f 6583/3796/4372 6585/3798/4360 6586/3799/4374
f 6587/3800/4359 6586/3799/4374 6585/3798/4360
f 6586/3799/4374 6587/3800/4359 6588/3801/4375
f 6589/3802/4376 6588/3801/4375 6587/3800/4359
f 6587/3800/4359 6590/3803/4377 6589/3802/4376
f 6591/3804/4378 6589/3802/4376 6590/3803/4377
f 6589/3802/4376 6591/3804/4378 6592/3805/4379
f 6593/3806/4380 6592/3805/4379 6591/3804/4378
f 6592/3805/4379 6593/3806/4380 6594/3807/4381
f 6595/3808/4382 6594/3807/4381 6593/3806/4380
f 6594/3807/4381 6595/3808/4382 6596/3809/4383
f 6597/3810/4384 6596/3809/4383 6595/3808/4382
f 6596/3809/4383 6597/3810/4384 6598/3811/4385
f 6599/3812/4386 6598/3811/4385 6597/3810/4384
f 6597/3810/4384 6600/3813/4387 6599/3812/4386
f 6601/3814/4388 6599/3812/4386 6600/3813/4387
f 6602/3815/4389 6603/3816/4390 6604/3817/4391
f 6605/3818/4392 6604/3817/4391 6603/3816/4390
f 6604/3817/4391 6605/3818/4392 6606/3819/4393
f 6605/3818/4392 6603/3816/4390 6607/3820/4394
f 6608/3821/4395 6607/3820/4394 6603/3816/4390
f 6609/3822/4396 6610/3823/4397 6611/3824/4398
f 6612/3825/4399 6611/3824/4398 6610/3823/4397
f 6611/3824/4398 6612/3825/4399 6613/3826/4400
f 6614/3827/4401 6613/3826/4400 6612/3825/4399
f 6613/3826/4400 6614/3827/4401 6615/3828/4361
f 6613/3826/4400 6615/3828/4361 6616/3829/4350
f 6617/3830/4368 6616/3829/4350 6615/3828/4361
f 6618/3831/4402 6619/3832/4403 6620/3833/4404
f 6621/3834/4405 6620/3833/4404 6619/3832/4403
f 6620/3833/4404 6621/3834/4405 6622/3835/4406
f 6623/3836/4407 6622/3835/4406 6621/3834/4405
f 6622/3835/4406 6623/3836/4407 6624/3837/4408
f 6625/3838/4409 6624/3837/4408 6623/3836/4407
f 6624/3837/4408 6625/3838/4409 6626/3839/4410
f 6627/3840/4411 6626/3839/4410 6625/3838/4409
f 6626/3839/4410 6627/3840/4411 6628/3841/4412
f 6629/3842/4413 6628/3841/4412 6627/3840/4411
f 6628/3841/4412 6629/3842/4413 6630/3843/4414
f 6631/3844/4415 6630/3843/4414 6629/3842/4413
f 6619/3832/4403 6632/3845/4416 6621/3834/4405
f 6633/3846/4417 6621/3834/4405 6632/3845/4416
f 6621/3834/4405 6633/3846/4417 6623/3836/4407
f 6634/3847/4418 6623/3836/4407 6633/3846/4417
f 6623/3836/4407 6634/3847/4418 6625/3838/4409
f 6635/3848/4419 6625/3838/4409 6634/3847/4418
f 6625/3838/4409 6635/3848/4419 6627/3840/4411
f 6636/3849/4420 6627/3840/4411 6635/3848/4419
f 6627/3840/4411 6636/3849/4420 6629/3842/4413
f 6637/3850/4394 6629/3842/4413 6636/3849/4420
f 6629/3842/4413 6637/3850/4394 6631/3844/4415
f 6632/3845/4416 6619/3832/4403 6638/3851/4421
f 6639/3852/4422 6638/3851/4421 6619/3832/4403
f 6638/3851/4421 6639/3852/4422 6640/3853/4423
f 6641/3854/4424 6640/3853/4423 6639/3852/4422
f 6640/3853/4423 6641/3854/4424 6642/3855/4425
f 6577/3790/4367 6576/3789/4366 6643/3856/4426
f 6644/3857/4427 6643/3856/4426 6576/3789/4366
f 6645/3858/4428 6646/3859/4429 6647/3860/4430
f 6648/3861/4431 6647/3860/4430 6646/3859/4429
f 6647/3860/4430 6648/3861/4431 6649/3862/4402
f 6650/3863/4432 6649/3862/4402 6648/3861/4431
f 6649/3862/4402 6650/3863/4432 6651/3864/4433
f 6652/3865/4434 6651/3864/4433 6650/3863/4432
f 6646/3859/4429 6653/3866/4435 6648/3861/4431
f 6654/3867/4436 6648/3861/4431 6653/3866/4435
f 6648/3861/4431 6654/3867/4436 6655/3868/4437
f 6656/3869/4438 6655/3868/4437 6654/3867/4436
f 6655/3868/4437 6656/3869/4438 6657/3870/4439
f 6658/3871/4440 6657/3870/4439 6656/3869/4438
f 6657/3870/4439 6658/3871/4440 6659/3872/4369
f 6660/3873/4441 6659/3872/4369 6658/3871/4440
f 6658/3871/4440 6656/3869/4438 6661/3874/4442
f 6654/3867/4436 6661/3874/4442 6656/3869/4438
f 6661/3874/4442 6654/3867/4436 6653/3866/4435
f 6659/3872/4369 6662/3875/4370 6657/3870/4439
f 6655/3868/4437 6657/3870/4439 6662/3875/4370
f 6662/3875/4370 6663/3876/4443 6655/3868/4437
f 6664/3877/4444 6655/3868/4437 6663/3876/4443
f 6655/3868/4437 6664/3877/4444 6650/3863/4432
f 6665/3878/4445 6650/3863/4432 6664/3877/4444
f 6650/3863/4432 6665/3878/4445 6652/3865/4434
f 6666/3879/4415 6652/3865/4434 6665/3878/4445
f 6667/3880/4446 6668/3881/4447 6669/3882/4448
f 6670/3883/4449 6669/3882/4448 6668/3881/4447
f 6668/3881/4447 6671/3884/4450 6670/3883/4449
f 6672/3885/4349 6670/3883/4449 6671/3884/4450
f 6672/3885/4349 6671/3884/4450 6673/3886/4348
f 6674/3887/4451 6673/3886/4348 6671/3884/4450
f 6673/3886/4348 6674/3887/4451 6675/3888/4452
f 6676/3889/4453 6675/3888/4452 6674/3887/4451
f 6675/3888/4452 6676/3889/4453 6677/3890/4454
f 6678/3891/4455 6677/3890/4454 6676/3889/4453
f 6677/3890/4454 6678/3891/4455 6679/3892/4456
f 6680/3893/4457 6679/3892/4456 6678/3891/4455
f 6679/3892/4456 6680/3893/4457 6681/3894/4458
f 6682/3895/4459 6681/3894/4458 6680/3893/4457
f 6681/3894/4458 6682/3895/4459 6683/3896/4460
f 6677/3890/4454 6679/3892/4456 6684/3897/4398
f 6681/3894/4458 6684/3897/4398 6679/3892/4456
f 6684/3897/4398 6681/3894/4458 6685/3898/4461
f 6683/3896/4460 6685/3898/4461 6681/3894/4458
f 6685/3898/4461 6683/3896/4460 6686/3899/4340
f 6687/3900/4338 6686/3899/4340 6683/3896/4460
f 6686/3899/4340 6688/3901/4462 6685/3898/4461
f 6689/3902/4426 6685/3898/4461 6688/3901/4462
f 6685/3898/4461 6689/3902/4426 6684/3897/4398
f 6688/3901/4462 6690/3903/4463 6689/3902/4426
f 6691/3904/4464 6689/3902/4426 6690/3903/4463
f 6689/3902/4426 6691/3904/4464 6692/3905/4367
f 6693/3906/4346 6692/3905/4367 6691/3904/4464
f 6692/3905/4367 6693/3906/4346 6675/3888/4452
f 6673/3886/4348 6675/3888/4452 6693/3906/4346
f 6694/3907/4465 6695/3908/4385 6696/3909/4466
f 6697/3910/4467 6696/3909/4466 6695/3908/4385
f 6696/3909/4466 6697/3910/4467 6698/3911/4388
f 6696/3909/4466 6698/3911/4388 6699/3912/4468
f 6700/3913/4370 6699/3912/4468 6698/3911/4388
f 6699/3912/4468 6700/3913/4370 6701/3914/4469
f 6702/3915/4470 6701/3914/4469 6700/3913/4370
f 6701/3914/4469 6702/3915/4470 6703/3916/4471
f 6704/3917/4472 6703/3916/4471 6702/3915/4470
f 6683/3896/4460 6705/3918/4473 6687/3900/4338
f 6706/3919/4474 6687/3900/4338 6705/3918/4473
f 6687/3900/4338 6706/3919/4474 6707/3920/4475
f 6708/3921/4476 6707/3920/4475 6706/3919/4474
f 6706/3919/4474 6709/3922/4477 6708/3921/4476
f 6710/3923/4478 6708/3921/4476 6709/3922/4477
f 6708/3921/4476 6710/3923/4478 6711/3924/4345
f 6680/3893/4457 6678/3891/4455 6712/3925/4479
f 6676/3889/4453 6712/3925/4479 6678/3891/4455
f 6712/3925/4479 6676/3889/4453 6713/3926/4480
f 6674/3887/4451 6713/3926/4480 6676/3889/4453
f 6714/3927/4441 6715/3928/4481 6716/3929/4443
f 6717/3930/4444 6716/3929/4443 6715/3928/4481
f 6715/3928/4481 6718/3931/4482 6717/3930/4444
f 6719/3932/4435 6717/3930/4444 6718/3931/4482
f 6717/3930/4444 6719/3932/4435 6720/3933/4429
f 6717/3930/4444 6720/3933/4429 6721/3934/4483
f 6722/3935/4414 6721/3934/4483 6720/3933/4429
f 6721/3934/4483 6722/3935/4414 6723/3936/4415
f 6724/3937/4484 6725/3938/4485 6726/3939/4404
f 6727/3940/4430 6726/3939/4404 6725/3938/4485
f 6726/3939/4404 6727/3940/4430 6728/3941/4402
f 6727/3940/4430 6725/3938/4485 6729/3942/4412
f 6730/3943/4410 6729/3942/4412 6725/3938/4485
f 6570/3783/4360 6731/3944/4373 6571/3784/4361
f 6732/3945/4486 6571/3784/4361 6731/3944/4373
f 6733/3946/4487 6734/3947/4488 6735/3948/4332
f 6736/3949/4489 6735/3948/4332 6734/3947/4488
f 6735/3948/4332 6736/3949/4489 6737/3950/4330
f 6738/3951/4490 6737/3950/4330 6736/3949/4489
f 6734/3947/4488 6733/3946/4487 6739/3952/4491
f 6740/3953/4336 6739/3952/4491 6733/3946/4487
f 6739/3952/4491 6740/3953/4336 6741/3954/4460
f 6742/3955/4314 6741/3954/4460 6740/3953/4336
f 6741/3954/4460 6742/3955/4314 6743/3956/4473
f 6744/3957/4474 6743/3956/4473 6742/3955/4314
f 6742/3955/4314 6745/3958/4316 6744/3957/4474
f 6746/3959/4477 6744/3957/4474 6745/3958/4316
f 6745/3958/4316 6747/3960/4318 6746/3959/4477
f 6748/3961/4492 6746/3959/4477 6747/3960/4318
f 6746/3959/4477 6748/3961/4492 6749/3962/4446
f 6750/3963/4493 6749/3962/4446 6748/3961/4492
f 6749/3962/4446 6750/3963/4493 6751/3964/4447
f 6752/3965/4325 6751/3964/4447 6750/3963/4493
f 6751/3964/4447 6752/3965/4325 6753/3966/4450
f 6754/3967/4327 6753/3966/4450 6752/3965/4325
f 6753/3966/4450 6754/3967/4327 6755/3968/4451
f 6756/3969/4494 6755/3968/4451 6754/3967/4327
f 6754/3967/4327 6738/3951/4490 6756/3969/4494
f 6736/3949/4489 6756/3969/4494 6738/3951/4490
f 6757/3970/4319 6758/3971/4495 6759/3972/4496
f 6760/3973/4323 6759/3972/4496 6758/3971/4495
f 6758/3971/4495 6757/3970/4319 6761/3974/4384
f 6762/3975/4497 6761/3974/4384 6757/3970/4319
f 6761/3974/4384 6762/3975/4497 6763/3976/4387
f 6764/3977/4315 6763/3976/4387 6762/3975/4497
f 6763/3976/4387 6764/3977/4315 6765/3978/4441
f 6766/3979/4337 6765/3978/4441 6764/3977/4315
f 6765/3978/4441 6766/3979/4337 6767/3980/4369
f 6768/3981/4335 6767/3980/4369 6766/3979/4337
f 6767/3980/4369 6768/3981/4335 6769/3982/4350
f 6770/3983/4498 6769/3982/4350 6768/3981/4335
f 6769/3982/4350 6770/3983/4498 6771/3984/4351
f 6772/3985/4499 6771/3984/4351 6770/3983/4498
f 6771/3984/4351 6772/3985/4499 6773/3986/4356
f 6774/3987/4357 6773/3986/4356 6772/3985/4499
f 6772/3985/4499 6775/3988/4500 6774/3987/4357
f 6776/3989/4377 6774/3987/4357 6775/3988/4500
f 6775/3988/4500 6777/3990/4326 6776/3989/4377
f 6778/3991/4324 6776/3989/4377 6777/3990/4326
f 6776/3989/4377 6778/3991/4324 6779/3992/4501
f 6780/3993/4380 6779/3992/4501 6778/3991/4324
f 6778/3991/4324 6760/3973/4323 6780/3993/4380
f 6758/3971/4495 6780/3993/4380 6760/3973/4323
f 6781/3994/4441 6601/3814/4388 6600/3813/4387
f 6590/3803/4377 6587/3800/4359 6782/3995/4357
f 6783/3996/4502 6704/3917/4472 6702/3915/4470
f 6574/3787/4364 6644/3857/4427 6576/3789/4366
f 6677/3890/4454 6692/3905/4367 6675/3888/4452
f 6547/3760/4314 6546/3759/4337 6784/3997/4315
f 6655/3868/4437 6650/3863/4432 6648/3861/4431
f 6729/3942/4412 6785/3998/4428 6727/3940/4430
f 6607/3820/4394 6786/3999/4503 6605/3818/4392
o F16_07_1
v -0.095470 0.248463 1.563620
v -0.047718 0.255649 1.640465
v -0.079388 0.288132 1.579173
v -0.098682 0.313301 1.019456
v -0.096079 0.311327 1.019456
v -0.084042 0.404473 0.989005
v -0.081236 0.402933 0.989666
v -0.041957 0.427963 0.981376
v -0.040665 0.425086 0.982231
v 0.000128 0.440281 0.973746
v 0.000128 0.437116 0.974560
v 0.042212 0.427963 0.981376
v 0.040920 0.425086 0.982231
v 0.084297 0.404473 0.989005
v 0.081491 0.402933 0.989666
v 0.098937 0.313301 1.019456
v 0.096334 0.311326 1.019455
v -0.061538 0.451614 1.202932
v -0.108953 0.390638 1.091163
v -0.054306 0.442581 1.091272
v -0.081474 0.401865 0.988908
v -0.040673 0.424317 0.981289
v -0.095496 0.312431 1.019277
v 0.082319 0.226755 1.657884
v 0.080571 0.224154 1.656958
v 0.098215 0.228778 1.594546
v 0.095926 0.226658 1.593581
v 0.109743 0.237092 1.541859
v 0.107254 0.235043 1.541330
v 0.118309 0.241109 1.475028
v 0.115899 0.238935 1.474654
v 0.122299 0.248002 1.402205
v 0.119906 0.245795 1.401933
v 0.123091 0.255990 1.318942
v 0.120707 0.253768 1.318701
v 0.124490 0.267067 1.204706
v 0.122099 0.264857 1.204426
v 0.124092 0.284253 1.092540
v 0.121640 0.282108 1.092299
v 0.118562 0.294691 1.023088
v 0.116307 0.292329 1.022966
v 0.111881 0.304850 0.963946
v 0.109670 0.302449 0.963789
v 0.103505 0.316558 0.904726
v 0.101312 0.314141 0.904568
v -0.082175 0.335592 0.904726
v -0.079988 0.333169 0.904571
v -0.101377 0.318250 0.904726
v -0.099184 0.315832 0.904569
v -0.079988 0.333169 0.904571
v -0.087668 0.322702 0.962187
v -0.099184 0.315832 0.904569
v -0.106214 0.305408 0.963511
v -0.096079 0.311327 1.019456
v -0.081236 0.402933 0.989666
v -0.113695 0.294565 1.022533
v -0.109575 0.295732 1.091497
v -0.122240 0.281119 1.092361
v -0.109618 0.278202 1.203602
v -0.122310 0.264349 1.204457
v -0.109628 0.265446 1.318055
v -0.121197 0.252965 1.318740
v -0.118980 0.246473 1.402330
v -0.109614 0.255939 1.407823
v -0.114396 0.240108 1.475891
v -0.104458 0.249455 1.485655
v -0.107252 0.234835 1.540949
v -0.092846 0.246825 1.562570
v -0.098236 0.225252 1.591279
v -0.085415 0.232543 1.603657
v -0.045891 0.253316 1.639088
v -0.085507 0.222145 1.655737
v -0.042294 0.238791 1.666116
v -0.022658 0.256829 1.647856
v 0.000128 0.254993 1.677475
v 0.000128 0.260416 1.656974
v 0.022924 0.256823 1.647864
v 0.039963 0.239768 1.666777
v 0.046464 0.253033 1.639212
v 0.080571 0.224154 1.656958
v 0.080259 0.235611 1.608675
v 0.095926 0.226658 1.593581
v 0.093195 0.246579 1.562764
v 0.107254 0.235043 1.541330
v 0.104712 0.249456 1.485655
v 0.115899 0.238935 1.474654
v 0.109870 0.255939 1.407823
v 0.119906 0.245795 1.401933
v 0.109883 0.265446 1.318055
v 0.120707 0.253768 1.318701
v 0.122099 0.264857 1.204426
v 0.109874 0.278202 1.203602
v 0.121640 0.282108 1.092299
v 0.109834 0.295729 1.091490
v 0.116307 0.292329 1.022966
v 0.096334 0.311326 1.019455
v 0.109670 0.302449 0.963789
v 0.087922 0.322702 0.962187
v 0.081491 0.402933 0.989666
v 0.072672 0.398917 0.947687
v 0.040920 0.425086 0.982231
v 0.036388 0.414327 0.943918
v 0.000128 0.437116 0.974560
v 0.000128 0.430337 0.939862
v -0.036133 0.414327 0.943918
v -0.040665 0.425086 0.982231
v -0.072417 0.398917 0.947688
v -0.090429 0.324446 0.962092
v -0.087668 0.322702 0.962187
v -0.082175 0.335592 0.904726
v -0.079988 0.333169 0.904571
v 0.090683 0.324446 0.962092
v 0.087922 0.322702 0.962187
v 0.075137 0.400899 0.946866
v 0.072672 0.398917 0.947687
v 0.037632 0.417222 0.943051
v 0.036388 0.414327 0.943918
v 0.000128 0.433544 0.939237
v 0.000128 0.430337 0.939862
v -0.037377 0.417222 0.943051
v -0.036133 0.414327 0.943918
v -0.074882 0.400899 0.946866
v -0.072417 0.398917 0.947688
v -0.090429 0.324446 0.962092
v -0.087668 0.322702 0.962187
v 0.098937 0.313301 1.019456
v 0.096334 0.311326 1.019455
v 0.112268 0.297900 1.091707
v 0.109834 0.295729 1.091490
v 0.112268 0.280407 1.203897
v 0.109874 0.278202 1.203602
v 0.112268 0.267668 1.318297
v 0.109883 0.265446 1.318055
v 0.112268 0.258139 1.408118
v 0.109870 0.255939 1.407823
v 0.107138 0.251606 1.486068
v 0.104712 0.249456 1.485655
v 0.095725 0.248463 1.563620
v 0.093195 0.246579 1.562764
v 0.047973 0.255649 1.640465
v 0.046464 0.253033 1.639212
v 0.024051 0.259612 1.649140
v 0.022924 0.256823 1.647864
v 0.000128 0.263575 1.657814
v 0.000128 0.260416 1.656974
v -0.023795 0.259612 1.649140
v -0.022658 0.256829 1.647856
v -0.047718 0.255649 1.640465
v 0.098937 0.312550 1.018560
v 0.095751 0.312431 1.019277
v 0.084297 0.403721 0.988109
v 0.081728 0.401865 0.988907
v 0.042212 0.427211 0.980480
v 0.040928 0.424317 0.981289
v 0.000128 0.439529 0.972851
v 0.000128 0.436359 0.973642
v -0.041957 0.427211 0.980480
v -0.040673 0.424317 0.981289
v -0.084042 0.403721 0.988109
v -0.081474 0.401865 0.988908
v -0.098682 0.312550 1.018560
v -0.095496 0.312431 1.019277
v 0.080242 0.333169 0.904571
v 0.101312 0.314141 0.904568
v 0.095751 0.312431 1.019277
v 0.098937 0.312550 1.018560
v 0.109013 0.297178 1.091108
v 0.112268 0.297147 1.090805
v 0.109002 0.279776 1.203018
v 0.112268 0.279654 1.202995
v 0.109001 0.266990 1.317347
v 0.112268 0.266916 1.317394
v 0.109006 0.257248 1.407060
v 0.112268 0.257387 1.407224
v 0.103922 0.250503 1.484714
v 0.107138 0.250855 1.485173
v 0.092708 0.246845 1.561815
v 0.095725 0.247711 1.562725
v 0.046122 0.253650 1.637181
v 0.047973 0.254896 1.639570
v 0.022908 0.257292 1.645607
v 0.024051 0.258860 1.648237
v 0.000128 0.261011 1.654197
v 0.000128 0.262823 1.656912
v -0.022652 0.257292 1.645615
v -0.023795 0.258860 1.648237
v -0.046346 0.253327 1.637049
v -0.047718 0.254896 1.639570
v -0.095470 0.248463 1.563620
v -0.092846 0.246825 1.562570
v -0.106883 0.251606 1.486068
v -0.104458 0.249455 1.485655
v -0.112012 0.258139 1.408118
v -0.109614 0.255939 1.407823
v -0.112012 0.267668 1.318297
v -0.109628 0.265446 1.318055
v -0.112012 0.280407 1.203897
v -0.109618 0.278202 1.203602
v -0.112012 0.297900 1.091707
v -0.109575 0.295732 1.091497
v -0.098682 0.313301 1.019456
v -0.096079 0.311327 1.019456
v -0.095470 0.247711 1.562725
v -0.079388 0.287380 1.578270
v -0.106883 0.250855 1.485173
v -0.099733 0.308543 1.505604
v -0.112012 0.257387 1.407224
v -0.109142 0.329565 1.423033
v -0.112012 0.266916 1.317394
v -0.115372 0.354740 1.317394
v -0.112012 0.279654 1.202995
v -0.115588 0.377395 1.202995
v -0.112012 0.297147 1.090805
v -0.112000 0.391761 1.090805
v -0.098682 0.312550 1.018560
v -0.084042 0.403721 0.988109
v -0.054767 0.365403 1.515547
v -0.060282 0.411350 1.430401
v -0.063874 0.446545 1.317394
v -0.063372 0.454318 1.202995
v -0.055935 0.445376 1.090805
v -0.041957 0.427211 0.980480
v 0.000128 0.374386 1.520573
v 0.000128 0.425635 1.430401
v 0.000128 0.463121 1.317394
v 0.000128 0.469233 1.202995
v 0.000128 0.461168 1.090805
v 0.000128 0.439529 0.972851
v 0.060537 0.411350 1.430401
v 0.064129 0.446545 1.317394
v 0.063627 0.454318 1.202995
v 0.056190 0.445376 1.090805
v 0.042212 0.427211 0.980480
v 0.115626 0.354740 1.317394
v 0.115843 0.377395 1.202995
v 0.112254 0.391761 1.090805
v 0.084297 0.403721 0.988109
v 0.112268 0.279654 1.202995
v 0.112268 0.297147 1.090805
v 0.098937 0.312550 1.018560
v 0.112268 0.266916 1.317394
v 0.109396 0.329565 1.423033
v 0.112268 0.257387 1.407224
v 0.099988 0.308543 1.505604
v 0.107138 0.250855 1.485173
v 0.079642 0.287380 1.578270
v 0.095725 0.247711 1.562725
v 0.047973 0.254896 1.639570
v 0.055022 0.365403 1.515547
v 0.044157 0.313680 1.593224
v 0.060553 0.272324 1.619894
v 0.030340 0.279777 1.633665
v 0.024051 0.258860 1.648237
v 0.000128 0.287228 1.640651
v 0.000128 0.262823 1.656912
v -0.023795 0.258860 1.648237
v 0.000128 0.317253 1.608169
v -0.030085 0.279777 1.633665
v -0.047718 0.254896 1.639570
v -0.043902 0.313680 1.593224
v -0.060299 0.272324 1.619894
v 0.082430 0.335592 0.904726
v 0.090683 0.324446 0.962092
v 0.103505 0.316558 0.904726
v 0.111881 0.304850 0.963946
v 0.098937 0.313301 1.019456
v 0.084297 0.404473 0.989005
v 0.118562 0.294691 1.023088
v 0.112268 0.297900 1.091707
v 0.124092 0.284253 1.092540
v 0.112268 0.280407 1.203897
v 0.124490 0.267067 1.204706
v 0.112268 0.267668 1.318297
v 0.123091 0.255990 1.318942
v 0.122299 0.248002 1.402205
v 0.112268 0.258139 1.408118
v 0.118309 0.241109 1.475028
v 0.107138 0.251606 1.486068
v 0.109743 0.237092 1.541859
v 0.095725 0.248463 1.563620
v 0.098215 0.228778 1.594546
v 0.082342 0.237976 1.609539
v 0.047973 0.255649 1.640465
v 0.082319 0.226755 1.657884
v 0.041223 0.242413 1.668224
v 0.024051 0.259612 1.649140
v 0.000128 0.258071 1.678572
v 0.000128 0.263575 1.657814
v -0.023795 0.259612 1.649140
v -0.043558 0.241426 1.667578
v -0.087243 0.224782 1.656585
v -0.087491 0.234926 1.604489
v -0.100515 0.227401 1.592204
v -0.095470 0.248463 1.563620
v -0.109737 0.236891 1.541478
v -0.106883 0.251606 1.486068
v -0.116806 0.242282 1.476257
v -0.112012 0.258139 1.408118
v -0.121373 0.248681 1.402602
v -0.112012 0.267668 1.318297
v -0.123580 0.255187 1.318981
v -0.124701 0.266558 1.204737
v -0.112012 0.280407 1.203897
v -0.124693 0.283266 1.092602
v -0.112012 0.297900 1.091707
v -0.115951 0.296926 1.022652
v -0.098682 0.313301 1.019456
v -0.108425 0.307809 0.963666
v -0.090429 0.324446 0.962092
v -0.084042 0.404473 0.989005
v -0.074882 0.400899 0.946866
v -0.041957 0.427963 0.981376
v -0.037377 0.417222 0.943051
v 0.000128 0.440281 0.973746
v 0.000128 0.433544 0.939237
v 0.037632 0.417222 0.943051
v 0.042212 0.427963 0.981376
v 0.075137 0.400899 0.946866
v -0.101377 0.318250 0.904726
v -0.082175 0.335592 0.904726
v 0.080571 0.224154 1.656958
v 0.082319 0.226755 1.657884
v 0.039963 0.239768 1.666777
v 0.041223 0.242413 1.668224
v 0.000128 0.254993 1.677475
v 0.000128 0.258071 1.678572
v -0.042294 0.238791 1.666116
v -0.043558 0.241426 1.667578
v -0.085507 0.222145 1.655737
v -0.087243 0.224782 1.656585
v -0.098682 0.312550 1.018560
v -0.095496 0.312431 1.019277
v -0.112012 0.297147 1.090805
v -0.108758 0.297178 1.091108
v -0.112012 0.279654 1.202995
v -0.108747 0.279776 1.203018
v -0.112012 0.266916 1.317394
v -0.108746 0.266990 1.317347
v -0.112012 0.257387 1.407224
v -0.108751 0.257248 1.407060
v -0.106883 0.250855 1.485173
v -0.103667 0.250503 1.484714
v -0.095470 0.247711 1.562725
v -0.092414 0.246665 1.562235
v -0.085507 0.222145 1.655737
v -0.087243 0.224782 1.656585
v -0.098236 0.225252 1.591279
v -0.100515 0.227401 1.592204
v -0.107252 0.234835 1.540949
v -0.109737 0.236891 1.541478
v -0.114396 0.240108 1.475891
v -0.116806 0.242282 1.476257
v -0.118980 0.246473 1.402330
v -0.121373 0.248681 1.402602
v -0.121197 0.252965 1.318740
v -0.123580 0.255187 1.318981
v -0.122310 0.264349 1.204457
v -0.124701 0.266558 1.204737
v -0.122240 0.281119 1.092361
v -0.124693 0.283266 1.092602
v -0.113695 0.294565 1.022533
v -0.115951 0.296926 1.022652
v -0.106214 0.305408 0.963511
v -0.108425 0.307809 0.963666
v -0.099184 0.315832 0.904569
v -0.101377 0.318250 0.904726
v 0.087922 0.322702 0.962187
v 0.090683 0.324446 0.962092
v 0.080242 0.333169 0.904571
v 0.082430 0.335592 0.904726
v 0.080242 0.333169 0.904571
v 0.082430 0.335592 0.904726
v 0.101312 0.314141 0.904568
v 0.103505 0.316558 0.904726
v 0.000128 0.465966 1.202940
v 0.000128 0.457936 1.091295
v 0.000128 0.436359 0.973642
v 0.040928 0.424317 0.981289
v 0.054561 0.442581 1.091272
v 0.061793 0.451614 1.202932
v 0.081728 0.401865 0.988907
v 0.109207 0.390638 1.091163
v 0.095751 0.312431 1.019277
v 0.109013 0.297178 1.091108
v 0.038125 0.405330 1.321987
vt 0.517132 0.141830
vt 0.501547 0.154995
vt 0.509039 0.139369
vt 0.363778 0.562760
vt 0.354616 0.555363
vt 0.347695 0.553602
vt 0.340775 0.551840
vt 0.333910 0.553805
vt 0.327045 0.555769
vt 0.318117 0.563386
vt 0.503202 0.050852
vt 0.514788 0.028338
vt 0.502434 0.027963
vt 0.511209 0.007328
vt 0.500875 0.005587
vt 0.530860 0.011650
vt 0.321534 0.688832
vt 0.320811 0.676521
vt 0.319091 0.665886
vt 0.316764 0.653192
vt 0.315258 0.639215
vt 0.314079 0.623765
vt 0.313130 0.601261
vt 0.312830 0.578899
vt 0.311306 0.565119
vt 0.311363 0.553098
vt 0.312199 0.540974
vt 0.362558 0.539793
vt 0.368684 0.540273
vt 0.363168 0.551277
vt 0.369304 0.552219
vt 0.369011 0.563968
vt 0.364180 0.577451
vt 0.368125 0.577919
vt 0.364145 0.599797
vt 0.367937 0.600195
vt 0.364160 0.622326
vt 0.367999 0.622712
vt 0.367542 0.638840
vt 0.364307 0.639932
vt 0.367274 0.652781
vt 0.363522 0.655088
vt 0.365301 0.665926
vt 0.361404 0.669940
vt 0.365491 0.675207
vt 0.363653 0.676544
vt 0.352237 0.684453
vt 0.363025 0.688139
vt 0.353101 0.689897
vt 0.347641 0.686041
vt 0.343177 0.691655
vt 0.343046 0.687628
vt 0.338396 0.686216
vt 0.332356 0.690243
vt 0.333745 0.684803
vt 0.323134 0.678071
vt 0.324045 0.670606
vt 0.321390 0.655798
vt 0.320079 0.640657
vt 0.319639 0.623036
vt 0.318914 0.600495
vt 0.318166 0.578137
vt 0.318449 0.551852
vt 0.327910 0.548088
vt 0.334237 0.546315
vt 0.340564 0.544543
vt 0.347071 0.546139
vt 0.353578 0.547736
vt 0.449868 0.010028
vt 0.469705 0.006440
vt 0.480123 0.005143
vt 0.490540 0.003846
vt 0.318781 0.540318
vt 0.443925 0.025315
vt 0.438462 0.051639
vt 0.438900 0.080661
vt 0.443807 0.104835
vt 0.451828 0.124738
vt 0.462517 0.141243
vt 0.477987 0.154563
vt 0.483853 0.156007
vt 0.489719 0.157452
vt 0.495633 0.156224
vt 0.527754 0.125348
vt 0.513432 0.122079
vt 0.535634 0.105575
vt 0.515189 0.101785
vt 0.540472 0.081700
vt 0.516858 0.076371
vt 0.541138 0.053071
vt 0.516585 0.051729
vt 0.536256 0.026986
vt 0.501616 0.120737
vt 0.502466 0.099693
vt 0.503290 0.074793
vt 0.489799 0.119395
vt 0.489744 0.097602
vt 0.489722 0.073215
vt 0.489820 0.049975
vt 0.490080 0.027588
vt 0.476133 0.074423
vt 0.476998 0.099396
vt 0.476422 0.050400
vt 0.477715 0.027470
vt 0.462543 0.075632
vt 0.463024 0.050825
vt 0.465351 0.027351
vt 0.464252 0.101191
vt 0.466142 0.121559
vt 0.470608 0.138889
vt 0.477970 0.120477
vt 0.480204 0.140138
vt 0.478965 0.152536
vt 0.484353 0.153763
vt 0.489741 0.154990
vt 0.489799 0.141387
vt 0.495164 0.153949
vt 0.499419 0.140378
vt 0.500586 0.152909
vn -0.797800 0.602100 -0.030400
vn -0.128200 0.987400 0.092800
vn -0.854300 0.121000 0.505400
vn 0.079100 0.300500 0.950500
vn 0.039500 0.310500 0.949800
vn 0.036000 0.311300 0.949600
vn 0.044900 0.302300 0.952100
vn 0.043800 0.302800 0.952100
vn -0.000000 0.284700 0.958600
vn -0.044900 0.302400 0.952100
vn -0.043700 0.302800 0.952000
vn -0.039500 0.310400 0.949800
vn -0.036000 0.311300 0.949600
vn -0.079200 0.300500 0.950500
vn 0.375500 -0.922700 0.086800
vn 0.813600 -0.562100 0.149000
vn 0.497600 -0.860300 0.110300
vn 0.808800 -0.557400 0.187700
vn 0.435500 -0.884200 0.168700
vn 0.964100 -0.065000 0.257400
vn 0.719800 -0.677100 0.153300
vn 0.690500 -0.717600 0.090700
vn 0.687600 -0.721100 0.085000
vn 0.650900 -0.758500 0.030500
vn 0.651000 -0.758500 0.030100
vn 0.662800 -0.748800 0.002900
vn 0.662700 -0.748900 0.003200
vn 0.679300 -0.732300 -0.047900
vn 0.679300 -0.732300 -0.047800
vn 0.682500 -0.728200 -0.062800
vn 0.682500 -0.728100 -0.062800
vn 0.677100 -0.730500 -0.088700
vn 0.680300 -0.720000 -0.137100
vn 0.680400 -0.719900 -0.137200
vn 0.705600 -0.686100 -0.177400
vn 0.705300 -0.686400 -0.177100
vn 0.723500 -0.656700 -0.212900
vn 0.723400 -0.656700 -0.212900
vn 0.725600 -0.648300 -0.230600
vn 0.725600 -0.648400 -0.230600
vn -0.031900 0.035300 -0.998900
vn -0.032100 0.035600 -0.998800
vn -0.032100 0.035700 -0.998800
vn -0.032200 0.035700 -0.998800
vn 0.674400 -0.736900 -0.047000
vn 0.845000 -0.533600 0.035500
vn 0.674300 -0.736900 -0.047000
vn 0.678800 -0.732800 -0.046600
vn 0.802500 -0.596500 0.010500
vn 0.849200 -0.483400 0.212400
vn 0.703600 -0.709600 -0.037000
vn 0.727400 -0.683400 -0.061100
vn 0.730700 -0.679000 -0.071200
vn 0.736000 -0.671100 -0.089400
vn 0.735200 -0.672200 -0.087100
vn 0.730500 -0.679000 -0.073700
vn 0.730300 -0.679200 -0.073500
vn 0.731900 -0.676100 -0.084400
vn 0.733300 -0.673800 -0.091600
vn 0.738400 -0.664700 -0.113400
vn 0.742400 -0.658000 -0.125800
vn 0.752500 -0.636100 -0.170600
vn 0.717500 -0.373300 -0.588100
vn 0.731500 -0.631100 -0.258000
vn 0.646700 -0.721900 -0.246200
vn 0.743400 -0.252400 -0.619400
vn 0.520900 -0.812700 -0.261200
vn 0.376400 -0.816700 -0.437400
vn 0.373200 -0.842700 -0.388000
vn 0.001100 -0.932100 -0.362200
vn 0.001100 -0.932100 -0.362100
vn -0.371700 -0.843200 -0.388400
vn -0.374800 -0.821000 -0.430700
vn -0.472500 -0.794600 -0.381300
vn -0.522800 -0.803500 -0.284600
vn -0.647400 -0.716700 -0.259100
vn -0.734000 -0.620900 -0.275100
vn -0.750700 -0.599500 -0.277500
vn -0.751000 -0.637700 -0.171300
vn -0.742100 -0.658400 -0.125900
vn -0.737800 -0.665400 -0.113400
vn -0.733200 -0.673800 -0.091600
vn -0.731900 -0.676100 -0.084600
vn -0.730500 -0.679000 -0.073700
vn -0.730400 -0.679000 -0.073500
vn -0.735200 -0.672300 -0.087200
vn -0.735900 -0.671100 -0.089500
vn -0.728800 -0.681000 -0.071300
vn -0.725400 -0.685600 -0.062100
vn -0.700900 -0.712200 -0.038400
vn -0.801500 -0.597900 0.009800
vn -0.678600 -0.733000 -0.047000
vn -0.844900 -0.533800 0.035300
vn -0.849200 -0.483400 0.212400
vn -0.766600 -0.601500 0.224700
vn -0.414400 -0.878900 0.236300
vn -0.407000 -0.882200 0.236700
vn 0.000000 -0.966600 0.256400
vn 0.407000 -0.882200 0.236700
vn 0.414400 -0.878900 0.236300
vn 0.766600 -0.601500 0.224700
vn 0.628900 0.743600 0.226900
vn -0.031300 -0.197100 -0.979900
vn -0.032300 -0.252800 -0.967000
vn -0.032200 -0.250300 -0.967600
vn -0.016500 -0.270600 -0.962600
vn -0.017100 -0.271900 -0.962200
vn 0.000000 -0.237600 -0.971400
vn 0.016500 -0.270600 -0.962500
vn 0.017100 -0.271800 -0.962200
vn 0.032300 -0.252800 -0.967000
vn 0.032200 -0.250400 -0.967600
vn 0.031300 -0.197100 -0.979900
vn -0.618100 0.737000 0.273300
vn -0.618200 0.737000 0.273300
vn -0.648400 0.736200 0.193900
vn -0.648100 0.736200 0.194900
vn -0.678100 0.728400 0.097600
vn -0.678100 0.728500 0.097600
vn -0.681900 0.727100 0.079000
vn -0.682000 0.727100 0.079000
vn -0.676800 0.734700 0.047300
vn -0.676700 0.734700 0.047400
vn -0.646600 0.762500 -0.022200
vn -0.646900 0.762300 -0.021900
vn -0.606500 0.757500 -0.241400
vn -0.606200 0.757100 -0.243400
vn -0.418100 0.632500 -0.652000
vn -0.414000 0.630000 -0.657000
vn -0.250700 0.437600 -0.863500
vn -0.252700 0.432800 -0.865300
vn -0.000100 0.383600 -0.923500
vn -0.000100 0.383700 -0.923500
vn 0.245800 0.462800 -0.851700
vn 0.248300 0.456100 -0.854600
vn -0.213200 0.931900 0.293400
vn -0.130600 -0.335000 -0.933100
vn -0.062700 -0.327100 -0.942900
vn -0.068900 -0.327800 -0.942200
vn 0.047700 -0.296000 -0.954000
vn 0.046400 -0.296600 -0.953900
vn -0.000000 -0.274300 -0.961600
vn -0.047700 -0.296000 -0.954000
vn -0.046400 -0.296600 -0.953900
vn 0.062700 -0.327100 -0.942900
vn 0.068800 -0.327800 -0.942200
vn 0.130600 -0.335000 -0.933100
vn -0.674300 -0.736900 -0.047200
vn -0.018900 -0.978600 -0.204700
vn -0.018800 -0.978600 -0.204700
vn -0.024500 -0.983500 -0.179400
vn -0.024700 -0.983500 -0.179300
vn -0.029600 -0.990800 -0.132300
vn -0.029600 -0.990800 -0.132400
vn -0.008100 -0.994000 -0.108800
vn -0.007600 -0.994000 -0.108800
vn 0.047800 -0.994500 -0.093200
vn 0.048300 -0.994500 -0.093100
vn 0.138000 -0.989300 -0.047700
vn 0.140100 -0.989000 -0.046500
vn 0.222900 -0.967800 0.116600
vn 0.221300 -0.969200 0.108500
vn 0.143900 -0.922800 0.357500
vn 0.134300 -0.920100 0.368000
vn 0.042300 -0.865000 0.500000
vn 0.042500 -0.864700 0.500400
vn -0.000000 -0.850600 0.525900
vn -0.046900 -0.855700 0.515400
vn -0.047100 -0.855500 0.515700
vn -0.039700 -0.861600 0.506000
vn -0.039700 -0.861600 0.506100
vn 0.588400 0.806500 -0.057600
vn 0.631000 0.775500 -0.020200
vn 0.631300 0.775300 -0.019900
vn 0.676700 0.734700 0.047300
vn 0.676700 0.734700 0.047400
vn 0.681900 0.727200 0.079000
vn 0.682000 0.727100 0.079000
vn 0.677800 0.728800 0.097600
vn 0.677700 0.728800 0.097600
vn 0.647600 0.736900 0.194000
vn 0.647300 0.736900 0.194800
vn 0.617300 0.737700 0.273200
vn 0.617300 0.737800 0.273200
vn -0.962900 0.145800 0.227100
vn -0.783100 0.460000 0.418500
vn -0.984500 0.088800 0.151400
vn -0.905600 0.330000 0.266300
vn -0.997900 0.019400 0.062000
vn -0.950300 0.271600 0.151900
vn -0.999700 -0.020700 0.014200
vn -0.965100 0.251800 0.071800
vn -0.999500 -0.028700 -0.011100
vn -0.955500 0.294900 0.008100
vn -0.993900 0.007400 -0.109700
vn -0.919700 0.376400 -0.111500
vn -0.973900 0.040200 -0.223500
vn -0.809200 0.556800 -0.187400
vn -0.516900 0.727100 0.451800
vn -0.559600 0.758600 0.333600
vn -0.579500 0.798500 0.163100
vn -0.559300 0.828900 0.006500
vn -0.498500 0.859900 -0.110000
vn -0.436400 0.883900 -0.168300
vn -0.018800 0.848400 0.529000
vn -0.064200 0.928400 0.366000
vn -0.000000 0.983200 0.182700
vn -0.000000 0.999900 -0.011800
vn -0.000000 0.990800 -0.135400
vn -0.000000 0.981900 -0.189300
vn 0.579500 0.798500 0.163100
vn 0.632500 0.717300 0.292200
vn 0.559300 0.828900 0.006500
vn 0.498500 0.859900 -0.110000
vn 0.436400 0.883900 -0.168300
vn 0.965100 0.251800 0.071800
vn 0.955500 0.294900 0.008100
vn 0.919700 0.376400 -0.111600
vn 0.809200 0.556800 -0.187400
vn 0.999500 -0.028700 -0.011100
vn 0.993900 0.007400 -0.109700
vn 0.973900 0.040200 -0.223600
vn 0.999700 -0.020700 0.014200
vn 0.950300 0.271600 0.151900
vn 0.997900 0.019400 0.062000
vn 0.905600 0.330000 0.266300
vn 0.984500 0.088800 0.151300
vn 0.819400 0.358600 0.447200
vn 0.938500 0.127600 0.320900
vn 0.555300 0.398100 0.730100
vn 0.516900 0.727100 0.451800
vn 0.456200 0.690300 0.561600
vn 0.712400 0.360600 0.602000
vn 0.396000 0.573600 0.717000
vn 0.370900 0.491100 0.788200
vn -0.000000 0.632900 0.774200
vn -0.000000 0.528200 0.849100
vn -0.370900 0.491100 0.788200
vn 0.000000 0.771500 0.636300
vn -0.396000 0.573600 0.717000
vn -0.420400 0.480600 0.769600
vn -0.456200 0.690300 0.561600
vn -0.519300 0.563200 0.642700
vn 0.672600 0.738400 0.048800
vn 0.843800 0.535500 -0.034900
vn 0.676800 0.734600 0.047700
vn 0.800400 0.599400 -0.009900
vn 0.853100 0.477200 -0.211200
vn 0.699900 0.713200 0.038400
vn 0.725200 0.685800 0.062100
vn 0.728700 0.681100 0.071300
vn 0.735900 0.671100 0.089500
vn 0.735100 0.672300 0.087200
vn 0.730500 0.678900 0.073700
vn 0.730400 0.679100 0.073500
vn 0.732000 0.676100 0.084600
vn 0.733200 0.673900 0.091600
vn 0.737800 0.665400 0.113400
vn 0.741700 0.658800 0.126100
vn 0.750500 0.638400 0.170900
vn 0.750500 0.599500 0.278200
vn 0.734200 0.620700 0.275200
vn 0.647200 0.716900 0.259100
vn 0.471500 0.795000 0.381600
vn 0.523400 0.803500 0.283500
vn 0.373900 0.821000 0.431400
vn 0.368600 0.844100 0.389400
vn -0.001100 0.931100 0.364800
vn -0.370200 0.843800 0.388500
vn -0.376200 0.817000 0.437100
vn -0.521000 0.813100 0.259700
vn -0.647100 0.721500 0.246400
vn -0.731500 0.631200 0.258100
vn -0.750900 0.638200 0.170000
vn -0.741600 0.658900 0.126100
vn -0.737900 0.665300 0.113600
vn -0.733300 0.673700 0.091600
vn -0.732100 0.675900 0.084300
vn -0.730400 0.679100 0.073700
vn -0.730300 0.679200 0.073500
vn -0.735200 0.672200 0.087100
vn -0.736000 0.671100 0.089400
vn -0.730500 0.679100 0.071300
vn -0.727300 0.683600 0.061100
vn -0.702600 0.710700 0.037100
vn -0.801300 0.598200 -0.010600
vn -0.676500 0.734900 0.047400
vn -0.843800 0.535500 -0.035100
vn -0.853100 0.477200 -0.211200
vn -0.767000 0.601400 -0.223600
vn -0.416300 0.878300 -0.235100
vn -0.408100 0.882000 -0.235700
vn 0.000000 0.966600 -0.256100
vn -0.000000 0.966700 -0.256100
vn 0.408100 0.882000 -0.235700
vn 0.416300 0.878300 -0.235100
vn 0.767000 0.601400 -0.223600
vn -0.672600 0.738400 0.048600
vn -0.672500 0.738500 0.048600
vn 0.054200 -0.437200 0.897700
vn 0.054200 -0.437100 0.897800
vn 0.064500 -0.428200 0.901400
vn 0.065000 -0.427900 0.901500
vn 0.000700 -0.421400 0.906900
vn 0.000700 -0.421300 0.906900
vn -0.065700 -0.424600 0.903000
vn -0.066100 -0.424500 0.903000
vn -0.058000 -0.427700 0.902100
vn 0.018900 -0.978600 -0.204700
vn 0.024600 -0.983500 -0.179300
vn 0.029600 -0.990800 -0.132400
vn 0.007600 -0.994000 -0.108800
vn 0.008100 -0.994000 -0.108800
vn -0.048300 -0.994500 -0.093000
vn -0.047800 -0.994500 -0.093500
vn -0.152700 -0.987200 -0.045100
vn -0.150100 -0.987600 -0.046400
vn -0.219200 -0.975600 -0.011900
vn -0.738400 -0.663700 0.119500
vn -0.702800 -0.709900 0.046200
vn -0.706200 -0.706100 0.052700
vn -0.659100 -0.752000 -0.006100
vn -0.658900 -0.752200 -0.005500
vn -0.664100 -0.747600 -0.006300
vn -0.664300 -0.747500 -0.006400
vn -0.678800 -0.733700 -0.030300
vn -0.678600 -0.733800 -0.030400
vn -0.682300 -0.729200 -0.052300
vn -0.677100 -0.730700 -0.087800
vn -0.678400 -0.715900 -0.165100
vn -0.678300 -0.716100 -0.164700
vn -0.701000 -0.679500 -0.216500
vn -0.701300 -0.679200 -0.216400
vn -0.724000 -0.657700 -0.208000
vn -0.729300 -0.653400 -0.202800
vn -0.729400 -0.653400 -0.202800
vn -0.629000 0.743500 0.226900
vn -0.629000 0.743600 0.226900
vn -0.628900 0.743600 0.226900
vn 0.031800 0.035400 -0.998900
vn 0.031900 0.035400 -0.998900
vn 0.032300 0.035800 -0.998800
vn 0.032400 0.035900 -0.998800
vn -0.000000 -0.996500 0.083200
vn -0.000000 -0.990800 0.135700
vn -0.000000 -0.981800 0.189700
vn -0.435500 -0.884200 0.168700
vn -0.497600 -0.860400 0.110300
vn -0.379200 -0.920500 0.094700
vn -0.808800 -0.557400 0.187700
vn -0.872200 -0.462600 0.159200
vn -0.974300 -0.036800 0.222400
vn -0.979500 0.017100 0.200800
vn 0.201900 0.851300 0.484200
vn 0.201500 0.852400 0.482400
vn 0.195700 0.849400 0.490100

f 6787/4000/4504 6788/4001/4505 6789/4002/4506
f 6790/4003/4507 6791/4003/4507 6792/4004/4508
f 6793/4004/4509 6792/4004/4508 6791/4003/4507
f 6792/4004/4508 6793/4004/4509 6794/4005/4510
f 6795/4005/4511 6794/4005/4510 6793/4004/4509
f 6794/4005/4510 6795/4005/4511 6796/4006/4512
f 6797/4006/4512 6796/4006/4512 6795/4005/4511
f 6796/4006/4512 6797/4006/4512 6798/4007/4513
f 6799/4007/4514 6798/4007/4513 6797/4006/4512
f 6798/4007/4513 6799/4007/4514 6800/4008/4515
f 6801/4008/4516 6800/4008/4515 6799/4007/4514
f 6800/4008/4515 6801/4008/4516 6802/4009/4517
f 6803/4009/4517 6802/4009/4517 6801/4008/4516
f 6804/4010/4518 6805/4011/4519 6806/4012/4520
f 6807/4013/4521 6806/4012/4520 6805/4011/4519
f 6806/4012/4520 6807/4013/4521 6808/4014/4522
f 6805/4011/4519 6809/4015/4523 6807/4013/4521
f 6810/4016/4524 6811/4016/4524 6812/4017/4525
f 6813/4017/4526 6812/4017/4525 6811/4016/4524
f 6812/4017/4525 6813/4017/4526 6814/4018/4527
f 6815/4018/4528 6814/4018/4527 6813/4017/4526
f 6814/4018/4527 6815/4018/4528 6816/4019/4529
f 6817/4019/4530 6816/4019/4529 6815/4018/4528
f 6816/4019/4529 6817/4019/4530 6818/4020/4531
f 6819/4020/4532 6818/4020/4531 6817/4019/4530
f 6818/4020/4531 6819/4020/4532 6820/4021/4533
f 6821/4021/4534 6820/4021/4533 6819/4020/4532
f 6820/4021/4533 6821/4021/4534 6822/4022/4535
f 6823/4022/4535 6822/4022/4535 6821/4021/4534
f 6822/4022/4535 6823/4022/4535 6824/4023/4536
f 6825/4023/4537 6824/4023/4536 6823/4022/4535
f 6824/4023/4536 6825/4023/4537 6826/4024/4538
f 6827/4024/4539 6826/4024/4538 6825/4023/4537
f 6826/4024/4538 6827/4024/4539 6828/4025/4540
f 6829/4025/4541 6828/4025/4540 6827/4024/4539
f 6828/4025/4540 6829/4025/4541 6830/4026/4542
f 6831/4026/4543 6830/4026/4542 6829/4025/4541
f 6832/4027/4544 6833/4027/4545 6834/4028/4546
f 6835/4028/4547 6834/4028/4546 6833/4027/4545
f 6836/4027/4548 6837/4029/4549 6838/4028/4550
f 6839/4030/4551 6838/4028/4550 6837/4029/4549
f 6839/4030/4551 6837/4029/4549 6840/4003/4552
f 6841/4004/4553 6840/4003/4552 6837/4029/4549
f 6839/4030/4551 6840/4003/4552 6842/4031/4554
f 6843/4032/4555 6842/4031/4554 6840/4003/4552
f 6842/4031/4554 6843/4032/4555 6844/4033/4556
f 6845/4034/4557 6844/4033/4556 6843/4032/4555
f 6844/4033/4556 6845/4034/4557 6846/4035/4558
f 6847/4036/4559 6846/4035/4558 6845/4034/4557
f 6846/4035/4558 6847/4036/4559 6848/4037/4560
f 6849/4038/4561 6848/4037/4560 6847/4036/4559
f 6847/4036/4559 6850/4039/4562 6849/4038/4561
f 6851/4040/4563 6849/4038/4561 6850/4039/4562
f 6850/4039/4562 6852/4041/4564 6851/4040/4563
f 6853/4042/4565 6851/4040/4563 6852/4041/4564
f 6852/4041/4564 6854/4043/4566 6853/4042/4565
f 6855/4044/4567 6853/4042/4565 6854/4043/4566
f 6855/4044/4567 6854/4043/4566 6856/4045/4568
f 6857/4046/4569 6856/4045/4568 6854/4043/4566
f 6856/4045/4568 6857/4046/4569 6858/4047/4570
f 6859/4048/4571 6858/4047/4570 6857/4046/4569
f 6857/4046/4569 6860/4049/4572 6859/4048/4571
f 6861/4050/4573 6859/4048/4571 6860/4049/4572
f 6860/4049/4572 6862/4051/4574 6861/4050/4573
f 6863/4052/4575 6861/4050/4573 6862/4051/4574
f 6861/4050/4573 6863/4052/4575 6864/4053/4576
f 6865/4054/4577 6864/4053/4576 6863/4052/4575
f 6864/4053/4576 6865/4054/4577 6866/4016/4578
f 6867/4055/4579 6866/4016/4578 6865/4054/4577
f 6866/4016/4578 6867/4055/4579 6868/4017/4580
f 6869/4056/4581 6868/4017/4580 6867/4055/4579
f 6868/4017/4580 6869/4056/4581 6870/4018/4582
f 6871/4057/4583 6870/4018/4582 6869/4056/4581
f 6870/4018/4582 6871/4057/4583 6872/4019/4584
f 6873/4058/4585 6872/4019/4584 6871/4057/4583
f 6872/4019/4584 6873/4058/4585 6874/4020/4586
f 6875/4059/4587 6874/4020/4586 6873/4058/4585
f 6874/4020/4586 6875/4059/4587 6876/4021/4588
f 6877/4022/4589 6876/4021/4588 6875/4059/4587
f 6875/4059/4587 6878/4060/4590 6877/4022/4589
f 6879/4023/4591 6877/4022/4589 6878/4060/4590
f 6878/4060/4590 6880/4061/4592 6879/4023/4591
f 6881/4024/4593 6879/4023/4591 6880/4061/4592
f 6880/4061/4592 6882/4009/4594 6881/4024/4593
f 6883/4025/4595 6881/4024/4593 6882/4009/4594
f 6883/4025/4595 6882/4009/4594 6884/4062/4596
f 6885/4008/4597 6884/4062/4596 6882/4009/4594
f 6884/4062/4596 6885/4008/4597 6886/4063/4598
f 6887/4007/4599 6886/4063/4598 6885/4008/4597
f 6886/4063/4598 6887/4007/4599 6888/4064/4600
f 6889/4006/4601 6888/4064/4600 6887/4007/4599
f 6888/4064/4600 6889/4006/4601 6890/4065/4601
f 6891/4066/4602 6890/4065/4601 6889/4006/4601
f 6889/4006/4601 6892/4005/4603 6891/4066/4602
f 6893/4067/4604 6891/4066/4602 6892/4005/4603
f 6892/4005/4603 6841/4004/4553 6893/4067/4604
f 6837/4029/4549 6893/4067/4604 6841/4004/4553
f 6894/4029/4605 6895/4029/4605 6896/4027/4605
f 6897/4027/4605 6896/4027/4605 6895/4029/4605
f 6898/4062/4606 6899/4062/4606 6900/4063/4607
f 6901/4063/4608 6900/4063/4607 6899/4062/4606
f 6900/4063/4607 6901/4063/4608 6902/4064/4609
f 6903/4064/4610 6902/4064/4609 6901/4063/4608
f 6902/4064/4609 6903/4064/4610 6904/4065/4611
f 6905/4065/4611 6904/4065/4611 6903/4064/4610
f 6904/4065/4611 6905/4065/4611 6906/4066/4612
f 6907/4066/4613 6906/4066/4612 6905/4065/4611
f 6906/4066/4612 6907/4066/4613 6908/4067/4614
f 6909/4067/4615 6908/4067/4614 6907/4066/4613
f 6908/4067/4614 6909/4067/4615 6910/4029/4616
f 6911/4029/4616 6910/4029/4616 6909/4067/4615
f 6912/4009/4617 6913/4009/4618 6914/4061/4619
f 6915/4061/4620 6914/4061/4619 6913/4009/4618
f 6914/4061/4619 6915/4061/4620 6916/4060/4621
f 6917/4060/4622 6916/4060/4621 6915/4061/4620
f 6916/4060/4621 6917/4060/4622 6918/4059/4623
f 6919/4059/4624 6918/4059/4623 6917/4060/4622
f 6918/4059/4623 6919/4059/4624 6920/4058/4625
f 6921/4058/4626 6920/4058/4625 6919/4059/4624
f 6920/4058/4625 6921/4058/4626 6922/4057/4627
f 6923/4057/4628 6922/4057/4627 6921/4058/4626
f 6922/4057/4627 6923/4057/4628 6924/4056/4629
f 6925/4056/4630 6924/4056/4629 6923/4057/4628
f 6924/4056/4629 6925/4056/4630 6926/4054/4631
f 6927/4054/4632 6926/4054/4631 6925/4056/4630
f 6926/4054/4631 6927/4054/4632 6928/4052/4633
f 6929/4052/4634 6928/4052/4633 6927/4054/4632
f 6928/4052/4633 6929/4052/4634 6930/4051/4635
f 6931/4051/4636 6930/4051/4635 6929/4052/4634
f 6930/4051/4635 6931/4051/4636 6932/4049/4637
f 6933/4049/4638 6932/4049/4637 6931/4051/4636
f 6932/4049/4637 6933/4049/4638 6934/4046/4639
f 6857/4046/4569 6934/4046/4639 6933/4049/4638
f 6935/4068/4640 6936/4068/4640 6937/4069/4641
f 6938/4069/4642 6937/4069/4641 6936/4068/4640
f 6937/4069/4641 6938/4069/4642 6939/4070/4643
f 6940/4070/4644 6939/4070/4643 6938/4069/4642
f 6939/4070/4643 6940/4070/4644 6941/4071/4645
f 6942/4071/4645 6941/4071/4645 6940/4070/4644
f 6941/4071/4645 6942/4071/4645 6943/4014/4646
f 6944/4014/4647 6943/4014/4646 6942/4071/4645
f 6943/4014/4646 6944/4014/4647 6945/4013/4648
f 6946/4013/4649 6945/4013/4648 6944/4014/4647
f 6945/4013/4648 6946/4013/4649 6947/4015/4650
f 6948/4015/4650 6947/4015/4650 6946/4013/4649
f 6949/4072/4651 6950/4026/4651 6884/4062/4596
f 6883/4025/4595 6884/4062/4596 6950/4026/4651
f 6951/4068/4652 6952/4068/4653 6953/4073/4654
f 6954/4073/4655 6953/4073/4654 6952/4068/4653
f 6953/4073/4654 6954/4073/4655 6955/4074/4656
f 6956/4074/4657 6955/4074/4656 6954/4073/4655
f 6955/4074/4656 6956/4074/4657 6957/4075/4658
f 6958/4075/4659 6957/4075/4658 6956/4074/4657
f 6957/4075/4658 6958/4075/4659 6959/4076/4660
f 6960/4076/4661 6959/4076/4660 6958/4075/4659
f 6959/4076/4660 6960/4076/4661 6961/4077/4662
f 6962/4077/4663 6961/4077/4662 6960/4076/4661
f 6961/4077/4662 6962/4077/4663 6963/4078/4664
f 6964/4078/4665 6963/4078/4664 6962/4077/4663
f 6963/4078/4664 6964/4078/4665 6965/4079/4666
f 6966/4079/4667 6965/4079/4666 6964/4078/4665
f 6965/4079/4666 6966/4079/4667 6967/4080/4668
f 6968/4080/4669 6967/4080/4668 6966/4079/4667
f 6967/4080/4668 6968/4080/4669 6969/4081/4670
f 6970/4081/4670 6969/4081/4670 6968/4080/4669
f 6969/4081/4670 6970/4081/4670 6971/4082/4671
f 6972/4082/4672 6971/4082/4671 6970/4081/4670
f 6971/4082/4671 6972/4082/4672 6973/4001/4673
f 6974/4001/4674 6973/4001/4673 6972/4082/4672
f 6975/4043/4675 6976/4043/4675 6977/4041/4676
f 6978/4041/4677 6977/4041/4676 6976/4043/4675
f 6977/4041/4676 6978/4041/4677 6979/4039/4678
f 6980/4039/4679 6979/4039/4678 6978/4041/4677
f 6979/4039/4678 6980/4039/4679 6981/4036/4680
f 6982/4036/4681 6981/4036/4680 6980/4039/4679
f 6981/4036/4680 6982/4036/4681 6983/4034/4682
f 6984/4034/4683 6983/4034/4682 6982/4036/4681
f 6983/4034/4682 6984/4034/4683 6985/4032/4684
f 6986/4032/4685 6985/4032/4684 6984/4034/4683
f 6985/4032/4684 6986/4032/4685 6987/4003/4686
f 6988/4003/4687 6987/4003/4686 6986/4032/4685
f 6989/4000/4688 6990/4002/4689 6991/4083/4690
f 6992/4084/4691 6991/4083/4690 6990/4002/4689
f 6991/4083/4690 6992/4084/4691 6993/4085/4692
f 6994/4086/4693 6993/4085/4692 6992/4084/4691
f 6993/4085/4692 6994/4086/4693 6995/4087/4694
f 6996/4088/4695 6995/4087/4694 6994/4086/4693
f 6995/4087/4694 6996/4088/4695 6997/4089/4696
f 6998/4090/4697 6997/4089/4696 6996/4088/4695
f 6997/4089/4696 6998/4090/4697 6999/4091/4698
f 7000/4011/4699 6999/4091/4698 6998/4090/4697
f 6999/4091/4698 7000/4011/4699 7001/4015/4700
f 7002/4013/4701 7001/4015/4700 7000/4011/4699
f 6992/4084/4691 7003/4092/4702 6994/4086/4693
f 7004/4093/4703 6994/4086/4693 7003/4092/4702
f 6994/4086/4693 7004/4093/4703 6996/4088/4695
f 7005/4094/4704 6996/4088/4695 7004/4093/4703
f 6996/4088/4695 7005/4094/4704 6998/4090/4697
f 7006/4010/4705 6998/4090/4697 7005/4094/4704
f 6998/4090/4697 7006/4010/4705 7000/4011/4699
f 7007/4012/4706 7000/4011/4699 7006/4010/4705
f 7000/4011/4699 7007/4012/4706 7002/4013/4701
f 7008/4014/4707 7002/4013/4701 7007/4012/4706
f 7003/4092/4702 7009/4095/4708 7004/4093/4703
f 7010/4096/4709 7004/4093/4703 7009/4095/4708
f 7004/4093/4703 7010/4096/4709 7005/4094/4704
f 7011/4097/4710 7005/4094/4704 7010/4096/4709
f 7005/4094/4704 7011/4097/4710 7006/4010/4705
f 7012/4098/4711 7006/4010/4705 7011/4097/4710
f 7006/4010/4705 7012/4098/4711 7007/4012/4706
f 7013/4099/4712 7007/4012/4706 7012/4098/4711
f 7007/4012/4706 7013/4099/4712 7008/4014/4707
f 7014/4071/4713 7008/4014/4707 7013/4099/4712
f 7016/4100/4714 7010/4096/4709 7015/4101/4715
f 7010/4096/4709 7016/4100/4714 7011/4097/4710
f 7017/4102/4716 7011/4097/4710 7016/4100/4714
f 7011/4097/4710 7017/4102/4716 7012/4098/4711
f 7018/4103/4717 7012/4098/4711 7017/4102/4716
f 7012/4098/4711 7018/4103/4717 7013/4099/4712
f 7019/4070/4718 7013/4099/4712 7018/4103/4717
f 7013/4099/4712 7019/4070/4718 7014/4071/4713
f 7015/4101/4715 7020/4104/4719 7016/4100/4714
f 7021/4105/4720 7016/4100/4714 7020/4104/4719
f 7016/4100/4714 7021/4105/4720 7017/4102/4716
f 7022/4106/4721 7017/4102/4716 7021/4105/4720
f 7017/4102/4716 7022/4106/4721 7018/4103/4717
f 7023/4069/4722 7018/4103/4717 7022/4106/4721
f 7018/4103/4717 7023/4069/4722 7019/4070/4718
f 7020/4104/4719 7024/4074/4723 7021/4105/4720
f 7025/4073/4724 7021/4105/4720 7024/4074/4723
f 7021/4105/4720 7025/4073/4724 7022/4106/4721
f 7026/4068/4725 7022/4106/4721 7025/4073/4724
f 7022/4106/4721 7026/4068/4725 7023/4069/4722
f 7024/4074/4723 7020/4104/4719 7027/4075/4726
f 7028/4107/4727 7027/4075/4726 7020/4104/4719
f 7027/4075/4726 7028/4107/4727 7029/4076/4728
f 7030/4108/4729 7029/4076/4728 7028/4107/4727
f 7029/4076/4728 7030/4108/4729 7031/4077/4730
f 7032/4109/4731 7031/4077/4730 7030/4108/4729
f 7031/4077/4730 7032/4109/4731 7033/4078/4732
f 7034/4079/4733 7033/4078/4732 7032/4109/4731
f 7020/4104/4719 7015/4101/4715 7028/4107/4727
f 7035/4110/4734 7028/4107/4727 7015/4101/4715
f 7028/4107/4727 7035/4110/4734 7030/4108/4729
f 7032/4109/4731 7030/4108/4729 7035/4110/4734
f 7015/4101/4715 7009/4095/4708 7035/4110/4734
f 7036/4111/4735 7035/4110/4734 7009/4095/4708
f 7035/4110/4734 7036/4111/4735 7032/4109/4731
f 7037/4112/4736 7032/4109/4731 7036/4111/4735
f 7032/4109/4731 7037/4112/4736 7034/4079/4733
f 7038/4113/4737 7034/4079/4733 7037/4112/4736
f 7034/4079/4733 7038/4113/4737 7039/4080/4738
f 7040/4114/4739 7039/4080/4738 7038/4113/4737
f 7039/4080/4738 7040/4114/4739 7041/4081/4740
f 7042/4082/4741 7041/4081/4740 7040/4114/4739
f 7037/4112/4736 7036/4111/4735 7038/4113/4737
f 7043/4115/4742 7038/4113/4737 7036/4111/4735
f 7038/4113/4737 7043/4115/4742 7040/4114/4739
f 7044/4116/4743 7040/4114/4739 7043/4115/4742
f 7040/4114/4739 7044/4116/4743 7042/4082/4741
f 7045/4001/4744 7042/4082/4741 7044/4116/4743
f 7036/4111/4735 7009/4095/4708 7043/4115/4742
f 7046/4117/4745 7043/4115/4742 7009/4095/4708
f 7043/4115/4742 7046/4117/4745 7044/4116/4743
f 7047/4118/4746 7044/4116/4743 7046/4117/4745
f 7044/4116/4743 7047/4118/4746 7045/4001/4744
f 7009/4095/4708 7003/4092/4702 7046/4117/4745
f 6990/4002/4689 7046/4117/4745 7003/4092/4702
f 7046/4117/4745 6990/4002/4689 7047/4118/4746
f 7048/4072/4747 7049/4062/4748 7050/4026/4747
f 7051/4025/4749 7050/4026/4747 7049/4062/4748
f 7051/4025/4749 7049/4062/4748 7052/4009/4750
f 7053/4008/4751 7052/4009/4750 7049/4062/4748
f 7051/4025/4749 7052/4009/4750 7054/4024/4752
f 7055/4061/4753 7054/4024/4752 7052/4009/4750
f 7054/4024/4752 7055/4061/4753 7056/4023/4754
f 7057/4060/4755 7056/4023/4754 7055/4061/4753
f 7056/4023/4754 7057/4060/4755 7058/4022/4756
f 7059/4059/4757 7058/4022/4756 7057/4060/4755
f 7058/4022/4756 7059/4059/4757 7060/4021/4758
f 7061/4020/4759 7060/4021/4758 7059/4059/4757
f 7059/4059/4757 7062/4058/4760 7061/4020/4759
f 7063/4019/4761 7061/4020/4759 7062/4058/4760
f 7062/4058/4760 7064/4057/4762 7063/4019/4761
f 7065/4018/4763 7063/4019/4761 7064/4057/4762
f 7064/4057/4762 7066/4056/4764 7065/4018/4763
f 7067/4017/4765 7065/4018/4763 7066/4056/4764
f 7067/4017/4765 7066/4056/4764 7068/4055/4766
f 7069/4054/4767 7068/4055/4766 7066/4056/4764
f 7068/4055/4766 7069/4054/4767 7070/4016/4768
f 7071/4053/4769 7070/4016/4768 7069/4054/4767
f 7069/4054/4767 7072/4052/4770 7071/4053/4769
f 7073/4050/4771 7071/4053/4769 7072/4052/4770
f 7072/4052/4770 7074/4051/4771 7073/4050/4771
f 7075/4049/4772 7073/4050/4771 7074/4051/4771
f 7073/4050/4771 7075/4049/4772 7076/4048/4773
f 6934/4046/4639 7076/4048/4773 7075/4049/4772
f 7076/4048/4773 6934/4046/4639 7077/4047/4774
f 7078/4045/4775 7077/4047/4774 6934/4046/4639
f 7077/4047/4774 7078/4045/4775 7079/4044/4776
f 7080/4043/4504 7079/4044/4776 7078/4045/4775
f 7079/4044/4776 7080/4043/4504 7081/4042/4777
f 7082/4041/4778 7081/4042/4777 7080/4043/4504
f 7081/4042/4777 7082/4041/4778 7083/4040/4779
f 7084/4039/4780 7083/4040/4779 7082/4041/4778
f 7083/4040/4779 7084/4039/4780 7085/4038/4781
f 7086/4036/4782 7085/4038/4781 7084/4039/4780
f 7085/4038/4781 7086/4036/4782 7087/4037/4783
f 7088/4035/4784 7087/4037/4783 7086/4036/4782
f 7086/4036/4782 7089/4034/4785 7088/4035/4784
f 7090/4033/4786 7088/4035/4784 7089/4034/4785
f 7089/4034/4785 7091/4032/4787 7090/4033/4786
f 7092/4031/4788 7090/4033/4786 7091/4032/4787
f 7091/4032/4787 7093/4003/4789 7092/4031/4788
f 7094/4030/4790 7092/4031/4788 7093/4003/4789
f 7094/4030/4790 7093/4003/4789 7095/4029/4791
f 7096/4004/4792 7095/4029/4791 7093/4003/4789
f 7095/4029/4791 7096/4004/4792 7097/4067/4793
f 7098/4005/4794 7097/4067/4793 7096/4004/4792
f 7097/4067/4793 7098/4005/4794 7099/4066/4795
f 7100/4006/4796 7099/4066/4795 7098/4005/4794
f 7099/4066/4795 7100/4006/4796 7101/4065/4797
f 7102/4064/4798 7101/4065/4797 7100/4006/4796
f 7100/4006/4796 7103/4007/4799 7102/4064/4798
f 7104/4063/4800 7102/4064/4798 7103/4007/4799
f 7103/4007/4799 7053/4008/4751 7104/4063/4800
f 7049/4062/4748 7104/4063/4800 7053/4008/4751
f 7094/4030/4790 7095/4029/4791 7105/4028/4801
f 7106/4027/4802 7105/4028/4801 7095/4029/4791
f 7107/4016/4803 7108/4016/4804 7109/4053/4805
f 7110/4053/4806 7109/4053/4805 7108/4016/4804
f 7109/4053/4805 7110/4053/4806 7111/4050/4807
f 7112/4050/4808 7111/4050/4807 7110/4053/4806
f 7111/4050/4807 7112/4050/4808 7113/4048/4809
f 7114/4048/4810 7113/4048/4809 7112/4050/4808
f 7113/4048/4809 7114/4048/4810 7115/4047/4811
f 7116/4047/4811 7115/4047/4811 7114/4048/4810
f 7117/4015/4812 7118/4015/4812 7119/4091/4813
f 7120/4091/4813 7119/4091/4813 7118/4015/4812
f 7119/4091/4813 7120/4091/4813 7121/4089/4814
f 7122/4089/4814 7121/4089/4814 7120/4091/4813
f 7121/4089/4814 7122/4089/4814 7123/4087/4815
f 7124/4087/4816 7123/4087/4815 7122/4089/4814
f 7123/4087/4815 7124/4087/4816 7125/4085/4817
f 7126/4085/4818 7125/4085/4817 7124/4087/4816
f 7125/4085/4817 7126/4085/4818 7127/4083/4819
f 7128/4083/4820 7127/4083/4819 7126/4085/4818
f 7127/4083/4819 7128/4083/4820 7129/4000/4821
f 7130/4000/4821 7129/4000/4821 7128/4083/4820
f 7131/4047/4822 7132/4047/4822 7133/4044/4823
f 7134/4044/4824 7133/4044/4823 7132/4047/4822
f 7133/4044/4823 7134/4044/4824 7135/4042/4825
f 7136/4042/4826 7135/4042/4825 7134/4044/4824
f 7135/4042/4825 7136/4042/4826 7137/4040/4827
f 7138/4040/4828 7137/4040/4827 7136/4042/4826
f 7137/4040/4827 7138/4040/4828 7139/4038/4829
f 7140/4038/4830 7139/4038/4829 7138/4040/4828
f 7139/4038/4829 7140/4038/4830 7141/4037/4831
f 7142/4037/4831 7141/4037/4831 7140/4038/4830
f 7141/4037/4831 7142/4037/4831 7143/4035/4832
f 7144/4035/4832 7143/4035/4832 7142/4037/4831
f 7143/4035/4832 7144/4035/4832 7145/4033/4833
f 7146/4033/4834 7145/4033/4833 7144/4035/4832
f 7145/4033/4833 7146/4033/4834 7147/4031/4835
f 7148/4031/4836 7147/4031/4835 7146/4033/4834
f 7147/4031/4835 7148/4031/4836 7149/4030/4837
f 7150/4030/4837 7149/4030/4837 7148/4031/4836
f 7149/4030/4837 7150/4030/4837 7151/4028/4838
f 7152/4028/4839 7151/4028/4838 7150/4030/4837
f 7153/4062/4840 7154/4062/4841 7155/4072/4842
f 7156/4072/4842 7155/4072/4842 7154/4062/4841
f 7157/4072/4843 7158/4072/4844 7159/4026/4845
f 7160/4026/4846 7159/4026/4845 7158/4072/4844
f 6806/4012/4520 7161/4098/4847 6804/4010/4518
f 7161/4098/4847 6806/4012/4520 7162/4099/4848
f 6808/4014/4522 7162/4099/4848 6806/4012/4520
f 7162/4099/4848 6808/4014/4522 7163/4071/4849
f 7163/4071/4849 7164/4070/4850 7162/4099/4848
f 7165/4103/4851 7162/4099/4848 7164/4070/4850
f 7162/4099/4848 7165/4103/4851 7161/4098/4847
f 7166/4102/4852 7161/4098/4847 7165/4103/4851
f 7164/4070/4850 7167/4069/4853 7165/4103/4851
f 7168/4106/4854 7165/4103/4851 7167/4069/4853
f 7165/4103/4851 7168/4106/4854 7166/4102/4852
f 7167/4069/4853 7169/4068/4855 7168/4106/4854
f 7170/4073/4856 7168/4106/4854 7169/4068/4855
f 7078/4045/4775 6934/4046/4639 7080/4043/4504
f 7067/4017/4765 7068/4055/4766 7070/4016/4768
f 6869/4056/4581 6867/4055/4579 6865/4054/4577
f 6855/4044/4567 6856/4045/4568 6858/4047/4570
f 7003/4092/4702 6992/4084/4691 6990/4002/4689

f 7010/4096/4857 7009/4095/4858 7015/4101/4859
o F16_13_1
v -0.411111 0.133845 -0.627868
v -0.413025 0.029873 -0.811678
v -1.096420 0.116584 -0.739166
v -1.097376 0.063732 -0.833186
v -0.413562 0.023993 -0.808779
v -1.097727 0.059684 -0.831190
v -1.097611 0.102612 -0.732277
v -0.413404 0.107230 -0.614744
v -1.097611 0.102612 -0.732277
v -1.096420 0.116584 -0.739166
v -1.097727 0.059684 -0.831190
v -1.097376 0.063732 -0.833186
v -1.096420 0.116584 -0.739166
v -1.097611 0.102612 -0.732277
v -0.411111 0.133845 -0.627868
v -0.413404 0.107230 -0.614744
v -0.413404 0.107230 -0.614744
v -0.413562 0.023993 -0.808779
v -0.411111 0.133845 -0.627868
v -0.413025 0.029873 -0.811678
vt 0.989959 0.711720
vt 0.989407 0.753073
vt 0.855853 0.731693
vt 0.855548 0.752705
vt 0.989336 0.754602
vt 0.855493 0.753493
vt 0.855499 0.774508
vt 0.989334 0.795932
vn 0.058200 0.869100 -0.491200
vn 0.044700 0.303300 -0.951800
vn 0.044000 0.284400 -0.957700
vn -0.037700 -0.936400 -0.349000
vn -0.038000 -0.938200 -0.344000
vn -0.061200 -0.916700 0.394800
vn -0.061200 -0.916700 0.394900
vn -0.997000 0.071000 -0.029700
vn -0.997000 0.070900 -0.029700
vn -0.997000 0.071200 -0.029800
vn -0.997000 0.071500 -0.030100
vn -0.154300 0.447500 0.880900
vn -0.154300 0.447600 0.880800
vn 0.997000 -0.071900 0.030100
vn 0.997000 -0.071900 0.030200
vn 0.997000 -0.071800 0.030100
vn 0.996900 -0.072000 0.030200

f 7172/4119/4860 7173/4120/4861 7174/4121/4860
f 7175/4122/4862 7174/4121/4860 7173/4120/4861
f 7173/4120/4861 7176/4123/4863 7175/4122/4862
f 7177/4124/4864 7175/4122/4862 7176/4123/4863
f 7177/4124/4864 7176/4123/4863 7178/4125/4865
f 7179/4126/4866 7178/4125/4865 7176/4123/4863
f 7180/4125/4867 7181/4121/4868 7182/4124/4869
f 7183/4122/4870 7182/4124/4869 7181/4121/4868
f 7184/4121/4871 7185/4125/4871 7186/4119/4872
f 7187/4126/4872 7186/4119/4872 7185/4125/4871
f 7188/4126/4873 7189/4123/4874 7190/4119/4875
f 7191/4120/4876 7190/4119/4875 7189/4123/4874
