# Created by Metasequoia

mtllib Gun.mtl

v -0.131023 0.138544 1.311128
v -0.160547 0.097911 2.616126
v -0.131023 0.138544 2.616126
v -0.160547 0.097911 1.311128
v -0.176067 0.050142 2.616126
v -0.176067 0.050142 1.311128
v -0.150534 0.092810 2.661126
v -0.123078 0.130599 2.661126
v -0.090390 0.168067 2.616126
v -0.090390 0.168067 1.311128
v -0.164969 0.048386 2.661126
v -0.085289 0.158055 2.661126
v -0.136300 0.085557 2.690901
v -0.111783 0.119304 2.690901
v -0.042621 0.183588 2.616126
v -0.042621 0.183588 1.311128
v -0.149191 0.045886 2.690901
v -0.078036 0.143823 2.690901
v -0.040863 0.172489 2.661126
v -0.094813 0.102334 2.706351
v -0.114918 0.074663 2.706351
v 0.007605 0.183588 2.616126
v 0.007605 0.183588 1.311128
v -0.125489 0.042132 2.706351
v -0.067141 0.122439 2.706351
v -0.038364 0.156712 2.690901
v 0.005847 0.172489 2.661126
v -0.114918 0.074663 2.690901
v -0.094813 0.102334 2.690901
v 0.055374 0.168067 2.616126
v 0.055374 0.168067 1.311128
v -0.125489 0.042132 2.690901
v -0.067141 0.122439 2.690901
v -0.034611 0.133010 2.706351
v 0.003348 0.156712 2.690901
v 0.050272 0.158055 2.661126
v 0.096008 0.138544 2.616126
v 0.096008 0.138544 1.311128
v -0.034611 0.133010 2.690901
v -0.000405 0.133010 2.706351
v 0.043020 0.143823 2.690901
v 0.088062 0.130599 2.661126
v 0.125530 0.097911 1.311128
v 0.125530 0.097911 2.616126
v -0.000405 0.133010 2.690901
v 0.032125 0.122439 2.706351
v 0.076767 0.119304 2.690901
v 0.115518 0.092810 2.661126
v 0.141051 0.050142 1.311128
v 0.141051 0.050142 2.616126
v 0.032125 0.122439 2.690901
v 0.059797 0.102334 2.706351
v 0.101285 0.085557 2.690901
v 0.129953 0.048386 2.661126
v 0.059797 0.102334 2.690901
v 0.079902 0.074663 2.706351
v 0.114176 0.045886 2.690901
v 0.079902 0.074663 2.690901
v 0.090473 0.042132 2.706351
v 0.090473 0.042132 2.690901
v -0.215892 0.139566 0.186126
v -0.218862 0.078983 0.261126
v -0.198038 0.129258 0.261126
v -0.238776 0.084318 0.186126
v -0.179487 0.187010 0.186126
v -0.164910 0.172431 0.261126
v -0.215892 0.139566 -0.128874
v -0.238776 0.084318 -0.128874
v -0.218862 0.078983 1.281128
v -0.198038 0.129258 1.281128
v -0.132045 0.223413 0.186126
v -0.121737 0.205559 0.261126
v -0.179487 0.187010 -0.128874
v -0.164910 0.172431 1.281128
v -0.210708 0.076797 1.311128
v -0.190726 0.125037 1.311128
v -0.121737 0.205559 1.281128
v -0.076797 0.246297 0.186126
v -0.071460 0.226383 0.261126
v -0.132045 0.223413 -0.128874
v -0.158940 0.166461 1.311128
v -0.193320 0.072138 1.341127
v -0.175135 0.116036 1.341127
v -0.117514 0.198247 1.311128
v -0.071460 0.226383 1.281128
v -0.017508 0.254103 0.186126
v -0.017508 0.233487 0.261126
v -0.076797 0.246297 -0.128874
v -0.146211 0.153732 1.341127
v -0.164394 0.109835 1.345628
v -0.181338 0.068928 1.345628
v -0.108514 0.182658 1.341127
v -0.069276 0.218229 1.311128
v -0.017508 0.233487 1.281128
v 0.036444 0.226383 0.261126
v 0.041781 0.246297 0.186126
v -0.017508 0.254103 -0.128874
v -0.137441 0.144961 1.345628
v -0.181338 0.068928 1.311128
v -0.164394 0.109835 1.311128
v -0.102313 0.171915 1.345628
v -0.064617 0.200841 1.341127
v -0.017508 0.225044 1.311128
v 0.036444 0.226383 1.281128
v 0.086721 0.205559 0.261126
v 0.097029 0.223413 0.186126
v 0.041781 0.246297 -0.128874
v -0.137441 0.144961 1.311128
v -0.102313 0.171915 1.311128
v -0.061405 0.188859 1.345628
v -0.017508 0.207042 1.341127
v 0.034260 0.218229 1.311128
v 0.086721 0.205559 1.281128
v 0.129894 0.172431 0.261126
v 0.144471 0.187010 0.186126
v 0.097029 0.223413 -0.128874
v -0.061405 0.188859 1.311128
v -0.017508 0.194638 1.345628
v 0.029601 0.200841 1.341127
v 0.082499 0.198247 1.311128
v 0.129894 0.172431 1.281128
v 0.180876 0.139566 0.186126
v 0.163022 0.129258 0.261126
v 0.144471 0.187010 -0.128874
v -0.017508 0.194638 1.311128
v 0.026390 0.188859 1.345628
v 0.073499 0.182658 1.341127
v 0.123924 0.166461 1.311128
v 0.163022 0.129258 1.281128
v 0.203760 0.084318 0.186126
v 0.183846 0.078983 0.261126
v 0.180876 0.139566 -0.128874
v 0.026390 0.188859 1.311128
v 0.067298 0.171915 1.345628
v 0.111195 0.153732 1.341127
v 0.155711 0.125037 1.311128
v 0.183846 0.078983 1.281128
v 0.203760 0.084318 -0.128874
v 0.067298 0.171915 1.311128
v 0.102424 0.144961 1.345628
v 0.140120 0.116036 1.341127
v 0.175692 0.076797 1.311128
v 0.102424 0.144961 1.311128
v 0.129378 0.109835 1.345628
v 0.158304 0.072138 1.341127
v 0.129378 0.109835 1.311128
v 0.146322 0.068928 1.345628
v 0.146322 0.068928 1.311128
v 0.055374 -0.118009 2.616126
v -0.042621 -0.133530 2.616126
v 0.007605 -0.133530 2.616126
v -0.090390 -0.118009 2.616126
v 0.096008 -0.088487 2.616126
v -0.131023 -0.088487 2.616126
v 0.125530 -0.047853 2.616126
v -0.160547 -0.047853 2.616126
v 0.141051 -0.000084 2.616126
v -0.176067 -0.000084 2.616126
v 0.032125 -0.072381 2.690901
v -0.034611 -0.082951 2.690901
v -0.000405 -0.082951 2.690901
v -0.001629 -0.075222 2.690901
v 0.028572 -0.065409 2.690901
v 0.059797 -0.052276 2.690901
v 0.054264 -0.046743 2.690901
v 0.079902 -0.024603 2.690901
v 0.072930 -0.021051 2.690901
v 0.090473 0.007927 2.690901
v 0.082743 0.009152 2.690901
v 0.082743 0.040908 2.690901
v 0.072930 0.071111 2.690901
v 0.054264 0.096801 2.690901
v 0.028572 0.115467 2.690901
v -0.001629 0.125282 2.690901
v -0.033386 0.125282 2.690901
v -0.033386 -0.075222 2.690901
v -0.067141 -0.072381 2.690901
v -0.063588 -0.065409 2.690901
v -0.094813 -0.052276 2.690901
v -0.089280 -0.046743 2.690901
v -0.114918 -0.024603 2.690901
v -0.107946 -0.021051 2.690901
v -0.125489 0.007927 2.690901
v -0.117759 0.009152 2.690901
v -0.117759 0.040908 2.690901
v -0.107946 0.071111 2.690901
v -0.089280 0.096801 2.690901
v -0.063588 0.115467 2.690901
v -0.176067 -0.000084 1.311128
v -0.160547 -0.047853 1.311128
v -0.131023 -0.088487 1.311128
v -0.090390 -0.118009 1.311128
v -0.042621 -0.133530 1.311128
v 0.007605 -0.133530 1.311128
v 0.055374 -0.118009 1.311128
v 0.096008 -0.088487 1.311128
v 0.125530 -0.047853 1.311128
v 0.141051 -0.000084 1.311128
v -0.164969 0.001674 2.661126
v -0.150534 -0.042752 2.661126
v -0.123078 -0.080541 2.661126
v -0.085289 -0.107996 2.661126
v -0.040863 -0.122430 2.661126
v 0.005847 -0.122430 2.661126
v 0.050272 -0.107996 2.661126
v 0.088062 -0.080541 2.661126
v 0.115518 -0.042752 2.661126
v 0.129953 0.001674 2.661126
v -0.149191 0.004173 2.690901
v -0.136300 -0.035499 2.690901
v -0.111783 -0.069246 2.690901
v -0.078036 -0.093764 2.690901
v -0.038364 -0.106654 2.690901
v 0.003348 -0.106654 2.690901
v 0.043020 -0.093764 2.690901
v 0.076767 -0.069246 2.690901
v 0.101285 -0.035499 2.690901
v 0.114176 0.004173 2.690901
v -0.125489 0.007927 2.706351
v -0.114918 -0.024603 2.706351
v -0.094813 -0.052276 2.706351
v -0.067141 -0.072381 2.706351
v -0.034611 -0.082951 2.706351
v -0.000405 -0.082951 2.706351
v 0.032125 -0.072381 2.706351
v 0.059797 -0.052276 2.706351
v 0.079902 -0.024603 2.706351
v 0.090473 0.007927 2.706351
v 0.036444 -0.176325 1.281128
v -0.071460 -0.176325 1.281128
v -0.017508 -0.183428 1.281128
v 0.086721 -0.155500 1.281128
v -0.121737 -0.155500 1.281128
v 0.129894 -0.122371 1.281128
v -0.164910 -0.122371 1.281128
v 0.163022 -0.079199 1.281128
v -0.198038 -0.079199 1.281128
v 0.183846 -0.028923 1.281128
v -0.218862 -0.028923 1.281128
v -0.225966 0.025029 1.281128
v 0.190950 0.025029 1.281128
v 0.026390 -0.138801 1.311128
v -0.061405 -0.138801 1.311128
v -0.017508 -0.144580 1.311128
v 0.067298 -0.121857 1.311128
v 0.102424 -0.094902 1.311128
v 0.129378 -0.059775 1.311128
v 0.146322 -0.018868 1.311128
v 0.152102 0.025029 1.311128
v -0.102313 -0.121857 1.311128
v -0.137441 -0.094902 1.311128
v -0.164394 -0.059775 1.311128
v -0.181338 -0.018868 1.311128
v -0.187117 0.025029 1.311128
v 0.144471 -0.136950 0.186126
v 0.163022 -0.079199 0.261126
v 0.129894 -0.122371 0.261126
v 0.180876 -0.089508 0.186126
v 0.097029 -0.173355 0.186126
v 0.086721 -0.155500 0.261126
v 0.144471 -0.136950 -0.128874
v 0.180876 -0.089508 -0.128874
v 0.183846 -0.028923 0.261126
v 0.203760 -0.034260 0.186126
v 0.097029 -0.173355 -0.128874
v 0.041781 -0.196239 0.186126
v 0.036444 -0.176325 0.261126
v 0.203760 -0.034260 -0.128874
v 0.190950 0.025029 0.261126
v 0.211566 0.025029 0.186126
v 0.155711 -0.074977 1.311128
v 0.123924 -0.116402 1.311128
v 0.041781 -0.196239 -0.128874
v 0.082499 -0.148188 1.311128
v -0.017508 -0.183428 0.261126
v -0.017508 -0.204045 0.186126
v 0.211566 0.025029 -0.128874
v 0.175692 -0.026739 1.311128
v -0.225966 0.025029 0.261126
v -0.218862 -0.028923 0.261126
v -0.198038 -0.079199 0.261126
v -0.164910 -0.122371 0.261126
v -0.121737 -0.155500 0.261126
v -0.071460 -0.176325 0.261126
v 0.140120 -0.065978 1.341127
v 0.111195 -0.103674 1.341127
v -0.017508 -0.204045 -0.128874
v 0.034260 -0.168169 1.311128
v 0.073499 -0.132599 1.341127
v -0.076797 -0.196239 0.186126
v 0.182506 0.025029 1.311128
v 0.158304 -0.022079 1.341127
v -0.246582 0.025029 0.186126
v -0.217523 0.025029 1.311128
v -0.238776 -0.034260 0.186126
v -0.210708 -0.026739 1.311128
v -0.215892 -0.089508 0.186126
v -0.190726 -0.074977 1.311128
v -0.179487 -0.136950 0.186126
v -0.158940 -0.116402 1.311128
v -0.132045 -0.173355 0.186126
v -0.117514 -0.148188 1.311128
v -0.069276 -0.168169 1.311128
v -0.017508 -0.174985 1.311128
v 0.102424 -0.094902 1.345628
v 0.129378 -0.059775 1.345628
v -0.076797 -0.196239 -0.128874
v 0.029601 -0.150781 1.341127
v 0.067298 -0.121857 1.345628
v 0.164505 0.025029 1.341127
v 0.146322 -0.018868 1.345628
v -0.246582 0.025029 -0.128874
v -0.199521 0.025029 1.341127
v -0.238776 -0.034260 -0.128874
v -0.193320 -0.022079 1.341127
v -0.215892 -0.089508 -0.128874
v -0.175135 -0.065978 1.341127
v -0.179487 -0.136950 -0.128874
v -0.146211 -0.103674 1.341127
v -0.132045 -0.173355 -0.128874
v -0.108514 -0.132599 1.341127
v -0.064617 -0.150781 1.341127
v -0.017508 -0.156984 1.341127
v 0.026390 -0.138801 1.345628
v 0.152102 0.025029 1.345628
v -0.187117 0.025029 1.345628
v -0.181338 -0.018868 1.345628
v -0.164394 -0.059775 1.345628
v -0.137441 -0.094902 1.345628
v -0.102313 -0.121857 1.345628
v -0.061405 -0.138801 1.345628
v -0.017508 -0.144580 1.345628
v 0.190143 0.089768 5.154981
v 0.158673 0.089768 5.154981
v 0.151695 0.111242 5.142787
v 0.178695 0.124998 5.154981
v 0.130415 0.172950 5.182124
v 0.168885 0.120000 5.182124
v 0.138201 0.180736 5.154981
v 0.193161 0.058395 5.172014
v 0.189111 0.057753 5.182124
v 0.192712 0.059775 5.172014
v 0.178695 0.124998 5.112662
v 0.138201 0.180736 5.087130
v 0.171894 0.134363 5.087130
v 0.082462 0.221233 5.154981
v 0.077464 0.211422 5.182124
v 0.095239 0.137775 5.252901
v 0.124561 0.097416 5.252901
v 0.162230 0.059775 5.172014
v 0.182053 0.114665 5.140845
v 0.149208 0.114665 5.140845
v 0.140726 0.050091 5.251824
v 0.138258 0.055265 5.252901
v 0.167816 0.136395 5.081580
v 0.134898 0.134363 5.087130
v 0.131178 0.136395 5.081580
v 0.117768 0.160303 5.011851
v 0.144816 0.123075 5.011851
v 0.082462 0.221233 5.087130
v 0.054880 0.167097 5.252901
v 0.016939 0.242521 5.154981
v 0.015218 0.231647 5.182124
v 0.124561 0.097416 5.464993
v 0.095239 0.137775 5.541351
v 0.124561 0.097416 5.541351
v 0.114550 0.111195 5.444448
v 0.114550 0.111195 5.309448
v 0.124561 0.097416 5.286722
v 0.126636 0.091031 5.276190
v 0.136954 0.059272 5.253735
v 0.142501 0.120962 5.000786
v 0.112675 0.123075 5.011851
v 0.110891 0.120962 5.000786
v 0.067275 0.109812 4.761351
v 0.145563 0.108117 4.982768
v 0.089325 0.079462 4.761351
v 0.069345 0.195488 5.011851
v 0.016939 0.242521 5.087130
v 0.054880 0.167097 5.541351
v 0.007435 0.182512 5.252901
v -0.050234 0.231647 5.182124
v -0.051956 0.242521 5.154981
v 0.139977 0.049971 5.498734
v 0.139977 0.049971 5.541351
v 0.137224 0.058445 5.497051
v 0.126957 0.090042 5.475987
v 0.103131 0.090042 5.475987
v 0.087762 0.111195 5.444448
v 0.087762 0.111195 5.309448
v 0.102412 0.091031 5.276190
v 0.086220 0.128755 5.586351
v 0.113196 0.091625 5.586351
v 0.114168 0.059272 5.253735
v 0.105010 0.087454 5.273661
v 0.142914 0.078795 4.941639
v 0.118958 0.094560 4.963754
v 0.118434 0.078795 4.941639
v 0.148775 0.051366 4.931330
v 0.100917 0.043785 4.761351
v 0.089325 0.079462 4.731351
v 0.067275 0.109812 4.731351
v 0.036925 0.131862 4.761351
v 0.012419 0.213981 5.011851
v -0.051956 0.242521 5.087130
v 0.049089 0.155732 5.586351
v 0.007435 0.182512 5.541351
v -0.042452 0.182512 5.252901
v -0.112481 0.211422 5.182124
v -0.117478 0.221233 5.154981
v 0.114437 0.058445 5.497051
v 0.105010 0.087454 5.477712
v 0.127378 0.047976 5.586351
v 0.069124 0.111660 5.630151
v 0.091656 0.080649 5.630151
v 0.100917 0.043787 4.731351
v 0.105582 0.087746 4.702251
v 0.080177 0.122713 4.702251
v 0.036925 0.131862 4.731351
v 0.001248 0.143452 4.761351
v -0.047434 0.213981 5.011851
v -0.117478 0.221233 5.087130
v 0.038113 0.134191 5.630151
v 0.005439 0.169914 5.586351
v -0.042452 0.182512 5.541351
v -0.089896 0.167097 5.252901
v -0.165431 0.172950 5.182124
v -0.173217 0.180736 5.154981
v 0.103501 0.044195 5.630151
v 0.060916 0.103452 5.647551
v 0.081312 0.075380 5.647551
v 0.118938 0.046638 4.702251
v 0.105582 0.087746 4.670451
v 0.080177 0.122713 4.670451
v 0.045210 0.148119 4.702251
v 0.001248 0.143452 4.731351
v -0.036264 0.143452 4.761351
v -0.104361 0.195488 5.011851
v -0.173217 0.180736 5.087130
v 0.001658 0.146037 5.630151
v 0.032844 0.123848 5.647551
v -0.040455 0.169914 5.586351
v -0.089896 0.167097 5.541351
v -0.130256 0.137775 5.252901
v -0.203901 0.120000 5.182124
v -0.213711 0.124998 5.154981
v 0.092035 0.042378 5.647551
v 0.118938 0.046638 4.670451
v 0.091018 0.080325 4.641351
v 0.068619 0.111156 4.641351
v 0.045210 0.148119 4.670451
v 0.004103 0.161475 4.702251
v -0.036264 0.143452 4.731351
v -0.071942 0.131862 4.761351
v -0.152784 0.160303 5.011851
v -0.213711 0.124998 5.112662
v -0.206910 0.134363 5.087130
v -0.000157 0.134571 5.647551
v -0.036674 0.146037 5.630151
v -0.084105 0.155732 5.586351
v -0.130256 0.137775 5.541351
v -0.159578 0.097416 5.252901
v -0.224127 0.057753 5.182124
v -0.227729 0.059775 5.172014
v -0.225159 0.089768 5.154981
v -0.228177 0.058395 5.172014
v 0.102794 0.044082 4.641351
v 0.072930 0.071109 4.611351
v 0.054264 0.096800 4.611351
v 0.037790 0.133554 4.641351
v 0.004103 0.161475 4.670451
v -0.039119 0.161475 4.702251
v -0.071942 0.131862 4.731351
v -0.102291 0.109812 4.761351
v -0.202832 0.136395 5.081580
v -0.179832 0.123075 5.011851
v -0.184224 0.114665 5.140845
v -0.217069 0.114665 5.140845
v -0.169914 0.134363 5.087130
v -0.166194 0.136395 5.081580
v -0.034858 0.134571 5.647551
v -0.073130 0.134191 5.630151
v -0.121236 0.128755 5.586351
v -0.149567 0.111195 5.444448
v -0.159578 0.097416 5.541351
v -0.159578 0.097416 5.464993
v -0.149567 0.111195 5.309448
v -0.159578 0.097416 5.286722
v -0.175741 0.050091 5.251824
v -0.173274 0.055265 5.252901
v -0.197245 0.059775 5.172014
v -0.193689 0.089768 5.154981
v -0.186711 0.111242 5.142787
v 0.082743 0.040907 4.611351
v 0.028572 0.115465 4.611351
v 0.001545 0.145329 4.641351
v -0.039119 0.161475 4.670451
v -0.080226 0.148119 4.702251
v -0.102291 0.109812 4.731351
v -0.177517 0.120962 5.000786
v -0.180579 0.108117 4.982768
v -0.124341 0.079462 4.761351
v -0.145907 0.120962 5.000786
v -0.147692 0.123075 5.011851
v -0.067860 0.123848 5.647551
v -0.104140 0.111660 5.630151
v -0.148212 0.091625 5.586351
v -0.161652 0.091031 5.276190
v -0.171971 0.059272 5.253735
v -0.137428 0.091031 5.276190
v -0.122778 0.111195 5.309448
v -0.122778 0.111195 5.444448
v -0.138147 0.090042 5.475987
v -0.161973 0.090042 5.475987
v -0.174993 0.049971 5.541351
v -0.172240 0.058445 5.497051
v -0.174993 0.049971 5.498734
v -0.001629 0.125280 4.611351
v -0.036561 0.145329 4.641351
v -0.080226 0.148119 4.670451
v -0.115192 0.122713 4.702251
v -0.124341 0.079462 4.731351
v -0.177930 0.078795 4.941639
v -0.183791 0.051366 4.931330
v -0.135933 0.043785 4.761351
v -0.153450 0.078795 4.941639
v -0.153974 0.094560 4.963754
v -0.095933 0.103452 5.647551
v -0.126672 0.080649 5.630151
v -0.162395 0.047976 5.586351
v -0.149184 0.059272 5.253735
v -0.140026 0.087454 5.273661
v -0.140026 0.087454 5.477712
v -0.149452 0.058445 5.497051
v -0.033386 0.125280 4.611351
v -0.072806 0.133554 4.641351
v -0.115192 0.122713 4.670451
v -0.140598 0.087746 4.702251
v -0.135933 0.043787 4.731351
v -0.116328 0.075380 5.647551
v -0.138517 0.044195 5.630151
v -0.063588 0.115465 4.611351
v -0.103635 0.111156 4.641351
v -0.140598 0.087746 4.670451
v -0.153954 0.046638 4.702251
v -0.127052 0.042378 5.647551
v -0.089280 0.096800 4.611351
v -0.126034 0.080325 4.641351
v -0.153954 0.046638 4.670451
v -0.107946 0.071109 4.611351
v -0.137809 0.044082 4.641351
v -0.117759 0.040907 4.611351
v 0.022232 -0.052964 2.690901
v -0.031202 -0.061426 2.690901
v -0.003815 -0.061426 2.690901
v -0.057247 -0.052964 2.690901
v 0.044388 -0.036865 2.690901
v -0.079404 -0.036865 2.690901
v 0.060485 -0.014710 2.690901
v -0.095500 -0.014710 2.690901
v -0.103964 0.011336 2.690901
v 0.068948 0.011336 2.690901
v 0.068948 0.038723 2.690901
v -0.103964 0.038723 2.690901
v 0.060485 0.064769 2.690901
v -0.095500 0.064769 2.690901
v 0.044388 0.086925 2.690901
v -0.079404 0.086925 2.690901
v -0.057247 0.103022 2.690901
v 0.022232 0.103022 2.690901
v -0.003815 0.111484 2.690901
v -0.031202 0.111484 2.690901
v 0.189290 -0.042339 5.154981
v 0.151695 -0.061187 5.147383
v 0.157818 -0.042339 5.154981
v 0.194527 -0.008554 5.168605
v 0.164689 -0.003830 5.170510
v -0.186711 -0.061187 5.147383
v -0.224305 -0.042339 5.154981
v -0.192834 -0.042339 5.154981
v -0.229543 -0.008554 5.168605
v -0.199706 -0.003830 5.170510
v 0.112980 -0.012874 5.252901
v 0.135767 -0.012874 5.252901
v 0.120308 0.003201 5.249556
v 0.141807 -0.000204 5.250265
v 0.119371 0.046707 5.251120
v 0.115470 0.055265 5.252901
v -0.170782 -0.012874 5.252901
v -0.147996 -0.012874 5.252901
v -0.176823 -0.000204 5.250265
v -0.155324 0.003201 5.249556
v -0.154388 0.046707 5.251120
v -0.150486 0.055265 5.252901
v 0.068948 0.011334 4.611351
v 0.076083 -0.022659 4.641351
v 0.086240 0.008598 4.641351
v 0.060485 -0.014712 4.611351
v 0.068948 0.038723 4.611351
v 0.086240 0.041462 4.641351
v 0.056766 -0.049246 4.641351
v 0.044388 -0.036865 4.611351
v 0.088644 -0.029058 4.670451
v 0.100161 0.006392 4.670451
v 0.060485 0.064769 4.611351
v 0.076083 0.072714 4.641351
v 0.100161 0.043665 4.670451
v 0.030179 -0.068562 4.641351
v 0.022232 -0.052965 4.611351
v 0.066733 -0.059213 4.670451
v 0.088644 -0.029058 4.702251
v 0.100161 0.006392 4.702251
v 0.044388 0.086925 4.611351
v 0.056766 0.099302 4.641351
v 0.088644 0.079114 4.670451
v 0.100161 0.043665 4.702251
v -0.103964 0.038723 4.611351
v -0.103964 0.011334 4.611351
v -0.095500 -0.014712 4.611351
v -0.079404 -0.036865 4.611351
v -0.057247 -0.052965 4.611351
v -0.031202 -0.061428 4.611351
v -0.003815 -0.061428 4.611351
v 0.022232 0.103022 4.611351
v -0.003815 0.111483 4.611351
v -0.031202 0.111483 4.611351
v -0.057247 0.103022 4.611351
v -0.079404 0.086925 4.611351
v -0.095500 0.064769 4.611351
v 0.036579 -0.081122 4.670451
v -0.001077 -0.078718 4.641351
v 0.066733 -0.059213 4.702251
v 0.074624 -0.021915 4.731351
v 0.084619 0.008853 4.731351
v 0.030179 0.118619 4.641351
v 0.066733 0.109272 4.670451
v 0.088644 0.079114 4.702251
v 0.084619 0.041203 4.731351
v -0.121255 0.041462 4.641351
v -0.121255 0.008598 4.641351
v -0.111099 -0.022659 4.641351
v -0.091782 -0.049246 4.641351
v -0.065194 -0.068562 4.641351
v -0.033939 -0.078718 4.641351
v -0.001077 0.128774 4.641351
v -0.033939 0.128774 4.641351
v -0.065194 0.118619 4.641351
v -0.091782 0.099302 4.641351
v -0.111099 0.072714 4.641351
v 0.001129 -0.092640 4.670451
v 0.036579 -0.081122 4.702251
v 0.055608 -0.048088 4.731351
v 0.074624 -0.021915 4.761351
v 0.084619 0.008853 4.761351
v 0.036579 0.131181 4.670451
v 0.066733 0.109272 4.702251
v 0.074624 0.071972 4.731351
v 0.084619 0.041203 4.761351
v -0.135177 0.043665 4.670451
v -0.135177 0.006392 4.670451
v -0.123660 -0.029058 4.670451
v -0.101749 -0.059213 4.670451
v -0.071595 -0.081122 4.670451
v -0.036145 -0.092640 4.670451
v 0.001129 0.142699 4.670451
v -0.036145 0.142699 4.670451
v -0.071595 0.131181 4.670451
v -0.101749 0.109272 4.670451
v -0.123660 0.079114 4.670451
v 0.001129 -0.092640 4.702251
v 0.029435 -0.067102 4.731351
v 0.055608 -0.048088 4.761351
v 0.115942 -0.036405 4.941639
v 0.116165 -0.043080 4.951005
v 0.124847 0.002483 4.927024
v 0.036579 0.131181 4.702251
v 0.055608 0.098144 4.731351
v 0.074624 0.071972 4.761351
v 0.123138 0.021197 4.919990
v 0.125556 0.047687 4.929947
v -0.135177 0.043665 4.702251
v -0.135177 0.006392 4.702251
v -0.123660 -0.029058 4.702251
v -0.101749 -0.059213 4.702251
v -0.071595 -0.081122 4.702251
v -0.036145 -0.092640 4.702251
v 0.001129 0.142699 4.702251
v -0.036145 0.142699 4.702251
v -0.071595 0.131181 4.702251
v -0.101749 0.109272 4.702251
v -0.123660 0.079114 4.702251
v -0.001332 -0.077100 4.731351
v 0.029435 -0.067102 4.761351
v 0.105321 -0.078572 5.000786
v 0.099153 -0.091632 5.011851
v 0.107106 -0.080684 5.011851
v 0.136932 -0.078572 5.000786
v 0.140424 -0.036405 4.941639
v 0.142227 -0.056361 4.969630
v 0.147949 -0.001179 4.928398
v 0.145583 0.021197 4.919990
v 0.029435 0.117159 4.731351
v 0.055608 0.098144 4.761351
v -0.119635 0.041203 4.731351
v -0.119635 0.008853 4.731351
v -0.109639 -0.021915 4.731351
v -0.090624 -0.048088 4.731351
v -0.064450 -0.067102 4.731351
v -0.033684 -0.077100 4.731351
v -0.001332 0.127156 4.731351
v -0.033684 0.127156 4.731351
v -0.064450 0.117159 4.731351
v -0.090624 0.098144 4.731351
v -0.109639 0.071972 4.731351
v -0.001332 -0.077100 4.761351
v 0.057393 -0.121973 5.011851
v 0.125608 -0.094005 5.081580
v 0.116772 -0.109252 5.087130
v 0.129656 -0.091521 5.087130
v 0.139248 -0.080684 5.011851
v 0.162246 -0.094005 5.081580
v 0.117768 -0.110249 5.011851
v 0.067275 -0.059754 4.761351
v 0.089325 -0.029406 4.761351
v 0.100917 0.006273 4.761351
v 0.029435 0.117159 4.761351
v 0.099153 0.141688 5.011851
v -0.119635 0.041203 4.761351
v -0.119635 0.008853 4.761351
v -0.109639 -0.021915 4.761351
v -0.090624 -0.048088 4.761351
v -0.064450 -0.067102 4.761351
v -0.033684 -0.077100 4.761351
v -0.001332 0.127156 4.761351
v -0.033684 0.127156 4.761351
v -0.064450 0.117159 4.761351
v -0.090624 0.098144 4.761351
v -0.109639 0.071972 4.761351
v 0.008301 -0.137924 5.011851
v 0.068706 -0.144175 5.087130
v 0.116772 -0.109252 5.154981
v 0.151695 -0.061187 5.154981
v 0.148716 -0.065286 5.145729
v 0.181833 -0.065286 5.145729
v 0.166652 -0.091521 5.087130
v 0.178695 -0.074943 5.124159
v 0.138201 -0.130680 5.087130
v 0.069345 -0.145429 5.011851
v 0.036925 -0.081805 4.761351
v 0.067275 -0.059754 4.731351
v 0.089325 -0.029406 4.731351
v 0.100917 0.006273 4.731351
v 0.057393 0.172027 5.011851
v 0.116772 0.159309 5.087130
v -0.158154 0.021197 4.919990
v -0.159862 0.002483 4.927024
v -0.160572 0.047687 4.929947
v -0.150959 -0.036405 4.941639
v -0.151180 -0.043080 4.951005
v -0.134169 -0.091632 5.011851
v -0.140337 -0.078572 5.000786
v -0.142122 -0.080684 5.011851
v -0.092409 -0.121973 5.011851
v -0.043317 -0.137924 5.011851
v 0.008301 0.187979 5.011851
v -0.043317 0.187979 5.011851
v -0.092409 0.172027 5.011851
v -0.134169 0.141688 5.011851
v 0.012199 -0.162535 5.087130
v 0.068706 -0.144175 5.154981
v 0.193161 -0.000102 5.172014
v 0.164171 -0.000102 5.172014
v 0.110058 -0.102539 5.182124
v 0.143235 -0.056874 5.182124
v 0.178695 -0.074943 5.154981
v 0.138201 -0.130680 5.154981
v 0.082462 -0.171175 5.087130
v 0.036925 -0.081805 4.731351
v 0.012419 -0.163926 5.011851
v 0.001248 -0.093396 4.761351
v 0.080177 -0.072657 4.702251
v 0.105582 -0.037689 4.702251
v 0.118938 0.003418 4.702251
v 0.068706 0.194230 5.087130
v 0.151695 0.111242 5.154981
v 0.116772 0.159309 5.154981
v -0.180598 0.021197 4.919990
v -0.175440 -0.036405 4.941639
v -0.182966 -0.001179 4.928398
v -0.171948 -0.078572 5.000786
v -0.177243 -0.056361 4.969630
v -0.160625 -0.094005 5.081580
v -0.174264 -0.080684 5.011851
v -0.197262 -0.094005 5.081580
v -0.151788 -0.109252 5.087130
v -0.164671 -0.091521 5.087130
v -0.103722 -0.144175 5.087130
v -0.047216 -0.162535 5.087130
v 0.012199 0.212591 5.087130
v -0.047216 0.212591 5.087130
v -0.103722 0.194230 5.087130
v -0.151788 0.159309 5.087130
v 0.012199 -0.162535 5.154981
v 0.064395 -0.135715 5.182124
v 0.160677 -0.003193 5.182124
v 0.164171 0.053802 5.172014
v 0.189111 -0.007698 5.182124
v 0.168885 -0.069945 5.182124
v 0.160677 0.053250 5.182124
v 0.079723 -0.072204 5.252901
v 0.105010 -0.037398 5.252901
v 0.130415 -0.122895 5.182124
v 0.082462 -0.171175 5.154981
v 0.016939 -0.192465 5.087130
v 0.045210 -0.098061 4.702251
v 0.001248 -0.093396 4.731351
v -0.036264 -0.093396 4.761351
v -0.047434 -0.163926 5.011851
v 0.080177 -0.072657 4.670451
v 0.105582 -0.037689 4.670451
v 0.118938 0.003418 4.670451
v 0.068706 0.194230 5.154981
v 0.143235 0.106930 5.182124
v 0.110058 0.152595 5.182124
v -0.135933 0.006273 4.761351
v -0.124341 -0.029406 4.761351
v -0.152784 -0.110249 5.011851
v -0.102291 -0.059754 4.761351
v -0.183732 -0.065286 5.145729
v -0.213711 -0.074943 5.124159
v -0.216849 -0.065286 5.145729
v -0.201667 -0.091521 5.087130
v -0.173217 -0.130680 5.087130
v -0.186711 -0.061187 5.154981
v -0.151788 -0.109252 5.154981
v -0.103722 -0.144175 5.154981
v -0.047216 -0.162535 5.154981
v 0.012199 0.212591 5.154981
v -0.047216 0.212591 5.154981
v -0.103722 0.194230 5.154981
v -0.151788 0.159309 5.154981
v -0.186711 0.111242 5.154981
v 0.010715 -0.153157 5.182124
v 0.044919 -0.097490 5.252901
v 0.144898 0.021195 5.245812
v 0.124561 -0.047360 5.252901
v 0.122548 0.021195 5.245812
v 0.105010 -0.037399 5.482823
v 0.079723 -0.072204 5.541351
v 0.105010 -0.037399 5.541351
v 0.097561 -0.047652 5.475987
v 0.082193 -0.068805 5.444448
v 0.082193 -0.068805 5.309448
v 0.096843 -0.048641 5.276190
v 0.105010 -0.037398 5.268242
v 0.077464 -0.161366 5.182124
v 0.095239 -0.087718 5.252901
v 0.016939 -0.192465 5.154981
v -0.051956 -0.192465 5.087130
v 0.004103 -0.111419 4.702251
v 0.045210 -0.098061 4.670451
v -0.036264 -0.093396 4.731351
v -0.071942 -0.081805 4.761351
v -0.104361 -0.145429 5.011851
v 0.068619 -0.061098 4.641351
v 0.091018 -0.030268 4.641351
v 0.102794 0.005974 4.641351
v 0.064395 0.185771 5.182124
v 0.105010 0.087456 5.252901
v 0.079723 0.122259 5.252901
v -0.135933 0.006273 4.731351
v -0.124341 -0.029406 4.731351
v -0.102291 -0.059754 4.731351
v -0.173217 -0.130680 5.154981
v -0.213711 -0.074943 5.154981
v -0.228177 -0.000102 5.172014
v -0.199186 -0.000102 5.172014
v -0.117478 -0.171175 5.087130
v -0.178251 -0.056874 5.182124
v -0.145074 -0.102539 5.182124
v -0.099411 -0.135715 5.182124
v -0.045730 -0.153157 5.182124
v 0.010715 0.203212 5.182124
v -0.045730 0.203212 5.182124
v -0.099411 0.185771 5.182124
v -0.145074 0.152595 5.182124
v -0.178251 0.106930 5.182124
v 0.004002 -0.110786 5.252901
v 0.044919 -0.097491 5.541351
v 0.111676 -0.016884 5.253735
v 0.134465 -0.016884 5.253735
v 0.124561 -0.047360 5.275285
v 0.118305 0.003517 5.500938
v 0.118305 0.003517 5.541351
v 0.111946 -0.016053 5.497051
v 0.124561 -0.047360 5.476182
v 0.124350 -0.047652 5.475987
v 0.134733 -0.016053 5.497051
v 0.108981 -0.068805 5.444448
v 0.108981 -0.068805 5.309448
v 0.123631 -0.048641 5.276190
v 0.071945 -0.064425 5.586351
v 0.095210 -0.032404 5.586351
v 0.054880 -0.117042 5.252901
v 0.015218 -0.181591 5.182124
v 0.095239 -0.087718 5.541351
v 0.124561 -0.047360 5.541351
v -0.051956 -0.192465 5.154981
v -0.039119 -0.111419 4.702251
v 0.004103 -0.111419 4.670451
v 0.037790 -0.083498 4.641351
v -0.071942 -0.081805 4.731351
v 0.054264 -0.046744 4.611351
v 0.072930 -0.021052 4.611351
v 0.082743 0.009150 4.611351
v 0.044919 0.147546 5.252901
v 0.079723 0.122259 5.541351
v 0.105010 0.087454 5.541351
v -0.153954 0.003418 4.702251
v -0.140598 -0.037689 4.702251
v -0.115192 -0.072657 4.702251
v -0.117478 -0.171175 5.154981
v -0.165431 -0.122895 5.182124
v -0.203901 -0.069945 5.182124
v -0.224127 -0.007698 5.182124
v -0.199186 0.053802 5.172014
v -0.195693 -0.003193 5.182124
v -0.195693 0.053250 5.182124
v -0.140026 -0.037398 5.252901
v -0.114740 -0.072204 5.252901
v -0.079935 -0.097490 5.252901
v -0.039018 -0.110786 5.252901
v 0.004002 0.160840 5.252901
v -0.039018 0.160840 5.252901
v -0.079935 0.147546 5.252901
v -0.114740 0.122259 5.252901
v -0.140026 0.087456 5.252901
v 0.004002 -0.110786 5.541351
v 0.039924 -0.087690 5.586351
v 0.118305 0.046539 5.499415
v 0.118305 0.046539 5.541351
v 0.118305 0.021195 5.504448
v 0.139977 0.000084 5.500257
v 0.139977 0.021195 5.504448
v 0.107440 0.005238 5.586351
v 0.139977 0.000084 5.541351
v 0.057202 -0.049683 5.630151
v 0.076633 -0.022940 5.630151
v 0.007435 -0.132457 5.252901
v 0.054880 -0.117042 5.541351
v -0.050234 -0.181591 5.182124
v 0.113196 -0.041570 5.586351
v 0.086220 -0.078699 5.586351
v -0.039119 -0.111419 4.670451
v -0.080226 -0.098061 4.702251
v 0.001545 -0.095273 4.641351
v 0.028572 -0.065411 4.611351
v 0.044919 0.147546 5.541351
v -0.153954 0.003418 4.670451
v -0.140598 -0.037689 4.670451
v -0.115192 -0.072657 4.670451
v -0.112481 -0.161366 5.182124
v -0.130256 -0.087718 5.252901
v -0.159578 -0.047360 5.252901
v -0.157565 0.021195 5.245812
v -0.179915 0.021195 5.245812
v -0.114740 -0.072204 5.541351
v -0.117208 -0.068805 5.444448
v -0.140026 -0.037399 5.541351
v -0.132578 -0.047652 5.475987
v -0.140026 -0.037399 5.482823
v -0.117208 -0.068805 5.309448
v -0.131859 -0.048641 5.276190
v -0.140026 -0.037398 5.268242
v -0.079935 -0.097491 5.541351
v -0.039018 -0.110786 5.541351
v 0.004002 0.160840 5.541351
v -0.039018 0.160840 5.541351
v -0.079935 0.147546 5.541351
v -0.114740 0.122259 5.541351
v -0.140026 0.087454 5.541351
v 0.002282 -0.099920 5.586351
v 0.030459 -0.069114 5.630151
v 0.107440 0.044817 5.586351
v 0.086848 0.008499 5.630151
v 0.127378 0.002080 5.586351
v 0.050124 -0.042605 5.647551
v 0.067713 -0.018395 5.647551
v -0.042452 -0.132457 5.252901
v 0.007435 -0.132457 5.541351
v 0.049089 -0.105676 5.586351
v 0.091656 -0.030594 5.630151
v 0.069124 -0.061605 5.630151
v -0.036561 -0.095273 4.641351
v -0.080226 -0.098061 4.670451
v -0.001629 -0.075224 4.611351
v -0.137809 0.005974 4.641351
v -0.126034 -0.030268 4.641351
v -0.103635 -0.061098 4.641351
v -0.089896 -0.117042 5.252901
v -0.159578 -0.047360 5.476182
v -0.130256 -0.087718 5.541351
v -0.159578 -0.047360 5.541351
v -0.159366 -0.047652 5.475987
v -0.143997 -0.068805 5.444448
v -0.143997 -0.068805 5.309448
v -0.158647 -0.048641 5.276190
v -0.159578 -0.047360 5.275285
v -0.169480 -0.016884 5.253735
v -0.146693 -0.016884 5.253735
v -0.169749 -0.016053 5.497051
v -0.146963 -0.016053 5.497051
v -0.153321 0.003517 5.541351
v -0.153321 0.003517 5.500938
v -0.130225 -0.032404 5.586351
v -0.106961 -0.064425 5.586351
v -0.074940 -0.087690 5.586351
v -0.037297 -0.099920 5.586351
v -0.153321 0.046539 5.499415
v -0.153321 0.046539 5.541351
v -0.000980 -0.079329 5.630151
v 0.025914 -0.060193 5.647551
v 0.086848 0.041556 5.630151
v 0.076961 0.010065 5.647551
v 0.103501 0.005862 5.630151
v -0.042452 -0.132457 5.541351
v 0.005439 -0.119859 5.586351
v 0.038113 -0.084136 5.630151
v 0.081312 -0.025323 5.647551
v 0.060916 -0.053397 5.647551
v -0.072806 -0.083498 4.641351
v -0.033386 -0.075224 4.611351
v -0.117759 0.009150 4.611351
v -0.107946 -0.021052 4.611351
v -0.089280 -0.046744 4.611351
v -0.089896 -0.117042 5.541351
v -0.174993 0.000084 5.500257
v -0.174993 0.000084 5.541351
v -0.121236 -0.078699 5.586351
v -0.148212 -0.041570 5.586351
v -0.174993 0.021195 5.504448
v -0.153321 0.021195 5.504448
v -0.142457 0.005238 5.586351
v -0.111649 -0.022940 5.630151
v -0.092218 -0.049683 5.630151
v -0.065475 -0.069114 5.630151
v -0.034037 -0.079329 5.630151
v -0.002545 -0.069441 5.647551
v 0.076961 0.039990 5.647551
v 0.092035 0.007679 5.647551
v -0.040455 -0.119859 5.586351
v 0.001658 -0.095982 5.630151
v 0.032844 -0.073792 5.647551
v -0.034858 -0.084515 5.647551
v -0.000157 -0.084515 5.647551
v -0.067860 -0.073792 5.647551
v 0.067713 0.068451 5.647551
v 0.050124 0.092659 5.647551
v 0.025914 0.110249 5.647551
v -0.002545 0.119496 5.647551
v -0.032471 0.119496 5.647551
v -0.032471 -0.069441 5.647551
v -0.095933 -0.053397 5.647551
v -0.060930 -0.060193 5.647551
v -0.085140 -0.042605 5.647551
v -0.116328 -0.025323 5.647551
v -0.102729 -0.018395 5.647551
v -0.127052 0.007679 5.647551
v -0.111977 0.010065 5.647551
v -0.111977 0.039990 5.647551
v -0.102729 0.068451 5.647551
v -0.085140 0.092659 5.647551
v -0.060930 0.110249 5.647551
v -0.063588 -0.065411 4.611351
v -0.084105 -0.105676 5.586351
v -0.162395 0.002080 5.586351
v -0.104140 -0.061605 5.630151
v -0.126672 -0.030594 5.630151
v -0.142457 0.044817 5.586351
v -0.121865 0.008499 5.630151
v -0.036674 -0.095982 5.630151
v -0.138517 0.005862 5.630151
v -0.073130 -0.084136 5.630151
v -0.121865 0.041556 5.630151
v 0.095210 0.082459 5.586351
v 0.071945 0.114480 5.586351
v 0.039924 0.137745 5.586351
v 0.076633 0.072995 5.630151
v 0.057202 0.099739 5.630151
v 0.030459 0.119169 5.630151
v 0.002282 0.149976 5.586351
v -0.000980 0.129384 5.630151
v -0.037297 0.149976 5.586351
v -0.034037 0.129384 5.630151
v -0.074940 0.137745 5.586351
v -0.065475 0.119169 5.630151
v -0.106961 0.114480 5.586351
v -0.092218 0.099739 5.630151
v -0.130225 0.082459 5.586351
v -0.111649 0.072995 5.630151
# 1100 vertices

vt -0.24555 5.68923
vt -0.23748 5.68923
vt -0.23569 5.69557
vt -4.00652 4.01123
vt -3.67191 3.99835
vt -3.67191 4.01123
vt -4.00652 3.99835
vt -4.00652 4.64090
vt -3.67191 4.62802
vt -3.67191 4.64090
vt -4.00652 4.62802
vt -3.46471 4.67430
vt -3.45513 4.66002
vt -3.45308 4.67182
vt -3.46692 4.66161
vt -3.67191 2.98955
vt -4.00652 2.97667
vt -3.67191 2.97667
vt -4.00652 2.98955
vt -3.51525 4.92845
vt -3.50437 4.91513
vt -3.50344 4.92707
vt -3.51625 4.91561
vt -3.31131 4.22609
vt -3.31871 4.24161
vt -3.32274 4.22938
vt -3.30756 4.23746
vt -2.97153 5.24730
vt -2.96701 5.23379
vt -2.96356 5.24391
vt -2.97539 5.23596
vt -3.67191 1.67585
vt -4.00652 1.66297
vt -3.67191 1.66297
vt -4.00652 1.67585
vt -3.12060 5.16857
vt -3.11376 5.15606
vt -3.11215 5.16664
vt -3.12240 5.15673
vt -2.60051 5.21834
vt -2.60163 5.23255
vt -2.60812 5.22248
vt -2.59471 5.22733
vt -2.75170 4.09444
vt -2.75389 4.11150
vt -2.76153 4.10113
vt -2.74459 4.10408
vt -1.54939 5.63647
vt -1.56065 5.63193
vt -1.55395 5.62898
vt -1.55509 5.64107
vt 0.19875 3.67191
vt 0.18587 4.00652
vt 0.18587 3.67191
vt 0.19875 4.00652
vt -1.78027 5.29222
vt -1.78983 5.28473
vt -1.78257 5.28376
vt -1.78702 5.29505
vt -1.13772 5.87163
vt -1.14983 5.87073
vt -1.14435 5.86588
vt -1.14175 5.87774
vt -1.68747 5.35033
vt -1.68309 5.36389
vt -1.69293 5.35706
vt -1.67869 5.35643
vt 0.18632 4.71489
vt 0.19875 4.72677
vt 0.18587 4.72677
vt 0.19830 4.71489
vt 3.65273 4.00041
vt 3.64877 4.00918
vt 3.64877 4.00041
vt 3.65273 4.00918
vt 3.67191 1.29718
vt 4.00652 1.31006
vt 3.67191 1.31006
vt 4.00652 1.29718
vt 3.65273 4.63008
vt 3.64877 4.63885
vt 3.64877 4.63008
vt 3.65273 4.63885
vt 3.65273 2.98749
vt 3.64877 2.97872
vt 3.65273 2.97872
vt 3.64877 2.98749
vt -0.53625 6.01145
vt -0.54795 6.01469
vt -0.54443 6.00828
vt -0.53798 6.01856
vt 0.18696 5.49571
vt 0.19830 5.50435
vt 0.18632 5.50435
vt 0.19766 5.49571
vt 2.99163 3.81687
vt 2.99382 3.83393
vt 2.98452 3.82651
vt 3.00146 3.82356
vt 3.67191 2.66551
vt 4.00652 2.67839
vt 3.67191 2.67839
vt 4.00652 2.66551
vt 3.65273 1.67380
vt 3.64877 1.66503
vt 3.65273 1.66503
vt 3.64877 1.67380
vt 0.19766 6.05286
vt 0.18792 6.04560
vt 0.19669 6.04560
vt 0.18696 6.05286
vt 2.01972 5.18750
vt 2.01533 5.20106
vt 2.01093 5.19359
vt 2.02517 5.19423
vt 3.46013 3.94751
vt 3.46753 3.96304
vt 3.45638 3.95889
vt 3.47156 3.95080
vt 4.00652 3.77228
vt 3.67191 3.78516
vt 3.67191 3.77228
vt 4.00652 3.78516
vt -0.19669 3.65273
vt -0.18792 3.64877
vt -0.18792 3.65273
vt -0.19669 3.64877
vt 0.92499 5.97525
vt 0.91329 5.97201
vt 0.92147 5.96884
vt 0.91502 5.97912
vt 2.85803 5.01412
vt 2.85915 5.02833
vt 2.85224 5.02311
vt 2.86564 5.01826
vt 3.57908 4.45166
vt 3.56524 4.46187
vt 3.56729 4.45007
vt 3.57687 4.46435
vt 4.00652 4.50917
vt 3.67191 4.52205
vt 3.67191 4.50917
vt 4.00652 4.52205
vt -3.65273 1.29924
vt -3.64877 1.30801
vt -3.65273 1.30801
vt -3.64877 1.29924
vt 1.50899 5.80995
vt 1.49688 5.81084
vt 1.50351 5.80510
vt 1.50091 5.81695
vt 3.18612 5.06885
vt 3.17429 5.07681
vt 3.17774 5.06668
vt 3.18226 5.08019
vt 3.61281 4.80391
vt 3.59999 4.81537
vt 3.60092 4.80343
vt 3.61181 4.81675
vt -3.65273 2.66756
vt -3.64877 2.67633
vt -3.65273 2.67633
vt -3.64877 2.66756
vt 1.90086 5.57435
vt 1.88961 5.57889
vt 1.89417 5.57140
vt 1.89530 5.58349
vt 3.30959 5.06498
vt 3.29934 5.07489
vt 3.30095 5.06432
vt 3.30779 5.07683
vt -3.65273 3.78311
vt -3.64877 3.77434
vt -3.64877 3.78311
vt -3.65273 3.77434
vt 2.11672 5.25054
vt 2.10717 5.25803
vt 2.10947 5.24956
vt 2.11392 5.26086
vt -3.65273 4.51999
vt -3.64877 4.51122
vt -3.64877 4.51999
vt -3.65273 4.51122
vt -4.07946 4.99664
vt -4.06123 4.97993
vt -4.05972 4.99380
vt -4.08112 4.98140
vt -4.01300 4.83025
vt -3.99636 4.81195
vt -3.99360 4.82563
vt -4.01604 4.81522
vt -4.37575 4.52556
vt -4.29498 4.51023
vt -4.29498 4.52556
vt -4.37575 4.51023
vt -4.27575 4.52487
vt -4.01421 4.51092
vt -4.01421 4.52487
vt -4.27575 4.51092
vt -3.83938 4.56518
vt -3.85349 4.58549
vt -3.85846 4.57099
vt -3.83486 4.57838
vt -4.37575 3.94114
vt -4.29498 3.92581
vt -4.29498 3.94114
vt -4.37575 3.92581
vt -4.27575 3.94045
vt -4.01421 3.92650
vt -4.01421 3.94045
vt -4.27575 3.92650
vt -3.80059 4.97589
vt -3.79416 4.96142
vt -3.79268 4.97473
vt -3.80213 4.96203
vt -4.01421 3.08798
vt -4.27575 3.07402
vt -4.01421 3.07402
vt -4.27575 3.08798
vt -3.38675 4.53261
vt -3.39573 4.55565
vt -3.40394 4.54271
vt -3.37927 4.54439
vt -4.29498 3.08867
vt -4.37575 3.07333
vt -4.29498 3.07333
vt -4.37575 3.08867
vt -3.73559 4.79370
vt -3.73054 4.77870
vt -3.72783 4.79181
vt -3.73841 4.78004
vt -3.28849 5.32137
vt -3.28239 5.30700
vt -3.27986 5.31892
vt -3.29127 5.30827
vt -3.57719 4.51027
vt -3.58020 4.52581
vt -3.58482 4.51264
vt -3.57276 4.52290
vt -4.01421 2.02554
vt -4.27575 2.01158
vt -4.01421 2.01158
vt -4.27575 2.02554
vt -1.68593 5.18004
vt -1.68176 5.20442
vt -1.69547 5.19756
vt -1.67346 5.18629
vt -4.29498 2.02623
vt -4.37575 2.01089
vt -4.29498 2.01089
vt -4.37575 2.02623
vt -3.11180 5.45335
vt -3.10814 5.43818
vt -3.10369 5.44952
vt -3.11669 5.44089
vt -1.13379 5.29479
vt -1.14119 5.28504
vt -1.13791 5.28421
vt -1.13677 5.29639
vt -2.74861 5.52638
vt -2.74896 5.54199
vt -2.75639 5.53085
vt -2.74185 5.53652
vt -3.13924 4.43498
vt -3.13849 4.45079
vt -3.14609 4.43909
vt -3.13195 4.44621
vt -4.01421 0.82553
vt -4.27575 0.81158
vt -4.01421 0.81158
vt -4.27575 0.82553
vt 2.03282 5.02113
vt 2.02865 5.04551
vt 2.02034 5.02737
vt 2.04236 5.03864
vt -4.29498 0.82622
vt -4.37575 0.81089
vt -4.29498 0.81089
vt -4.37575 0.82622
vt -0.95937 5.54666
vt -0.96898 5.53908
vt -0.96601 5.53745
vt -0.96186 5.54896
vt 4.00652 4.51222
vt 3.99768 4.52357
vt 3.99768 4.51222
vt 4.00652 4.52357
vt -0.70273 5.73840
vt -0.71396 5.73355
vt -0.71152 5.73121
vt -0.70453 5.74126
vt -2.02125 5.69184
vt -2.01695 5.70685
vt -2.02735 5.69842
vt -2.01179 5.69951
vt -1.53557 4.98004
vt -1.52681 4.99322
vt -1.53934 4.98708
vt -1.52355 4.98593
vt 4.01421 0.43025
vt 4.27575 0.44421
vt 4.01421 0.44421
vt 4.27575 0.43025
vt 3.60986 4.25335
vt 3.61884 4.27640
vt 3.60238 4.26513
vt 3.62706 4.26345
vt 4.29498 0.42956
vt 4.37575 0.44490
vt 4.29498 0.44490
vt 4.37575 0.42956
vt 4.00652 3.92780
vt 3.99768 3.93915
vt 3.99768 3.92780
vt 4.00652 3.93915
vt 4.00652 3.08668
vt 3.99768 3.07532
vt 4.00652 3.07532
vt 3.99768 3.08668
vt -0.37509 5.86633
vt -0.38721 5.86465
vt -0.38548 5.86174
vt -0.37606 5.86957
vt -0.68094 5.90259
vt -0.67079 5.91444
vt -0.68375 5.91110
vt -0.66914 5.90562
vt 1.87192 4.83029
vt 1.88771 4.83145
vt 1.87518 4.83758
vt 1.88395 4.82440
vt 4.01421 1.65624
vt 4.27575 1.67020
vt 4.01421 1.67020
vt 4.27575 1.65624
vt 3.99654 4.29648
vt 4.01065 4.31679
vt 3.99201 4.30968
vt 4.01562 4.30229
vt 4.29498 1.65555
vt 4.37575 1.67089
vt 4.29498 1.67089
vt 4.37575 1.65555
vt 4.00652 2.02424
vt 3.99768 2.01288
vt 4.00652 2.01288
vt 3.99768 2.02424
vt 0.00137 5.92714
vt -0.01075 5.92883
vt -0.00987 5.92556
vt 0.00131 5.93052
vt 1.05662 5.83235
vt 1.04647 5.84421
vt 1.04482 5.83539
vt 1.05943 5.84087
vt 3.36582 4.15841
vt 3.36508 4.17423
vt 3.35854 4.16965
vt 3.37268 4.16253
vt 4.01421 2.76889
vt 4.27575 2.78284
vt 4.01421 2.78284
vt 4.27575 2.76889
vt 4.14099 4.60158
vt 4.11856 4.61199
vt 4.12132 4.59831
vt 4.13796 4.61661
vt 4.29498 2.76820
vt 4.37575 2.78353
vt 4.29498 2.78353
vt 4.37575 2.76820
vt 4.00652 0.82423
vt 3.99768 0.81288
vt 4.00652 0.81288
vt 3.99768 0.82423
vt 0.39493 5.92258
vt 0.38281 5.92089
vt 0.39405 5.91931
vt 0.38286 5.92427
vt 2.34472 5.52663
vt 2.34042 5.54164
vt 2.33526 5.53430
vt 2.35083 5.53321
vt 3.73744 4.24308
vt 3.74045 4.25862
vt 3.73301 4.25572
vt 3.74507 4.24545
vt 4.27575 3.69236
vt 4.01421 3.70632
vt 4.01421 3.69236
vt 4.27575 3.70632
vt 4.18995 4.84519
vt 4.16855 4.85759
vt 4.17006 4.84372
vt 4.18829 4.86044
vt 4.37575 3.69167
vt 4.29498 3.70701
vt 4.29498 3.69167
vt 4.37575 3.70701
vt -4.00652 0.43155
vt -3.99768 0.44291
vt -4.00652 0.44291
vt -3.99768 0.43155
vt 0.76811 5.84772
vt 0.75599 5.84939
vt 0.76638 5.84481
vt 0.75696 5.85263
vt 3.01742 5.33883
vt 3.01778 5.35444
vt 3.01067 5.34897
vt 3.02520 5.34329
vt 3.86601 4.56728
vt 3.85543 4.57906
vt 3.85814 4.56595
vt 3.86320 4.58095
vt 4.27575 4.36373
vt 4.01421 4.37768
vt 4.01421 4.36373
vt 4.27575 4.37768
vt 4.37575 4.36304
vt 4.29498 4.37837
vt 4.29498 4.36304
vt 4.37575 4.37837
vt -4.00652 1.65754
vt -3.99768 1.66890
vt -4.00652 1.66890
vt -3.99768 1.65754
vt 1.08938 5.71075
vt 1.07814 5.71560
vt 1.08693 5.70841
vt 1.07994 5.71846
vt 3.34744 5.27990
vt 3.33444 5.28854
vt 3.33889 5.27719
vt 3.34255 5.29237
vt 3.91332 4.82631
vt 3.90387 4.83901
vt 3.90535 4.82571
vt 3.91178 4.84018
vt -4.00652 2.77019
vt -3.99768 2.78154
vt -4.00652 2.78154
vt -3.99768 2.77019
vt 1.33834 5.51664
vt 1.32874 5.52423
vt 1.33538 5.51502
vt 1.33122 5.52653
vt 3.49950 5.20192
vt 3.48809 5.21257
vt 3.49061 5.20065
vt 3.49672 5.21501
vt -4.00652 3.70501
vt -3.99768 3.69366
vt -3.99768 3.70501
vt -4.00652 3.69366
vt 1.50555 5.26884
vt 1.49815 5.27859
vt 1.50227 5.26801
vt 1.50113 5.28020
vt -4.00652 4.37638
vt -3.99768 4.36503
vt -3.99768 4.37638
vt -4.00652 4.36503
vt 2.81478 4.66572
vt 2.80305 4.68039
vt 2.80743 4.66419
vt 2.81017 4.68277
vt 2.87556 4.88735
vt 2.87075 4.90384
vt 2.87276 4.88718
vt 2.87551 4.88772
vt 2.87814 4.90517
vt 2.87928 4.89574
vt 3.03177 3.76989
vt 3.02092 3.78755
vt 3.02092 3.76989
vt 3.03832 3.78755
vt 3.03832 3.77286
vt 2.62007 4.33354
vt 2.61890 4.35228
vt 2.61243 4.34847
vt 2.62695 4.33656
vt 2.44368 5.09357
vt 2.41761 5.09878
vt 2.42250 5.08696
vt 2.43725 5.10908
vt -0.24621 5.68039
vt -0.23839 5.68039
vt -0.24348 5.69657
vt -0.23505 5.69657
vt 3.02454 4.52166
vt 3.02092 4.52444
vt 3.02092 4.51494
vt 3.03177 4.52444
vt 2.55730 5.05977
vt 2.55463 5.07231
vt 2.55670 5.06114
vt 2.57599 5.07830
vt 2.57905 5.06180
vt -0.23983 4.51982
vt -0.23139 4.51831
vt -0.23043 4.51982
vt -0.23505 4.50364
vt -0.24348 4.50364
vt -0.24087 4.51831
vt -0.24262 4.51134
vt 2.65073 3.21434
vt 2.65266 3.22795
vt 2.64900 3.21371
vt 2.67236 3.22167
vt 2.66942 3.21025
vt 3.02092 2.66311
vt 3.03832 2.68078
vt 3.02092 2.68078
vt 3.03832 2.66311
vt 2.10470 5.04051
vt 2.11295 5.06578
vt 2.09681 5.05057
vt 2.12331 5.05258
vt 2.01222 4.27206
vt 2.00418 4.28904
vt 1.99959 4.28310
vt 2.01749 4.27742
vt 2.94143 3.77233
vt 2.92185 3.78512
vt 2.92185 3.77233
vt 2.94670 3.77669
vt 2.99581 3.78512
vt 2.98131 3.77669
vt 2.98714 3.77233
vt 2.99581 3.77233
vt 2.98984 4.52028
vt 2.99581 4.52200
vt 2.98714 4.52200
vt 2.99560 4.51172
vt 2.99581 4.51064
vt 0.23334 -2.09889
vt 0.22569 -2.09600
vt 0.22523 -2.09889
vt 0.23043 -2.07780
vt 0.23393 -2.09600
vt 0.23983 -2.07780
vt 2.81373 3.29295
vt 2.81313 3.30518
vt 2.81085 3.29361
vt 2.87805 3.28948
vt 2.81783 3.28895
vt 2.87619 3.28004
vt 2.43514 1.79470
vt 2.44646 1.77081
vt 2.45319 1.78460
vt 2.42740 1.77882
vt 3.02092 1.29479
vt 3.03832 1.31246
vt 3.02092 1.31246
vt 3.03832 1.29479
vt 2.92185 2.66555
vt 2.99581 2.67834
vt 2.92185 2.67834
vt 2.99581 2.66555
vt 1.41096 5.09668
vt 1.40905 5.12320
vt 1.39985 5.10302
vt 1.42364 5.11489
vt 0.18392 4.60660
vt 0.20114 4.61410
vt 0.18348 4.61410
vt 0.20070 4.60660
vt 2.93278 4.50921
vt 2.92185 4.52200
vt 2.92185 4.50921
vt 2.93321 4.51150
vt 2.93861 4.52002
vt 2.94143 4.52200
vt -0.22617 5.13906
vt -0.22324 5.12933
vt -0.21930 5.13906
vt -0.22935 5.12933
vt -0.22874 5.13272
vt -0.22617 2.98131
vt -0.21930 2.94670
vt -0.21930 2.98131
vt -0.22617 2.94670
vt 0.22306 -0.05384
vt 0.22617 -0.04387
vt 0.21930 -0.04387
vt 0.22927 -0.05384
vt 0.22874 -0.05069
vt 2.83599 4.39953
vt 2.82187 4.40928
vt 2.82413 4.39773
vt 2.83353 4.41208
vt 0.22927 2.21551
vt 0.22607 2.20554
vt 0.23191 2.20554
vt 0.22372 2.21439
vt 0.22306 2.21551
vt 0.23344 0.29611
vt 0.22730 0.30307
vt 0.22716 0.29611
vt 0.23334 0.31473
vt 0.23412 0.30906
vt 0.22523 0.31473
vt 2.88284 4.27963
vt 2.93107 4.27981
vt 2.87253 4.28750
vt 2.88495 4.27226
vt 2.93022 4.27022
vt 3.12954 3.77391
vt 3.12185 3.78353
vt 3.12185 3.77391
vt 3.12954 3.78353
vt 2.66489 1.86592
vt 2.72304 1.83090
vt 2.72640 1.83992
vt 2.65952 1.85154
vt 1.76370 0.01816
vt 1.76548 -0.00821
vt 1.77679 0.00216
vt 1.75067 0.00622
vt 0.20114 3.02092
vt 0.18348 3.03832
vt 0.18348 3.02092
vt 0.20114 3.03832
vt 2.72161 3.85364
vt 2.72857 3.86932
vt 2.71751 3.86468
vt 2.73302 3.85733
vt 2.92185 1.29723
vt 2.99581 1.31002
vt 2.92185 1.31002
vt 2.99581 1.29723
vt 0.18591 5.22719
vt 0.20070 5.24928
vt 0.18392 5.24928
vt 0.19870 5.22719
vt -1.70766 4.47943
vt -1.69963 4.49641
vt -1.71293 4.48478
vt -1.69503 4.49047
vt -0.22614 5.63674
vt -0.22935 5.64648
vt -0.23198 5.63674
vt -0.22372 5.64568
vt -0.22324 5.64648
vt 2.86863 4.77777
vt 2.85562 4.78896
vt 2.85665 4.77724
vt 2.86752 4.79052
vt 2.53970 4.87765
vt 2.52407 4.88365
vt 2.52730 4.87436
vt 2.53584 4.88876
vt 3.12954 4.51080
vt 3.12185 4.52042
vt 3.12185 4.51080
vt 3.12954 4.52042
vt 2.62705 5.04473
vt 2.61515 5.05126
vt 2.61859 5.04228
vt 2.62309 5.05508
vt 3.12185 2.66714
vt 3.12954 2.67676
vt 3.12185 2.67676
vt 3.12954 2.66714
vt 2.12548 -0.06529
vt 2.16873 -0.11762
vt 2.17489 -0.11023
vt 2.11565 -0.07708
vt -0.20114 -1.11591
vt -0.18463 -1.13656
vt -0.18348 -1.11591
vt -0.19998 -1.13656
vt -3.02092 1.67825
vt -3.03832 1.66058
vt -3.02092 1.66058
vt -3.03832 1.67825
vt 2.27149 4.69022
vt 2.27623 4.70627
vt 2.26608 4.69842
vt 2.28270 4.69644
vt 2.29734 3.59257
vt 2.29872 3.60967
vt 2.28983 3.60162
vt 2.30689 3.59982
vt 0.19870 2.92185
vt 0.18591 2.99581
vt 0.18591 2.92185
vt 0.19870 2.99581
vt -1.05959 5.21888
vt -1.05768 5.24540
vt -1.07226 5.23709
vt -1.04848 5.22522
vt -2.40344 4.57220
vt -2.40226 4.59094
vt -2.41031 4.57522
vt -2.39579 4.58714
vt 2.63904 4.97436
vt 2.62474 4.98306
vt 2.62625 4.97335
vt 2.63723 4.98599
vt 2.38690 5.01843
vt 2.37847 5.02514
vt 2.38177 5.01688
vt 2.38326 5.02755
vt 2.75284 5.04651
vt 2.74244 5.05524
vt 2.74406 5.04576
vt 2.75097 5.05744
vt 3.14516 3.77318
vt 3.13700 3.78426
vt 3.13700 3.77318
vt 3.14516 3.78426
vt 2.30969 4.96758
vt 2.31072 4.98111
vt 2.30404 4.97537
vt 2.31722 4.97213
vt 3.12185 1.29881
vt 3.12954 1.30843
vt 3.12185 1.30843
vt 3.12954 1.29881
vt -0.19998 -1.62635
vt -0.18750 -1.69307
vt -0.18463 -1.62635
vt -0.19712 -1.69307
vt -2.06183 0.23426
vt -2.06361 0.20789
vt -2.04880 0.22232
vt -2.07492 0.21825
vt -3.02092 2.99194
vt -3.03832 2.97428
vt -3.02092 2.97428
vt -3.03832 2.99194
vt 1.60935 4.68304
vt 1.60760 4.69969
vt 1.60122 4.68856
vt 1.61733 4.69308
vt 2.08532 4.92548
vt 2.08392 4.93617
vt 2.07994 4.93257
vt 2.08986 4.92833
vt 0.18642 4.10950
vt 0.19870 4.12148
vt 0.18591 4.12148
vt 0.19819 4.10950
vt -2.92185 1.67581
vt -2.99581 1.66302
vt -2.92185 1.66302
vt -2.99581 1.67581
vt -1.81117 5.20568
vt -1.81942 5.23096
vt -1.82978 5.21775
vt -1.80328 5.21575
vt -2.63948 4.87083
vt -2.63673 4.85224
vt -2.63235 4.86844
vt -2.64408 4.85377
vt 2.51015 5.03100
vt 2.50325 5.03927
vt 2.50481 5.03051
vt 2.50842 5.04067
vt 3.14516 4.51007
vt 3.13700 4.52115
vt 3.13700 4.51007
vt 3.14516 4.52115
vt 2.47550 3.12886
vt 2.47092 3.14153
vt 2.46723 3.13107
vt 2.47875 3.13807
vt 3.13700 2.66641
vt 3.14516 2.67749
vt 3.13700 2.67749
vt 3.14516 2.66641
vt 1.58187 5.03638
vt 1.57767 5.04928
vt 1.57369 5.04143
vt 1.58711 5.04347
vt 0.19712 3.12185
vt 0.18750 3.12954
vt 0.18750 3.12185
vt 0.19712 3.12954
vt -2.38452 0.19498
vt -2.42776 0.14265
vt -2.37469 0.18319
vt -2.43393 0.15004
vt -2.64362 2.03920
vt -2.65493 2.01531
vt -2.63587 2.02332
vt -2.66166 2.02911
vt -3.03832 4.01363
vt -3.02092 3.99596
vt -3.02092 4.01363
vt -3.03177 3.99596
vt -3.03832 3.99893
vt 1.41478 4.95097
vt 1.40943 4.96034
vt 1.40712 4.95550
vt 1.41790 4.95534
vt 0.18739 4.86277
vt 0.19819 4.87556
vt 0.18642 4.87556
vt 0.19722 4.86277
vt -2.03910 3.85361
vt -2.04048 3.87071
vt -2.04865 3.86086
vt -2.03159 3.86266
vt -2.92185 2.98950
vt -2.99581 2.97671
vt -2.92185 2.97671
vt -2.99581 2.98950
vt -2.18679 5.25001
vt -2.17204 5.22790
vt -2.16715 5.23971
vt -2.19322 5.23451
vt -2.72882 5.00685
vt -2.72344 4.98885
vt -2.72143 5.00551
vt -2.72619 4.98939
vt -2.72995 4.99742
vt -2.72623 4.98902
vt 2.61071 4.15489
vt 2.60390 4.16652
vt 2.60218 4.15557
vt 2.61223 4.16455
vt 2.29919 3.14243
vt 2.29397 3.15420
vt 2.29031 3.14514
vt 2.30224 3.14998
vt 2.14419 1.78778
vt 2.14549 1.77437
vt 2.15092 1.78250
vt 2.13803 1.77857
vt 3.13700 1.29808
vt 3.14516 1.30917
vt 3.13700 1.30917
vt 3.14516 1.29808
vt 0.18750 5.20936
vt 0.19785 5.21814
vt 0.18677 5.21814
vt 0.19712 5.20936
vt -3.12185 1.67422
vt -3.12954 1.66461
vt -3.12185 1.66461
vt -3.12954 1.67422
vt -2.83104 2.13605
vt -2.88920 2.10103
vt -2.82568 2.12167
vt -2.89256 2.11004
vt -2.81587 3.41936
vt -2.81394 3.40575
vt -2.81220 3.40513
vt -2.83557 3.41309
vt -2.83263 3.40166
vt -0.14200 4.51134
vt -0.14956 4.50364
vt -0.14114 4.50364
vt -0.14374 4.51831
vt -0.14479 4.51982
vt -0.15323 4.51831
vt -0.15418 4.51982
vt -3.02092 4.64329
vt -3.02454 4.64051
vt -3.02092 4.63379
vt -3.03177 4.64329
vt 0.18786 5.07941
vt 0.19722 5.08475
vt 0.18739 5.08475
vt 0.19676 5.07941
vt -1.27475 4.84142
vt -1.27300 4.85807
vt -1.28274 4.85146
vt -1.26662 4.84694
vt -2.55621 4.12416
vt -2.56317 4.13984
vt -2.56762 4.12785
vt -2.55212 4.13519
vt -2.92185 4.01119
vt -2.94670 4.00276
vt -2.92185 3.99840
vt -2.99581 4.01119
vt -2.94143 3.99840
vt -2.98131 4.00276
vt -2.98714 3.99840
vt -2.99581 3.99840
vt -2.32787 5.15117
vt -2.33054 5.13863
vt -2.32994 5.14000
vt -2.34923 5.15716
vt -2.35229 5.14066
vt -0.13906 5.68923
vt -0.14622 5.68039
vt -0.13840 5.68039
vt -0.14713 5.68923
vt -0.14114 5.69657
vt -0.14892 5.69557
vt -0.14956 5.69657
vt 2.46035 4.14027
vt 2.45283 4.15073
vt 2.45110 4.14111
vt 2.46179 4.14828
vt 3.65273 3.77465
vt 3.16031 3.78279
vt 3.16031 3.77465
vt 3.65273 3.78279
vt 1.92694 1.89623
vt 1.92885 1.88350
vt 1.93380 1.88997
vt 1.92101 1.88847
vt 1.35760 0.32559
vt 1.35368 0.31270
vt 1.36180 0.31814
vt 1.34839 0.31943
vt 0.19785 3.13700
vt 0.18677 3.14516
vt 0.18677 3.13700
vt 0.19785 3.14516
vt -1.23772 5.17523
vt -1.23352 5.18814
vt -1.24296 5.18232
vt -1.22954 5.18028
vt -3.12185 2.98792
vt -3.12954 2.97830
vt -3.12185 2.97830
vt -3.12954 2.98792
vt -2.93955 3.51070
vt -2.94014 3.49847
vt -2.93727 3.49913
vt -3.00446 3.49500
vt -2.94425 3.49447
vt -3.00261 3.48556
vt 0.15069 -2.09600
vt 0.15418 -2.07780
vt 0.14479 -2.07780
vt 0.15128 -2.09889
vt 0.15938 -2.09889
vt 0.15893 -2.09600
vt -1.06655 5.08066
vt -1.06121 5.09002
vt -1.06967 5.08502
vt -1.05889 5.08518
vt -2.00995 4.89053
vt -2.01469 4.90658
vt -2.02116 4.89676
vt -2.00454 4.89874
vt -2.70774 4.61781
vt -2.69835 4.60346
vt -2.69608 4.61501
vt -2.71020 4.60526
vt -2.99581 4.64086
vt -2.98984 4.63913
vt -2.98714 4.64086
vt -2.99560 4.63057
vt -2.99581 4.62949
vt 0.16156 -0.05384
vt 0.15588 -0.05069
vt 0.15535 -0.05384
vt 0.15845 -0.04387
vt 0.16532 -0.04387
vt -0.16532 2.98131
vt -0.15845 2.94670
vt -0.15845 2.98131
vt -0.16532 2.94670
vt -0.15588 5.13272
vt -0.16138 5.12933
vt -0.15527 5.12933
vt -0.15845 5.13906
vt -0.16532 5.13906
vt -2.94143 4.64086
vt -2.92185 4.62807
vt -2.92185 4.64086
vt -2.93861 4.63887
vt -2.93321 4.63035
vt -2.93278 4.62807
vt 3.65273 4.51154
vt 3.16031 4.51968
vt 3.16031 4.51154
vt 3.65273 4.51968
vt 3.16031 2.66788
vt 3.65273 2.67602
vt 3.16031 2.67602
vt 3.65273 2.66788
vt 1.14409 0.63568
vt 1.14102 0.62317
vt 1.14805 0.62728
vt 1.13565 0.63075
vt -0.19785 -0.39955
vt -0.18742 -0.40808
vt -0.18677 -0.39955
vt -0.19719 -0.40808
vt -3.13700 1.67496
vt -3.14516 1.66387
vt -3.13700 1.66387
vt -3.14516 1.67496
vt -2.03072 5.14969
vt -2.03175 5.16322
vt -2.03826 5.15425
vt -2.02508 5.15748
vt -3.12954 4.00960
vt -3.12185 3.99998
vt -3.12185 4.00960
vt -3.12954 3.99998
vt -3.04024 4.38950
vt -2.99202 4.38933
vt -2.98171 4.39720
vt -2.99413 4.38196
vt -3.03940 4.37992
vt 0.15117 0.29611
vt 0.15128 0.31473
vt 0.15049 0.30906
vt 0.15745 0.29611
vt 0.15732 0.30307
vt 0.15938 0.31473
vt -1.79829 5.09842
vt -1.79690 5.10912
vt -1.80283 5.10128
vt -1.79292 5.10552
vt -2.32091 5.05337
vt -2.31238 5.03897
vt -2.30915 5.04825
vt -2.32478 5.04226
vt -2.75890 4.90031
vt -2.74803 4.88703
vt -2.74701 4.89876
vt -2.76002 4.88757
vt 0.15855 2.20554
vt 0.15535 2.21551
vt 0.15270 2.20554
vt 0.16089 2.21439
vt 0.16156 2.21551
vt -0.15263 5.63674
vt -0.16089 5.64568
vt -0.15848 5.63674
vt -0.15527 5.64648
vt -0.16138 5.64648
vt 3.16031 1.29955
vt 3.65273 1.30770
vt 3.16031 1.30770
vt 3.65273 1.29955
vt -0.19719 0.06905
vt -0.18824 0.05979
vt -0.18742 0.06905
vt -0.19638 0.05979
vt -1.69361 0.48124
vt -1.68969 0.46835
vt -1.68440 0.47507
vt -1.69781 0.47379
vt -3.13700 2.98865
vt -3.14516 2.97757
vt -3.13700 2.97757
vt -3.14516 2.98865
vt -2.38931 5.20770
vt -2.38481 5.19489
vt -2.38137 5.20388
vt -2.39327 5.19735
vt -3.12954 4.63927
vt -3.12185 4.62965
vt -3.12185 4.63927
vt -3.12954 4.62965
vt -2.14035 5.17392
vt -2.13887 5.16324
vt -2.13557 5.17150
vt -2.14400 5.16479
vt -2.44596 5.07652
vt -2.43498 5.06389
vt -2.43347 5.07360
vt -2.44777 5.06490
vt 0.19638 3.16031
vt 0.18824 3.65273
vt 0.18824 3.16031
vt 0.19638 3.65273
vt -1.49319 0.76331
vt -1.49013 0.75080
vt -1.48476 0.75838
vt -1.49716 0.75491
vt -2.40819 1.98565
vt -2.40949 1.97224
vt -2.40203 1.97644
vt -2.41492 1.98037
vt -3.14516 4.01033
vt -3.13700 3.99925
vt -3.13700 4.01033
vt -3.14516 3.99925
vt -2.54110 5.14212
vt -2.53419 5.13043
vt -2.53257 5.13991
vt -2.54297 5.13119
vt -2.28937 5.12225
vt -2.28576 5.11209
vt -2.28419 5.12085
vt -2.29110 5.11257
vt -3.16031 1.67349
vt -3.65273 1.66534
vt -3.16031 1.66534
vt -3.65273 1.67349
vt -2.21575 2.06708
vt -2.21766 2.05434
vt -2.20982 2.05932
vt -2.22261 2.06081
vt -2.69627 3.30111
vt -2.68475 3.29411
vt -2.68844 3.30456
vt -2.69302 3.29189
vt -3.14516 4.64000
vt -3.13700 4.62892
vt -3.13700 4.64000
vt -3.14516 4.62892
vt -3.16031 2.98718
vt -3.65273 2.97904
vt -3.16031 2.97904
vt -3.65273 2.98718
vt -2.54720 3.29489
vt -2.53527 3.29005
vt -2.53893 3.29911
vt -2.54415 3.28734
vt -2.80603 4.25432
vt -2.79598 4.24535
vt -2.79770 4.25629
vt -2.80451 4.24467
vt -3.65273 4.00886
vt -3.16031 4.00072
vt -3.16031 4.00886
vt -3.65273 4.00072
vt -2.68293 4.22913
vt -2.67224 4.22196
vt -2.67397 4.23158
vt -2.68149 4.22112
vt -3.65273 4.63853
vt -3.16031 4.63039
vt -3.16031 4.63853
vt -3.65273 4.63039
vt -2.86195 4.32688
vt -2.85203 4.31445
vt -2.85032 4.32445
vt -2.86380 4.31601
vt -2.78187 3.71235
vt -2.77383 3.69862
vt -2.77071 3.70828
vt -2.78526 3.70185
vt -2.88706 4.75442
vt -2.87603 4.74295
vt -2.87526 4.75307
vt -2.88790 4.74342
vt -2.62445 4.77168
vt -2.61534 4.75912
vt -2.61284 4.76722
vt -2.62744 4.76199
vt -2.40208 4.50887
vt -2.39608 4.49456
vt -2.39180 4.50187
vt -2.40721 4.50011
vt -2.42419 3.36604
vt -2.42077 3.35050
vt -2.41483 3.35873
vt -2.43065 3.35709
vt -2.70699 4.93788
vt -2.69597 4.92696
vt -2.69481 4.93535
vt -2.70838 4.92783
vt -2.49384 4.91453
vt -2.49174 4.90519
vt -2.48915 4.91242
vt -2.49671 4.90655
vt -1.76350 4.46534
vt -1.76337 4.44983
vt -1.75663 4.45498
vt -1.77157 4.45919
vt -2.22645 4.75045
vt -2.22675 4.74089
vt -2.22243 4.74723
vt -2.23122 4.74344
vt -0.19782 3.97743
vt -0.18723 3.96556
vt -0.18679 3.97743
vt -0.19738 3.96556
vt -2.59967 4.99506
vt -2.59588 4.98627
vt -2.59466 4.99385
vt -2.60101 4.98669
vt -0.19738 4.69404
vt -0.18807 4.68163
vt -0.18723 4.69404
vt -0.19655 4.68163
vt -1.55759 4.74877
vt -1.56151 4.74005
vt -1.55510 4.74426
vt -1.56467 4.74411
vt 2.18739 3.64622
vt 2.18397 3.63069
vt 2.19385 3.63728
vt 2.17803 3.63892
vt -0.19655 4.91049
vt -0.18847 4.90536
vt -0.18807 4.91049
vt -0.19614 4.90536
vt 1.44210 4.64717
vt 1.44197 4.63166
vt 1.45017 4.64101
vt 1.43523 4.63680
vt 2.63573 3.99213
vt 2.62769 3.97841
vt 2.63912 3.98164
vt 2.62457 3.98806
vt 1.21969 4.90069
vt 1.22362 4.89197
vt 1.22678 4.89604
vt 1.21721 4.89618
vt 2.16185 4.72877
vt 2.15584 4.71447
vt 2.16698 4.72002
vt 2.15156 4.72178
vt 2.75381 4.52659
vt 2.74033 4.53503
vt 2.74203 4.52502
vt 2.75195 4.53746
vt 1.95911 4.94494
vt 1.95941 4.93538
vt 1.96388 4.93793
vt 1.95509 4.94172
vt 2.43420 4.93888
vt 2.41959 4.94411
vt 2.42210 4.93601
vt 2.43120 4.94858
vt 2.79326 4.85540
vt 2.78062 4.86505
vt 2.78139 4.85494
vt 2.79242 4.86640
vt 2.27563 5.06738
vt 2.26807 5.07325
vt 2.27066 5.06603
vt 2.27276 5.07536
vt 2.53794 5.02425
vt 2.52437 5.03178
vt 2.52554 5.02338
vt 2.53655 5.03430
vt 2.40373 5.07539
vt 2.39738 5.08255
vt 2.39860 5.07498
vt 2.40238 5.08376
vt 0.22858 5.17162
vt 0.20136 5.16730
vt 0.21531 5.16730
vt 0.18809 5.17162
vt 0.23987 5.17982
vt 0.17680 5.17982
vt 0.24807 5.19110
vt 0.16860 5.19110
vt 0.25238 5.20437
vt 0.16429 5.20437
vt 0.25238 5.21833
vt 0.16429 5.21833
vt 0.24807 5.23159
vt 0.16860 5.23159
vt 0.23987 5.24288
vt 0.17680 5.24288
vt 0.22858 5.25108
vt 0.18809 5.25108
vt 0.21531 5.25539
vt 0.20136 5.25539
vt 0.22212 5.18429
vt 0.20358 5.18135
vt 0.21308 5.18135
vt 0.21274 5.18350
vt 0.22113 5.18623
vt 0.22981 5.18988
vt 0.22827 5.19141
vt 0.23539 5.19756
vt 0.23346 5.19855
vt 0.23833 5.20660
vt 0.23618 5.20694
vt 0.23833 5.21610
vt 0.23618 5.21576
vt 0.23346 5.22415
vt 0.23539 5.22514
vt 0.22827 5.23129
vt 0.22981 5.23282
vt 0.22113 5.23647
vt 0.22212 5.23841
vt 0.21274 5.23920
vt 0.21308 5.24134
vt 0.20392 5.23920
vt 0.20392 5.18350
vt 0.19455 5.18429
vt 0.19553 5.18623
vt 0.18686 5.18988
vt 0.18840 5.19141
vt 0.18127 5.19756
vt 0.18321 5.19855
vt 0.17834 5.20660
vt 0.18049 5.20694
vt 0.17834 5.21610
vt 0.18049 5.21576
vt 0.18321 5.22415
vt 0.18127 5.22514
vt 0.18840 5.23129
vt 0.18686 5.23282
vt 0.19553 5.23647
vt 0.19455 5.23841
vt 0.20358 5.24134
vt 0.22332 5.15542
vt 0.19335 5.15542
vt 0.20833 5.15344
vt 0.23729 5.16120
vt 0.17938 5.16120
vt 0.24928 5.17040
vt 0.16739 5.17040
vt 0.25848 5.18240
vt 0.15819 5.18240
vt 0.26427 5.19636
vt 0.15240 5.19636
vt 0.15043 5.21135
vt 0.26624 5.21135
vt 0.26427 5.22634
vt 0.15240 5.22634
vt 0.25848 5.24030
vt 0.15819 5.24030
vt 0.24928 5.25229
vt 0.16739 5.25229
vt 0.23729 5.26150
vt 0.17938 5.26150
vt 0.22332 5.26728
vt 0.19335 5.26728
vt 0.20833 5.26925
vt 0.22053 5.16584
vt 0.19614 5.16584
vt 0.20833 5.16424
vt 0.23189 5.17055
vt 0.24165 5.17803
vt 0.24914 5.18779
vt 0.25384 5.19915
vt 0.25545 5.21135
vt 0.25384 5.22354
vt 0.24914 5.23491
vt 0.24165 5.24466
vt 0.23189 5.25215
vt 0.22053 5.25686
vt 0.18478 5.17055
vt 0.17502 5.17803
vt 0.16753 5.18779
vt 0.16283 5.19915
vt 0.16122 5.21135
vt 0.16283 5.22354
vt 0.16753 5.23491
vt 0.17502 5.24466
vt 0.18478 5.25215
vt 0.19614 5.25686
vt 0.20833 5.25846
vt 0.21937 5.18968
vt 0.20453 5.18733
vt 0.21214 5.18733
vt 0.19729 5.18968
vt 0.22553 5.19416
vt 0.19114 5.19416
vt 0.23000 5.20031
vt 0.18667 5.20031
vt 0.18432 5.20755
vt 0.23235 5.20755
vt 0.23235 5.21515
vt 0.18432 5.21515
vt 0.23000 5.22239
vt 0.18667 5.22239
vt 0.22553 5.22854
vt 0.19114 5.22854
vt 0.19729 5.23301
vt 0.21937 5.23301
vt 0.21214 5.23536
vt 0.20453 5.23536
vt -0.26578 3.59198
vt -0.25533 3.58634
vt -0.25703 3.59198
vt -0.26723 3.60210
vt -0.25894 3.60352
vt -0.16133 3.58634
vt -0.15089 3.59198
vt -0.15963 3.59198
vt -0.14943 3.60210
vt -0.15772 3.60352
vt 0.24458 5.75291
vt 0.25091 5.75291
vt 0.24661 5.75747
vt 0.25259 5.75650
vt 0.24635 4.44671
vt 0.25229 4.44768
vt 0.24527 4.44914
vt 0.25160 4.44914
vt 0.16576 5.75291
vt 0.17209 5.75291
vt 0.16408 5.75650
vt 0.17005 5.75747
vt 0.16438 4.44768
vt 0.17031 4.44671
vt 0.17140 4.44914
vt 0.16507 4.44914
vt -4.34040 5.21833
vt -3.97790 5.20437
vt -3.97790 5.21833
vt -4.34040 5.20437
vt -4.34040 4.89888
vt -3.97790 4.88493
vt -3.97790 4.89888
vt -4.34040 4.88493
vt -4.34040 4.10059
vt -3.97790 4.08664
vt -3.97790 4.10059
vt -4.34040 4.08664
vt -4.34040 2.88763
vt -3.97790 2.90159
vt -4.34040 2.90159
vt -3.97790 2.88763
vt -4.34040 1.40528
vt -3.97790 1.41923
vt -4.34040 1.41923
vt -3.97790 1.40528
vt -0.21531 4.34040
vt -0.20136 3.97790
vt -0.20136 4.34040
vt -0.21531 3.97790
vt 4.34040 1.81551
vt 3.97790 1.80156
vt 4.34040 1.80156
vt 3.97790 1.81551
vt 4.34040 3.23868
vt 3.97790 3.22472
vt 4.34040 3.22472
vt 3.97790 3.23868
vt 4.34040 4.33155
vt 3.97790 4.34550
vt 3.97790 4.33155
vt 4.34040 4.34550
vt 4.34040 5.01369
vt 3.97790 5.02764
vt 3.97790 5.01369
vt 4.34040 5.02764
vt 4.34040 5.20437
vt 3.97790 5.21833
vt 3.97790 5.20437
vt 4.34040 5.21833
vt -3.82281 5.21833
vt -3.80994 5.20486
vt -3.80994 5.21784
vt -3.82281 5.20437
vt -3.80927 4.61730
vt -3.79539 4.60487
vt -3.79640 4.61781
vt -3.80819 4.60339
vt -3.75583 3.50873
vt -3.74083 3.49767
vt -3.74306 3.51046
vt -3.75344 3.49499
vt -3.59527 1.85543
vt -3.58726 1.87225
vt -3.59964 1.86868
vt -3.58319 1.85993
vt -2.98338 -0.45308
vt -2.98100 -0.43461
vt -2.99166 -0.44185
vt -2.97331 -0.44505
vt 0.21531 -2.62474
vt 0.20185 -2.61186
vt 0.20136 -2.62474
vt 0.21482 -2.61186
vt 3.24331 -0.15238
vt 3.24093 -0.13390
vt 3.23323 -0.14435
vt 3.25159 -0.14115
vt 3.75649 2.15722
vt 3.74848 2.17404
vt 3.74442 2.16171
vt 3.76086 2.17047
vt 3.87494 3.72243
vt 3.86457 3.73791
vt 3.86234 3.72512
vt 3.87734 3.73618
vt 3.91279 4.72439
vt 3.90100 4.73882
vt 3.89999 4.72588
vt 3.91387 4.73830
vt 3.92259 5.20437
vt 3.90972 5.21784
vt 3.90972 5.20486
vt 3.92259 5.21833
vt -3.42555 5.21784
vt -3.41619 5.20556
vt -3.41619 5.21714
vt -3.42555 5.20486
vt -3.38260 4.44017
vt -3.37150 4.42943
vt -3.37324 4.44089
vt -3.38065 4.42734
vt -3.22334 3.23435
vt -3.21052 3.22574
vt -3.21426 3.23671
vt -3.21916 3.22207
vt -2.81843 1.61961
vt -2.81721 1.63500
vt -2.82546 1.63051
vt -2.81094 1.62526
vt -1.82334 -0.16172
vt -1.82810 -0.14702
vt -1.83400 -0.15432
vt -1.81858 -0.15363
vt 0.21482 -1.08313
vt 0.20254 -1.07377
vt 0.20185 -1.08313
vt 0.21413 -1.07377
vt 2.18327 0.01469
vt 2.18803 0.02938
vt 2.17851 0.02277
vt 2.19393 0.02209
vt 3.09741 1.84085
vt 3.09620 1.85624
vt 3.08992 1.84650
vt 3.10444 1.85175
vt 3.44745 3.40311
vt 3.44255 3.41775
vt 3.43881 3.40678
vt 3.45163 3.41539
vt 3.58344 4.52673
vt 3.57603 4.54028
vt 3.57429 4.52882
vt 3.58539 4.53956
vt 3.62063 5.20486
vt 3.61127 5.21714
vt 3.61127 5.20556
vt 3.62063 5.21784
vt -2.00907 5.20660
vt -2.01693 5.21714
vt -2.01693 5.20556
vt -2.00907 5.21610
vt -1.92863 4.54000
vt -1.93898 4.54811
vt -1.93594 4.53693
vt -1.93112 4.54917
vt -1.67851 3.76507
vt -1.69071 3.76999
vt -1.68468 3.76009
vt -1.68345 3.77318
vt -1.23253 2.98957
vt -1.24565 2.99054
vt -1.23689 2.98294
vt -1.23971 2.99579
vt -0.58094 2.39455
vt -0.59361 2.39104
vt -0.58281 2.38685
vt -0.58980 2.39799
vt 0.21308 2.18219
vt 0.20254 2.17433
vt 0.21413 2.17433
vt 0.20358 2.18219
vt 1.00207 2.43376
vt 0.98940 2.43728
vt 0.99127 2.42957
vt 0.99826 2.44072
vt 1.63473 3.05639
vt 1.62162 3.05542
vt 1.62598 3.04880
vt 1.62880 3.06165
vt 2.05927 3.83237
vt 2.04707 3.82745
vt 2.05324 3.82247
vt 2.05201 3.83556
vt 2.29312 4.58516
vt 2.28277 4.57705
vt 2.29008 4.57398
vt 2.28526 4.58622
vt 2.36599 5.21714
vt 2.35813 5.20660
vt 2.36599 5.20556
vt 2.35813 5.21610
vt 3.95713 5.20660
vt 3.95284 5.21610
vt 3.95284 5.20660
vt 3.95713 5.21610
vt 3.95713 4.88716
vt 3.95284 4.89666
vt 3.95284 4.88716
vt 3.95713 4.89666
vt 3.95713 4.08886
vt 3.95284 4.09837
vt 3.95284 4.08886
vt 3.95713 4.09837
vt 3.95284 2.88986
vt 3.95713 2.89936
vt 3.95284 2.89936
vt 3.95713 2.88986
vt 3.95284 1.40751
vt 3.95713 1.41701
vt 3.95284 1.41701
vt 3.95713 1.40751
vt 0.21308 3.95284
vt 0.20358 3.95713
vt 0.20358 3.95284
vt 0.21308 3.95713
vt -3.95284 1.81328
vt -3.95713 1.80378
vt -3.95284 1.80378
vt -3.95713 1.81328
vt -3.95284 3.23645
vt -3.95713 3.22695
vt -3.95284 3.22695
vt -3.95713 3.23645
vt -3.95713 4.34328
vt -3.95284 4.33378
vt -3.95284 4.34328
vt -3.95713 4.33378
vt -3.95713 5.02542
vt -3.95284 5.01592
vt -3.95284 5.02542
vt -3.95713 5.01592
vt -3.95713 5.21610
vt -3.95284 5.20660
vt -3.95284 5.21610
vt -3.95713 5.20660
vt 4.48279 3.43419
vt 4.46476 3.45401
vt 4.46177 3.43919
vt 4.48608 3.45047
vt 4.34487 2.03061
vt 4.32958 2.05262
vt 4.32468 2.03832
vt 4.35025 2.04633
vt 4.74040 4.25296
vt 4.65290 4.26957
vt 4.65290 4.25296
vt 4.74040 4.26957
vt 4.53731 4.42079
vt 4.51756 4.43890
vt 4.51592 4.42387
vt 4.53911 4.43730
vt 4.63206 4.25371
vt 4.34873 4.26883
vt 4.34873 4.25371
vt 4.63206 4.26883
vt 4.74040 3.34606
vt 4.65290 3.32944
vt 4.74040 3.32944
vt 4.65290 3.34606
vt 4.63206 3.34531
vt 4.34873 3.33019
vt 4.63206 3.33019
vt 4.34873 3.34531
vt 3.92041 0.09163
vt 3.91068 0.11660
vt 3.90258 0.10383
vt 3.92931 0.10565
vt 4.74040 4.88608
vt 4.65290 4.90269
vt 4.65290 4.88608
vt 4.74040 4.90269
vt 4.55799 5.03097
vt 4.53696 5.04757
vt 4.53644 5.03247
vt 4.55856 5.04757
vt 4.63206 4.88683
vt 4.34873 4.90194
vt 4.34873 4.88683
vt 4.63206 4.90194
vt 4.18513 3.48017
vt 4.17965 3.49642
vt 4.17672 3.48222
vt 4.18818 3.49498
vt 4.74040 2.19508
vt 4.65290 2.17847
vt 4.74040 2.17847
vt 4.65290 2.19508
vt 4.05216 2.10932
vt 4.04889 2.12616
vt 4.04410 2.11247
vt 4.05716 2.12359
vt 4.63206 2.19433
vt 4.34873 2.17921
vt 4.63206 2.17921
vt 4.34873 2.19433
vt 2.21255 -2.41982
vt 2.18870 -2.40761
vt 2.19770 -2.42725
vt 2.20222 -2.40084
vt 4.74040 5.18565
vt 4.65290 5.20226
vt 4.65290 5.18565
vt 4.74040 5.20226
vt 4.55856 5.29215
vt 4.53644 5.30725
vt 4.53696 5.29215
vt 4.55799 5.30875
vt 4.63206 5.18640
vt 4.34873 5.20152
vt 4.34873 5.18640
vt 4.63206 5.20152
vt 4.23776 4.44527
vt 4.23080 4.46095
vt 4.22920 4.44653
vt 4.23943 4.46030
vt -4.63206 5.20152
vt -4.34873 5.18640
vt -4.34873 5.20152
vt -4.63206 5.18640
vt -4.63206 5.14713
vt -4.34873 5.13201
vt -4.34873 5.14713
vt -4.63206 5.13201
vt -4.63206 4.74249
vt -4.34873 4.72738
vt -4.34873 4.74249
vt -4.63206 4.72738
vt -4.63206 4.01517
vt -4.34873 4.00006
vt -4.34873 4.01517
vt -4.63206 4.00006
vt -4.63206 2.99963
vt -4.34873 3.01474
vt -4.63206 3.01474
vt -4.34873 2.99963
vt -4.63206 1.79426
vt -4.34873 1.80938
vt -4.63206 1.80938
vt -4.34873 1.79426
vt -4.63206 0.46611
vt -4.34873 0.48123
vt -4.63206 0.48123
vt -4.34873 0.46611
vt 4.63206 0.89433
vt 4.34873 0.87921
vt 4.63206 0.87921
vt 4.34873 0.89433
vt 4.63206 5.13201
vt 4.34873 5.14713
vt 4.34873 5.13201
vt 4.63206 5.14713
vt 3.62109 3.14906
vt 3.61713 3.16550
vt 3.61231 3.15321
vt 3.62639 3.16256
vt 4.74040 0.89507
vt 4.65290 0.87846
vt 4.74040 0.87846
vt 4.65290 0.89507
vt 3.64551 0.23247
vt 3.64631 0.24960
vt 3.63842 0.23743
vt 3.65373 0.24515
vt 3.26926 1.82376
vt 3.26887 1.84067
vt 3.26155 1.82968
vt 3.27730 1.83583
vt -1.82191 -2.59941
vt -1.82643 -2.57300
vt -1.83676 -2.59197
vt -1.81291 -2.57977
vt 4.74040 5.13127
vt 4.65290 5.14788
vt 4.65290 5.13127
vt 4.74040 5.14788
vt 4.25772 5.03900
vt 4.24959 5.05411
vt 4.24908 5.03962
vt 4.25825 5.05411
vt 3.78811 4.19329
vt 3.78150 4.20885
vt 3.77876 4.19593
vt 3.79112 4.20748
vt -4.44755 5.35934
vt -4.42652 5.34274
vt -4.42599 5.35785
vt -4.44812 5.34274
vt -4.14484 5.35142
vt -4.13672 5.33631
vt -4.13621 5.35081
vt -4.14538 5.33631
vt -4.44812 4.99698
vt -4.42599 4.98187
vt -4.42652 4.99698
vt -4.44755 4.98038
vt -4.14538 5.00368
vt -4.13621 4.98919
vt -4.13672 5.00368
vt -4.14484 4.98858
vt -4.42122 4.28975
vt -4.39803 4.27632
vt -4.39967 4.29134
vt -4.41942 4.27323
vt -4.11897 4.31327
vt -4.10874 4.29951
vt -4.11034 4.31392
vt -4.11730 4.29825
vt -4.35071 3.21902
vt -4.32640 3.20775
vt -4.32939 3.22256
vt -4.34742 3.20274
vt -4.04995 3.26450
vt -4.03848 3.25174
vt -4.04141 3.26594
vt -4.04690 3.24969
vt -4.17461 1.73952
vt -4.15933 1.76153
vt -4.18000 1.75524
vt -4.15443 1.74723
vt -3.87856 1.81988
vt -3.87529 1.83671
vt -3.88355 1.83414
vt -3.87049 1.82302
vt -3.67870 -0.21090
vt -3.66898 -0.18593
vt -3.68760 -0.19687
vt -3.66087 -0.19869
vt -3.40003 -0.06714
vt -3.40084 -0.05001
vt -3.40826 -0.05446
vt -3.39294 -0.06218
vt -1.65404 -2.31692
vt -1.66353 -2.30263
vt -1.66762 -2.31027
vt -1.65051 -2.30901
vt 2.04502 -2.14166
vt 2.02792 -2.14040
vt 2.03145 -2.14831
vt 2.04094 -2.13402
vt 4.25825 5.28589
vt 4.24908 5.30038
vt 4.24959 5.28589
vt 4.25772 5.30099
vt 1.44987 4.21573
vt 1.43947 4.20751
vt 1.44216 4.20502
vt 1.44666 4.21749
vt -4.74040 0.46536
vt -4.65290 0.48197
vt -4.74040 0.48197
vt -4.65290 0.46536
vt 2.53546 0.33274
vt 2.54012 0.34899
vt 2.52986 0.34069
vt 2.54673 0.34187
vt 1.18016 3.84124
vt 1.16798 3.83599
vt 1.16994 3.83289
vt 1.17751 3.84378
vt 3.85659 4.93885
vt 3.84785 4.95332
vt 3.84696 4.94016
vt 3.85757 4.95332
vt 1.63101 4.62427
vt 1.62300 4.61371
vt 1.62622 4.61197
vt 1.62746 4.62517
vt -4.74040 5.20226
vt -4.65290 5.18565
vt -4.65290 5.20226
vt -4.74040 5.18565
vt -3.64221 5.45814
vt -3.63347 5.44367
vt -3.63258 5.45684
vt -3.64318 5.44367
vt -4.74040 5.14788
vt -4.65290 5.13127
vt -4.65290 5.14788
vt -4.74040 5.13127
vt -3.64318 4.91325
vt -3.63258 4.90008
vt -3.63347 4.91325
vt -3.64221 4.89877
vt -4.74040 4.74324
vt -4.65290 4.72663
vt -4.65290 4.74324
vt -4.74040 4.72663
vt -3.56554 4.09226
vt -3.55318 4.08072
vt -3.55592 4.09363
vt -3.56253 4.07807
vt -4.74040 4.01592
vt -4.65290 3.99931
vt -4.65290 4.01592
vt -4.74040 3.99931
vt -3.37642 2.98816
vt -3.36233 2.97881
vt -3.36715 2.99109
vt -3.37112 2.97466
vt -4.74040 2.99888
vt -4.65290 3.01549
vt -4.74040 3.01549
vt -4.65290 2.99888
vt -2.97804 1.62058
vt -2.97765 1.63749
vt -2.98609 1.63265
vt -2.97034 1.62650
vt -4.74040 1.79352
vt -4.65290 1.81013
vt -4.74040 1.81013
vt -4.65290 1.79352
vt -2.18503 0.15376
vt -2.18969 0.17001
vt -2.19630 0.16289
vt -2.17943 0.16171
vt -0.72669 -0.95168
vt -0.73768 -0.93884
vt -0.74073 -0.94807
vt -0.72490 -0.94213
vt 1.13367 -0.87560
vt 1.14467 -0.86275
vt 1.13189 -0.86604
vt 1.14772 -0.87198
vt 3.85757 5.40359
vt 3.84696 5.41676
vt 3.84785 5.40359
vt 3.85659 5.41806
vt -4.34040 4.26742
vt -4.33081 4.25512
vt -4.33081 4.26742
vt -4.34040 4.25512
vt 0.83212 3.54846
vt 0.81899 3.54664
vt 0.82004 3.54313
vt 0.83024 3.55161
vt -4.33081 3.34390
vt -4.34040 3.33160
vt -4.33081 3.33160
vt -4.34040 3.34390
vt 1.72078 5.02740
vt 1.71560 5.01520
vt 1.71916 5.01431
vt 1.71711 5.02740
vt -4.34040 4.90053
vt -4.33081 4.88824
vt -4.33081 4.90053
vt -4.34040 4.88824
vt -1.32392 5.40338
vt -1.32909 5.39118
vt -1.32542 5.39118
vt -1.32747 5.40428
vt -1.32392 5.00883
vt -1.32909 5.02103
vt -1.32747 5.00793
vt -1.32542 5.02103
vt -1.22828 4.59616
vt -1.23629 4.60673
vt -1.23150 4.59442
vt -1.23274 4.60763
vt -1.03932 4.18321
vt -1.04973 4.19142
vt -1.04201 4.18072
vt -1.04651 4.19319
vt -0.76129 3.81130
vt -0.77346 3.81655
vt -0.76324 3.80819
vt -0.77081 3.81908
vt -0.40635 3.52830
vt -0.41948 3.53012
vt -0.40740 3.52479
vt -0.41760 3.53326
vt 0.00148 3.37808
vt -0.01165 3.37625
vt 0.00142 3.37441
vt -0.01070 3.37979
vt 0.42784 3.38302
vt 0.41471 3.38485
vt 0.41477 3.38119
vt 0.42689 3.38656
vt 1.71916 5.39790
vt 1.71711 5.38480
vt 1.72078 5.38480
vt 1.71560 5.39701
vt -4.33081 2.19292
vt -4.34040 2.18062
vt -4.33081 2.18062
vt -4.34040 2.19292
vt -4.34040 5.20011
vt -4.33081 5.18781
vt -4.33081 5.20011
vt -4.34040 5.18781
vt 4.34040 5.18781
vt 4.33081 5.20011
vt 4.33081 5.18781
vt 4.34040 5.20011
vt 4.34040 5.13342
vt 4.33081 5.14572
vt 4.33081 5.13342
vt 4.34040 5.14572
vt 4.34040 4.72878
vt 4.33081 4.74108
vt 4.33081 4.72878
vt 4.34040 4.74108
vt 4.34040 4.00147
vt 4.33081 4.01377
vt 4.33081 4.00147
vt 4.34040 4.01377
vt 4.33081 3.00104
vt 4.34040 3.01334
vt 4.33081 3.01334
vt 4.34040 3.00104
vt 4.33081 1.79567
vt 4.34040 1.80797
vt 4.33081 1.80797
vt 4.34040 1.79567
vt 4.33081 0.46752
vt 4.34040 0.47982
vt 4.33081 0.47982
vt 4.34040 0.46752
vt -4.33081 0.89292
vt -4.34040 0.88062
vt -4.33081 0.88062
vt -4.34040 0.89292
vt -4.34040 5.14572
vt -4.33081 5.13342
vt -4.33081 5.14572
vt -4.34040 5.13342
vt -2.80753 5.54571
vt -2.79938 5.53591
vt -2.79791 5.54492
vt -2.80875 5.53820
vt -2.85022 5.21515
vt -2.84060 5.20679
vt -2.84060 5.21591
vt -2.85022 5.20755
vt -3.95713 5.02447
vt -3.42367 5.01686
vt -3.42367 5.02447
vt -3.95713 5.01686
vt -2.65494 5.58252
vt -2.64876 5.57138
vt -2.64564 5.57996
vt -2.65754 5.57537
vt -2.94444 5.48731
vt -2.93692 5.47642
vt -2.93548 5.48667
vt -2.94571 5.47827
vt -2.80875 4.50401
vt -2.79791 4.49729
vt -2.79938 4.50630
vt -2.80753 4.49650
vt -3.95713 5.21515
vt -3.42367 5.20755
vt -3.42367 5.21515
vt -3.95713 5.20755
vt -2.97852 5.21591
vt -2.96955 5.20617
vt -2.96955 5.21653
vt -2.97852 5.20679
vt -3.95713 4.34233
vt -3.42367 4.33472
vt -3.42367 4.34233
vt -3.95713 4.33472
vt -2.28343 5.48532
vt -2.28662 5.49767
vt -2.29093 5.49140
vt -2.27826 5.49285
vt -2.82045 5.43601
vt -2.81481 5.42404
vt -2.81171 5.43392
vt -2.82318 5.42730
vt -3.40725 5.02584
vt -3.39842 5.01549
vt -3.39842 5.02584
vt -3.40725 5.01549
vt -2.65754 3.39458
vt -2.64564 3.38999
vt -2.64876 3.39858
vt -2.65494 3.38743
vt -3.95713 4.89571
vt -3.42367 4.88811
vt -3.42367 4.89571
vt -3.95713 4.88811
vt -2.94571 4.53130
vt -2.93548 4.52290
vt -2.93692 4.53315
vt -2.94444 4.52226
vt -3.40725 5.21653
vt -3.39842 5.20617
vt -3.39842 5.21653
vt -3.40725 5.20617
vt 3.95713 5.20755
vt 3.42367 5.21515
vt 3.42367 5.20755
vt 3.95713 5.21515
vt 3.95713 4.88811
vt 3.42367 4.89571
vt 3.42367 4.88811
vt 3.95713 4.89571
vt 3.95713 4.08981
vt 3.42367 4.09742
vt 3.42367 4.08981
vt 3.95713 4.09742
vt 3.42367 2.89081
vt 3.95713 2.89841
vt 3.42367 2.89841
vt 3.95713 2.89081
vt 3.42367 1.40846
vt 3.95713 1.41606
vt 3.42367 1.41606
vt 3.95713 1.40846
vt 0.21214 3.42367
vt 0.20453 3.95713
vt 0.20453 3.42367
vt 0.21214 3.95713
vt -3.42367 1.81234
vt -3.95713 1.80473
vt -3.42367 1.80473
vt -3.95713 1.81234
vt -3.42367 3.23550
vt -3.95713 3.22790
vt -3.42367 3.22790
vt -3.95713 3.23550
vt -3.95713 4.09742
vt -3.42367 4.08981
vt -3.42367 4.09742
vt -3.95713 4.08981
vt -3.95713 2.89081
vt -3.42367 2.89841
vt -3.95713 2.89841
vt -3.42367 2.89081
vt -3.95713 1.40846
vt -3.42367 1.41606
vt -3.95713 1.41606
vt -3.42367 1.40846
vt -0.21214 3.95713
vt -0.20453 3.42367
vt -0.20453 3.95713
vt -0.21214 3.42367
vt 3.95713 1.81234
vt 3.42367 1.80473
vt 3.95713 1.80473
vt 3.42367 1.81234
vt 3.95713 3.23550
vt 3.42367 3.22790
vt 3.95713 3.22790
vt 3.42367 3.23550
vt 3.95713 4.33472
vt 3.42367 4.34233
vt 3.42367 4.33472
vt 3.95713 4.34233
vt 3.95713 5.01686
vt 3.42367 5.02447
vt 3.42367 5.01686
vt 3.95713 5.02447
vt -2.50150 5.23885
vt -2.50423 5.25180
vt -2.50889 5.24396
vt -2.49621 5.24775
vt -1.42617 5.49956
vt -1.42440 5.51219
vt -1.43078 5.50804
vt -1.41851 5.50454
vt -3.40725 4.34370
vt -3.39842 4.33335
vt -3.39842 4.34370
vt -3.40725 4.33335
vt -3.08120 4.61275
vt -3.07067 4.60458
vt -3.07203 4.61346
vt -3.07963 4.60252
vt -2.28662 1.93615
vt -2.28343 1.94849
vt -2.29093 1.94242
vt -2.27826 1.94097
vt -2.82318 3.40967
vt -2.81171 3.40306
vt -2.81481 3.41294
vt -2.82045 3.40096
vt -3.40725 4.89709
vt -3.39842 4.88673
vt -3.39842 4.89709
vt -3.40725 4.88673
vt -3.11124 5.21653
vt -3.10207 5.20686
vt -3.10207 5.21584
vt -3.11124 5.20617
vt 3.05828 5.20755
vt 3.04867 5.21591
vt 3.04867 5.20679
vt 3.05828 5.21515
vt 3.02470 5.44280
vt 3.01387 5.44951
vt 3.01533 5.44051
vt 3.02348 5.45030
vt 2.89930 5.40255
vt 2.88741 5.40714
vt 2.89052 5.39856
vt 2.89671 5.40971
vt 2.57516 5.27680
vt 2.57835 5.28914
vt 2.56999 5.28432
vt 2.58265 5.28287
vt 1.79338 5.33733
vt 1.79162 5.34996
vt 1.78573 5.34231
vt 1.79799 5.34581
vt 0.21290 5.54699
vt 0.20453 5.55660
vt 0.20377 5.54699
vt 0.21214 5.55660
vt -1.42440 0.39338
vt -1.42617 0.40601
vt -1.43078 0.39753
vt -1.41851 0.40103
vt 0.20453 -0.35190
vt 0.21290 -0.34228
vt 0.20377 -0.34228
vt 0.21214 -0.35190
vt 1.79162 0.55561
vt 1.79338 0.56823
vt 1.78573 0.56326
vt 1.79799 0.55976
vt 2.57835 2.14468
vt 2.57516 2.15702
vt 2.56999 2.14950
vt 2.58265 2.15095
vt 2.89671 3.56024
vt 2.89052 3.57139
vt 2.88741 3.56281
vt 2.89930 3.56739
vt 3.02348 4.59190
vt 3.01533 4.60170
vt 3.01387 4.59269
vt 3.02470 4.59941
vt -1.66925 5.21561
vt -1.66686 5.22863
vt -1.67415 5.22314
vt -1.66098 5.22184
vt -3.39842 3.23688
vt -3.40725 3.22652
vt -3.39842 3.22652
vt -3.40725 3.23688
vt -2.96719 3.57551
vt -2.95539 3.56933
vt -2.95830 3.57783
vt -2.96384 3.56572
vt -3.39034 5.02516
vt -3.38200 5.01617
vt -3.38200 5.02516
vt -3.39034 5.01617
vt -2.50423 1.87391
vt -2.50150 1.88686
vt -2.50889 1.88176
vt -2.49621 1.87796
vt -3.40725 4.09879
vt -3.39842 4.08844
vt -3.39842 4.09879
vt -3.40725 4.08844
vt -3.07963 5.42551
vt -3.07203 5.41456
vt -3.07067 5.42345
vt -3.08120 5.41527
vt -3.39034 5.21584
vt -3.38200 5.20686
vt -3.38200 5.21584
vt -3.39034 5.20686
vt 3.15835 5.20679
vt 3.14938 5.21653
vt 3.14938 5.20617
vt 3.15835 5.21591
vt 3.13296 5.37451
vt 3.12273 5.38291
vt 3.12417 5.37266
vt 3.13169 5.38355
vt 3.03528 5.23714
vt 3.02381 5.24375
vt 3.02691 5.23387
vt 3.03255 5.24585
vt 2.76453 5.00302
vt 2.76726 5.01597
vt 2.75924 5.01193
vt 2.77192 5.00813
vt 2.01926 5.02167
vt 2.01687 5.03469
vt 2.01099 5.02790
vt 2.02416 5.02920
vt 0.21351 5.30865
vt 0.20377 5.31761
vt 0.20316 5.30865
vt 0.21290 5.31761
vt -1.66686 0.12640
vt -1.66925 0.13942
vt -1.67415 0.13189
vt -1.66098 0.13319
vt 0.20377 -0.81925
vt 0.21351 -0.81029
vt 0.20316 -0.81029
vt 0.21290 -0.81925
vt 2.01687 0.32034
vt 2.01926 0.33336
vt 2.01099 0.32713
vt 2.02416 0.32583
vt 2.76726 2.10974
vt 2.76453 2.12269
vt 2.75924 2.11379
vt 2.77192 2.11758
vt 3.03255 3.59112
vt 3.02691 3.60310
vt 3.02381 3.59322
vt 3.03528 3.59983
vt 3.13169 4.62602
vt 3.12417 4.63691
vt 3.12273 4.62666
vt 3.13296 4.63506
vt -3.39842 1.81371
vt -3.40725 1.80335
vt -3.39842 1.80335
vt -3.40725 1.81371
vt -2.66301 2.13025
vt -2.66544 2.11715
vt -2.65812 2.12271
vt -2.67107 2.12583
vt -3.39034 4.34302
vt -3.38200 4.33403
vt -3.38200 4.34302
vt -3.39034 4.33403
vt -3.16767 5.27346
vt -3.21903 5.27768
vt -3.16513 5.27152
vt -3.17099 5.28478
vt -3.21834 5.28664
vt -3.40725 2.88943
vt -3.39842 2.89979
vt -3.40725 2.89979
vt -3.39842 2.88943
vt -2.96384 5.34665
vt -2.95830 5.33453
vt -2.95539 5.34303
vt -2.96719 5.33685
vt -3.39034 4.89640
vt -3.38200 4.88742
vt -3.38200 4.89640
vt -3.39034 4.88742
vt -3.23066 5.21584
vt -3.18531 5.21029
vt -3.18247 5.21764
vt -3.23066 5.20686
vt -3.18331 5.20509
vt 3.40725 5.20617
vt 3.39842 5.21653
vt 3.39842 5.20617
vt 3.40725 5.21653
vt 3.40725 4.88673
vt 3.39842 4.89709
vt 3.39842 4.88673
vt 3.40725 4.89709
vt 3.40725 4.08844
vt 3.39842 4.09879
vt 3.39842 4.08844
vt 3.40725 4.09879
vt 3.39842 2.88943
vt 3.40725 2.89979
vt 3.39842 2.89979
vt 3.40725 2.88943
vt 3.39842 1.40708
vt 3.40725 1.41744
vt 3.39842 1.41744
vt 3.40725 1.40708
vt 0.21351 3.39842
vt 0.20316 3.40725
vt 0.20316 3.39842
vt 0.21351 3.40725
vt -3.40725 1.40708
vt -3.39842 1.41744
vt -3.40725 1.41744
vt -3.39842 1.40708
vt -0.21351 3.40725
vt -0.20316 3.39842
vt -0.20316 3.40725
vt -0.21351 3.39842
vt 3.40725 1.81371
vt 3.39842 1.80335
vt 3.40725 1.80335
vt 3.39842 1.81371
vt 3.40725 3.23688
vt 3.39842 3.22652
vt 3.40725 3.22652
vt 3.39842 3.23688
vt 3.40725 4.33335
vt 3.39842 4.34370
vt 3.39842 4.33335
vt 3.40725 4.34370
vt 3.40725 5.01549
vt 3.39842 5.02584
vt 3.39842 5.01549
vt 3.40725 5.02584
vt -1.88956 0.45364
vt -1.88680 0.44061
vt -1.88216 0.44854
vt -1.89533 0.44648
vt -3.38200 3.23619
vt -3.39034 3.22721
vt -3.38200 3.22721
vt -3.39034 3.23619
vt -3.10586 4.93097
vt -3.10341 4.92655
vt -3.10278 4.93026
vt -3.17353 4.94129
vt -3.11824 4.94298
vt -3.17202 4.95015
vt 0.25123 5.70815
vt 0.24546 5.72513
vt 0.24245 5.70815
vt 0.25220 5.72832
vt 0.24540 5.72832
vt 0.25270 5.71878
vt 0.25429 6.04490
vt 0.24540 6.03444
vt 0.25220 6.03444
vt 0.24788 6.04598
vt 0.25364 6.05154
vt 0.24740 6.05154
vt -2.66544 5.18428
vt -2.66301 5.17118
vt -2.65812 5.17872
vt -2.67107 5.17559
vt -3.39034 4.09811
vt -3.38200 4.08912
vt -3.38200 4.09811
vt -3.39034 4.08912
vt -3.21903 4.66398
vt -3.16750 4.66597
vt -3.16151 4.67056
vt -3.17015 4.65691
vt -3.21834 4.65502
vt 0.25452 3.71176
vt 0.24740 3.70281
vt 0.25364 3.70281
vt 0.24807 3.71067
vt 0.24610 3.71990
vt 0.25289 3.71990
vt 2.91495 5.20617
vt 2.90579 5.21584
vt 2.90579 5.20686
vt 2.91495 5.21653
vt 2.87562 4.50349
vt 2.86802 4.51443
vt 2.86666 4.50555
vt 2.87718 4.51372
vt 2.73429 3.38543
vt 2.72875 3.39754
vt 2.72584 3.38904
vt 2.73764 3.39522
vt 2.38281 1.91018
vt 2.38524 1.89708
vt 2.39088 1.90577
vt 2.37792 1.90264
vt 1.52891 0.27858
vt 1.52616 0.26555
vt 1.53468 0.27142
vt 1.52152 0.27348
vt -0.20384 -0.54892
vt -0.21351 -0.55808
vt -0.20316 -0.55808
vt -0.21283 -0.54892
vt -1.88680 5.23211
vt -1.88956 5.21908
vt -1.88216 5.22418
vt -1.89533 5.22623
vt -0.21351 5.46811
vt -0.20384 5.45894
vt -0.20316 5.46811
vt -0.21283 5.45894
vt 1.52616 5.40717
vt 1.52891 5.39414
vt 1.53468 5.40129
vt 1.52152 5.39924
vt 2.38524 5.40434
vt 2.38281 5.39124
vt 2.39088 5.39566
vt 2.37792 5.39879
vt 2.73764 5.51714
vt 2.72584 5.52332
vt 2.72875 5.51482
vt 2.73429 5.52694
vt 2.87718 5.51430
vt 2.86666 5.52248
vt 2.86802 5.51359
vt 2.87562 5.52454
vt -3.38200 1.81302
vt -3.39034 1.80404
vt -3.38200 1.80404
vt -3.39034 1.81302
vt -2.97401 4.35615
vt -3.03851 4.38936
vt -3.04129 4.38081
vt -2.96958 4.36978
vt -2.96020 5.11262
vt -2.95969 5.10752
vt -2.95834 5.11345
vt -2.98091 5.11342
vt -2.98008 5.11708
vt 0.24295 4.22589
vt 0.25123 4.22902
vt 0.24245 4.22902
vt 0.24809 4.20617
vt 0.25188 4.22589
vt 0.25826 4.20617
vt 3.04756 5.01343
vt 3.04871 5.02411
vt 3.04560 5.02339
vt 3.11789 5.03044
vt 3.05640 5.03159
vt 3.11587 5.04067
vt 3.17532 5.31448
vt 3.12327 5.31244
vt 3.11567 5.30663
vt 3.12620 5.32269
vt 3.17441 5.32486
vt 3.19005 5.20614
vt 3.14428 5.21029
vt 3.14185 5.20407
vt 3.19005 5.21656
vt 3.14100 5.21867
vt -3.39034 2.89012
vt -3.38200 2.89910
vt -3.39034 2.89910
vt -3.38200 2.89012
vt -3.10341 3.62859
vt -3.10542 3.62158
vt -3.10233 3.62229
vt -3.17353 3.61385
vt -3.11463 3.61264
vt -3.17202 3.60500
vt 3.39034 5.20686
vt 3.38200 5.21584
vt 3.38200 5.20686
vt 3.39034 5.21584
vt 3.39034 4.88742
vt 3.38200 4.89640
vt 3.38200 4.88742
vt 3.39034 4.89640
vt 3.39034 4.08912
vt 3.38200 4.09811
vt 3.38200 4.08912
vt 3.39034 4.09811
vt 3.38200 2.89012
vt 3.39034 2.89910
vt 3.38200 2.89910
vt 3.39034 2.89012
vt 3.38200 1.40777
vt 3.39034 1.41675
vt 3.38200 1.41675
vt 3.39034 1.40777
vt 0.21283 3.38200
vt 0.20384 3.39034
vt 0.20384 3.38200
vt 0.21283 3.39034
vt -3.39034 1.40777
vt -3.38200 1.41675
vt -3.39034 1.41675
vt -3.38200 1.40777
vt -0.21283 3.39034
vt -0.20384 3.38200
vt -0.20384 3.39034
vt -0.21283 3.38200
vt 3.39034 1.81302
vt 3.38200 1.80404
vt 3.39034 1.80404
vt 3.38200 1.81302
vt 3.39034 3.23619
vt 3.38200 3.22721
vt 3.39034 3.22721
vt 3.38200 3.23619
vt 3.39034 4.33403
vt 3.38200 4.34302
vt 3.38200 4.33403
vt 3.39034 4.34302
vt 3.39034 5.01617
vt 3.38200 5.02516
vt 3.38200 5.01617
vt 3.39034 5.02516
vt -2.47144 4.02094
vt -2.52253 4.07245
vt -2.52781 4.06518
vt -2.46302 4.03254
vt -2.76355 4.68798
vt -2.77771 4.71081
vt -2.78335 4.69762
vt -2.75706 4.70315
vt -3.27477 4.34678
vt -3.27266 4.33027
vt -3.27266 4.34678
vt -3.27523 4.34537
vt -3.29151 4.33027
vt -3.29151 4.33636
vt -0.24921 -0.88797
vt -0.25826 -0.88966
vt -0.24809 -0.88966
vt -0.25451 -0.87014
vt -0.26371 -0.87014
vt -0.25949 -0.88797
vt -0.26283 -0.87670
vt 2.87372 5.21039
vt 2.87228 5.22258
vt 2.87036 5.22341
vt 2.89506 5.21718
vt 2.89253 5.22701
vt 2.94996 4.55517
vt 2.88696 4.51724
vt 2.95360 4.54541
vt 2.88115 4.53281
vt 3.39034 4.33331
vt 3.38200 4.34374
vt 3.38200 4.33331
vt 3.39034 4.34374
vt 3.39034 5.01546
vt 3.38200 5.02588
vt 3.38200 5.01546
vt 3.39034 5.02588
vt 3.39034 5.20614
vt 3.38200 5.21656
vt 3.38200 5.20614
vt 3.39034 5.21656
vt -3.03851 2.05192
vt -2.97401 2.08513
vt -3.04129 2.06047
vt -2.96958 2.07149
vt -2.95969 3.53688
vt -2.95962 3.52920
vt -2.95780 3.52852
vt -2.98091 3.53098
vt -2.97950 3.52474
vt 3.32897 5.20686
vt 3.28363 5.21029
vt 3.28162 5.20509
vt 3.32897 5.21584
vt 3.28078 5.21764
vt 3.32210 5.15645
vt 3.27074 5.15223
vt 3.26820 5.15028
vt 3.27406 5.16355
vt 3.32141 5.16541
vt 3.22319 4.69860
vt 3.22564 4.70302
vt 3.22255 4.70231
vt 3.29331 4.71334
vt 3.23801 4.71503
vt 3.29179 4.72220
vt 3.13309 4.05339
vt 3.19759 4.08660
vt 3.12866 4.06703
vt 3.20037 4.07805
vt 2.72887 3.71815
vt 2.77996 3.76966
vt 2.72045 3.72975
vt 2.78524 3.76239
vt 0.21550 4.43784
vt 0.20384 4.50944
vt 0.20116 4.43784
vt 0.21283 4.50944
vt -2.52253 -0.09202
vt -2.47144 -0.04051
vt -2.52781 -0.08475
vt -2.46302 -0.05211
vt 0.20384 -2.05020
vt 0.21550 -1.97859
vt 0.20116 -1.97859
vt 0.21283 -2.05020
vt 2.77996 0.21078
vt 2.72887 0.26229
vt 2.72045 0.25069
vt 2.78524 0.21805
vt 3.19759 2.35468
vt 3.13309 2.38789
vt 3.12866 2.37425
vt 3.20037 2.36323
vt 3.22519 3.84953
vt 3.22319 3.85654
vt 3.22211 3.85024
vt 3.29331 3.84181
vt 3.23440 3.84059
vt 3.29179 3.83295
vt 3.27057 4.78720
vt 3.32210 4.78522
vt 3.26458 4.79179
vt 3.27322 4.77814
vt 3.32141 4.77626
vt -2.10352 4.50299
vt -2.10876 4.52934
vt -2.11867 4.51897
vt -2.09211 4.51491
vt -3.27266 3.23995
vt -3.29151 3.22345
vt -3.27266 3.22345
vt -3.29151 3.23995
vt -3.27477 5.01241
vt -3.27266 5.01241
vt -3.27266 5.01792
vt -0.26371 3.58511
vt -0.25451 3.58511
vt -0.26685 3.60463
vt -0.25880 3.60463
vt -3.10994 3.72954
vt -3.09846 3.71573
vt -3.10208 3.73098
vt -3.10613 3.71348
vt 3.27266 5.01110
vt 3.27523 5.01392
vt 3.27266 5.02062
vt 3.28122 5.01110
vt 3.29151 4.32896
vt 3.27266 4.34809
vt 3.27266 4.32896
vt 3.28122 4.34809
vt 3.29151 4.34240
vt 2.65033 4.89829
vt 2.63807 4.87241
vt 2.65762 4.88335
vt 2.62968 4.88961
vt 3.39034 3.23691
vt 3.38200 3.22649
vt 3.39034 3.22649
vt 3.38200 3.23691
vt 2.34946 4.32153
vt 2.30261 4.26484
vt 2.35613 4.31353
vt 2.29196 4.27761
vt 2.84168 3.55167
vt 2.83681 3.56554
vt 2.83308 3.55581
vt 2.84597 3.56288
vt 2.98022 4.57768
vt 2.97274 4.59034
vt 2.97098 4.58007
vt 2.98224 4.58952
vt 3.01889 5.20535
vt 3.00939 5.21656
vt 3.00939 5.20614
vt 3.01889 5.21735
vt -2.77771 1.95238
vt -2.76355 1.97521
vt -2.78335 1.96556
vt -2.75706 1.96004
vt -3.29151 4.10187
vt -3.27266 4.08536
vt -3.27266 4.10187
vt -3.27659 4.08654
vt -3.27605 4.08536
vt -3.29151 4.09330
vt 0.16859 3.71067
vt 0.16303 3.70281
vt 0.16927 3.70281
vt 0.16214 3.71176
vt 0.17057 3.71990
vt 0.16377 3.71990
vt 0.16879 6.04598
vt 0.16446 6.03444
vt 0.17126 6.03444
vt 0.16237 6.04490
vt 0.16303 6.05154
vt 0.16927 6.05154
vt 0.17421 5.70815
vt 0.17120 5.72513
vt 0.16543 5.70815
vt 0.16446 5.72832
vt 0.16396 5.71878
vt 0.17126 5.72832
vt 0.16858 4.20617
vt 0.16479 4.22589
vt 0.15840 4.20617
vt 0.16543 4.22902
vt 0.17421 4.22902
vt 0.17372 4.22589
vt 3.11581 4.89169
vt 3.11632 4.89680
vt 3.11447 4.89763
vt 3.13703 4.89759
vt 3.13620 4.90126
vt 2.96609 4.40798
vt 2.98025 4.43081
vt 2.95960 4.42315
vt 2.98589 4.41762
vt 2.40633 4.24426
vt 2.41157 4.27061
vt 2.39493 4.25619
vt 2.42148 4.26025
vt 0.21658 4.73183
vt 0.20116 4.75383
vt 0.20008 4.73183
vt 0.21550 4.75383
vt -2.10876 -0.07258
vt -2.10352 -0.04623
vt -2.11867 -0.06222
vt -2.09211 -0.05816
vt 0.20116 -1.51486
vt 0.21658 -1.49286
vt 0.20008 -1.49286
vt 0.21550 -1.51486
vt 2.41157 0.18614
vt 2.40633 0.21249
vt 2.39493 0.20056
vt 2.42148 0.19650
vt 2.98025 2.23238
vt 2.96609 2.25521
vt 2.95960 2.24004
vt 2.98589 2.24556
vt 3.11574 3.74503
vt 3.11581 3.75270
vt 3.11392 3.74435
vt 3.13703 3.74680
vt 3.13562 3.74057
vt -3.27266 1.81678
vt -3.29151 1.80028
vt -3.27266 1.80028
vt -3.29151 1.81678
vt -2.93832 2.23098
vt -2.93900 2.21303
vt -2.93189 2.21668
vt -2.94576 2.22808
vt -3.16031 4.72156
vt -3.15524 4.70615
vt -3.15690 4.72174
vt -3.16313 4.70490
vt -3.16371 4.71037
vt -0.25880 5.21934
vt -0.26685 5.20437
vt -0.25880 5.20437
vt -0.26685 5.22062
vt -0.25826 5.22100
vt -0.26673 5.22100
vt 3.12972 5.20226
vt 3.13274 5.20437
vt 3.12972 5.22044
vt 3.13376 5.20202
vt 3.13274 5.22062
vt 3.11799 4.67076
vt 3.11216 4.69026
vt 3.10998 4.67221
vt 3.11620 4.69001
vt 3.11913 4.68021
vt -3.17326 5.21934
vt -3.17029 5.20351
vt -3.17029 5.21919
vt -3.17326 5.20437
vt -3.17370 5.20333
vt -2.77515 3.60351
vt -2.74885 3.59858
vt -2.75303 3.60977
vt -2.76966 3.58882
vt 3.04435 3.66157
vt 3.04138 3.68170
vt 3.03664 3.66415
vt 3.04935 3.68004
vt 3.29151 3.24127
vt 3.27266 3.22213
vt 3.29151 3.22213
vt 3.27266 3.24127
vt 1.91260 4.77563
vt 1.91067 4.74706
vt 1.92486 4.76439
vt 1.89656 4.75999
vt 2.50328 2.16958
vt 2.50216 2.18424
vt 2.49605 2.17580
vt 2.51033 2.17930
vt 3.39034 1.81374
vt 3.38200 1.80332
vt 3.39034 1.80332
vt 3.38200 1.81374
vt -0.20312 4.65887
vt -0.21665 4.58658
vt -0.20002 4.58658
vt -0.21354 4.65887
vt 3.40725 4.33252
vt 3.39842 4.34453
vt 3.39842 4.33252
vt 3.40725 4.34453
vt 3.40725 5.01466
vt 3.39842 5.02667
vt 3.39842 5.01466
vt 3.40725 5.02667
vt 3.40725 5.20535
vt 3.39842 5.21735
vt 3.39842 5.20535
vt 3.40725 5.21735
vt -3.29151 2.88636
vt -3.27266 2.90286
vt -3.29151 2.90286
vt -3.27266 2.88636
vt -3.27605 4.90016
vt -3.27266 4.89389
vt -3.27266 4.90016
vt -3.10613 4.95278
vt -3.10208 4.93528
vt -3.09846 4.95054
vt -3.10994 4.93672
vt -3.30298 5.21656
vt -3.25720 5.21029
vt -3.25393 5.21867
vt -3.30298 5.20614
vt -3.25477 5.20407
vt -3.24155 5.19360
vt -3.29360 5.19564
vt -3.23395 5.18779
vt -3.24448 5.20385
vt -3.29268 5.20602
vt -3.18566 4.80146
vt -3.18451 4.79079
vt -3.18255 4.80075
vt -3.25484 4.80780
vt -3.19335 4.80894
vt -3.25282 4.81802
vt -0.16216 -0.87014
vt -0.15383 -0.87670
vt -0.15296 -0.87014
vt -0.15718 -0.88797
vt -0.15840 -0.88966
vt -0.16746 -0.88797
vt -0.16858 -0.88966
vt -3.04909 5.01522
vt -3.05053 5.00302
vt -3.04717 5.01604
vt -3.07187 5.00982
vt -3.06934 5.01965
vt 3.29151 4.08536
vt 3.27266 4.10187
vt 3.27266 4.08536
vt 3.27523 4.10046
vt 3.27477 4.10187
vt 3.29151 4.09145
vt 3.27266 2.88636
vt 3.29151 2.90286
vt 3.27266 2.90286
vt 3.29151 2.88636
vt 3.27266 1.40401
vt 3.29151 1.42051
vt 3.27266 1.42051
vt 3.29151 1.40401
vt 0.21658 3.27266
vt 0.20008 3.29151
vt 0.20008 3.27266
vt 0.21658 3.29151
vt -3.29151 1.40401
vt -3.27266 1.42051
vt -3.29151 1.42051
vt -3.27266 1.40401
vt -0.21658 3.29151
vt -0.20008 3.27266
vt -0.20008 3.29151
vt -0.21658 3.27266
vt 3.29151 1.81678
vt 3.27266 1.80028
vt 3.29151 1.80028
vt 3.27266 1.81678
vt 3.29151 3.23995
vt 3.27266 3.22345
vt 3.29151 3.22345
vt 3.27266 3.23995
vt 3.27605 4.33027
vt 3.27266 4.34678
vt 3.27266 4.33027
vt 3.27659 4.33145
vt 3.29151 4.34678
vt 3.29151 4.33821
vt -2.34885 0.21443
vt -2.34306 0.19743
vt -2.33773 0.20338
vt -2.35476 0.20907
vt -2.44169 2.23886
vt -2.45242 2.21436
vt -2.43479 2.22911
vt -2.46147 2.22716
vt -2.87878 4.61580
vt -2.87573 4.60411
vt -2.87691 4.61117
vt -2.89802 4.59850
vt -2.90060 4.61396
vt -3.16313 5.26333
vt -3.15690 5.24649
vt -3.15524 5.26208
vt -3.15968 5.24838
vt -3.16379 5.25709
vt -3.15987 5.24665
vt 2.83372 5.20226
vt 2.81219 5.21029
vt 2.81068 5.20434
vt 2.83372 5.22044
vt 2.81016 5.21831
vt 2.79065 4.57980
vt 2.76935 4.59619
vt 2.76752 4.58629
vt 2.77093 4.59983
vt 2.79397 4.59768
vt -2.93391 5.21919
vt -2.91329 5.21029
vt -2.91157 5.21737
vt -2.93391 5.20351
vt -2.91208 5.20529
vt -3.18159 4.34450
vt -3.16534 4.33255
vt -3.16534 4.34450
vt -3.18349 4.34098
vt -3.19225 4.33372
vt -3.24546 4.33255
vt -3.22975 4.33372
vt -3.23899 4.34064
vt -3.24120 4.34450
vt -3.24546 4.34450
vt 2.83714 2.16741
vt 2.83841 2.18772
vt 2.83013 2.17153
vt 2.84586 2.18444
vt 2.64036 3.59238
vt 2.62438 3.61634
vt 2.61907 3.60353
vt 2.64732 3.60917
vt 3.29151 1.81810
vt 3.27266 1.79896
vt 3.29151 1.79896
vt 3.27266 1.81810
vt -0.20002 4.92611
vt -0.21790 4.90375
vt -0.19876 4.90375
vt -0.21665 4.92611
vt 1.70915 0.66274
vt 1.71370 0.67672
vt 1.70483 0.67125
vt 1.71936 0.66905
vt 3.40725 3.23770
vt 3.39842 3.22570
vt 3.40725 3.22570
vt 3.39842 3.23770
vt -0.21354 3.39034
vt -0.20312 3.38200
vt -0.20312 3.39034
vt -0.21354 3.38200
vt -2.63008 4.03957
vt -2.58323 3.98288
vt -2.57258 3.99565
vt -2.63675 4.03157
vt 2.68531 5.54102
vt 2.67284 5.54860
vt 2.67683 5.53727
vt 2.68179 5.55100
vt 2.82992 5.52338
vt 2.81903 5.53310
vt 2.82090 5.52124
vt 2.82827 5.53383
vt 2.86923 5.20606
vt 2.85998 5.21735
vt 2.85998 5.20535
vt 2.86923 5.21664
vt -2.93900 4.50376
vt -2.93832 4.48582
vt -2.93189 4.50011
vt -2.94576 4.48871
vt -2.76966 5.41136
vt -2.75303 5.39041
vt -2.74885 5.40160
vt -2.77515 5.39667
vt -3.39034 5.21656
vt -3.38200 5.20614
vt -3.38200 5.21656
vt -3.39034 5.20614
vt -3.39034 4.89712
vt -3.38200 4.88670
vt -3.38200 4.89712
vt -3.39034 4.88670
vt -3.39034 4.09882
vt -3.38200 4.08841
vt -3.38200 4.09882
vt -3.39034 4.08841
vt -3.12996 4.26254
vt -3.06696 4.22460
vt -3.06115 4.24018
vt -3.13361 4.25277
vt -3.28122 4.10318
vt -3.27266 4.08405
vt -3.27266 4.10318
vt -3.29151 4.08405
vt -3.29151 4.09749
vt -3.27523 4.88516
vt -3.27266 4.88234
vt -3.27266 4.89186
vt -3.28122 4.88234
vt -0.15296 3.58511
vt -0.16216 3.58511
vt -0.14981 3.60463
vt -0.15787 3.60463
vt -2.87617 4.63341
vt -2.86392 4.60753
vt -2.85553 4.62473
vt -2.88347 4.61846
vt 3.27477 4.88366
vt 3.27266 4.88916
vt 3.27266 4.88366
vt 2.94247 3.50061
vt 2.93842 3.51810
vt 2.93480 3.50285
vt 2.94628 3.51666
vt 2.72716 1.95631
vt 2.72784 1.93837
vt 2.73461 1.95342
vt 2.72073 1.94201
vt 2.03826 -0.03524
vt 2.03248 -0.05225
vt 2.04418 -0.04061
vt 2.02715 -0.04630
vt -0.20049 -1.40028
vt -0.21658 -1.40826
vt -0.20008 -1.40826
vt -0.21617 -1.40028
vt -2.34306 4.36917
vt -2.34885 4.35216
vt -2.33773 4.36322
vt -2.35476 4.35753
vt -0.21658 4.81219
vt -0.20049 4.80421
vt -0.20008 4.81219
vt -0.21617 4.80421
vt 2.03248 4.61884
vt 2.03826 4.60184
vt 2.04418 4.60720
vt 2.02715 4.61290
vt 2.72784 4.77843
vt 2.72716 4.76048
vt 2.73461 4.76337
vt 2.72073 4.77478
vt 3.27605 5.02892
vt 3.27266 5.02892
vt 3.27266 5.02265
vt 2.94628 5.14960
vt 2.93480 5.16341
vt 2.93842 5.14816
vt 2.94247 5.16566
vt -1.68916 0.72388
vt -1.68974 0.69713
vt -1.67906 0.71749
vt -1.70299 0.70551
vt -3.16534 3.23767
vt -3.24546 3.22572
vt -3.16534 3.22572
vt -3.24546 3.23767
vt -3.24523 5.02068
vt -3.24546 5.01469
vt -3.24120 5.01469
vt -3.24546 5.02185
vt 0.24422 5.75177
vt 0.25055 5.75177
vt 0.25345 5.76258
vt 0.24724 5.76258
vt -2.89802 5.45118
vt -2.87728 5.43630
vt -2.87573 5.44557
vt -2.87827 5.43384
vt -2.90060 5.43572
vt 0.24724 4.43948
vt 0.25345 4.43948
vt 0.25124 4.45028
vt 0.24491 4.45028
vt 3.24546 5.01374
vt 3.24523 5.02264
vt 3.23924 5.01374
vt 3.24546 5.02381
vt -3.17656 5.02664
vt -3.16534 5.01469
vt -3.16534 5.02664
vt -3.17764 5.02093
vt -3.18159 5.01469
vt -0.24030 2.55342
vt -0.24780 2.55352
vt -0.24774 2.55342
vt -0.24237 2.55684
vt -0.25062 2.56397
vt -0.24429 2.56397
vt -0.24030 0.24769
vt -0.24347 0.23714
vt -0.23603 0.23714
vt -0.24774 0.24769
vt 0.24347 3.19225
vt 0.23603 3.22975
vt 0.23603 3.19225
vt 0.24347 3.22975
vt 0.24347 5.45011
vt 0.24010 5.46092
vt 0.23603 5.45011
vt 0.24754 5.46092
vt 0.24780 6.10882
vt 0.24010 6.10838
vt 0.24754 6.10838
vt 0.24237 6.11221
vt 0.25055 6.11919
vt 0.24422 6.11919
vt -3.10245 3.87818
vt -3.08785 3.86903
vt -3.08969 3.87987
vt -3.10044 3.86640
vt 2.28903 2.30007
vt 2.28010 2.32745
vt 2.27154 2.31655
vt 2.30026 2.31437
vt 2.17120 0.24903
vt 2.17991 0.26742
vt 2.16622 0.25546
vt 2.18561 0.26162
vt 3.16534 4.33160
vt 3.19225 4.33809
vt 3.16534 4.34545
vt 3.24546 4.33160
vt 3.18349 4.34535
vt 3.18344 4.34545
vt 3.22975 4.33809
vt 3.23899 4.34502
vt 3.23924 4.34545
vt 3.24546 4.34545
vt -0.21790 3.29151
vt -0.19876 3.27266
vt -0.19876 3.29151
vt -0.21790 3.27266
vt -2.23557 4.54152
vt -2.23364 4.51295
vt -2.21954 4.52589
vt -2.24783 4.53029
vt 0.21434 -0.16543
vt 0.20312 -0.15592
vt 0.20233 -0.16543
vt 0.21354 -0.15592
vt 3.40725 1.81454
vt 3.39842 1.80253
vt 3.40725 1.80253
vt 3.39842 1.81454
vt 2.32428 5.44428
vt 2.32287 5.42975
vt 2.33016 5.43548
vt 2.31620 5.43974
vt -3.39034 1.40705
vt -3.38200 1.41747
vt -3.39034 1.41747
vt -3.38200 1.40705
vt 2.49409 5.68089
vt 2.48117 5.68613
vt 2.48513 5.67632
vt 2.49079 5.68907
vt 2.66694 5.57887
vt 2.65536 5.58663
vt 2.65724 5.57622
vt 2.66538 5.58755
vt 2.71522 5.20694
vt 2.70520 5.21664
vt 2.70520 5.20606
vt 2.71522 5.21576
vt -2.45242 5.28836
vt -2.44169 5.26385
vt -2.43479 5.27361
vt -2.46147 5.27555
vt -3.16534 4.09959
vt -3.19225 4.09579
vt -3.16534 4.08764
vt -3.24546 4.09959
vt -3.18349 4.08853
vt -3.18301 4.08764
vt -3.22975 4.09579
vt -3.23899 4.08887
vt -3.23970 4.08764
vt -3.24546 4.08764
vt -2.79952 5.21735
vt -2.79001 5.20614
vt -2.79001 5.21656
vt -2.79952 5.20535
vt -2.75488 4.49779
vt -2.74362 4.48834
vt -2.74537 4.49861
vt -2.75286 4.48595
vt -2.59270 3.39755
vt -2.57982 3.39047
vt -2.58354 3.40020
vt -2.58841 3.38633
vt -3.39034 2.88940
vt -3.38200 2.89982
vt -3.39034 2.89982
vt -3.38200 2.88940
vt -3.29151 2.88504
vt -3.27266 2.90418
vt -3.29151 2.90418
vt -3.27266 2.88504
vt -2.86442 3.47632
vt -2.85172 3.46043
vt -2.85646 3.47798
vt -2.85943 3.45784
vt -2.95444 4.57986
vt -2.94821 4.56206
vt -2.95039 4.58011
vt -2.95622 4.56061
vt -2.95736 4.57007
vt -0.14981 5.22062
vt -0.15787 5.20437
vt -0.14981 5.20437
vt -0.15787 5.21934
vt -0.15841 5.22100
vt -0.14994 5.22100
vt 3.03421 5.20351
vt 3.03718 5.20437
vt 3.03421 5.21919
vt 3.03762 5.20333
vt 3.03718 5.21934
vt 3.02085 4.59052
vt 3.01462 4.60736
vt 3.01296 4.59177
vt 3.01803 4.60718
vt 3.02143 4.59599
vt -2.97777 5.22062
vt -2.97475 5.20226
vt -2.97475 5.22044
vt -2.97777 5.20437
vt -2.97879 5.20202
vt 2.52182 3.41990
vt 2.50518 3.44086
vt 2.50100 3.42966
vt 2.52730 3.43459
vt 2.14437 2.03624
vt 2.15511 2.01173
vt 2.16416 2.02453
vt 2.13747 2.02648
vt 1.31891 0.56793
vt 1.31948 0.54118
vt 1.33273 0.54956
vt 1.30881 0.56154
vt -0.20236 -0.12717
vt -0.21617 -0.15009
vt -0.20049 -0.15009
vt -0.21431 -0.12717
vt -1.68974 5.32764
vt -1.68916 5.30089
vt -1.67906 5.30728
vt -1.70299 5.31926
vt -0.21617 5.50371
vt -0.20236 5.48079
vt -0.20049 5.50371
vt -0.21431 5.48079
vt 1.31948 5.48359
vt 1.31891 5.45684
vt 1.33273 5.47521
vt 1.30881 5.46323
vt 2.15511 5.49098
vt 2.14437 5.46648
vt 2.16416 5.47818
vt 2.13747 5.47623
vt 3.01759 5.36103
vt 3.01296 5.37646
vt 3.01462 5.36087
vt 3.01740 5.36276
vt 3.02085 5.37771
vt 3.02151 5.37147
vt 2.52730 5.56559
vt 2.50100 5.57052
vt 2.50518 5.55932
vt 2.52182 5.58027
vt -3.16534 1.81451
vt -3.24546 1.80256
vt -3.16534 1.80256
vt -3.24546 1.81451
vt -3.00498 2.43119
vt -3.01369 2.41632
vt -3.00160 2.42073
vt -3.01736 2.42769
vt -3.24546 4.89788
vt -3.24523 4.88965
vt -3.23970 4.89788
vt -3.24546 4.88848
vt -3.17699 5.21733
vt -3.16534 5.20537
vt -3.16534 5.21733
vt -3.17559 5.21029
vt -3.17656 5.20537
vt -0.24429 4.48153
vt -0.25208 4.48611
vt -0.25062 4.48153
vt -0.24606 4.48708
vt -0.25208 4.49208
vt -0.24606 4.49208
vt -3.12856 4.80266
vt -3.11487 4.79219
vt -3.11570 4.80316
vt -3.12765 4.79074
vt 3.18344 5.01374
vt 3.16534 5.02760
vt 3.16534 5.01374
vt 3.17764 5.02288
vt 3.17675 5.02760
vt -2.84640 3.66697
vt -2.83057 3.66130
vt -2.83329 3.67008
vt -2.84315 3.65647
vt 1.52647 0.95574
vt 1.52855 0.98447
vt 1.51651 0.97761
vt 1.54227 0.96474
vt 3.24546 3.23863
vt 3.16534 3.22477
vt 3.24546 3.22477
vt 3.16534 3.23863
vt 0.21790 -1.12210
vt 0.19924 -1.11398
vt 0.19876 -1.12210
vt 0.21742 -1.11398
vt 3.06965 3.81263
vt 3.05947 3.82818
vt 3.05702 3.81567
vt 3.07232 3.82623
vt -3.29151 1.40269
vt -3.27266 1.42183
vt -3.29151 1.42183
vt -3.27266 1.40269
vt -0.21434 3.40725
vt -0.20233 3.39842
vt -0.20233 3.40725
vt -0.21434 3.39842
vt -1.33632 0.51232
vt -1.34087 0.52630
vt -1.34653 0.51862
vt -1.33200 0.52083
vt 1.46649 5.44909
vt 1.47073 5.43513
vt 1.47529 5.44320
vt 1.46075 5.44181
vt 2.08959 5.67220
vt 2.08752 5.65840
vt 2.09495 5.66519
vt 2.08109 5.66681
vt 3.95713 4.33412
vt 3.42367 4.34294
vt 3.42367 4.33412
vt 3.95713 4.34294
vt 3.95713 5.01626
vt 3.42367 5.02508
vt 3.42367 5.01626
vt 3.95713 5.02508
vt 3.95713 5.20694
vt 3.42367 5.21576
vt 3.42367 5.20694
vt 3.95713 5.21576
vt -3.24546 2.88863
vt -3.16534 2.90058
vt -3.24546 2.90058
vt -3.16534 2.88863
vt -3.18301 4.89788
vt -3.16534 4.88593
vt -3.16534 4.89788
vt -3.17764 4.88941
vt -3.17699 4.88593
vt -3.40725 5.21735
vt -3.39842 5.20535
vt -3.39842 5.21735
vt -3.40725 5.20535
vt -3.40725 4.89791
vt -3.39842 4.88591
vt -3.39842 4.89791
vt -3.40725 4.88591
vt -3.40725 4.09962
vt -3.39842 4.08761
vt -3.39842 4.09962
vt -3.40725 4.08761
vt -2.20107 1.97229
vt -2.19995 1.98695
vt -2.20811 1.98201
vt -2.19383 1.97851
vt -2.60245 1.90886
vt -2.60372 1.92917
vt -2.61117 1.92589
vt -2.59544 1.91298
vt -2.37598 3.45649
vt -2.34774 3.45085
vt -2.35305 3.46365
vt -2.36903 3.43969
vt -2.52528 4.51440
vt -2.52186 4.50086
vt -2.52370 4.51076
vt -2.54500 4.49437
vt -2.54832 4.51225
vt 2.71989 5.20351
vt 2.69927 5.21029
vt 2.69806 5.20529
vt 2.71989 5.21919
vt 2.69755 5.21737
vt 2.67606 4.50500
vt 2.65494 4.51768
vt 2.65376 4.51061
vt 2.65681 4.52231
vt 2.67864 4.52047
vt -2.59612 5.22044
vt -2.57458 5.21029
vt -2.57255 5.21831
vt -2.59612 5.20226
vt -2.57308 5.20434
vt 3.16534 4.08764
vt 3.19225 4.08881
vt 3.16534 4.09959
vt 3.24546 4.08764
vt 3.18349 4.09607
vt 3.18159 4.09959
vt 3.22975 4.08881
vt 3.23899 4.09573
vt 3.24120 4.09959
vt 3.24546 4.09959
vt 3.16534 2.88863
vt 3.24546 2.90058
vt 3.16534 2.90058
vt 3.24546 2.88863
vt 3.16534 1.40628
vt 3.24546 1.41823
vt 3.16534 1.41823
vt 3.24546 1.40628
vt 0.21431 3.16534
vt 0.20236 3.24546
vt 0.20236 3.16534
vt 0.21431 3.24546
vt -3.24546 1.40628
vt -3.16534 1.41823
vt -3.24546 1.41823
vt -3.16534 1.40628
vt -0.21431 3.24546
vt -0.20236 3.16534
vt -0.20236 3.24546
vt -0.21431 3.16534
vt 3.24546 1.81451
vt 3.16534 1.80256
vt 3.24546 1.80256
vt 3.16534 1.81451
vt 3.24546 3.23767
vt 3.16534 3.22572
vt 3.24546 3.22572
vt 3.16534 3.23767
vt 2.65631 5.52733
vt 2.65376 5.53907
vt 2.65531 5.52979
vt 2.67606 5.54468
vt 2.67864 5.52921
vt 3.18301 4.33255
vt 3.16534 4.34450
vt 3.16534 4.33255
vt 3.18349 4.33344
vt 3.19225 4.34070
vt 3.24546 4.34450
vt 3.22975 4.34070
vt 3.23899 4.33378
vt 3.23970 4.33255
vt 3.24546 4.33255
vt -2.62250 0.34346
vt -2.62621 0.32663
vt -2.61606 0.33455
vt -2.63320 0.33632
vt -2.59575 2.23031
vt -2.60226 2.21481
vt -2.59111 2.22238
vt -2.60781 2.22430
vt -0.24606 5.73614
vt -0.25208 5.72896
vt -0.24606 5.72896
vt -0.25208 5.73711
vt -0.24498 5.73951
vt -0.25131 5.73951
vt -3.13467 5.21733
vt -3.12181 5.20585
vt -3.12181 5.21685
vt -3.13467 5.20537
vt 3.17675 5.20442
vt 3.16534 5.21828
vt 3.16534 5.20442
vt 3.17559 5.21029
vt 3.17717 5.21828
vt -2.93408 4.66836
vt -2.91938 4.66021
vt -2.92064 4.66930
vt -2.93257 4.65747
vt 3.10648 4.76081
vt 3.09471 4.77520
vt 3.09359 4.76250
vt 3.10768 4.77461
vt -2.70476 3.64354
vt -2.69658 3.63718
vt -2.69938 3.64500
vt -2.70166 3.63489
vt 0.21742 0.25688
vt 0.20141 0.28081
vt 0.19924 0.25688
vt 0.21526 0.28081
vt 3.24546 1.81546
vt 3.16534 1.80160
vt 3.24546 1.80160
vt 3.16534 1.81546
vt 2.95595 2.34274
vt 2.94841 2.35973
vt 2.94397 2.34778
vt 2.96077 2.35573
vt -1.84126 0.02438
vt -1.84997 0.04278
vt -1.85567 0.03697
vt -1.83628 0.03082
vt 2.74716 3.63129
vt 2.73791 3.64689
vt 2.73441 3.63684
vt 2.75134 3.64333
vt -0.20304 5.49850
vt -0.21434 5.48925
vt -0.20233 5.48925
vt -0.21363 5.49850
vt -3.40725 1.40626
vt -3.39842 1.41826
vt -3.40725 1.41826
vt -3.39842 1.40626
vt 1.23611 5.70552
vt 1.23943 5.69197
vt 1.24373 5.70107
vt 1.23029 5.69731
vt 3.95713 3.23611
vt 3.42367 3.22729
vt 3.95713 3.22729
vt 3.42367 3.23611
vt -3.07136 5.21664
vt -3.06212 5.20535
vt -3.06212 5.21735
vt -3.07136 5.20606
vt -3.03822 5.43658
vt -3.03084 5.42399
vt -3.02898 5.43584
vt -3.03987 5.42613
vt -2.91744 5.37438
vt -2.91247 5.36065
vt -2.90848 5.37198
vt -2.92096 5.36440
vt -3.40725 2.88861
vt -3.39842 2.90061
vt -3.40725 2.90061
vt -3.39842 2.88861
vt -1.97104 2.12114
vt -1.96211 2.14851
vt -1.98227 2.13544
vt -1.95355 2.13761
vt -3.18344 4.10054
vt -3.16534 4.08669
vt -3.16534 4.10054
vt -3.18349 4.10044
vt -3.19225 4.09318
vt -3.24546 4.08669
vt -3.22975 4.09318
vt -3.23899 4.10010
vt -3.23924 4.10054
vt -3.24546 4.10054
vt -3.24523 4.89388
vt -3.24546 4.88498
vt -3.23924 4.88498
vt -3.24546 4.89505
vt 0.16612 5.75177
vt 0.17245 5.75177
vt 0.16322 5.76258
vt 0.16943 5.76258
vt 0.16322 4.43948
vt 0.16943 4.43948
vt 0.17176 4.45028
vt 0.16543 4.45028
vt 3.24546 4.88593
vt 3.24523 4.89193
vt 3.24120 4.88593
vt 3.24546 4.89310
vt 0.17430 6.11221
vt 0.16913 6.10838
vt 0.17657 6.10838
vt 0.16887 6.10882
vt 0.16612 6.11919
vt 0.17245 6.11919
vt 0.17320 5.45011
vt 0.17657 5.46092
vt 0.16913 5.46092
vt 0.18064 5.45011
vt 0.18064 3.19225
vt 0.17320 3.22975
vt 0.17320 3.19225
vt 0.18064 3.22975
vt -0.17637 0.24769
vt -0.17320 0.23714
vt -0.16893 0.24769
vt -0.18064 0.23714
vt -0.16887 2.55352
vt -0.17637 2.55342
vt -0.16893 2.55342
vt -0.17430 2.55684
vt -0.16604 2.56397
vt -0.17237 2.56397
vt 3.18159 4.88593
vt 3.16534 4.89788
vt 3.16534 4.88593
vt 3.17764 4.89217
vt 3.17656 4.89788
vt 2.98128 3.63827
vt 2.97054 3.65174
vt 2.96869 3.64090
vt 2.98329 3.65005
vt 2.84666 2.12809
vt 2.85537 2.11322
vt 2.85904 2.12459
vt 2.84328 2.11763
vt 2.36596 0.03992
vt 2.36967 0.02309
vt 2.37667 0.03278
vt 2.35953 0.03101
vt -0.20284 -1.84980
vt -0.21431 -1.86266
vt -0.20236 -1.86266
vt -0.21383 -1.84980
vt 3.24523 5.01841
vt 3.24546 5.02664
vt 3.23970 5.02664
vt 3.24546 5.01724
vt 3.17699 5.01469
vt 3.16534 5.02664
vt 3.16534 5.01469
vt 3.17764 5.01817
vt 3.18301 5.02664
vt -1.91032 0.48590
vt -1.91046 0.46909
vt -1.90302 0.48032
vt -1.91920 0.47576
vt -2.41231 2.27272
vt -2.41199 2.26236
vt -2.40764 2.26584
vt -2.41715 2.26995
vt -2.95666 5.21685
vt -2.94321 5.20676
vt -2.94321 5.21594
vt -2.95666 5.20585
vt 3.11609 5.20442
vt 3.10311 5.21772
vt 3.10311 5.20498
vt 3.11609 5.21828
vt -2.81776 4.63725
vt -2.81088 4.62949
vt -2.81220 4.63770
vt -2.81630 4.62818
vt 2.85700 4.63025
vt 2.84510 4.64394
vt 2.84347 4.63342
vt 2.85896 4.64285
vt -0.21526 3.24546
vt -0.20141 3.16534
vt -0.20141 3.24546
vt -0.21526 3.16534
vt -1.14582 0.82336
vt -1.14789 0.85209
vt -1.16162 0.83236
vt -1.13585 0.84523
vt 2.49028 0.27471
vt 2.48879 0.29323
vt 2.48064 0.28342
vt 2.49913 0.28537
vt 2.46591 2.23780
vt 2.46078 2.25519
vt 2.45492 2.24630
vt 2.47293 2.24845
vt 2.58186 3.63447
vt 2.58025 3.64604
vt 2.57667 3.63709
vt 2.58581 3.64436
vt -1.83050 5.28048
vt -1.83474 5.26651
vt -1.82476 5.27319
vt -1.83929 5.27459
vt -0.20392 5.72675
vt -0.21363 5.71673
vt -0.20304 5.71673
vt -0.21274 5.72675
vt 3.95713 1.81294
vt 3.42367 1.80412
vt 3.95713 1.80412
vt 3.42367 1.81294
vt -2.94675 5.21576
vt -2.93673 5.20606
vt -2.93673 5.21664
vt -2.94675 5.20694
vt -2.90494 5.49996
vt -2.89681 5.48863
vt -2.89492 5.49905
vt -2.90651 5.49128
vt -2.75617 5.53209
vt -2.75050 5.51934
vt -2.74654 5.52915
vt -2.75947 5.52391
vt -2.61028 5.22992
vt -2.60887 5.21539
vt -2.60220 5.22538
vt -2.61616 5.22112
vt -3.24546 2.88768
vt -3.16534 2.90154
vt -3.24546 2.90154
vt -3.16534 2.88768
vt -3.17675 4.89884
vt -3.16534 4.88498
vt -3.16534 4.89884
vt -3.17764 4.89412
vt -3.18344 4.88498
vt -2.93605 3.60335
vt -2.92076 3.59279
vt -2.92321 3.60531
vt -2.93339 3.58976
vt -0.16459 4.48611
vt -0.17237 4.48153
vt -0.16604 4.48153
vt -0.17061 4.48708
vt -0.16459 4.49208
vt -0.17061 4.49208
vt 3.17656 5.20537
vt 3.16534 5.21733
vt 3.16534 5.20537
vt 3.17699 5.21733
vt 3.02512 4.66943
vt 3.01317 4.68184
vt 3.01234 4.67088
vt 3.02603 4.68134
vt 2.63380 3.46484
vt 2.62394 3.47844
vt 2.62123 3.46967
vt 2.63705 3.47534
vt 2.33550 1.99207
vt 2.34200 1.97658
vt 2.34756 1.98606
vt 2.33086 1.98415
vt 1.56213 0.28892
vt 1.56228 0.27211
vt 1.57101 0.27878
vt 1.55484 0.28334
vt -0.20374 -0.63739
vt -0.21383 -0.65084
vt -0.20284 -0.65084
vt -0.21293 -0.63739
vt -0.16459 5.73711
vt -0.17061 5.72896
vt -0.16459 5.72896
vt -0.17061 5.73614
vt -0.17168 5.73951
vt -0.16535 5.73951
vt -1.69164 0.72670
vt -1.68738 0.71724
vt -1.68469 0.72213
vt -1.69506 0.72229
vt -2.84781 5.21594
vt -2.84225 5.20719
vt -2.84225 5.21551
vt -2.84781 5.20676
vt 2.88720 5.20498
vt 2.87335 5.21667
vt 2.87335 5.20603
vt 2.88720 5.21772
vt 2.71746 4.60903
vt 2.71355 4.62003
vt 2.71185 4.61054
vt 2.71933 4.61951
vt 0.21526 -1.65491
vt 0.20196 -1.64193
vt 0.20141 -1.65491
vt 0.21471 -1.64193
vt -3.24546 1.40533
vt -3.16534 1.41919
vt -3.24546 1.41919
vt -3.16534 1.40533
vt 1.74156 0.64316
vt 1.74346 0.66120
vt 1.73465 0.65522
vt 1.75211 0.65032
vt 2.25758 2.33746
vt 2.25909 2.34904
vt 2.25327 2.34136
vt 2.26401 2.34595
vt 0.22232 5.18390
vt 0.20351 5.18092
vt 0.21315 5.18092
vt 0.19435 5.18390
vt 0.21249 5.18511
vt 0.23012 5.18957
vt 0.22039 5.18768
vt 0.22712 5.19256
vt 0.23578 5.19736
vt 0.23201 5.19929
vt 0.23876 5.20653
vt 0.23457 5.20719
vt 0.23876 5.21617
vt 0.23457 5.21551
vt 0.23201 5.22341
vt 0.23578 5.22534
vt 0.22712 5.23014
vt 0.23012 5.23313
vt 0.22039 5.23502
vt 0.22232 5.23880
vt 0.21249 5.23759
vt 0.20418 5.23759
vt 0.20418 5.18511
vt 0.18655 5.18957
vt 0.19627 5.18768
vt 0.18955 5.19256
vt 0.18088 5.19736
vt 0.18466 5.19929
vt 0.17790 5.20653
vt 0.18209 5.20719
vt 0.17790 5.21617
vt 0.18209 5.21551
vt 0.18466 5.22341
vt 0.18088 5.22534
vt 0.18955 5.23014
vt 0.18655 5.23313
vt 0.19627 5.23502
vt 0.19435 5.23880
vt 0.21315 5.24178
vt 0.20351 5.24178
vt -1.61431 5.56725
vt -1.61762 5.55370
vt -1.60849 5.55904
vt -1.62192 5.56280
vt -0.21274 3.95713
vt -0.20392 3.42367
vt -0.20392 3.95713
vt -0.21274 3.42367
vt -3.95713 5.21576
vt -3.42367 5.20694
vt -3.42367 5.21576
vt -3.95713 5.20694
vt -3.95713 4.89632
vt -3.42367 4.88750
vt -3.42367 4.89632
vt -3.95713 4.88750
vt -3.95713 4.09803
vt -3.42367 4.08920
vt -3.42367 4.09803
vt -3.95713 4.08920
vt -2.40247 5.48712
vt -2.40040 5.47332
vt -2.39397 5.48173
vt -2.40783 5.48011
vt -2.77677 2.04968
vt -2.76923 2.06667
vt -2.78159 2.06267
vt -2.76480 2.05472
vt -3.17717 5.21828
vt -3.16534 5.20442
vt -3.16534 5.21828
vt -3.17675 5.20442
vt -2.99002 4.65567
vt -2.97593 4.64355
vt -2.97704 4.65625
vt -2.98881 4.64187
vt -2.51851 3.46501
vt -2.50158 3.45851
vt -2.50507 3.46857
vt -2.51432 3.45297
vt 3.03688 5.20537
vt 3.02402 5.21685
vt 3.02402 5.20585
vt 3.03688 5.21733
vt 2.74793 4.55301
vt 2.73600 4.56485
vt 2.73474 4.55575
vt 2.74944 4.56390
vt 2.46216 3.46066
vt 2.45988 3.47077
vt 2.45708 3.46294
vt 2.46526 3.46930
vt 2.12269 2.06202
vt 2.12237 2.05166
vt 2.12753 2.05925
vt 2.11802 2.05514
vt 1.32559 0.56211
vt 1.32133 0.55266
vt 1.32901 0.55771
vt 1.31864 0.55755
vt -0.20418 -0.16449
vt -0.21293 -0.17005
vt -0.20374 -0.17005
vt -0.21249 -0.16449
vt 2.75560 5.20603
vt 2.74981 5.21617
vt 2.74981 5.20653
vt 2.75560 5.21667
vt -2.21052 -0.00809
vt -2.20903 0.01044
vt -2.21937 0.00258
vt -2.20089 0.00063
vt 0.21471 -0.29312
vt 0.20301 -0.27926
vt 0.20196 -0.29312
vt 0.21366 -0.27926
vt 1.52689 0.96060
vt 1.53268 0.97074
vt 1.52438 0.96584
vt 1.53605 0.96602
vt -2.52633 5.21667
vt -2.52054 5.20653
vt -2.52054 5.21617
vt -2.52633 5.20603
vt -2.48203 4.53114
vt -2.47454 4.52217
vt -2.47624 4.53166
vt -2.48015 4.52065
vt -2.32267 3.48580
vt -2.31353 3.47853
vt -2.31711 3.48748
vt -2.31872 3.47592
vt -1.94664 2.15010
vt -1.94815 2.16168
vt -1.95307 2.15859
vt -1.94233 2.15400
vt -1.14964 0.82012
vt -1.15543 0.83026
vt -1.15881 0.82553
vt -1.14713 0.82536
vt 0.21366 0.22655
vt 0.20351 0.23234
vt 0.20301 0.22655
vt 0.21315 0.23234
vt -3.95713 1.40785
vt -3.42367 1.41667
vt -3.95713 1.41667
vt -3.42367 1.40785
vt -3.95713 2.89020
vt -3.42367 2.89902
vt -3.95713 2.89902
vt -3.42367 2.89020
vt -2.18258 2.02080
vt -2.17744 2.03819
vt -2.18959 2.03144
vt -2.17158 2.02930
vt -3.00375 5.21828
vt -2.99077 5.20498
vt -2.99077 5.21772
vt -3.00375 5.20442
vt -2.65175 4.54476
vt -2.63626 4.53534
vt -2.63790 4.54586
vt -2.64979 4.53217
vt 2.77939 5.20585
vt 2.76594 5.21594
vt 2.76594 5.20676
vt 2.77939 5.21685
vt 2.60258 4.53209
vt 2.59848 4.54160
vt 2.59716 4.53340
vt 2.60404 4.54115
vt -1.37908 0.47159
vt -1.38098 0.48962
vt -1.38963 0.47875
vt -1.37217 0.48364
vt -2.68777 5.21772
vt -2.67391 5.20603
vt -2.67391 5.21667
vt -2.68777 5.20498
vt 2.64194 5.20676
vt 2.63638 5.21551
vt 2.63638 5.20719
vt 2.64194 5.21594
# 4034 texture vertices

vn -0.70711 0.70711 0.00000
vn -0.88399 0.45129 0.12209
vn -0.72103 0.67726 0.14638
vn -0.91370 0.40638 0.00000
vn -0.98018 0.15602 0.12209
vn -0.99456 0.10414 0.00000
vn -0.83007 0.42556 0.36039
vn -0.65795 0.66122 0.36039
vn -0.49661 0.85937 0.12193
vn -0.40638 0.91370 0.00000
vn -0.92095 0.14821 0.36038
vn -0.42142 0.83218 0.36038
vn -0.63606 0.36756 0.67847
vn -0.49136 0.54612 0.67847
vn -0.20673 0.97077 0.12192
vn -0.10414 0.99456 0.00000
vn -0.69650 0.13108 0.70548
vn -0.29854 0.67123 0.67847
vn -0.14363 0.92168 0.36038
vn -0.40282 0.36241 0.84048
vn -0.49509 0.22021 0.84047
vn 0.13236 0.98134 0.13947
vn 0.20828 0.97807 0.00000
vn -0.53465 0.08469 0.84082
vn -0.27110 0.46914 0.84048
vn -0.09177 0.76301 0.63984
vn 0.14346 0.90578 0.39873
vn 0.86583 -0.50033 0.00000
vn 0.70711 -0.70711 0.00000
vn 0.44991 0.88469 0.12209
vn 0.50034 0.86583 0.00000
vn 0.97806 -0.20830 0.00000
vn 0.50033 -0.86583 0.00000
vn -0.08468 0.53465 0.84082
vn 0.09168 0.69218 0.71588
vn 0.42142 0.83218 0.36038
vn 0.70476 0.70476 0.08133
vn 0.70711 0.70711 0.00000
vn 0.20830 -0.97806 0.00000
vn 0.11286 0.52996 0.84048
vn 0.29854 0.67123 0.67847
vn 0.66959 0.66959 0.32139
vn 0.86583 0.50034 0.00000
vn 0.88469 0.44991 0.12209
vn -0.10415 -0.99456 0.00000
vn 0.27110 0.46914 0.84048
vn 0.52750 0.54544 0.65134
vn 0.83218 0.42141 0.36039
vn 0.97807 0.20828 0.00000
vn 0.98042 0.15450 0.12209
vn -0.40639 -0.91370 0.00000
vn 0.40282 0.36241 0.84048
vn 0.65826 0.32513 0.67896
vn 0.92168 0.14364 0.36039
vn -0.70711 -0.70711 0.00000
vn 0.49509 0.22021 0.84047
vn 0.70292 0.09058 0.70548
vn -0.91370 -0.40639 0.00000
vn 0.53465 0.08469 0.84082
vn -0.99456 -0.10415 0.00000
vn -0.85785 0.49618 0.13377
vn -0.95744 0.25575 0.13377
vn -0.85863 0.49483 0.13377
vn -0.95704 0.25725 0.13377
vn -0.71582 0.67961 0.16040
vn -0.68939 0.71527 0.11462
vn -0.88712 0.46155 0.00000
vn -0.97634 0.21622 0.00000
vn -0.95664 0.25717 0.13677
vn -0.85748 0.49600 0.13677
vn -0.53266 0.83571 0.13364
vn -0.45740 0.87916 0.13364
vn -0.70711 0.70711 0.00000
vn -0.71538 0.67922 0.16400
vn -0.88624 0.23983 0.39630
vn -0.79396 0.46105 0.39632
vn -0.53244 0.83537 0.13665
vn -0.29822 0.94510 0.13364
vn -0.21429 0.96758 0.13364
vn -0.46155 0.88712 0.00000
vn -0.64758 0.65083 0.39632
vn -0.60608 0.19125 0.77207
vn -0.53593 0.34160 0.77207
vn -0.45707 0.79626 0.39631
vn -0.29810 0.94471 0.13663
vn -0.01897 0.98807 0.15281
vn 0.02655 0.99391 0.10694
vn -0.21622 0.97634 0.00000
vn -0.42927 0.46867 0.77206
vn -0.30281 0.15755 0.93994
vn -0.33325 0.07380 0.93995
vn -0.29334 0.56379 0.77207
vn -0.23541 0.88743 0.39630
vn -0.04343 0.98967 0.13665
vn 0.25725 0.95704 0.13377
vn 0.25574 0.95745 0.13377
vn 0.04384 0.99904 0.00000
vn -0.25172 0.23055 0.93994
vn 0.95365 -0.30092 0.00000
vn 0.84327 -0.53748 0.00000
vn -0.18346 0.28784 0.93994
vn -0.13741 0.62050 0.77207
vn 0.01825 0.91022 0.41373
vn 0.23727 0.95880 0.15624
vn 0.49617 0.85786 0.13377
vn 0.49483 0.85863 0.13377
vn 0.30092 0.95365 0.00000
vn 0.70711 -0.70711 0.00000
vn 0.53748 -0.84328 0.00000
vn -0.10271 0.32549 0.93995
vn -0.00000 0.63518 0.77236
vn 0.25674 0.87015 0.42061
vn 0.49459 0.85830 0.13678
vn 0.69579 0.69579 0.17816
vn 0.70429 0.70430 0.08910
vn 0.53749 0.84327 0.00000
vn 0.30091 -0.95365 0.00000
vn 0.00000 0.34104 0.94005
vn 0.13741 0.62050 0.77207
vn 0.45707 0.79626 0.39631
vn 0.70417 0.70417 0.09110
vn 0.85863 0.49483 0.13377
vn 0.85785 0.49618 0.13377
vn 0.70711 0.70711 0.00000
vn 0.04384 -0.99904 0.00000
vn 0.10271 0.32549 0.93995
vn 0.29334 0.56379 0.77207
vn 0.66105 0.66106 0.35499
vn 0.85830 0.49459 0.13677
vn 0.95745 0.25574 0.13377
vn 0.95704 0.25725 0.13377
vn 0.84327 0.53749 0.00000
vn -0.21622 -0.97634 0.00000
vn 0.18346 0.28784 0.93994
vn 0.47141 0.48105 0.73917
vn 0.79626 0.45707 0.39632
vn 0.95706 0.25561 0.13676
vn 0.95365 0.30092 0.00000
vn -0.46154 -0.88712 0.00000
vn 0.25172 0.23055 0.93994
vn 0.55601 0.30722 0.77231
vn 0.88742 0.23541 0.39632
vn -0.70711 -0.70711 0.00000
vn 0.30281 0.15755 0.93994
vn 0.57930 0.13759 0.80342
vn -0.88711 -0.46155 0.00000
vn 0.32941 0.08826 0.94005
vn -0.97634 -0.21622 0.00000
vn 0.00000 0.00000 1.00000
vn 0.97807 0.20828 0.00000
vn 0.86583 0.50034 0.00000
vn 0.70710 0.70712 0.00000
vn 0.50034 0.86583 0.00000
vn 0.20832 0.97806 0.00000
vn -0.10416 0.99456 0.00000
vn -0.99456 0.10414 0.00000
vn -0.91370 0.40638 0.00000
vn -0.70710 0.70712 0.00000
vn -0.40640 0.91369 0.00000
vn -0.92168 -0.14363 0.36039
vn -0.83218 -0.42141 0.36039
vn -0.66959 -0.66960 0.32139
vn -0.42140 -0.83219 0.36040
vn -0.14363 -0.92168 0.36038
vn 0.14346 -0.90578 0.39872
vn 0.42140 -0.83219 0.36040
vn 0.65795 -0.66123 0.36039
vn 0.83007 -0.42555 0.36039
vn 0.92095 -0.14821 0.36038
vn -0.72652 -0.10581 0.67895
vn -0.65826 -0.32512 0.67896
vn -0.52750 -0.54544 0.65134
vn -0.29854 -0.67124 0.67846
vn -0.07651 -0.73065 0.67846
vn 0.11486 -0.72513 0.67897
vn 0.29854 -0.67124 0.67846
vn 0.49135 -0.54613 0.67847
vn 0.63606 -0.36755 0.67848
vn 0.71851 -0.15302 0.67848
vn -0.53890 -0.05643 0.84048
vn -0.49509 -0.22020 0.84048
vn -0.40281 -0.36240 0.84048
vn -0.27111 -0.46915 0.84047
vn -0.11287 -0.52997 0.84047
vn 0.08469 -0.53465 0.84082
vn 0.27111 -0.46915 0.84047
vn 0.40281 -0.36240 0.84048
vn 0.49509 -0.22020 0.84048
vn 0.53890 -0.05643 0.84048
vn 0.71582 -0.67961 0.16040
vn 0.85863 -0.49483 0.13377
vn 0.68940 -0.71526 0.11462
vn 0.85785 -0.49619 0.13377
vn 0.53267 -0.83570 0.13364
vn 0.45741 -0.87916 0.13364
vn 0.88711 -0.46155 0.00000
vn 0.95744 -0.25575 0.13377
vn 0.95704 -0.25725 0.13377
vn 0.46155 -0.88711 0.00000
vn 0.27405 -0.94950 0.15282
vn 0.23159 -0.96692 0.10695
vn 0.97634 -0.21622 0.00000
vn 0.99101 0.00078 0.13377
vn 0.99101 -0.00078 0.13377
vn 0.79396 -0.46105 0.39632
vn 0.64758 -0.65082 0.39632
vn 0.21622 -0.97634 0.00000
vn 0.45706 -0.79626 0.39632
vn -0.00078 -0.99101 0.13377
vn 0.00078 -0.99101 0.13377
vn 0.99904 0.04384 0.00000
vn 0.88624 -0.23984 0.39630
vn -0.99101 -0.00078 0.13377
vn -0.95704 -0.25725 0.13377
vn -0.85785 -0.49618 0.13377
vn -0.69580 -0.69579 0.17816
vn -0.49618 -0.85785 0.13377
vn -0.25724 -0.95704 0.13377
vn 0.53593 -0.34160 0.77207
vn 0.42927 -0.46867 0.77206
vn -0.04384 -0.99904 0.00000
vn 0.25675 -0.87014 0.42063
vn 0.29334 -0.56381 0.77206
vn -0.25574 -0.95745 0.13377
vn 0.91811 -0.00230 0.39632
vn 0.60608 -0.19125 0.77207
vn -0.99101 0.00078 0.13377
vn -0.91811 0.00230 0.39632
vn -0.95745 -0.25574 0.13377
vn -0.88742 -0.23541 0.39631
vn -0.85863 -0.49483 0.13377
vn -0.79626 -0.45707 0.39631
vn -0.70429 -0.70429 0.08910
vn -0.66105 -0.66106 0.35498
vn -0.49484 -0.85863 0.13377
vn -0.45706 -0.79626 0.39632
vn -0.23541 -0.88742 0.39631
vn 0.01824 -0.91022 0.41372
vn 0.25171 -0.23053 0.93995
vn 0.30280 -0.15754 0.93994
vn -0.30092 -0.95365 0.00000
vn 0.13742 -0.62051 0.77206
vn 0.18346 -0.28785 0.93994
vn 0.63493 -0.02786 0.77207
vn 0.33325 -0.07380 0.93995
vn -0.99904 -0.04384 0.00000
vn -0.59517 0.01703 0.80342
vn -0.95365 -0.30092 0.00000
vn -0.61658 -0.15284 0.77232
vn -0.84327 -0.53750 0.00000
vn -0.55601 -0.30722 0.77232
vn -0.70711 -0.70711 0.00000
vn -0.47141 -0.48105 0.73916
vn -0.53750 -0.84327 0.00000
vn -0.29334 -0.56381 0.77206
vn -0.13742 -0.62051 0.77206
vn 0.00000 -0.63518 0.77236
vn 0.10272 -0.32553 0.93994
vn 0.34100 0.01496 0.93994
vn -0.34105 -0.00000 0.94004
vn -0.33325 -0.07380 0.93995
vn -0.30280 -0.15754 0.93994
vn -0.25171 -0.23054 0.93995
vn -0.18346 -0.28785 0.93994
vn -0.10272 -0.32553 0.93994
vn 0.00000 -0.34105 0.94004
vn 0.00001 -0.49378 -0.86959
vn -0.00000 -0.49380 -0.86957
vn 0.00001 -0.49370 -0.86963
vn 0.87960 0.42236 0.21888
vn 0.63326 0.63325 0.44494
vn 0.79853 0.36551 0.47828
vn 0.70134 0.70132 0.12756
vn 0.90657 0.19310 0.37529
vn 0.87351 0.09147 0.47813
vn 0.88287 0.28690 0.37179
vn 0.85238 0.52292 0.00002
vn 0.73097 0.65765 -0.18214
vn 0.79577 0.57816 -0.18023
vn 0.44385 0.87536 0.19167
vn 0.39608 0.78358 0.47867
vn 0.71911 0.64110 0.26808
vn 0.88893 0.37816 0.25844
vn -0.00000 -0.16959 -0.98551
vn 0.00001 -0.80816 -0.58896
vn -0.00003 -0.83572 -0.54916
vn 0.59695 0.06679 0.79950
vn 0.90741 0.29485 0.29946
vn 0.00015 -0.96991 -0.24346
vn -0.30136 -0.91841 -0.25634
vn -0.37631 -0.90726 0.18780
vn 0.68455 0.65375 -0.32250
vn 0.76836 0.55824 -0.31303
vn 0.49197 0.85135 -0.18213
vn 0.43715 0.84711 0.30216
vn 0.12986 0.96707 0.21887
vn 0.13440 0.84859 0.51169
vn 0.86584 0.50031 -0.00000
vn 0.72085 0.68862 0.07856
vn 0.90397 0.41496 0.10317
vn 0.80902 0.58778 -0.00000
vn 0.80902 0.58778 0.00000
vn 0.86584 0.50032 0.00000
vn 0.95106 0.30899 0.00000
vn 0.95106 0.30902 0.00066
vn 0.00003 -0.91948 0.39314
vn -0.43395 -0.86343 0.25725
vn -0.52658 -0.78366 0.32953
vn 0.71068 0.68650 -0.15380
vn 0.83275 0.48121 -0.27379
vn 0.90808 0.38790 -0.15785
vn 0.43128 0.84485 -0.31657
vn 0.17564 0.96217 -0.20828
vn 0.44878 0.88297 0.13773
vn 0.18440 0.95279 0.24123
vn -0.13455 0.86762 0.47867
vn -0.20442 0.95999 0.19141
vn 0.97807 0.20827 0.00002
vn 0.98421 0.13192 0.11801
vn 0.95106 0.30900 0.00003
vn 0.95106 0.30900 -0.00000
vn -0.00000 -0.75135 -0.65990
vn -0.52752 -0.84468 -0.09080
vn -0.46569 -0.87227 0.14922
vn 0.00000 -0.77700 0.62950
vn 0.66370 0.66370 0.34498
vn 0.82499 0.41782 0.38055
vn -0.00001 -0.46138 0.88720
vn -0.00001 -0.57738 0.81648
vn 0.00006 -0.72207 0.69182
vn -0.34962 -0.79720 0.49217
vn 0.00000 -0.52627 0.85032
vn 0.94069 0.20034 -0.27379
vn 0.98501 0.10315 -0.13827
vn 0.85431 0.43990 0.27685
vn 0.65770 0.65770 0.36723
vn 0.40245 0.90494 -0.13828
vn 0.14908 0.94142 -0.30249
vn -0.15207 0.97140 -0.18237
vn 0.41782 0.82499 0.38055
vn 0.13190 0.97870 0.15732
vn -0.09929 0.94819 0.30178
vn -0.39608 0.78358 0.47867
vn -0.49108 0.84982 0.19142
vn 0.00000 -0.38205 -0.92414
vn -0.00000 -0.55472 -0.83204
vn 0.91373 0.14244 0.38054
vn 0.60926 0.60926 0.50756
vn 0.76181 0.38690 0.51958
vn 0.94843 0.15438 0.27685
vn 0.85804 0.43257 0.27685
vn 0.69506 0.69505 0.18384
vn 0.43988 0.85431 0.27686
vn 0.12382 0.98611 -0.11068
vn -0.14908 0.93678 -0.31658
vn -0.44482 0.87686 -0.18237
vn 0.38689 0.76181 0.51958
vn 0.14229 0.89838 0.41554
vn -0.20631 0.96877 0.13754
vn -0.38743 0.87111 0.30178
vn -0.61884 0.62283 0.47868
vn -0.70902 0.66673 0.22969
vn 0.84408 0.13255 0.51958
vn 0.37875 0.37875 0.84445
vn 0.42960 0.19108 0.88257
vn 0.94972 0.14626 0.27685
vn 0.86035 0.44220 -0.25347
vn 0.69363 0.65326 -0.30353
vn 0.43258 0.85804 0.27685
vn 0.18489 0.95757 0.22109
vn -0.15589 0.97802 -0.13847
vn -0.43128 0.84485 -0.31657
vn -0.72743 0.67245 -0.13657
vn 0.13251 0.83663 0.53150
vn 0.14187 0.31897 0.93709
vn -0.14244 0.91373 0.38054
vn -0.49557 0.85761 0.13754
vn -0.70787 0.67731 0.20043
vn -0.78101 0.40112 0.47866
vn -0.89085 0.41195 0.19153
vn 0.39937 0.04182 0.91583
vn 0.95489 0.15470 -0.25348
vn 0.75753 0.38724 -0.52555
vn 0.60077 0.60238 -0.52556
vn 0.48404 0.83763 -0.25315
vn 0.12518 0.94047 0.31598
vn -0.10007 0.95579 0.27651
vn -0.45048 0.88198 -0.13847
vn -0.68455 0.65375 -0.32250
vn -0.86582 0.50035 0.00003
vn -0.79577 0.57816 -0.18022
vn 0.07348 0.46389 0.88284
vn -0.13255 0.84408 0.51958
vn -0.41782 0.82499 0.38055
vn -0.73634 0.66248 0.13754
vn -0.86738 0.39548 0.30207
vn -0.87087 0.16173 0.46414
vn -0.88283 0.28688 0.37190
vn -0.93383 0.30344 0.18943
vn -0.92182 0.09655 0.37540
vn 0.84011 0.13420 -0.52555
vn 0.85382 0.42983 -0.29366
vn 0.67035 0.69812 -0.25150
vn 0.38520 0.75854 -0.52558
vn 0.17273 0.94151 -0.28937
vn -0.20015 0.93994 0.27651
vn -0.39052 0.87809 0.27651
vn -0.70853 0.67751 -0.19737
vn -0.75646 0.54960 -0.35455
vn -0.76836 0.55824 -0.31303
vn 0.35366 -0.87620 -0.32742
vn -0.00001 -0.63383 -0.77347
vn 0.30136 -0.91841 -0.25634
vn 0.32642 -0.92604 0.18946
vn -0.07112 0.67914 0.73056
vn -0.38689 0.76181 0.51958
vn -0.65231 0.65550 0.38055
vn -0.80902 0.58778 -0.00000
vn -0.88207 0.45054 0.13773
vn -0.91380 0.40617 -0.00015
vn -0.80902 0.58778 0.00000
vn -0.86584 0.50032 0.00000
vn -0.69139 0.12186 0.71213
vn -0.90741 0.29485 0.29946
vn -0.00000 -0.25538 -0.96684
vn -0.00001 -0.49378 -0.86959
vn -0.00001 -0.49368 -0.86965
vn 0.94486 0.14494 -0.29365
vn 0.38853 0.87352 -0.29328
vn 0.13193 0.83302 -0.53729
vn -0.14793 0.95596 -0.25350
vn -0.48083 0.83208 0.27650
vn -0.67268 0.70091 0.23712
vn -0.77874 0.56579 -0.27099
vn -0.83275 0.48121 -0.27379
vn -0.88918 0.42935 -0.15817
vn 0.44169 -0.84134 0.31156
vn 0.57093 -0.77548 0.26959
vn -0.14187 0.31897 0.93709
vn -0.60337 0.60497 0.51958
vn -0.82295 0.42184 0.38054
vn -0.95106 0.30899 0.00000
vn -0.95106 0.30902 0.00066
vn -0.00000 -0.79820 0.60240
vn 0.36991 -0.92148 0.11853
vn 0.55510 -0.82197 -0.12740
vn -0.00001 -0.77262 -0.63487
vn 0.00000 -0.65782 -0.75318
vn -0.97526 0.19552 0.10311
vn -0.95106 0.30900 0.00001
vn -0.99456 0.10412 0.00000
vn 0.11941 0.96477 -0.23444
vn -0.13196 0.84046 -0.52556
vn -0.43611 0.86346 -0.25348
vn -0.68659 0.64711 0.33142
vn -0.85804 0.43258 0.27685
vn -0.91547 0.29745 -0.27101
vn -0.94069 0.20034 -0.27379
vn -0.97802 0.15591 -0.13846
vn -0.00002 -0.60955 0.79275
vn 0.57038 -0.70168 0.42698
vn -0.31449 0.34954 0.88256
vn -0.76077 0.38891 0.51959
vn -0.91302 0.14689 0.38054
vn 0.00001 -0.39889 0.91700
vn 0.00001 -0.57738 0.81648
vn 0.00000 -0.55471 -0.83204
vn -0.00001 -0.32019 -0.94735
vn -0.15414 0.94341 -0.29363
vn -0.38520 0.75854 -0.52558
vn -0.69701 0.69700 -0.16843
vn -0.85431 0.43990 0.27685
vn -0.94972 0.14626 0.27685
vn -0.40710 0.23525 0.88257
vn -0.84372 0.13478 0.51958
vn -0.43811 0.84961 -0.29365
vn -0.60667 0.60667 -0.51371
vn -0.86346 0.43611 -0.25347
vn -0.94843 0.15437 0.27685
vn -0.39275 0.08364 0.91583
vn -0.65133 0.65134 -0.38925
vn -0.75855 0.38522 -0.52555
vn -0.95596 0.14794 -0.25348
vn -0.84960 0.43811 -0.29365
vn -0.84047 0.13196 -0.52555
vn -0.94341 0.15412 -0.29365
vn -0.00001 0.37395 -0.92745
vn -0.00001 0.37403 -0.92742
vn 0.00000 0.37396 -0.92745
vn 0.00000 0.37399 -0.92743
vn 0.00000 0.37398 -0.92744
vn 0.00001 0.37403 -0.92742
vn 0.00001 0.37395 -0.92745
vn -0.00000 0.37396 -0.92745
vn -0.00000 0.37399 -0.92743
vn -0.00000 0.37398 -0.92744
vn 0.00000 0.20369 0.97904
vn -0.00001 0.20368 0.97904
vn -0.00002 0.20371 0.97903
vn 0.54471 -0.02291 0.83831
vn 0.00003 -0.20370 0.97903
vn 0.00001 -0.20374 0.97902
vn 0.00000 0.20365 0.97904
vn 0.00001 0.20367 0.97904
vn -0.22481 0.16727 0.95994
vn 0.00003 0.20373 0.97903
vn -0.00002 -0.20370 0.97903
vn -0.00001 -0.20375 0.97902
vn -0.95389 0.14739 0.26147
vn -0.78587 0.40149 0.47034
vn -0.87147 0.13898 0.47035
vn -0.86166 0.43496 0.26146
vn -0.95275 -0.15460 0.26148
vn -0.87177 -0.13714 0.47033
vn -0.62334 0.62469 0.47034
vn -0.67467 0.70332 0.22395
vn -0.86717 0.44483 0.22390
vn -0.96220 0.15506 0.22388
vn -0.85835 -0.44144 0.26146
vn -0.78673 -0.39981 0.47033
vn -0.96303 -0.14984 0.22389
vn -0.39981 0.78673 0.47033
vn -0.39231 0.88200 0.26111
vn -0.70155 0.66022 0.26821
vn -0.86516 0.43722 -0.24565
vn -0.95792 0.14846 -0.24566
vn -0.66317 -0.66317 0.34699
vn -0.62823 -0.62823 0.45897
vn -0.86959 -0.44008 0.22392
vn -0.95692 -0.15479 -0.24566
vn 0.95389 -0.14740 0.26147
vn 0.95275 0.15460 0.26147
vn 0.85834 0.44146 0.26146
vn 0.66317 0.66317 0.34702
vn 0.44147 0.85834 0.26145
vn 0.15460 0.95275 0.26146
vn -0.12060 0.97049 0.20882
vn -0.44142 -0.85837 0.26145
vn -0.18519 -0.96026 0.20882
vn 0.10052 -0.96006 0.26112
vn 0.39226 -0.88202 0.26111
vn 0.67467 -0.70333 0.22393
vn 0.86167 -0.43494 0.26145
vn -0.48767 0.84391 0.22360
vn -0.13710 0.86558 0.48163
vn -0.69761 0.69763 -0.16325
vn -0.86225 0.44291 -0.24566
vn -0.95692 0.15479 -0.24566
vn -0.39979 -0.78672 0.47036
vn -0.69923 -0.69922 0.14891
vn -0.86225 -0.44292 -0.24566
vn -0.95792 -0.14846 -0.24566
vn 0.87147 -0.13899 0.47035
vn 0.87177 0.13713 0.47033
vn 0.78672 0.39980 0.47035
vn 0.62823 0.62825 0.45895
vn 0.39981 0.78673 0.47033
vn 0.13713 0.87178 0.47032
vn -0.13708 -0.86557 0.48167
vn 0.13711 -0.87175 0.47037
vn 0.39979 -0.78672 0.47036
vn 0.62335 -0.62467 0.47035
vn 0.78586 -0.40149 0.47036
vn -0.17408 0.95098 0.25562
vn -0.43722 0.86516 -0.24564
vn -0.66841 0.66844 -0.32621
vn -0.91095 0.38905 0.13712
vn -0.98736 0.10338 0.12011
vn -0.44010 -0.86958 0.22394
vn -0.69582 -0.65519 -0.29421
vn -0.86516 -0.43721 -0.24566
vn -0.98040 -0.15602 0.12028
vn 0.96220 -0.15506 0.22388
vn 0.96303 0.14984 0.22389
vn 0.86959 0.44010 0.22390
vn 0.69921 0.69924 0.14888
vn 0.44010 0.86959 0.22389
vn 0.14985 0.96303 0.22389
vn -0.12831 -0.95821 0.25569
vn 0.20301 -0.95329 0.22365
vn 0.48767 -0.84390 0.22364
vn 0.70155 -0.66020 0.26825
vn 0.86718 -0.44482 0.22391
vn -0.12712 0.95142 -0.28042
vn -0.44292 0.86225 -0.24565
vn -0.71283 0.68849 0.13360
vn -0.92420 0.30031 0.23595
vn -0.47756 0.74326 0.46852
vn -0.94987 0.20226 0.23841
vn -0.48504 -0.83936 -0.24536
vn -0.67658 -0.70565 -0.21044
vn -0.89211 -0.43043 0.13740
vn -0.97176 -0.00000 0.23595
vn -0.94987 -0.20226 0.23841
vn 0.95792 -0.14846 -0.24566
vn 0.95692 0.15479 -0.24566
vn 0.86224 0.44294 -0.24566
vn 0.69582 0.65521 -0.29418
vn 0.48504 0.83937 -0.24532
vn 0.20193 0.94818 -0.24532
vn -0.17311 -0.94413 -0.28046
vn 0.14848 -0.95791 -0.24568
vn 0.43722 -0.86515 -0.24568
vn 0.69762 -0.69761 -0.16328
vn 0.86516 -0.43721 -0.24566
vn -0.18550 0.96285 -0.19622
vn -0.40344 0.90709 0.12011
vn -0.52660 0.78366 0.32949
vn -0.69378 0.66267 0.28202
vn -0.43397 0.86343 0.25721
vn -0.00003 0.91949 0.39311
vn 0.00004 0.72209 0.69180
vn 0.00010 0.81426 0.58050
vn 0.00005 0.35180 0.93607
vn 0.00003 0.12431 0.99224
vn -0.39397 -0.88577 -0.24536
vn -0.71208 -0.68083 0.17153
vn 0.95692 -0.15479 -0.24566
vn 0.95792 0.14846 -0.24566
vn 0.86516 0.43721 -0.24565
vn 0.67659 0.70566 -0.21041
vn 0.39396 0.88578 -0.24533
vn 0.10097 0.96417 -0.24532
vn -0.12114 -0.97304 -0.19625
vn 0.15482 -0.95691 -0.24568
vn 0.44293 -0.86224 -0.24568
vn 0.66841 -0.66842 -0.32624
vn 0.86225 -0.44292 -0.24566
vn -0.12416 0.98759 0.09615
vn -0.43676 0.85596 0.27671
vn -0.37857 0.90824 0.17827
vn -0.73393 0.66035 0.15901
vn -0.79893 0.58049 0.15729
vn -0.00022 0.98224 0.18761
vn 0.00003 0.95454 -0.29808
vn 0.68454 -0.65376 -0.32251
vn 0.70853 -0.67752 -0.19737
vn 0.88918 -0.42936 -0.15817
vn 0.97802 -0.15591 -0.13847
vn -0.45136 -0.88420 0.12028
vn -0.69377 -0.66268 0.28203
vn 0.98736 -0.10338 0.12011
vn 0.98040 0.15602 0.12028
vn 0.89211 0.43042 0.13740
vn 0.71208 0.68083 0.17153
vn 0.45135 0.88421 0.12028
vn 0.15605 0.98040 0.12028
vn -0.18713 -0.97762 0.09615
vn 0.10340 -0.98736 0.12011
vn 0.40345 -0.90708 0.12011
vn 0.71283 -0.68849 0.13360
vn 0.91095 -0.38905 0.13712
vn -0.15088 0.95262 0.26409
vn -0.49397 0.85481 0.15903
vn -0.71986 0.68752 -0.09548
vn -0.86857 0.44255 -0.22301
vn -0.55049 0.81401 -0.18533
vn 0.00004 0.74935 -0.66217
vn 0.00010 0.91269 -0.40864
vn 0.00002 0.91270 -0.40863
vn 0.72743 -0.67246 -0.13656
vn 0.43129 -0.84485 -0.31657
vn 0.45050 -0.88197 -0.13847
vn 0.67268 -0.70091 0.23712
vn 0.85804 -0.43258 0.27685
vn 0.94972 -0.14625 0.27685
vn -0.43676 -0.85596 0.27671
vn -0.72911 -0.67392 0.11927
vn 0.97176 -0.00000 0.23595
vn 0.94987 0.20226 0.23841
vn 0.94987 -0.20226 0.23841
vn 0.92420 0.30031 0.23595
vn 0.57031 0.70174 0.42698
vn 0.69378 0.66267 0.28202
vn 0.44148 0.84146 0.31152
vn 0.57060 0.77574 0.26953
vn 0.43676 0.85596 0.27671
vn 0.15088 0.94903 0.27671
vn -0.15089 -0.95262 0.26409
vn 0.15089 -0.94903 0.27671
vn 0.43676 -0.85596 0.27671
vn 0.69377 -0.66268 0.28203
vn -0.17639 0.96737 0.18189
vn -0.44627 0.87907 -0.16758
vn 0.00000 0.19047 -0.98169
vn 0.00000 0.19048 -0.98169
vn -0.64964 0.64963 -0.39490
vn -0.80961 0.38845 -0.44004
vn 0.89085 -0.41195 0.19152
vn 0.70902 -0.66674 0.22967
vn 0.44482 -0.87686 -0.18237
vn 0.39053 -0.87809 0.27650
vn 0.14910 -0.94142 -0.30249
vn 0.18692 -0.97612 -0.11069
vn 0.68658 -0.64712 0.33143
vn 0.85431 -0.43989 0.27685
vn 0.94843 -0.15437 0.27685
vn -0.44701 -0.88024 0.15925
vn -0.87740 -0.44953 -0.16758
vn -0.71380 -0.67093 -0.20086
vn -0.00002 -0.00001 1.00000
vn -0.00005 0.60954 0.79276
vn -0.00009 0.35181 0.93607
vn -0.00004 0.88848 0.45892
vn -0.00010 0.81426 0.58050
vn 0.32797 0.92715 0.18119
vn 0.00022 0.98224 0.18761
vn -0.00002 0.96321 -0.26876
vn 0.72912 0.67391 0.11927
vn 0.79893 0.58049 0.15728
vn 0.44702 0.88023 0.15925
vn 0.15313 0.97529 0.15925
vn -0.13117 -0.97453 0.18189
vn 0.20564 -0.96562 0.15903
vn 0.49396 -0.85482 0.15903
vn 0.73393 -0.66034 0.15903
vn -0.13086 0.97275 -0.19139
vn -0.40853 0.80687 -0.42668
vn -0.90745 0.08070 -0.41233
vn 0.00000 0.00000 -1.00000
vn 0.87755 -0.12010 0.46420
vn 0.78251 -0.38050 0.49285
vn -0.89556 -0.16556 -0.41300
vn -0.73533 0.64273 -0.21491
vn -0.87997 0.39139 -0.26921
vn 0.61883 -0.62284 0.47867
vn 0.49108 -0.84983 0.19140
vn 0.13027 -0.96936 -0.20827
vn 0.48083 -0.83208 0.27649
vn 0.12002 -0.96784 0.22109
vn -0.10313 -0.98501 -0.13828
vn -0.14910 -0.93678 -0.31657
vn 0.69700 -0.69701 -0.16844
vn 0.86346 -0.43611 -0.25347
vn 0.95596 -0.14794 -0.25348
vn -0.49327 -0.85362 -0.16735
vn -0.80788 -0.39201 -0.44007
vn -0.63787 -0.64114 -0.42668
vn -0.98501 -0.10314 -0.13828
vn -0.90808 -0.38790 -0.15786
vn -0.68454 -0.65376 -0.32251
vn -0.71067 -0.68650 -0.15380
vn 0.35800 0.85384 -0.37787
vn -0.00000 0.91270 -0.40862
vn 0.00002 0.59161 -0.80622
vn -0.00005 0.91271 -0.40861
vn -0.73097 -0.65766 -0.18212
vn 0.87741 0.44952 -0.16755
vn 0.71380 0.67093 -0.20086
vn 0.49329 0.85362 -0.16735
vn 0.20535 0.96427 -0.16735
vn -0.17614 -0.96558 -0.19139
vn 0.15277 -0.97395 -0.16757
vn 0.44626 -0.87907 -0.16758
vn 0.71986 -0.68752 -0.09551
vn 0.86856 -0.44256 -0.22304
vn -0.13907 0.87805 -0.45792
vn -0.44065 0.85626 -0.26954
vn 0.46809 0.03870 0.88283
vn 0.85163 -0.42839 0.30202
vn -0.85800 0.00001 -0.51365
vn -0.86583 0.50034 0.00000
vn -0.73341 0.67716 -0.05967
vn -0.89670 0.43062 -0.10251
vn -0.80901 0.58779 0.00000
vn -0.65995 0.75131 0.00000
vn -0.36993 0.92147 0.11853
vn -0.80903 0.58777 0.00001
vn -0.86584 0.50033 0.00001
vn 0.39609 -0.78359 0.47865
vn 0.72047 -0.66975 0.17987
vn 0.17533 -0.95988 0.21885
vn -0.20480 -0.96171 -0.18212
vn 0.17156 -0.93313 0.31598
vn 0.43612 -0.86345 -0.25347
vn -0.15435 -0.94843 0.27687
vn -0.40247 -0.90493 -0.13828
vn -0.43129 -0.84485 -0.31657
vn 0.60668 -0.60668 -0.51370
vn 0.75855 -0.38522 -0.52555
vn 0.84047 -0.13196 -0.52555
vn -0.40853 -0.80688 -0.42668
vn -0.85979 -0.43373 -0.26950
vn -0.72219 -0.67276 -0.16074
vn -0.94843 -0.15437 0.27685
vn -0.85431 -0.43990 0.27685
vn -0.65770 -0.65770 0.36723
vn -0.70133 -0.70133 0.12755
vn -0.87961 -0.42236 0.21887
vn -0.00000 0.25344 -0.96735
vn 0.00000 0.12672 -0.99194
vn -0.49196 -0.85136 -0.18212
vn 0.80788 0.39201 -0.44007
vn 0.63788 0.64113 -0.42668
vn 0.40853 0.80687 -0.42668
vn 0.13920 0.89363 -0.42668
vn -0.13907 -0.87805 -0.45792
vn 0.13920 -0.89363 -0.42668
vn 0.40853 -0.80688 -0.42668
vn 0.64963 -0.64964 -0.39490
vn 0.82230 -0.37688 -0.42635
vn -0.18507 0.95886 -0.21526
vn -0.45007 0.88494 -0.11963
vn -0.95104 0.30905 -0.00029
vn 0.00000 0.46139 0.88720
vn 0.86586 -0.50029 -0.00012
vn -0.97807 0.20828 -0.00000
vn -0.98588 0.13245 -0.10250
vn -0.95106 0.30901 -0.00000
vn -0.00001 0.55488 -0.83193
vn 0.00000 0.70634 -0.70787
vn -0.00001 0.44223 -0.89690
vn 0.00000 0.95669 -0.29112
vn 0.00000 0.93398 0.35733
vn 0.00000 0.73139 0.68196
vn -0.67386 0.67385 -0.30305
vn -0.84018 0.42611 -0.33545
vn 0.38744 -0.87110 0.30178
vn 0.13441 -0.84860 0.51167
vn 0.73634 -0.66248 0.13754
vn 0.87394 -0.47149 0.11800
vn -0.15163 -0.96968 0.19164
vn -0.14626 -0.94971 0.27686
vn 0.12666 -0.94880 -0.28936
vn 0.38522 -0.75855 -0.52555
vn -0.43990 -0.85431 0.27685
vn 0.65134 -0.65134 -0.38923
vn 0.84961 -0.43810 -0.29365
vn 0.94341 -0.15412 -0.29365
vn -0.39138 -0.87997 -0.26920
vn -0.73808 -0.66406 -0.11947
vn -0.87545 -0.47232 -0.10250
vn -0.94972 -0.14625 0.27685
vn -0.85804 -0.43258 0.27685
vn -0.69505 -0.69506 0.18385
vn -0.44385 -0.87537 0.19165
vn -0.63326 -0.63326 0.44493
vn -0.78464 -0.37615 0.49280
vn -0.88267 -0.07833 0.46342
vn 0.90234 0.12321 -0.41305
vn 0.89971 -0.09421 -0.42620
vn 0.85976 0.43372 -0.26963
vn 0.72221 0.67274 -0.16074
vn 0.39138 0.87997 -0.26920
vn 0.10031 0.95785 -0.26920
vn -0.12030 -0.96912 -0.21526
vn 0.15448 -0.95052 -0.26954
vn 0.44065 -0.85626 -0.26954
vn 0.73531 -0.64275 -0.21491
vn 0.87998 -0.39139 -0.26917
vn -0.13243 0.98173 -0.13667
vn -0.42610 0.84019 -0.33545
vn -0.99456 -0.10415 0.00000
vn -0.97855 -0.17869 -0.10250
vn -1.00000 0.00000 0.00000
vn 0.00001 0.19478 -0.98085
vn 0.00001 -0.00001 -1.00000
vn -0.93074 0.14562 -0.33545
vn 0.97681 -0.17868 0.11800
vn -0.63037 0.63037 -0.45307
vn -0.78942 0.40118 -0.46461
vn 0.11905 -0.96314 0.24123
vn 0.49558 -0.85760 0.13754
vn -0.13456 -0.86764 0.47865
vn 0.82295 -0.42184 0.38054
vn 0.65231 -0.65549 0.38055
vn -0.20151 -0.94620 -0.25316
vn -0.43259 -0.85803 0.27685
vn 0.13193 -0.83302 -0.53728
vn 0.43810 -0.84961 -0.29364
vn -0.49675 -0.85963 -0.11947
vn -0.95489 -0.15470 -0.25348
vn -0.86035 -0.44220 -0.25347
vn -0.69361 -0.65327 -0.30354
vn -0.39609 -0.78359 0.47865
vn -0.73144 -0.63798 0.24079
vn -0.87115 -0.38746 0.30163
vn 0.85800 0.00001 -0.51365
vn -0.40118 0.00000 0.91600
vn 0.73809 0.66404 -0.11947
vn 0.52754 0.84466 -0.09080
vn 0.87544 0.47233 -0.10250
vn 0.80901 0.58779 -0.00000
vn 0.91370 0.40639 -0.00000
vn 0.59680 0.80239 -0.00000
vn 0.80903 0.58777 0.00001
vn 0.86584 0.50033 0.00001
vn 0.49675 0.85963 -0.11947
vn 0.20680 0.97106 -0.11947
vn -0.17742 -0.97460 -0.13665
vn 0.15458 -0.98071 -0.11963
vn 0.45007 -0.88494 -0.11963
vn 0.73341 -0.67716 -0.05968
vn 0.89669 -0.43062 -0.10250
vn -0.14548 0.91860 -0.36745
vn -0.40118 0.78943 -0.46461
vn -0.93018 -0.14913 -0.33545
vn -0.87476 0.13760 -0.46462
vn 0.91302 -0.14689 0.38054
vn -0.61290 0.61290 -0.49870
vn -0.79224 0.35236 -0.49819
vn -0.15399 -0.94074 0.30216
vn 0.17698 -0.97156 0.15732
vn 0.41782 -0.82499 0.38055
vn 0.76077 -0.38891 0.51959
vn 0.60337 -0.60496 0.51958
vn -0.13196 -0.84046 -0.52556
vn -0.48404 -0.83763 -0.25315
vn 0.18458 -0.95445 -0.23444
vn -0.84011 -0.13420 -0.52555
vn -0.75752 -0.38724 -0.52555
vn -0.60078 -0.60238 -0.52555
vn -0.43717 -0.84710 0.30216
vn -0.86611 -0.49986 0.00041
vn -0.73318 -0.67654 0.06882
vn -0.89528 -0.42960 0.11800
vn -0.80948 -0.58714 0.00061
vn -0.80901 -0.58779 -0.00000
vn -0.80902 -0.58779 0.00000
vn -0.80906 -0.58772 -0.00017
vn -0.86586 -0.50029 -0.00012
vn -0.95105 -0.30903 -0.00045
vn 0.00000 0.39888 0.91700
vn 0.00001 0.44223 -0.89690
vn -0.00001 0.32019 -0.94735
vn 0.97855 0.17869 -0.10250
vn 0.99456 0.10414 0.00000
vn 0.83857 0.42927 -0.33545
vn 0.66487 0.66739 -0.33546
vn 0.42610 0.84019 -0.33545
vn 0.14560 0.93074 -0.33545
vn 0.97807 -0.20829 0.00000
vn 0.98588 -0.13245 -0.10250
vn -0.13757 0.86859 -0.47606
vn -0.35236 0.79224 -0.49819
vn -0.87446 -0.13945 -0.46461
vn -0.86236 0.09031 -0.49818
vn 0.84372 -0.13478 0.51958
vn -0.15397 -0.97843 0.13773
vn 0.14229 -0.89838 0.41554
vn 0.38689 -0.76181 0.51958
vn 0.40710 -0.23525 0.88257
vn 0.26859 -0.29852 0.91583
vn -0.38522 -0.75855 -0.52555
vn -0.09956 -0.95083 -0.29326
vn -0.94486 -0.14494 -0.29365
vn -0.85383 -0.42982 -0.29365
vn -0.67037 -0.69811 -0.25148
vn -0.44879 -0.88296 0.13773
vn -0.97806 -0.20830 -0.00001
vn -0.98421 -0.13192 0.11801
vn -0.66370 -0.66370 0.34497
vn -0.82499 -0.41782 0.38054
vn -0.00001 0.06603 -0.99782
vn -0.00001 -0.06605 -0.99782
vn 0.93018 0.14913 -0.33545
vn 0.78857 0.40286 -0.46462
vn 0.62550 0.62682 -0.46460
vn 0.40118 0.78943 -0.46461
vn 0.13760 0.87476 -0.46460
vn -0.13560 0.85610 -0.49870
vn -0.84806 -0.18060 -0.49818
vn 0.45986 -0.09794 0.88257
vn -0.14244 -0.91373 0.38054
vn 0.13251 -0.83661 0.53152
vn 0.16318 -0.36690 0.91584
vn -0.05848 -0.55847 0.82746
vn 0.09660 -0.60998 0.78651
vn -0.16318 -0.36690 0.91584
vn -0.75074 -0.43383 -0.49818
vn -0.57992 -0.64459 -0.49820
vn -0.35236 -0.79224 -0.49819
vn -0.13560 -0.85610 -0.49870
vn 0.09030 -0.86236 -0.49818
vn -0.33211 -0.33211 0.88284
vn -0.42960 -0.19107 0.88257
vn -0.46762 -0.04897 0.88257
vn 0.86236 -0.09030 -0.49818
vn 0.79225 -0.35237 -0.49817
vn 0.61289 -0.61290 -0.49871
vn 0.35236 -0.79224 -0.49819
vn -0.38850 -0.87353 -0.29327
vn -0.41782 -0.82499 0.38055
vn -0.91373 -0.14244 0.38054
vn -0.60926 -0.60926 0.50755
vn -0.76181 -0.38689 0.51958
vn 0.93074 -0.14562 -0.33545
vn 0.87446 0.13945 -0.46461
vn -0.13254 -0.84407 0.51960
vn -0.84407 -0.13255 0.51959
vn -0.38689 -0.76181 0.51958
vn 0.87476 -0.13760 -0.46461
vn -0.83857 -0.42927 -0.33545
vn -0.66488 -0.66739 -0.33545
vn -0.42610 -0.84019 -0.33545
vn -0.78858 -0.40285 -0.46460
vn -0.62549 -0.62682 -0.46461
vn -0.40117 -0.78942 -0.46462
vn -0.14549 -0.91859 -0.36745
vn -0.13757 -0.86858 -0.47607
vn 0.14562 -0.93074 -0.33545
vn 0.13760 -0.87476 -0.46462
vn 0.42610 -0.84019 -0.33545
vn 0.40117 -0.78942 -0.46462
vn 0.67386 -0.67386 -0.30304
vn 0.63036 -0.63037 -0.45308
vn 0.84018 -0.42611 -0.33545
vn 0.78943 -0.40118 -0.46461
vn 0.91370 -0.40639 0.00000
vn 0.99456 -0.10415 0.00000
vn 0.40639 -0.91370 0.00000
vn 0.10415 -0.99456 0.00000
vn -0.20830 -0.97806 0.00000
vn -0.50033 -0.86583 0.00000
vn -0.70711 -0.70711 0.00000
vn -0.86583 -0.50033 0.00000
vn -0.97806 -0.20830 0.00000
vn 0.88711 -0.46155 0.00000
vn 0.97634 -0.21622 0.00000
vn 0.46154 -0.88712 0.00000
vn 0.21622 -0.97634 0.00000
vn -0.04384 -0.99904 0.00000
vn -0.30091 -0.95365 0.00000
vn -0.53748 -0.84328 0.00000
vn -0.70711 -0.70711 0.00000
vn -0.84327 -0.53748 0.00000
vn -0.95365 -0.30092 0.00000
vn 0.93383 0.30344 0.18943
vn -0.00000 -0.33919 -0.94072
vn 0.95104 0.30907 0.00002
vn 0.00001 -0.93886 -0.34430
vn -0.00079 -0.93891 -0.34416
vn 0.75646 0.54960 -0.35455
vn -0.00003 -0.98224 0.18763
vn 0.77874 0.56579 -0.27099
vn 0.00008 -0.90200 -0.43173
vn 0.00006 -0.67746 -0.73556
vn 0.00030 -0.83045 -0.55710
vn 0.00002 -0.94657 0.32250
vn 0.00002 -0.70259 0.71160
vn 0.00011 -0.85509 0.51849
vn 0.00000 -0.33448 0.94240
vn 0.00022 -0.81426 0.58050
vn 0.91547 0.29745 -0.27101
vn -0.00000 -0.38207 -0.92414
vn 0.00004 -0.93887 -0.34429
vn -0.00015 -0.93888 -0.34424
vn -0.00008 -0.97616 -0.21704
vn -0.95104 0.30907 0.00002
vn -0.00000 -0.49380 -0.86958
vn 0.00003 -0.98224 0.18763
vn -0.00004 -0.88846 0.45895
vn -0.00001 -0.85510 0.51846
vn 0.00001 -0.65710 0.75380
vn -0.00000 -0.93398 0.35733
vn -0.00001 -0.95669 -0.29111
vn -0.00002 -0.83049 -0.55703
vn -0.95116 0.30871 -0.00021
vn -0.00008 -0.68658 0.72705
vn -0.00022 -0.81426 0.58050
vn 0.00000 -0.39889 0.91700
vn 0.00000 -0.44225 -0.89689
vn 0.00001 -0.20377 0.97902
vn 0.00000 -0.20378 0.97902
vn -0.00001 -0.20377 0.97902
vn 0.00000 -0.20376 0.97902
vn -0.98042 -0.15450 0.12209
vn -0.97807 -0.20828 0.00000
vn -0.88469 -0.44991 0.12209
vn -0.86583 -0.50034 0.00000
vn -0.70476 -0.70476 0.08133
vn -0.70711 -0.70711 0.00000
vn -0.50034 -0.86583 0.00000
vn -0.44990 -0.88469 0.12210
vn -0.20828 -0.97807 0.00000
vn -0.15450 -0.98042 0.12211
vn 0.10414 -0.99456 0.00000
vn 0.17736 -0.97421 0.13949
vn 0.40638 -0.91370 0.00000
vn 0.49660 -0.85937 0.12193
vn 0.72103 -0.67726 0.14638
vn 0.88399 -0.45129 0.12209
vn 0.91370 -0.40638 0.00000
vn 0.98018 -0.15602 0.12209
vn 0.99456 -0.10414 0.00000
vn 0.99456 0.10415 0.00000
vn 0.97806 0.20830 0.00000
vn 0.91370 0.40639 0.00000
vn 0.86584 0.50032 0.00000
vn 0.70712 0.70710 0.00000
vn 0.70712 0.70710 0.00000
vn 0.50033 0.86583 0.00000
vn 0.40639 0.91370 0.00000
vn 0.20830 0.97806 0.00000
vn 0.10415 0.99456 0.00000
vn -0.10415 0.99456 0.00000
vn -0.20830 0.97806 0.00000
vn -0.40639 0.91370 0.00000
vn -0.50033 0.86583 0.00000
vn -0.70712 0.70710 0.00000
vn -0.86584 0.50032 0.00000
vn -0.91370 0.40639 0.00000
vn -0.97806 0.20830 0.00000
vn -0.99456 0.10415 0.00000
vn 0.85748 -0.49600 0.13676
vn 0.71539 -0.67921 0.16400
vn 0.53245 -0.83536 0.13666
vn 0.95664 -0.25718 0.13677
vn 0.27391 -0.94898 0.15626
vn 0.99060 -0.00082 0.13678
vn -0.99060 0.00082 0.13678
vn -0.95706 -0.25561 0.13676
vn -0.85830 -0.49459 0.13677
vn -0.70417 -0.70416 0.09110
vn -0.49459 -0.85829 0.13679
vn -0.25559 -0.95706 0.13679
vn 0.00081 -0.99060 0.13677
vn -0.84327 0.53748 0.00000
vn -0.70712 0.70710 0.00000
vn -0.88711 0.46155 0.00000
vn -0.53749 0.84327 0.00000
vn -0.46155 0.88711 0.00000
vn -0.95365 0.30092 0.00000
vn -0.97634 0.21623 0.00000
vn -0.30091 0.95365 0.00000
vn -0.21622 0.97634 0.00000
vn -0.99904 0.04385 0.00000
vn -0.99904 -0.04384 0.00000
vn 0.99904 -0.04384 0.00000
vn 0.99904 0.04385 0.00000
vn 0.97634 0.21623 0.00000
vn 0.95365 0.30092 0.00000
vn 0.88711 0.46155 0.00000
vn 0.84327 0.53748 0.00000
vn 0.70712 0.70710 0.00000
vn 0.53749 0.84327 0.00000
vn 0.46155 0.88711 0.00000
vn 0.30091 0.95365 0.00000
vn 0.21622 0.97634 0.00000
vn 0.04384 0.99904 0.00000
vn -0.04384 0.99904 0.00000
vn -0.97807 0.20829 0.00000
vn -0.86583 0.50034 0.00000
vn -0.99456 -0.10415 0.00000
vn -0.70711 0.70710 0.00000
vn -0.91371 -0.40638 0.00000
vn 0.99456 0.10415 0.00000
vn 0.97807 -0.20829 0.00000
vn 0.91370 0.40639 0.00000
vn 0.70711 0.70710 0.00000
vn 0.40639 0.91370 0.00000
vn 0.10415 0.99456 0.00000
vn -0.20829 0.97807 0.00000
vn -0.50035 0.86582 0.00000
vn -0.40636 -0.91371 -0.00000
vn -0.10415 -0.99456 -0.00000
vn 0.20828 -0.97807 -0.00000
vn 0.50032 -0.86584 0.00000
vn 0.86584 -0.50032 0.00000
vn 0.00003 0.52629 0.85031
vn 0.00005 0.35182 0.93607
vn 0.00000 -0.12431 0.99224
vn -0.92421 -0.30028 0.23595
vn -0.92420 -0.30029 0.23595
vn 0.00000 -0.35183 0.93606
vn 0.00000 -0.35184 0.93606
vn 0.77874 -0.56580 -0.27101
vn 0.76836 -0.55824 -0.31305
vn 0.83274 -0.48122 -0.27379
vn 0.91547 -0.29744 -0.27102
vn 0.94070 -0.20033 -0.27379
vn 0.96257 0.00000 -0.27102
vn -0.86583 0.50034 0.00005
vn -0.00001 0.91272 -0.40858
vn 0.75648 -0.54961 -0.35450
vn 0.79578 -0.57816 -0.18020
vn -0.76893 -0.55870 0.31080
vn 0.92421 -0.30028 0.23595
vn -0.93795 0.30471 -0.16550
vn 0.00000 0.37423 -0.92733
vn 0.95105 -0.30904 0.00000
vn 0.93384 -0.30344 0.18940
vn 0.86583 -0.50034 0.00001
vn -0.80901 -0.58780 -0.00001
vn -0.89100 -0.45401 0.00000
vn -0.00000 -0.35184 0.93606
vn 0.00000 0.00002 1.00000
vn -0.00000 -0.35183 0.93606
vn -0.00004 0.35182 0.93607
vn -0.00019 0.68662 0.72702
vn 0.76893 -0.55870 0.31080
vn -0.91804 0.22089 -0.32925
vn 0.92828 0.00003 0.37188
vn 0.90651 -0.19303 0.37546
vn -0.93891 -0.09833 -0.32980
vn -0.94517 0.00004 -0.32658
vn -0.93791 -0.30478 -0.16561
vn -0.96257 0.00000 -0.27102
vn -0.94070 -0.20033 -0.27379
vn -0.91547 -0.29744 -0.27102
vn -0.83274 -0.48122 -0.27379
vn -0.77874 -0.56580 -0.27101
vn -0.76836 -0.55824 -0.31304
vn 0.00001 0.91272 -0.40858
vn -0.75648 -0.54961 -0.35450
vn -0.79578 -0.57816 -0.18020
vn 0.89100 0.45401 0.00000
vn 0.86583 -0.50034 0.00000
vn -0.83220 0.20024 -0.51705
vn -0.91665 0.29789 -0.26650
vn -0.89890 -0.29209 -0.32658
vn 0.87333 -0.28376 0.39595
vn -0.83673 -0.17818 -0.51782
vn -0.85239 -0.52291 0.00001
vn -0.95105 -0.30904 0.00000
vn -0.93384 -0.30344 0.18940
vn 0.93795 0.30471 -0.16550
vn 0.93791 -0.30478 -0.16561
vn 0.00000 0.33445 0.94241
vn 0.00001 -0.06919 0.99760
vn -0.88958 -0.28904 -0.35369
vn 0.95105 -0.30903 -0.00045
vn 0.00000 0.70624 -0.70797
vn -0.00001 0.55469 -0.83206
vn 0.00001 0.32019 -0.94735
vn 0.00000 0.83050 -0.55702
vn -0.00001 0.73147 0.68187
vn -0.00001 0.57720 0.81660
vn -0.00001 0.57735 0.81650
vn 0.80901 -0.58779 0.00000
vn 0.80968 -0.58687 0.00001
vn 0.91401 -0.40568 -0.00001
vn 0.80902 -0.58779 0.00000
vn 0.80906 -0.58772 -0.00017
vn -0.80904 -0.58775 -0.00000
vn -0.91372 -0.40635 0.00000
vn -0.80902 -0.58778 0.00001
vn -0.86583 -0.50034 -0.00001
vn -0.90135 -0.21684 0.37490
vn 0.94517 0.00003 -0.32659
vn 0.92336 0.19665 -0.32975
vn 0.92336 -0.19666 -0.32973
vn -0.92828 0.00005 0.37189
vn 0.89892 -0.29210 -0.32654
vn -0.95106 -0.30902 0.00014
vn 0.00001 0.19475 -0.98085
vn -0.00000 -0.00001 -1.00000
vn 0.95106 -0.30902 -0.00002
vn 0.99456 -0.10416 0.00000
vn 0.70711 -0.70711 -0.00000
vn 0.91371 -0.40637 -0.00000
vn 0.99456 -0.10414 -0.00000
vn -0.95105 -0.30902 0.00000
vn -0.78127 -0.25385 0.57024
vn -0.90775 -0.29495 0.29831
vn 0.83674 0.17817 -0.51781
vn 0.83214 -0.20020 -0.51717
vn 0.88949 0.28902 -0.35395
vn 0.91670 -0.29785 -0.26635
vn 0.86585 -0.50031 -0.00002
vn 0.80904 -0.58776 -0.00003
vn 0.80902 -0.58778 0.00001
vn 0.86583 -0.50034 -0.00001
vn 0.00002 -0.19475 -0.98085
vn 0.00002 -0.19477 -0.98085
vn 1.00000 0.00000 0.00000
vn 0.40638 -0.91370 -0.00000
vn -0.00000 0.39888 0.91701
vn 0.00000 -0.00001 1.00000
vn 0.95104 0.30905 -0.00029
vn 0.00006 0.57727 0.81655
vn 0.00008 0.68253 0.73085
vn 0.00000 0.77697 0.62954
vn 0.00011 0.57720 0.81660
vn 0.00000 0.96310 0.26916
vn 0.00000 0.85510 0.51846
vn 0.00000 0.92243 -0.38617
vn -0.00000 0.70624 -0.70797
vn 0.00001 0.55488 -0.83193
vn 0.00001 0.55469 -0.83206
vn 0.95106 0.30902 -0.00001
vn 0.95106 -0.30902 0.00014
vn 0.95105 -0.30902 0.00000
vn 0.10415 -0.99456 -0.00000
vn -0.95105 -0.30903 -0.00002
vn -0.00001 0.19478 -0.98085
vn -0.00001 0.19475 -0.98085
vn -0.00001 -0.19477 -0.98085
vn -0.00002 -0.19476 -0.98085
vn -0.20828 -0.97807 -0.00000
vn -0.97807 -0.20828 -0.00000
vn -0.86584 -0.50033 -0.00000
vn -0.70711 -0.70711 -0.00000
vn 0.75074 0.43383 -0.49818
vn 0.57995 0.64459 -0.49817
vn 0.35236 0.79224 -0.49819
vn 0.09031 0.86236 -0.49818
vn -0.50033 -0.86584 -0.00000
vn 0.84805 0.18061 -0.49819
# 1299 normal vertices

g obj1
usemtl tank2.007
f 333/1/267 334/2/268 335/3/269
f 1/4/1 2/5/2 3/6/3
f 2/5/2 1/4/1 4/7/4
f 4/8/4 5/9/5 2/10/2
f 5/9/5 4/8/4 6/11/6
f 3/12/3 7/13/7 8/14/8
f 7/13/7 3/12/3 2/15/2
f 9/16/9 1/17/1 3/18/3
f 1/17/1 9/16/9 10/19/10
f 2/20/2 11/21/11 7/22/7
f 11/21/11 2/20/2 5/23/5
f 8/24/8 9/25/9 3/26/3
f 9/25/9 8/24/8 12/27/12
f 8/28/8 13/29/13 14/30/14
f 13/29/13 8/28/8 7/31/7
f 15/32/15 10/33/10 9/34/9
f 10/33/10 15/32/15 16/35/16
f 7/36/7 17/37/17 13/38/13
f 17/37/17 7/36/7 11/39/11
f 14/40/14 12/41/12 8/42/8
f 12/41/12 14/40/14 18/43/18
f 12/44/12 15/45/15 9/46/9
f 15/45/15 12/44/12 19/47/19
f 20/48/20 13/49/13 21/50/21
f 13/49/13 20/48/20 14/51/14
f 22/52/22 16/53/16 15/54/15
f 16/53/16 22/52/22 23/55/23
f 21/56/21 17/57/17 24/58/24
f 17/57/17 21/56/21 13/59/13
f 25/60/25 14/61/14 20/62/20
f 14/61/14 25/60/25 18/63/18
f 18/64/18 19/65/19 12/66/12
f 19/65/19 18/64/18 26/67/26
f 19/68/19 22/69/22 15/70/15
f 22/69/22 19/68/19 27/71/27
f 28/72/28 20/73/29 21/74/1009
f 20/73/29 28/72/28 29/75/29
f 30/76/30 23/77/23 22/78/22
f 23/77/23 30/76/30 31/79/31
f 32/80/32 21/81/1009 24/82/1010
f 21/81/1009 32/80/32 28/83/28
f 33/84/33 20/85/29 29/86/29
f 20/85/29 33/84/33 25/87/1011
f 34/88/34 18/89/18 25/90/25
f 18/89/18 34/88/34 26/91/26
f 26/92/26 27/93/27 19/94/19
f 27/93/27 26/92/26 35/95/35
f 36/96/36 22/97/22 27/98/27
f 22/97/22 36/96/36 30/99/30
f 37/100/37 31/101/31 30/102/30
f 31/101/31 37/100/37 38/103/38
f 39/104/39 25/105/1011 33/106/33
f 25/105/1011 39/104/39 34/107/1012
f 35/108/35 34/109/34 40/110/40
f 34/109/34 35/108/35 26/111/26
f 41/112/41 27/113/27 35/114/35
f 27/113/27 41/112/41 36/115/36
f 42/116/42 30/117/30 36/118/36
f 30/117/30 42/116/42 37/119/37
f 43/120/43 37/121/37 44/122/44
f 37/121/37 43/120/43 38/123/38
f 45/124/45 34/125/1012 39/126/39
f 34/125/1012 45/124/45 40/127/1013
f 41/128/41 40/129/40 46/130/46
f 40/129/40 41/128/41 35/131/35
f 47/132/47 36/133/36 41/134/41
f 36/133/36 47/132/47 42/135/42
f 44/136/44 42/137/42 48/138/48
f 42/137/42 44/136/44 37/139/37
f 49/140/49 44/141/44 50/142/50
f 44/141/44 49/140/49 43/143/43
f 51/144/51 40/145/1013 45/146/45
f 40/145/1013 51/144/51 46/147/1014
f 47/148/47 46/149/46 52/150/52
f 46/149/46 47/148/47 41/151/41
f 48/152/48 47/153/47 53/154/53
f 47/153/47 48/152/48 42/155/42
f 50/156/50 48/157/48 54/158/54
f 48/157/48 50/156/50 44/159/44
f 55/160/55 46/161/1014 51/162/51
f 46/161/1014 55/160/55 52/163/1015
f 53/164/53 52/165/52 56/166/56
f 52/165/52 53/164/53 47/167/47
f 54/168/54 53/169/53 57/170/57
f 53/169/53 54/168/54 48/171/48
f 55/172/55 56/173/1016 52/174/1015
f 56/173/1016 55/172/55 58/175/58
f 57/176/57 56/177/56 59/178/59
f 56/177/56 57/176/57 53/179/53
f 58/180/58 59/181/1017 56/182/1016
f 59/181/1017 58/180/58 60/183/60
f 61/184/61 62/185/62 63/186/63
f 62/185/62 61/184/61 64/187/64
f 65/188/65 63/189/63 66/190/66
f 63/189/63 65/188/65 61/191/61
f 67/192/67 64/193/64 61/194/61
f 64/193/64 67/192/67 68/195/68
f 63/196/63 69/197/69 70/198/70
f 69/197/69 63/196/63 62/199/62
f 66/200/66 71/201/71 65/202/65
f 71/201/71 66/200/66 72/203/72
f 73/204/73 61/205/61 65/206/65
f 61/205/61 73/204/73 67/207/67
f 66/208/66 70/209/70 74/210/74
f 70/209/70 66/208/66 63/211/63
f 70/212/70 75/213/75 76/214/76
f 75/213/75 70/212/70 69/215/69
f 77/216/77 66/217/66 74/218/74
f 66/217/66 77/216/77 72/219/72
f 72/220/72 78/221/78 71/222/71
f 78/221/78 72/220/72 79/223/79
f 71/224/71 73/225/73 65/226/65
f 73/225/73 71/224/71 80/227/80
f 74/228/74 76/229/76 81/230/81
f 76/229/76 74/228/74 70/231/70
f 76/232/76 82/233/82 83/234/83
f 82/233/82 76/232/76 75/235/75
f 81/236/81 77/237/77 74/238/74
f 77/237/77 81/236/81 84/239/84
f 85/240/85 72/241/72 77/242/77
f 72/241/72 85/240/85 79/243/79
f 79/244/79 86/245/86 78/246/78
f 86/245/86 79/244/79 87/247/87
f 78/248/78 80/249/80 71/250/71
f 80/249/80 78/248/78 88/251/88
f 81/252/81 83/253/83 89/254/89
f 83/253/83 81/252/81 76/255/76
f 90/256/90 82/257/82 91/258/91
f 82/257/82 90/256/90 83/259/83
f 89/260/89 84/261/84 81/262/81
f 84/261/84 89/260/89 92/263/92
f 84/264/84 85/265/85 77/266/77
f 85/265/85 84/264/84 93/267/93
f 94/268/94 79/269/79 85/270/85
f 79/269/79 94/268/94 87/271/87
f 95/272/95 86/273/86 87/274/87
f 86/273/86 95/272/95 96/275/96
f 86/276/86 88/277/88 78/278/78
f 88/277/88 86/276/86 97/279/97
f 98/280/98 83/281/83 90/282/90
f 83/281/83 98/280/98 89/283/89
f 99/284/99 90/285/1018 91/286/1019
f 90/285/1018 99/284/99 100/287/100
f 101/288/101 89/289/89 98/290/98
f 89/289/89 101/288/101 92/291/92
f 92/292/92 93/293/93 84/294/84
f 93/293/93 92/292/92 102/295/102
f 93/296/93 94/297/94 85/298/85
f 94/297/94 93/296/93 103/299/103
f 104/300/104 87/301/87 94/302/94
f 87/301/87 104/300/104 95/303/95
f 105/304/105 96/305/96 95/306/95
f 96/305/96 105/304/105 106/307/106
f 96/308/96 97/309/97 86/310/86
f 97/309/97 96/308/96 107/311/107
f 100/312/100 98/313/108 90/314/1018
f 98/313/108 100/312/100 108/315/108
f 109/316/109 98/317/108 108/318/108
f 98/317/108 109/316/109 101/319/1020
f 110/320/110 92/321/92 101/322/101
f 92/321/92 110/320/110 102/323/102
f 102/324/102 103/325/103 93/326/93
f 103/325/103 102/324/102 111/327/111
f 103/328/103 104/329/104 94/330/94
f 104/329/104 103/328/103 112/331/112
f 113/332/113 95/333/95 104/334/104
f 95/333/95 113/332/113 105/335/105
f 114/336/114 106/337/106 105/338/105
f 106/337/106 114/336/114 115/339/115
f 106/340/106 107/341/107 96/342/96
f 107/341/107 106/340/106 116/343/116
f 117/344/117 101/345/1020 109/346/109
f 101/345/1020 117/344/117 110/347/1021
f 118/348/118 102/349/102 110/350/110
f 102/349/102 118/348/118 111/351/111
f 119/352/119 103/353/103 111/354/111
f 103/353/103 119/352/119 112/355/112
f 120/356/120 104/357/104 112/358/112
f 104/357/104 120/356/120 113/359/113
f 121/360/121 105/361/105 113/362/113
f 105/361/105 121/360/121 114/363/114
f 122/364/122 114/365/114 123/366/123
f 114/365/114 122/364/122 115/367/115
f 115/368/115 116/369/116 106/370/106
f 116/369/116 115/368/115 124/371/124
f 125/372/125 110/373/1021 117/374/117
f 110/373/1021 125/372/125 118/375/1022
f 119/376/119 118/377/118 126/378/126
f 118/377/118 119/376/119 111/379/111
f 127/380/127 112/381/112 119/382/119
f 112/381/112 127/380/127 120/383/120
f 128/384/128 113/385/113 120/386/120
f 113/385/113 128/384/128 121/387/121
f 123/388/123 121/389/121 129/390/129
f 121/389/121 123/388/123 114/391/114
f 130/392/130 123/393/123 131/394/131
f 123/393/123 130/392/130 122/395/122
f 132/396/132 115/397/115 122/398/122
f 115/397/115 132/396/132 124/399/124
f 133/400/133 118/401/1022 125/402/125
f 118/401/1022 133/400/133 126/403/1023
f 127/404/127 126/405/126 134/406/134
f 126/405/126 127/404/127 119/407/119
f 135/408/135 120/409/120 127/410/127
f 120/409/120 135/408/135 128/411/128
f 129/412/129 128/413/128 136/414/136
f 128/413/128 129/412/129 121/415/121
f 131/416/131 129/417/129 137/418/137
f 129/417/129 131/416/131 123/419/123
f 138/420/138 122/421/122 130/422/130
f 122/421/122 138/420/138 132/423/132
f 139/424/139 126/425/1023 133/426/133
f 126/425/1023 139/424/139 134/427/1024
f 135/428/135 134/429/134 140/430/140
f 134/429/134 135/428/135 127/431/127
f 136/432/136 135/433/135 141/434/141
f 135/433/135 136/432/136 128/435/128
f 137/436/137 136/437/136 142/438/142
f 136/437/136 137/436/137 129/439/129
f 143/440/143 134/441/1024 139/442/139
f 134/441/1024 143/440/143 140/443/1025
f 141/444/141 140/445/140 144/446/144
f 140/445/140 141/444/141 135/447/135
f 142/448/142 141/449/141 145/450/145
f 141/449/141 142/448/142 136/451/136
f 143/452/143 144/453/1026 140/454/1025
f 144/453/1026 143/452/143 146/455/146
f 145/456/145 144/457/144 147/458/147
f 144/457/144 145/456/145 141/459/141
f 146/460/146 147/461/1027 144/462/1026
f 147/461/1027 146/460/146 148/463/148
f 336/464/270 337/465/271 338/466/272
f 337/465/271 336/464/270 339/467/273
f 340/468/274 338/469/272 341/470/275
f 338/469/272 340/468/274 342/471/276
f 338/469/272 342/471/276 336/472/270
f 336/472/270 342/471/276 333/473/1028
f 343/474/277 339/475/273 336/476/270
f 339/475/273 343/474/277 344/477/278
f 344/477/278 343/474/277 345/478/279
f 337/479/271 346/480/280 347/481/281
f 346/480/280 337/479/271 339/482/273
f 338/483/272 348/484/282 349/485/283
f 348/484/282 338/483/272 337/486/271
f 334/2/268 342/487/1029 350/488/284
f 342/487/1029 334/2/268 333/1/267
f 333/1/267 335/3/269 351/489/285
f 351/489/285 335/3/269 352/490/286
f 351/491/1030 336/492/270 333/493/1028
f 336/492/270 351/491/1030 343/494/277
f 353/495/287 349/496/283 354/497/288
f 349/496/283 353/495/287 338/498/272
f 338/498/272 353/495/287 341/499/275
f 355/500/289 356/501/290 357/502/291
f 356/501/290 355/500/289 352/503/286
f 352/503/286 355/500/289 351/504/285
f 351/504/285 355/500/289 345/505/1031
f 351/504/285 345/505/1031 343/506/1032
f 355/507/1033 344/508/278 345/509/279
f 344/508/278 355/507/1033 358/510/292
f 358/510/292 355/507/1033 359/511/293
f 339/512/273 360/513/294 346/514/280
f 360/513/294 339/512/273 344/515/278
f 348/516/282 347/517/281 361/518/295
f 347/517/281 348/516/282 337/519/271
f 347/520/281 362/521/296 363/522/297
f 362/521/296 347/520/281 346/523/280
f 364/524/298 365/525/299 366/526/300
f 365/525/299 364/524/298 367/527/301
f 365/525/299 367/527/301 348/528/282
f 348/528/282 367/527/301 368/529/302
f 348/528/282 368/529/302 369/530/303
f 348/528/282 369/530/303 349/531/283
f 370/532/304 349/533/283 369/534/303
f 349/533/283 370/532/304 371/535/305
f 349/533/283 371/535/305 354/536/288
f 372/537/306 373/538/307 374/539/308
f 373/538/307 372/537/306 357/540/291
f 357/540/291 372/537/306 359/541/1034
f 357/540/291 359/541/1034 355/542/289
f 372/543/1035 358/544/292 359/545/293
f 358/544/292 372/543/1035 375/546/309
f 375/546/309 372/543/1035 376/547/310
f 375/546/309 376/547/310 377/548/311
f 360/549/294 358/550/292 378/551/312
f 358/550/292 360/549/294 344/552/278
f 346/553/280 379/554/313 362/555/296
f 379/554/313 346/553/280 360/556/294
f 365/557/299 361/558/295 380/559/314
f 361/558/295 365/557/299 348/560/282
f 361/561/295 363/562/297 381/563/315
f 363/562/297 361/561/295 347/564/281
f 382/565/316 362/566/296 383/567/317
f 362/566/296 382/565/316 363/568/297
f 384/569/318 366/570/300 385/571/319
f 366/570/300 384/569/318 386/572/320
f 366/570/300 386/572/320 387/573/321
f 366/570/300 387/573/321 364/574/298
f 367/575/1036 388/576/322 389/577/323
f 388/576/322 367/575/1036 387/578/1037
f 387/578/1037 367/575/1036 364/579/1038
f 368/580/1039 389/581/323 390/582/324
f 389/581/323 368/580/1039 367/583/1036
f 391/584/325 368/585/1039 390/586/324
f 368/585/1039 391/584/325 370/587/1040
f 368/585/1039 370/587/1040 369/588/1041
f 366/589/300 392/590/326 393/591/327
f 392/590/326 366/589/300 365/592/299
f 370/593/1040 394/594/328 371/595/1042
f 394/594/328 370/593/1040 395/596/329
f 395/596/329 370/593/1040 391/597/325
f 396/598/330 397/599/331 398/600/332
f 397/599/331 396/598/330 372/601/306
f 372/601/306 396/598/330 376/602/1043
f 372/601/306 374/603/308 397/599/331
f 396/604/1044 377/605/311 376/606/310
f 377/605/311 396/604/1044 399/607/333
f 377/605/311 399/607/333 400/608/334
f 401/609/335 375/610/309 377/611/311
f 375/610/309 401/609/335 402/612/336
f 378/613/312 375/614/309 403/615/337
f 375/614/309 378/613/312 358/616/292
f 379/617/313 378/618/312 404/619/338
f 378/618/312 379/617/313 360/620/294
f 362/621/296 405/622/339 383/623/317
f 405/622/339 362/621/296 379/624/313
f 392/625/326 380/626/314 406/627/340
f 380/626/314 392/625/326 365/628/299
f 380/629/314 381/630/315 407/631/341
f 381/630/315 380/629/314 361/632/295
f 408/633/342 363/634/297 382/635/316
f 363/634/297 408/633/342 381/636/315
f 409/637/343 383/638/317 410/639/344
f 383/638/317 409/637/343 382/640/316
f 411/641/345 387/642/1037 386/643/1045
f 387/642/1037 411/641/345 412/644/346
f 387/642/1037 412/644/346 388/645/322
f 385/646/319 393/647/327 413/648/347
f 393/647/327 385/646/319 366/649/300
f 393/650/327 414/651/348 415/652/349
f 414/651/348 393/650/327 392/653/326
f 416/654/350 377/655/311 400/656/334
f 377/655/311 416/654/350 401/657/335
f 417/658/351 402/659/336 401/660/335
f 402/659/336 417/658/351 418/661/352
f 375/662/309 419/663/353 403/664/337
f 419/663/353 375/662/309 402/665/336
f 404/666/338 403/667/337 420/668/354
f 403/667/337 404/666/338 378/669/312
f 379/670/313 421/671/355 405/672/339
f 421/671/355 379/670/313 404/673/338
f 383/674/317 422/675/356 410/676/344
f 422/675/356 383/674/317 405/677/339
f 414/678/348 406/679/340 423/680/357
f 406/679/340 414/678/348 392/681/326
f 406/682/340 407/683/341 424/684/358
f 407/683/341 406/682/340 380/685/314
f 407/686/341 408/687/342 425/688/359
f 408/687/342 407/686/341 381/689/315
f 426/690/360 382/691/316 409/692/343
f 382/691/316 426/690/360 408/693/342
f 427/694/361 410/695/344 428/696/362
f 410/695/344 427/694/361 409/697/343
f 413/698/347 415/699/349 429/700/363
f 415/699/349 413/698/347 393/701/327
f 415/702/349 430/703/364 431/704/365
f 430/703/364 415/702/349 414/705/348
f 432/706/366 401/707/335 416/708/350
f 401/707/335 432/706/366 417/709/351
f 433/710/367 418/711/352 417/712/351
f 418/711/352 433/710/367 434/713/368
f 402/714/336 435/715/369 419/716/353
f 435/715/369 402/714/336 418/717/352
f 403/718/337 436/719/370 420/720/354
f 436/719/370 403/718/337 419/721/353
f 404/722/338 437/723/371 421/724/355
f 437/723/371 404/722/338 420/725/354
f 405/726/339 438/727/372 422/728/356
f 438/727/372 405/726/339 421/729/355
f 410/730/344 439/731/373 428/732/362
f 439/731/373 410/730/344 422/733/356
f 423/734/357 424/735/358 440/736/374
f 424/735/358 423/734/357 406/737/340
f 430/738/364 423/739/357 441/740/375
f 423/739/357 430/738/364 414/741/348
f 442/742/376 407/743/341 425/744/359
f 407/743/341 442/742/376 424/745/358
f 425/746/359 426/747/360 443/748/377
f 426/747/360 425/746/359 408/749/342
f 444/750/378 409/751/343 427/752/361
f 409/751/343 444/750/378 426/753/360
f 428/754/362 445/755/379 427/756/361
f 445/755/379 428/754/362 446/757/380
f 429/758/363 431/759/365 447/760/381
f 431/759/365 429/758/363 415/761/349
f 448/762/382 417/763/351 432/764/366
f 417/763/351 448/762/382 433/765/367
f 449/766/383 434/767/368 433/768/367
f 434/767/368 449/766/383 450/769/384
f 418/770/352 451/771/385 435/772/369
f 451/771/385 418/770/352 434/773/368
f 419/774/353 452/775/386 436/776/370
f 452/775/386 419/774/353 435/777/369
f 420/778/354 453/779/387 437/780/371
f 453/779/387 420/778/354 436/781/370
f 421/782/355 454/783/388 438/784/372
f 454/783/388 421/782/355 437/785/371
f 422/786/356 455/787/389 439/788/373
f 455/787/389 422/786/356 438/789/372
f 439/790/373 446/791/380 428/792/362
f 446/791/380 439/790/373 456/793/390
f 456/793/390 439/790/373 457/794/391
f 441/795/375 440/796/374 458/797/392
f 440/796/374 441/795/375 423/798/357
f 459/799/393 424/800/358 442/801/376
f 424/800/358 459/799/393 440/802/374
f 460/803/394 425/804/359 443/805/377
f 425/804/359 460/803/394 442/806/376
f 443/807/377 444/808/378 461/809/395
f 444/808/378 443/807/377 426/810/360
f 427/811/361 462/812/396 444/813/378
f 462/812/396 427/811/361 445/814/379
f 446/815/380 463/816/397 445/817/379
f 463/816/397 446/815/380 464/818/398
f 464/818/398 446/815/380 465/819/399
f 466/820/400 463/816/397 464/818/398
f 467/821/401 433/822/367 448/823/382
f 433/822/367 467/821/401 449/824/383
f 468/825/402 450/826/384 449/827/383
f 450/826/384 468/825/402 469/828/403
f 451/829/385 450/830/384 470/831/404
f 450/830/384 451/829/385 434/832/368
f 435/833/369 471/834/405 452/835/386
f 471/834/405 435/833/369 451/836/385
f 453/837/387 452/838/386 472/839/406
f 452/838/386 453/837/387 436/840/370
f 437/841/371 473/842/407 454/843/388
f 473/842/407 437/841/371 453/844/387
f 438/845/372 474/846/408 455/847/389
f 474/846/408 438/845/372 454/848/388
f 439/849/373 475/850/409 457/851/391
f 475/850/409 439/849/373 455/852/389
f 475/850/409 455/852/389 476/853/410
f 456/854/1046 477/855/411 478/856/412
f 477/855/411 456/854/1046 457/857/1047
f 477/855/411 457/857/1047 475/858/1048
f 477/855/411 475/858/1048 479/859/413
f 479/859/413 475/858/1048 480/860/414
f 446/861/380 478/862/1049 465/863/399
f 478/862/1049 446/861/380 456/864/390
f 481/865/415 440/866/374 459/867/393
f 440/866/374 481/865/415 458/868/392
f 482/869/416 442/870/376 460/871/394
f 442/870/376 482/869/416 459/872/393
f 483/873/417 443/874/377 461/875/395
f 443/874/377 483/873/417 460/876/394
f 461/877/395 484/878/418 485/879/419
f 484/878/418 461/877/395 444/880/378
f 485/879/419 484/878/418 486/881/420
f 484/878/418 444/880/378 487/882/421
f 487/882/421 444/880/378 488/883/422
f 488/883/422 444/880/378 462/884/396
f 462/885/396 489/886/423 490/887/424
f 489/886/423 462/885/396 445/888/379
f 489/886/423 445/888/379 463/889/397
f 465/890/1050 491/891/425 464/892/425
f 491/891/425 465/890/1050 492/893/426
f 492/893/426 465/890/1050 478/894/412
f 492/893/426 478/894/412 493/895/427
f 493/895/427 478/894/412 477/896/411
f 494/897/428 449/898/383 467/899/401
f 449/898/383 494/897/428 468/900/402
f 171/901/151 469/902/403 468/903/402
f 469/902/403 171/901/151 172/904/152
f 470/905/404 469/906/403 495/907/429
f 469/906/403 470/905/404 450/908/384
f 471/909/405 470/910/404 496/911/430
f 470/910/404 471/909/405 451/912/385
f 452/913/386 497/914/431 472/915/406
f 497/914/431 452/913/386 471/916/405
f 473/917/407 472/918/406 498/919/432
f 472/918/406 473/917/407 453/920/387
f 454/921/388 499/922/433 474/923/408
f 499/922/433 454/921/388 473/924/407
f 455/925/389 500/926/434 476/927/410
f 500/926/434 455/925/389 474/928/408
f 500/926/434 474/928/408 501/929/435
f 501/929/435 474/928/408 502/930/436
f 476/931/1051 480/932/414 475/933/1048
f 480/932/414 476/931/1051 500/934/1052
f 480/932/414 500/934/1052 503/935/437
f 480/932/414 503/935/437 504/936/438
f 505/937/439 459/938/393 482/939/416
f 459/938/393 505/937/439 481/940/415
f 506/941/440 460/942/394 483/943/417
f 460/942/394 506/941/440 482/944/416
f 461/945/395 507/946/441 483/947/417
f 507/946/441 461/945/395 485/948/419
f 462/949/396 508/950/442 488/951/422
f 508/950/442 462/949/396 509/952/443
f 509/952/443 462/949/396 490/953/424
f 510/954/444 488/955/1053 508/956/1054
f 488/955/1053 510/954/444 487/957/1055
f 487/957/1055 510/954/444 511/958/445
f 511/959/445 484/960/1056 487/961/1055
f 484/960/1056 511/959/445 512/962/446
f 486/963/1057 513/964/447 514/965/448
f 513/964/447 486/963/1057 484/966/1056
f 513/964/447 484/966/1056 512/967/446
f 486/968/420 515/969/449 485/970/419
f 515/969/449 486/968/420 514/971/1058
f 515/969/449 514/971/1058 516/972/450
f 515/969/449 516/972/450 517/973/451
f 170/974/150 468/975/402 494/976/428
f 468/975/402 170/974/150 171/977/151
f 469/978/403 173/979/153 495/980/429
f 173/979/153 469/978/403 172/981/152
f 496/982/430 495/983/429 518/984/452
f 495/983/429 496/982/430 470/985/404
f 471/986/405 519/987/453 497/988/431
f 519/987/453 471/986/405 496/989/430
f 472/990/406 520/991/454 498/992/432
f 520/991/454 472/990/406 497/993/431
f 499/994/433 498/995/432 521/996/455
f 498/995/432 499/994/433 473/997/407
f 499/998/433 502/999/436 474/1000/408
f 502/999/436 499/998/433 522/1001/456
f 502/1002/436 523/1003/457 501/1004/435
f 523/1003/457 502/1002/436 524/1005/458
f 524/1005/458 502/1002/436 525/1006/459
f 523/1007/1059 500/1008/1052 501/1009/1060
f 500/1008/1052 523/1007/1059 526/1010/460
f 500/1008/1052 526/1010/460 527/1011/461
f 503/1012/437 500/1008/1052 527/1011/461
f 528/1013/462 482/1014/416 506/1015/440
f 482/1014/416 528/1013/462 505/1016/439
f 483/1017/417 529/1018/463 506/1019/440
f 529/1018/463 483/1017/417 507/1020/441
f 485/1021/419 530/1022/464 507/1023/441
f 530/1022/464 485/1021/419 515/1024/449
f 531/1025/465 508/1026/1054 509/1027/1061
f 508/1026/1054 531/1025/465 532/1028/466
f 508/1026/1054 532/1028/466 510/1029/444
f 516/1030/1062 533/1031/467 534/1032/468
f 533/1031/467 516/1030/1062 514/1033/448
f 533/1031/467 514/1033/448 513/1034/447
f 495/1035/429 174/1036/154 518/1037/452
f 174/1036/154 495/1035/429 173/1038/153
f 496/1039/430 535/1040/469 519/1041/453
f 535/1040/469 496/1039/430 518/1042/452
f 497/1043/431 536/1044/470 520/1045/454
f 536/1044/470 497/1043/431 519/1046/453
f 498/1047/432 537/1048/471 521/1049/455
f 537/1048/471 498/1047/432 520/1050/454
f 521/1051/455 522/1052/456 499/1053/433
f 522/1052/456 521/1051/455 538/1054/472
f 522/1055/456 525/1056/459 502/1057/436
f 525/1056/459 522/1055/456 539/1058/473
f 506/1059/440 540/1060/474 528/1061/462
f 540/1060/474 506/1059/440 529/1062/463
f 507/1063/441 541/1064/475 529/1065/463
f 541/1064/475 507/1063/441 530/1066/464
f 518/1067/452 175/1068/155 535/1069/469
f 175/1068/155 518/1067/452 174/1070/154
f 519/1071/453 542/1072/476 536/1073/470
f 542/1072/476 519/1071/453 535/1074/469
f 520/1075/454 543/1076/477 537/1077/471
f 543/1076/477 520/1075/454 536/1078/470
f 537/1079/471 538/1080/472 521/1081/455
f 538/1080/472 537/1079/471 544/1082/478
f 538/1083/472 539/1084/473 522/1085/456
f 539/1084/473 538/1083/472 545/1086/479
f 529/1087/463 546/1088/480 540/1089/474
f 546/1088/480 529/1087/463 541/1090/475
f 535/1091/469 188/1092/159 542/1093/476
f 188/1092/159 535/1091/469 175/1094/155
f 536/1095/470 547/1096/481 543/1097/477
f 547/1096/481 536/1095/470 542/1098/476
f 543/1099/477 544/1100/478 537/1101/471
f 544/1100/478 543/1099/477 548/1102/482
f 544/1103/478 545/1104/479 538/1105/472
f 545/1104/479 544/1103/478 549/1106/483
f 542/1107/476 187/1108/158 547/1109/481
f 187/1108/158 542/1107/476 188/1110/159
f 547/1111/481 548/1112/482 543/1113/477
f 548/1112/482 547/1111/481 550/1114/484
f 548/1115/482 549/1116/483 544/1117/478
f 549/1116/483 548/1115/482 551/1118/485
f 187/1119/158 550/1120/484 547/1121/481
f 550/1120/484 187/1119/158 186/1122/157
f 550/1123/484 551/1124/485 548/1125/482
f 551/1124/485 550/1123/484 552/1126/486
f 186/1127/157 552/1128/486 550/1129/484
f 552/1128/486 186/1127/157 185/1130/156
f 917/1131/831 1085/1132/993 1086/1133/994
f 1085/1132/993 917/1131/831 918/1134/832
f 958/1135/871 1086/1136/994 1087/1137/995
f 1086/1136/994 958/1135/871 917/1138/831
f 918/1139/832 984/1140/897 1085/1141/993
f 984/1140/897 918/1139/832 941/1142/854
f 1086/1143/994 1088/1144/996 1089/1145/997
f 1088/1144/996 1086/1143/994 1085/1146/993
f 1087/1147/995 1089/1148/997 1090/1149/998
f 1089/1148/997 1087/1147/995 1086/1150/994
f 977/1151/890 1087/1152/995 1091/1153/999
f 1087/1152/995 977/1151/890 958/1154/871
f 1085/1155/993 1023/1156/936 1088/1157/996
f 1023/1156/936 1085/1155/993 984/1158/897
f 1089/1159/997 1057/1160/970 1058/1161/971
f 1057/1160/970 1089/1159/997 1088/1162/996
f 1091/1163/999 1090/1164/998 1092/1165/1000
f 1090/1164/998 1091/1163/999 1087/1166/995
f 1090/1167/998 1058/1168/971 1059/1169/972
f 1058/1168/971 1090/1167/998 1089/1170/997
f 977/1171/890 1093/1172/1001 978/1173/891
f 1093/1172/1001 977/1171/890 1091/1174/999
f 1088/1175/996 1049/1176/962 1057/1177/970
f 1049/1176/962 1088/1175/996 1023/1178/936
f 1091/1179/999 1094/1180/1002 1093/1181/1001
f 1094/1180/1002 1091/1179/999 1092/1182/1000
f 1092/1183/1000 1059/1184/972 1060/1185/973
f 1059/1184/972 1092/1183/1000 1090/1186/998
f 978/1187/891 1095/1188/1003 979/1189/892
f 1095/1188/1003 978/1187/891 1093/1190/1001
f 1092/1191/1000 1061/1192/974 1094/1193/1002
f 1061/1192/974 1092/1191/1000 1060/1194/973
f 1093/1195/1001 1096/1196/1004 1095/1197/1003
f 1096/1196/1004 1093/1195/1001 1094/1198/1002
f 979/1199/892 1097/1200/1005 980/1201/893
f 1097/1200/1005 979/1199/892 1095/1202/1003
f 1094/1203/1002 1073/1204/981 1096/1205/1004
f 1073/1204/981 1094/1203/1002 1061/1206/974
f 1095/1207/1003 1098/1208/1006 1097/1209/1005
f 1098/1208/1006 1095/1207/1003 1096/1210/1004
f 981/1211/894 1097/1212/1005 1099/1213/1007
f 1097/1212/1005 981/1211/894 980/1214/893
f 1096/1215/1004 1072/1216/980 1098/1217/1006
f 1072/1216/980 1096/1215/1004 1073/1218/981
f 1099/1219/1007 1098/1220/1006 1100/1221/1008
f 1098/1220/1006 1099/1219/1007 1097/1222/1005
f 1020/1223/933 1099/1224/1007 1079/1225/987
f 1099/1224/1007 1020/1223/933 981/1226/894
f 1100/1227/1008 1072/1228/980 1071/1229/979
f 1072/1228/980 1100/1227/1008 1098/1230/1006
f 1079/1231/987 1100/1232/1008 1084/1233/992
f 1100/1232/1008 1079/1231/987 1099/1234/1007
f 1084/1235/992 1071/1236/979 1070/1237/978
f 1071/1236/979 1084/1235/992 1100/1238/1008
usemtl tank1.007
f 149/1239/149 150/1240/149 151/1241/149
f 150/1240/149 149/1239/149 152/1242/149
f 152/1242/149 149/1239/149 153/1243/149
f 152/1242/149 153/1243/149 154/1244/149
f 154/1244/149 153/1243/149 155/1245/149
f 154/1244/149 155/1245/149 156/1246/149
f 156/1246/149 155/1245/149 157/1247/149
f 156/1246/149 157/1247/149 158/1248/149
f 158/1248/149 157/1247/149 50/1249/149
f 158/1248/149 50/1249/149 5/1250/149
f 5/1250/149 50/1249/149 44/1251/149
f 5/1250/149 44/1251/149 2/1252/149
f 2/1252/149 44/1251/149 37/1253/149
f 2/1252/149 37/1253/149 3/1254/149
f 3/1254/149 37/1253/149 30/1255/149
f 3/1254/149 30/1255/149 9/1256/149
f 9/1256/149 30/1255/149 22/1257/149
f 9/1256/149 22/1257/149 15/1258/149
f 159/1259/149 160/1260/149 161/1261/149
f 160/1260/149 159/1259/149 162/1262/149
f 162/1262/149 159/1259/149 163/1263/149
f 163/1263/149 159/1259/149 164/1264/149
f 163/1263/149 164/1264/149 165/1265/149
f 165/1265/149 164/1264/149 166/1266/149
f 165/1265/149 166/1266/149 167/1267/149
f 167/1267/149 166/1266/149 168/1268/149
f 167/1267/149 168/1268/149 169/1269/149
f 169/1269/149 168/1268/149 60/1270/149
f 169/1269/149 60/1270/149 170/1271/149
f 170/1271/149 60/1270/149 171/1272/149
f 171/1272/149 60/1270/149 58/1273/149
f 171/1272/149 58/1273/149 172/1274/149
f 172/1274/149 58/1273/149 55/1275/149
f 172/1274/149 55/1275/149 173/1276/149
f 173/1276/149 55/1275/149 51/1277/149
f 173/1276/149 51/1277/149 174/1278/149
f 174/1278/149 51/1277/149 45/1279/149
f 174/1278/149 45/1279/149 175/1280/149
f 160/1260/149 176/1281/149 177/1282/149
f 176/1281/149 160/1260/149 162/1262/149
f 177/1282/149 176/1281/149 178/1283/149
f 177/1282/149 178/1283/149 179/1284/149
f 179/1284/149 178/1283/149 180/1285/149
f 179/1284/149 180/1285/149 181/1286/149
f 181/1286/149 180/1285/149 182/1287/149
f 181/1286/149 182/1287/149 183/1288/149
f 183/1288/149 182/1287/149 184/1289/149
f 183/1288/149 184/1289/149 32/1290/149
f 32/1290/149 184/1289/149 185/1291/149
f 32/1290/149 185/1291/149 186/1292/149
f 32/1290/149 186/1292/149 28/1293/149
f 28/1293/149 186/1292/149 187/1294/149
f 28/1293/149 187/1294/149 29/1295/149
f 29/1295/149 187/1294/149 188/1296/149
f 29/1295/149 188/1296/149 33/1297/149
f 33/1297/149 188/1296/149 175/1280/149
f 33/1297/149 175/1280/149 39/1298/149
f 39/1298/149 175/1280/149 45/1279/149
f 229/1299/149 230/1300/149 231/1301/149
f 230/1300/149 229/1299/149 232/1302/149
f 230/1300/149 232/1302/149 233/1303/149
f 233/1303/149 232/1302/149 234/1304/149
f 233/1303/149 234/1304/149 235/1305/149
f 235/1305/149 234/1304/149 236/1306/149
f 235/1305/149 236/1306/149 237/1307/149
f 237/1307/149 236/1306/149 238/1308/149
f 237/1307/149 238/1308/149 239/1309/149
f 239/1309/149 238/1308/149 240/1310/149
f 240/1310/149 238/1308/149 241/1311/149
f 240/1310/149 241/1311/149 137/1312/149
f 240/1310/149 137/1312/149 69/1313/149
f 69/1313/149 137/1312/149 129/1314/149
f 69/1313/149 129/1314/149 70/1315/149
f 70/1315/149 129/1314/149 121/1316/149
f 70/1315/149 121/1316/149 74/1317/149
f 74/1317/149 121/1316/149 113/1318/149
f 74/1317/149 113/1318/149 77/1319/149
f 77/1319/149 113/1318/149 104/1320/149
f 77/1319/149 104/1320/149 85/1321/149
f 85/1321/149 104/1320/149 94/1322/149
f 242/1323/149 243/1324/149 244/1325/149
f 243/1324/149 242/1323/149 194/1241/149
f 194/1241/149 242/1323/149 245/1326/149
f 194/1241/149 245/1326/149 195/1239/149
f 195/1239/149 245/1326/149 246/1327/149
f 195/1239/149 246/1327/149 196/1243/149
f 196/1243/149 246/1327/149 247/1328/149
f 196/1243/149 247/1328/149 197/1245/149
f 197/1245/149 247/1328/149 248/1329/149
f 197/1245/149 248/1329/149 198/1247/149
f 198/1247/149 248/1329/149 249/1330/149
f 198/1247/149 249/1330/149 49/1249/149
f 49/1249/149 249/1330/149 148/1331/149
f 49/1249/149 148/1331/149 43/1251/149
f 43/1251/149 148/1331/149 146/1332/149
f 43/1251/149 146/1332/149 38/1253/149
f 38/1253/149 146/1332/149 143/1333/149
f 38/1253/149 143/1333/149 31/1255/149
f 31/1255/149 143/1333/149 139/1334/149
f 31/1255/149 139/1334/149 23/1257/149
f 23/1257/149 139/1334/149 133/1335/149
f 23/1257/149 133/1335/149 16/1258/149
f 243/1324/149 193/1240/149 250/1336/149
f 193/1240/149 243/1324/149 194/1241/149
f 250/1336/149 193/1240/149 192/1242/149
f 250/1336/149 192/1242/149 251/1337/149
f 251/1337/149 192/1242/149 191/1244/149
f 251/1337/149 191/1244/149 252/1338/149
f 252/1338/149 191/1244/149 190/1246/149
f 252/1338/149 190/1246/149 253/1339/149
f 253/1339/149 190/1246/149 189/1248/149
f 253/1339/149 189/1248/149 254/1340/149
f 254/1340/149 189/1248/149 6/1250/149
f 254/1340/149 6/1250/149 99/1341/149
f 99/1341/149 6/1250/149 4/1252/149
f 99/1341/149 4/1252/149 100/1342/149
f 100/1342/149 4/1252/149 1/1254/149
f 100/1342/149 1/1254/149 108/1343/149
f 108/1343/149 1/1254/149 10/1256/149
f 108/1343/149 10/1256/149 109/1344/149
f 109/1344/149 10/1256/149 16/1258/149
f 109/1344/149 16/1258/149 117/1345/149
f 117/1345/149 16/1258/149 133/1335/149
f 117/1345/149 133/1335/149 125/1346/149
f 553/1347/149 554/1348/149 555/1349/149
f 554/1348/149 553/1347/149 556/1350/149
f 556/1350/149 553/1347/149 557/1351/149
f 556/1350/149 557/1351/149 558/1352/149
f 558/1352/149 557/1351/149 559/1353/149
f 558/1352/149 559/1353/149 560/1354/149
f 560/1354/149 559/1353/149 561/1355/149
f 561/1355/149 559/1353/149 562/1356/149
f 561/1355/149 562/1356/149 563/1357/149
f 561/1355/149 563/1357/149 564/1358/149
f 564/1358/149 563/1357/149 565/1359/149
f 564/1358/149 565/1359/149 566/1360/149
f 566/1360/149 565/1359/149 567/1361/149
f 566/1360/149 567/1361/149 568/1362/149
f 568/1362/149 567/1361/149 569/1363/149
f 569/1363/149 567/1361/149 570/1364/149
f 569/1363/149 570/1364/149 571/1365/149
f 569/1363/149 571/1365/149 572/1366/149
f 573/1367/487 574/1368/488 575/1369/489
f 573/1367/487 575/1369/489 576/1370/490
f 576/1370/490 575/1369/489 577/1371/491
f 578/1372/492 579/1373/493 580/1374/494
f 580/1374/494 579/1373/493 581/1375/495
f 580/1374/494 581/1375/495 582/1376/496
f 583/1377/497 584/1378/498 585/1379/499
f 585/1379/499 584/1378/498 586/1380/500
f 587/1381/501 353/1382/1063 588/1383/502
f 588/1383/502 353/1382/1063 354/1384/1064
f 589/1385/503 590/1386/504 591/1387/505
f 591/1387/505 590/1386/504 592/1388/506
f 489/1389/1065 593/1390/507 594/1391/508
f 489/1389/1065 594/1391/508 490/1392/1066
f 6/1393/6 158/1394/1067 5/1395/5
f 158/1394/1067 6/1393/6 189/1396/1068
f 189/1397/1068 156/1398/1069 158/1399/1067
f 156/1398/1069 189/1397/1068 190/1400/1070
f 190/1401/1070 154/1402/1071 156/1403/1069
f 154/1402/1071 190/1401/1070 191/1404/1072
f 192/1405/1073 154/1406/1071 191/1407/1072
f 154/1406/1071 192/1405/1073 152/1408/1074
f 193/1409/1075 152/1410/1074 192/1411/1073
f 152/1410/1074 193/1409/1075 150/1412/1076
f 194/1413/1077 150/1414/1076 193/1415/1075
f 150/1414/1076 194/1413/1077 151/1416/1078
f 195/1417/1079 151/1418/1078 194/1419/1077
f 151/1418/1078 195/1417/1079 149/1420/1080
f 196/1421/108 149/1422/1080 195/1423/1079
f 149/1422/1080 196/1421/108 153/1424/1081
f 196/1425/108 155/1426/1082 153/1427/1081
f 155/1426/1082 196/1425/108 197/1428/1083
f 197/1429/1083 157/1430/1084 155/1431/1082
f 157/1430/1084 197/1429/1083 198/1432/1085
f 198/1433/1085 50/1434/50 157/1435/1084
f 50/1434/50 198/1433/1085 49/1436/49
f 5/1437/5 199/1438/160 11/1439/11
f 199/1438/160 5/1437/5 158/1440/1067
f 158/1441/1067 200/1442/161 199/1443/160
f 200/1442/161 158/1441/1067 156/1444/1069
f 156/1445/1069 201/1446/162 200/1447/161
f 201/1446/162 156/1445/1069 154/1448/1071
f 152/1449/1074 201/1450/162 154/1451/1071
f 201/1450/162 152/1449/1074 202/1452/163
f 150/1453/1076 202/1454/163 152/1455/1074
f 202/1454/163 150/1453/1076 203/1456/164
f 151/1457/1078 203/1458/164 150/1459/1076
f 203/1458/164 151/1457/1078 204/1460/165
f 151/1461/1078 205/1462/166 204/1463/165
f 205/1462/166 151/1461/1078 149/1464/1080
f 149/1465/1080 206/1466/167 205/1467/166
f 206/1466/167 149/1465/1080 153/1468/1081
f 153/1469/1081 207/1470/168 206/1471/167
f 207/1470/168 153/1469/1081 155/1472/1082
f 155/1473/1082 208/1474/169 207/1475/168
f 208/1474/169 155/1473/1082 157/1476/1084
f 157/1477/1084 54/1478/54 208/1479/169
f 54/1478/54 157/1477/1084 50/1480/50
f 11/1481/11 209/1482/170 17/1483/17
f 209/1482/170 11/1481/11 199/1484/160
f 199/1485/160 210/1486/171 209/1487/170
f 210/1486/171 199/1485/160 200/1488/161
f 200/1489/161 211/1490/172 210/1491/171
f 211/1490/172 200/1489/161 201/1492/162
f 202/1493/163 211/1494/172 201/1495/162
f 211/1494/172 202/1493/163 212/1496/173
f 203/1497/164 212/1498/173 202/1499/163
f 212/1498/173 203/1497/164 213/1500/174
f 204/1501/165 213/1502/174 203/1503/164
f 213/1502/174 204/1501/165 214/1504/175
f 204/1505/165 215/1506/176 214/1507/175
f 215/1506/176 204/1505/165 205/1508/166
f 205/1509/166 216/1510/177 215/1511/176
f 216/1510/177 205/1509/166 206/1512/167
f 206/1513/167 217/1514/178 216/1515/177
f 217/1514/178 206/1513/167 207/1516/168
f 207/1517/168 218/1518/179 217/1519/178
f 218/1518/179 207/1517/168 208/1520/169
f 208/1521/169 57/1522/57 218/1523/179
f 57/1522/57 208/1521/169 54/1524/54
f 219/1525/180 17/1526/17 209/1527/170
f 17/1526/17 219/1525/180 24/1528/24
f 220/1529/181 209/1530/170 210/1531/171
f 209/1530/170 220/1529/181 219/1532/180
f 221/1533/182 210/1534/171 211/1535/172
f 210/1534/171 221/1533/182 220/1536/181
f 222/1537/183 211/1538/172 212/1539/173
f 211/1538/172 222/1537/183 221/1540/182
f 223/1541/184 212/1542/173 213/1543/174
f 212/1542/173 223/1541/184 222/1544/183
f 224/1545/185 213/1546/174 214/1547/175
f 213/1546/174 224/1545/185 223/1548/184
f 215/1549/176 224/1550/185 214/1551/175
f 224/1550/185 215/1549/176 225/1552/186
f 216/1553/177 225/1554/186 215/1555/176
f 225/1554/186 216/1553/177 226/1556/187
f 217/1557/178 226/1558/187 216/1559/177
f 226/1558/187 217/1557/178 227/1560/188
f 218/1561/179 227/1562/188 217/1563/178
f 227/1562/188 218/1561/179 228/1564/189
f 57/1565/57 228/1566/189 218/1567/179
f 228/1566/189 57/1565/57 59/1568/59
f 183/1569/1086 24/1570/1010 219/1571/1087
f 24/1570/1010 183/1569/1086 32/1572/32
f 181/1573/1088 219/1574/1087 220/1575/1089
f 219/1574/1087 181/1573/1088 183/1576/1086
f 179/1577/1090 220/1578/1089 221/1579/1091
f 220/1578/1089 179/1577/1090 181/1580/1088
f 222/1581/1092 179/1582/1090 221/1583/1091
f 179/1582/1090 222/1581/1092 177/1584/1093
f 223/1585/1094 177/1586/1093 222/1587/1092
f 177/1586/1093 223/1585/1094 160/1588/1095
f 224/1589/1096 160/1590/1095 223/1591/1094
f 160/1590/1095 224/1589/1096 161/1592/1097
f 225/1593/1098 161/1594/1097 224/1595/1096
f 161/1594/1097 225/1593/1098 159/1596/1099
f 226/1597/1100 159/1598/1099 225/1599/1098
f 159/1598/1099 226/1597/1100 164/1600/1100
f 166/1601/1101 226/1602/1100 227/1603/1102
f 226/1602/1100 166/1601/1101 164/1604/1100
f 168/1605/1103 227/1606/1102 228/1607/1104
f 227/1606/1102 168/1605/1103 166/1608/1101
f 60/1609/60 228/1610/1104 59/1611/1017
f 228/1610/1104 60/1609/60 168/1612/1103
f 255/1613/190 256/1614/191 257/1615/192
f 256/1614/191 255/1613/190 258/1616/193
f 259/1617/194 257/1618/192 260/1619/195
f 257/1618/192 259/1617/194 255/1620/190
f 261/1621/108 258/1622/193 255/1623/190
f 258/1622/193 261/1621/108 262/1624/196
f 258/1625/193 263/1626/197 256/1627/191
f 263/1626/197 258/1625/193 264/1628/198
f 257/1629/192 236/1630/1105 234/1631/1106
f 236/1630/1105 257/1629/192 256/1632/191
f 261/1633/108 259/1634/194 265/1635/199
f 259/1634/194 261/1633/108 255/1636/190
f 257/1637/192 232/1638/1107 260/1639/195
f 232/1638/1107 257/1637/192 234/1640/1106
f 266/1641/200 260/1642/195 267/1643/201
f 260/1642/195 266/1641/200 259/1644/194
f 262/1645/196 264/1646/198 258/1647/193
f 264/1646/198 262/1645/196 268/1648/202
f 264/1649/198 269/1650/203 263/1651/197
f 269/1650/203 264/1649/198 270/1652/204
f 256/1653/191 238/1654/1108 236/1655/1105
f 238/1654/1108 256/1653/191 263/1656/197
f 234/1657/1106 271/1658/205 272/1659/206
f 271/1658/205 234/1657/1106 236/1660/1105
f 265/1661/199 266/1662/200 273/1663/207
f 266/1662/200 265/1661/199 259/1664/194
f 232/1665/1107 272/1666/206 274/1667/208
f 272/1666/206 232/1665/1107 234/1668/1106
f 260/1669/195 229/1670/1109 267/1671/201
f 229/1670/1109 260/1669/195 232/1672/1107
f 266/1673/200 275/1674/209 276/1675/210
f 275/1674/209 266/1673/200 267/1676/201
f 268/1677/202 270/1678/204 264/1679/198
f 270/1678/204 268/1677/202 277/1680/211
f 270/1681/204 131/1682/131 269/1683/203
f 131/1682/131 270/1681/204 130/1684/130
f 263/1685/197 241/1686/1110 238/1687/1108
f 241/1686/1110 263/1685/197 269/1688/203
f 236/1689/1105 278/1690/212 271/1691/205
f 278/1690/212 236/1689/1105 238/1692/1108
f 62/1693/62 240/1694/1111 69/1695/69
f 240/1694/1111 62/1693/62 279/1696/213
f 279/1697/213 239/1698/1112 240/1699/1111
f 239/1698/1112 279/1697/213 280/1700/214
f 280/1701/214 237/1702/1113 239/1703/1112
f 237/1702/1113 280/1701/214 281/1704/215
f 281/1705/215 235/1706/1114 237/1707/1113
f 235/1706/1114 281/1705/215 282/1708/216
f 283/1709/217 235/1710/1114 282/1711/216
f 235/1710/1114 283/1709/217 233/1712/1115
f 284/1713/218 233/1714/1115 283/1715/217
f 233/1714/1115 284/1713/218 230/1716/1116
f 275/1717/209 230/1718/1116 284/1719/218
f 230/1718/1116 275/1717/209 231/1720/1117
f 267/1721/201 231/1722/1117 275/1723/209
f 231/1722/1117 267/1721/201 229/1724/1109
f 269/1725/203 137/1726/137 241/1727/1110
f 137/1726/137 269/1725/203 131/1728/131
f 272/1729/206 285/1730/219 286/1731/220
f 285/1730/219 272/1729/206 271/1732/205
f 273/1733/207 276/1734/210 287/1735/221
f 276/1734/210 273/1733/207 266/1736/200
f 229/1737/1109 274/1738/208 288/1739/222
f 274/1738/208 229/1737/1109 232/1740/1107
f 274/1741/208 286/1742/220 289/1743/223
f 286/1742/220 274/1741/208 272/1744/206
f 276/1745/210 284/1746/218 290/1747/224
f 284/1746/218 276/1745/210 275/1748/209
f 277/1749/211 130/1750/130 270/1751/204
f 130/1750/130 277/1749/211 138/1752/138
f 238/1753/1108 291/1754/225 278/1755/212
f 291/1754/225 238/1753/1108 241/1756/1110
f 271/1757/205 292/1758/226 285/1759/219
f 292/1758/226 271/1757/205 278/1760/212
f 64/1761/64 279/1762/213 62/1763/62
f 279/1762/213 64/1761/64 293/1764/227
f 69/1765/69 294/1766/228 75/1767/75
f 294/1766/228 69/1765/69 240/1768/1111
f 293/1769/227 280/1770/214 279/1771/213
f 280/1770/214 293/1769/227 295/1772/229
f 240/1773/1111 296/1774/230 294/1775/228
f 296/1774/230 240/1773/1111 239/1776/1112
f 295/1777/229 281/1778/215 280/1779/214
f 281/1778/215 295/1777/229 297/1780/231
f 239/1781/1112 298/1782/232 296/1783/230
f 298/1782/232 239/1781/1112 237/1784/1113
f 297/1785/231 282/1786/216 281/1787/215
f 282/1786/216 297/1785/231 299/1788/233
f 237/1789/1113 300/1790/234 298/1791/232
f 300/1790/234 237/1789/1113 235/1792/1114
f 301/1793/235 282/1794/216 299/1795/233
f 282/1794/216 301/1793/235 283/1796/217
f 233/1797/1115 300/1798/234 235/1799/1114
f 300/1798/234 233/1797/1115 302/1800/236
f 290/1801/224 283/1802/217 301/1803/235
f 283/1802/217 290/1801/224 284/1804/218
f 230/1805/1116 302/1806/236 233/1807/1115
f 302/1806/236 230/1805/1116 303/1808/237
f 231/1809/1117 303/1810/237 230/1811/1116
f 303/1810/237 231/1809/1117 304/1812/238
f 229/1813/1109 304/1814/238 231/1815/1117
f 304/1814/238 229/1813/1109 288/1816/222
f 241/1817/1110 142/1818/142 291/1819/225
f 142/1818/142 241/1817/1110 137/1820/137
f 285/1821/219 305/1822/239 286/1823/220
f 305/1822/239 285/1821/219 306/1824/240
f 287/1825/221 290/1826/224 307/1827/241
f 290/1826/224 287/1825/221 276/1828/210
f 288/1829/222 289/1830/223 308/1831/242
f 289/1830/223 288/1829/222 274/1832/208
f 286/1833/220 309/1834/243 289/1835/223
f 309/1834/243 286/1833/220 305/1836/239
f 278/1837/212 310/1838/244 292/1839/226
f 310/1838/244 278/1837/212 291/1840/225
f 292/1841/226 306/1842/240 285/1843/219
f 306/1842/240 292/1841/226 311/1844/245
f 68/1845/68 293/1846/227 64/1847/64
f 293/1846/227 68/1845/68 312/1848/246
f 75/1849/75 313/1850/247 82/1851/82
f 313/1850/247 75/1849/75 294/1852/228
f 312/1853/246 295/1854/229 293/1855/227
f 295/1854/229 312/1853/246 314/1856/248
f 294/1857/228 315/1858/249 313/1859/247
f 315/1858/249 294/1857/228 296/1860/230
f 314/1861/248 297/1862/231 295/1863/229
f 297/1862/231 314/1861/248 316/1864/250
f 296/1865/230 317/1866/251 315/1867/249
f 317/1866/251 296/1865/230 298/1868/232
f 316/1869/250 299/1870/233 297/1871/231
f 299/1870/233 316/1869/250 318/1872/252
f 298/1873/232 319/1874/253 317/1875/251
f 319/1874/253 298/1873/232 300/1876/234
f 320/1877/254 299/1878/233 318/1879/252
f 299/1878/233 320/1877/254 301/1880/235
f 302/1881/236 319/1882/253 300/1883/234
f 319/1882/253 302/1881/236 321/1884/255
f 307/1885/241 301/1886/235 320/1887/254
f 301/1886/235 307/1885/241 290/1888/224
f 303/1889/237 321/1890/255 302/1891/236
f 321/1890/255 303/1889/237 322/1892/256
f 304/1893/238 322/1894/256 303/1895/237
f 322/1894/256 304/1893/238 323/1896/257
f 304/1897/238 308/1898/242 323/1899/257
f 308/1898/242 304/1897/238 288/1900/222
f 291/1901/225 145/1902/145 310/1903/244
f 145/1902/145 291/1901/225 142/1904/142
f 247/1905/1118 305/1906/1119 306/1907/1120
f 305/1906/1119 247/1905/1118 246/1908/1119
f 289/1909/223 324/1910/258 308/1911/242
f 324/1910/258 289/1909/223 309/1912/243
f 305/1913/1119 245/1914/1121 309/1915/1122
f 245/1914/1121 305/1913/1119 246/1916/1119
f 310/1917/244 311/1918/245 292/1919/226
f 311/1918/245 310/1917/244 325/1920/259
f 248/1921/1123 306/1922/1120 311/1923/1124
f 306/1922/1120 248/1921/1123 247/1924/1118
f 91/1925/91 313/1926/247 326/1927/260
f 313/1926/247 91/1925/91 82/1928/82
f 327/1929/261 313/1930/247 315/1931/249
f 313/1930/247 327/1929/261 326/1932/260
f 328/1933/262 315/1934/249 317/1935/251
f 315/1934/249 328/1933/262 327/1936/261
f 329/1937/263 317/1938/251 319/1939/253
f 317/1938/251 329/1937/263 328/1940/262
f 330/1941/264 319/1942/253 321/1943/255
f 319/1942/253 330/1941/264 329/1944/263
f 331/1945/265 321/1946/255 322/1947/256
f 321/1946/255 331/1945/265 330/1948/264
f 332/1949/266 322/1950/256 323/1951/257
f 322/1950/256 332/1949/266 331/1952/265
f 308/1953/242 332/1954/266 323/1955/257
f 332/1954/266 308/1953/242 324/1956/258
f 145/1957/145 325/1958/259 310/1959/244
f 325/1958/259 145/1957/145 147/1960/147
f 309/1961/1122 242/1962/1125 324/1963/1126
f 242/1962/1125 309/1961/1122 245/1964/1121
f 249/1965/1127 311/1966/1124 325/1967/1128
f 311/1966/1124 249/1965/1127 248/1968/1123
f 254/1969/1129 91/1970/1019 326/1971/1130
f 91/1970/1019 254/1969/1129 99/1972/99
f 253/1973/1131 326/1974/1130 327/1975/1132
f 326/1974/1130 253/1973/1131 254/1976/1129
f 252/1977/1133 327/1978/1132 328/1979/1134
f 327/1978/1132 252/1977/1133 253/1980/1131
f 251/1981/1135 328/1982/1134 329/1983/1135
f 328/1982/1134 251/1981/1135 252/1984/1133
f 330/1985/1136 251/1986/1135 329/1987/1135
f 251/1986/1135 330/1985/1136 250/1988/1137
f 331/1989/1138 250/1990/1137 330/1991/1136
f 250/1990/1137 331/1989/1138 243/1992/1139
f 332/1993/1140 243/1994/1139 331/1995/1138
f 243/1994/1139 332/1993/1140 244/1996/1141
f 324/1997/1126 244/1998/1141 332/1999/1140
f 244/1998/1141 324/1997/1126 242/2000/1125
f 148/2001/148 325/2002/1128 147/2003/1027
f 325/2002/1128 148/2001/148 249/2004/1127
f 595/2005/509 596/2006/510 597/2007/511
f 596/2006/510 595/2005/509 598/2008/512
f 599/2009/513 597/2010/511 600/2011/514
f 597/2010/511 599/2009/513 595/2012/509
f 562/2013/1142 598/2014/512 595/2015/509
f 598/2014/512 562/2013/1142 559/2016/1143
f 598/2017/512 601/2018/515 596/2019/510
f 601/2018/515 598/2017/512 602/2020/516
f 597/2021/511 603/2022/517 604/2023/518
f 603/2022/517 597/2021/511 596/2024/510
f 605/2025/519 600/2026/514 606/2027/520
f 600/2026/514 605/2025/519 599/2028/513
f 563/2029/1144 595/2030/509 599/2031/513
f 595/2030/509 563/2029/1144 562/2032/1142
f 600/2033/514 604/2034/518 607/2035/521
f 604/2034/518 600/2033/514 597/2036/511
f 559/2037/1143 602/2038/516 598/2039/512
f 602/2038/516 559/2037/1143 557/2040/1145
f 608/2041/522 602/2042/516 609/2043/523
f 602/2042/516 608/2041/522 601/2044/515
f 596/2045/510 610/2046/524 603/2047/517
f 610/2046/524 596/2045/510 601/2048/515
f 604/2049/518 611/2050/525 612/2051/526
f 611/2050/525 604/2049/518 603/2052/517
f 613/2053/527 606/2054/520 614/2055/528
f 606/2054/520 613/2053/527 605/2056/519
f 565/2057/1146 599/2058/513 605/2059/519
f 599/2058/513 565/2057/1146 563/2060/1144
f 606/2061/520 607/2062/521 615/2063/529
f 607/2062/521 606/2061/520 600/2064/514
f 607/2065/521 612/2066/526 616/2067/530
f 612/2066/526 607/2065/521 604/2068/518
f 561/2069/1147 617/2070/531 618/2071/532
f 617/2070/531 561/2069/1147 564/2072/1148
f 560/2073/1149 618/2074/532 619/2075/533
f 618/2074/532 560/2073/1149 561/2076/1147
f 558/2077/1150 619/2078/533 620/2079/534
f 619/2078/533 558/2077/1150 560/2080/1149
f 621/2081/535 558/2082/1150 620/2083/534
f 558/2082/1150 621/2081/535 556/2084/1151
f 622/2085/536 556/2086/1151 621/2087/535
f 556/2086/1151 622/2085/536 554/2088/1152
f 623/2089/537 554/2090/1152 622/2091/536
f 554/2090/1152 623/2089/537 555/2092/1153
f 609/2093/523 555/2094/1153 623/2095/537
f 555/2094/1153 609/2093/523 553/2096/1154
f 602/2097/516 553/2098/1154 609/2099/523
f 553/2098/1154 602/2097/516 557/2100/1145
f 567/2101/1015 605/2102/519 613/2103/527
f 605/2102/519 567/2101/1015 565/2104/1146
f 567/2105/1015 624/2106/538 570/2107/1155
f 624/2106/538 567/2105/1015 613/2108/527
f 570/2109/1155 625/2110/539 571/2111/1156
f 625/2110/539 570/2109/1155 624/2112/538
f 571/2113/1156 626/2114/540 572/2115/1157
f 626/2114/540 571/2113/1156 625/2116/539
f 572/2117/1157 627/2118/541 569/2119/1158
f 627/2118/541 572/2117/1157 626/2120/540
f 569/2121/1158 628/2122/542 568/2123/108
f 628/2122/542 569/2121/1158 627/2124/541
f 566/2125/1159 628/2126/542 629/2127/543
f 628/2126/542 566/2125/1159 568/2128/108
f 564/2129/1148 629/2130/543 617/2131/531
f 629/2130/543 564/2129/1148 566/2132/1159
f 630/2133/544 601/2134/515 608/2135/522
f 601/2134/515 630/2133/544 610/2136/524
f 631/2137/545 609/2138/523 623/2139/537
f 609/2138/523 631/2137/545 608/2140/522
f 603/2141/517 632/2142/546 611/2143/525
f 632/2142/546 603/2141/517 610/2144/524
f 612/2145/526 633/2146/547 634/2147/548
f 633/2146/547 612/2145/526 611/2148/525
f 613/2149/527 635/2150/549 624/2151/538
f 635/2150/549 613/2149/527 614/2152/528
f 614/2153/528 615/2154/529 636/2155/550
f 615/2154/529 614/2153/528 606/2156/520
f 615/2157/529 616/2158/530 637/2159/551
f 616/2158/530 615/2157/529 607/2160/521
f 616/2161/530 634/2162/548 638/2163/552
f 634/2162/548 616/2161/530 612/2164/526
f 618/2165/532 639/2166/553 640/2167/554
f 639/2166/553 618/2165/532 617/2168/531
f 619/2169/533 640/2170/554 641/2171/555
f 640/2170/554 619/2169/533 618/2172/532
f 620/2173/534 641/2174/555 642/2175/556
f 641/2174/555 620/2173/534 619/2176/533
f 643/2177/557 620/2178/534 642/2179/556
f 620/2178/534 643/2177/557 621/2180/535
f 644/2181/558 621/2182/535 643/2183/557
f 621/2182/535 644/2181/558 622/2184/536
f 631/2185/545 622/2186/536 644/2187/558
f 622/2186/536 631/2185/545 623/2188/537
f 624/2189/538 645/2190/559 625/2191/539
f 645/2190/559 624/2189/538 635/2192/549
f 626/2193/540 645/2194/559 646/2195/560
f 645/2194/559 626/2193/540 625/2196/539
f 627/2197/541 646/2198/560 647/2199/561
f 646/2198/560 627/2197/541 626/2200/540
f 628/2201/542 647/2202/561 648/2203/562
f 647/2202/561 628/2201/542 627/2204/541
f 629/2205/543 648/2206/562 649/2207/563
f 648/2206/562 629/2205/543 628/2208/542
f 617/2209/531 649/2210/563 639/2211/553
f 649/2210/563 617/2209/531 629/2212/543
f 650/2213/564 608/2214/522 631/2215/545
f 608/2214/522 650/2213/564 630/2216/544
f 632/2217/546 630/2218/544 651/2219/565
f 630/2218/544 632/2217/546 610/2220/524
f 611/2221/525 652/2222/566 633/2223/547
f 652/2222/566 611/2221/525 632/2224/546
f 634/2225/548 653/2226/567 654/2227/568
f 653/2226/567 634/2225/548 633/2228/547
f 614/2229/528 655/2230/569 635/2231/549
f 655/2230/569 614/2229/528 636/2232/550
f 636/2233/550 637/2234/551 656/2235/570
f 637/2234/551 636/2233/550 615/2236/529
f 637/2237/551 638/2238/552 657/2239/571
f 638/2238/552 637/2237/551 616/2240/530
f 638/2241/552 654/2242/568 658/2243/572
f 654/2242/568 638/2241/552 634/2244/548
f 640/2245/554 659/2246/573 660/2247/574
f 659/2246/573 640/2245/554 639/2248/553
f 641/2249/555 660/2250/574 661/2251/575
f 660/2250/574 641/2249/555 640/2252/554
f 642/2253/556 661/2254/575 662/2255/576
f 661/2254/575 642/2253/556 641/2256/555
f 663/2257/577 642/2258/556 662/2259/576
f 642/2258/556 663/2257/577 643/2260/557
f 664/2261/578 643/2262/557 663/2263/577
f 643/2262/557 664/2261/578 644/2264/558
f 650/2265/564 644/2266/558 664/2267/578
f 644/2266/558 650/2265/564 631/2268/545
f 635/2269/549 665/2270/579 645/2271/559
f 665/2270/579 635/2269/549 655/2272/569
f 646/2273/560 665/2274/579 666/2275/580
f 665/2274/579 646/2273/560 645/2276/559
f 647/2277/561 666/2278/580 667/2279/581
f 666/2278/580 647/2277/561 646/2280/560
f 648/2281/562 667/2282/581 668/2283/582
f 667/2282/581 648/2281/562 647/2284/561
f 649/2285/563 668/2286/582 669/2287/583
f 668/2286/582 649/2285/563 648/2288/562
f 639/2289/553 669/2290/583 659/2291/573
f 669/2290/583 639/2289/553 649/2292/563
f 651/2293/565 650/2294/564 670/2295/584
f 650/2294/564 651/2293/565 630/2296/544
f 652/2297/566 651/2298/565 671/2299/585
f 651/2298/565 652/2297/566 632/2300/546
f 633/2301/547 672/2302/586 653/2303/567
f 672/2302/586 633/2301/547 652/2304/566
f 673/2305/587 653/2306/567 674/2307/588
f 653/2306/567 673/2305/587 675/2308/589
f 653/2306/567 675/2308/589 654/2309/568
f 636/2310/550 676/2311/590 655/2312/569
f 676/2311/590 636/2310/550 656/2313/570
f 656/2314/570 657/2315/571 677/2316/591
f 657/2315/571 656/2314/570 637/2317/551
f 657/2318/571 658/2319/572 678/2320/592
f 658/2319/572 657/2318/571 638/2321/552
f 658/2322/572 679/2323/593 680/2324/594
f 679/2323/593 654/2325/568 675/2326/589
f 654/2325/568 679/2323/593 658/2322/572
f 660/2327/574 681/2328/595 682/2329/596
f 681/2328/595 660/2327/574 659/2330/573
f 661/2331/575 682/2332/596 683/2333/597
f 682/2332/596 661/2331/575 660/2334/574
f 662/2335/576 683/2336/597 684/2337/598
f 683/2336/597 662/2335/576 661/2338/575
f 685/2339/599 662/2340/576 684/2341/598
f 662/2340/576 685/2339/599 663/2342/577
f 686/2343/600 663/2344/577 685/2345/599
f 663/2344/577 686/2343/600 664/2346/578
f 670/2347/584 664/2348/578 686/2349/600
f 664/2348/578 670/2347/584 650/2350/564
f 655/2351/569 687/2352/601 665/2353/579
f 687/2352/601 655/2351/569 676/2354/590
f 665/2355/579 688/2356/602 666/2357/580
f 688/2356/602 665/2355/579 687/2358/601
f 666/2359/580 689/2360/603 667/2361/581
f 689/2360/603 666/2359/580 688/2362/602
f 667/2363/581 690/2364/604 668/2365/582
f 690/2364/604 667/2363/581 689/2366/603
f 669/2367/583 690/2368/604 691/2369/605
f 690/2368/604 669/2367/583 668/2370/582
f 659/2371/573 691/2372/605 681/2373/595
f 691/2372/605 659/2371/573 669/2374/583
f 671/2375/585 670/2376/584 692/2377/606
f 670/2376/584 671/2375/585 651/2378/565
f 672/2379/586 671/2380/585 693/2381/607
f 671/2380/585 672/2379/586 652/2382/566
f 694/2383/608 695/2384/609 696/2385/610
f 695/2384/609 694/2383/608 672/2386/586
f 672/2386/586 694/2383/608 674/2387/588
f 672/2386/586 674/2387/588 653/2388/567
f 697/2389/611 674/2390/588 694/2391/608
f 674/2390/588 698/2392/612 673/2393/1160
f 698/2392/612 674/2390/588 697/2389/611
f 698/2392/612 697/2389/611 699/2394/613
f 700/2395/614 673/2396/1160 698/2397/612
f 673/2396/1160 700/2395/614 675/2398/1161
f 675/2398/1161 700/2395/614 701/2399/615
f 675/2398/1161 701/2399/615 679/2400/1162
f 676/2401/590 677/2402/591 702/2403/616
f 677/2402/591 676/2401/590 656/2404/570
f 677/2405/591 678/2406/592 703/2407/617
f 678/2406/592 677/2405/591 657/2408/571
f 678/2409/592 398/2410/1163 397/2411/1164
f 398/2410/1163 678/2409/592 680/2412/594
f 680/2412/594 678/2409/592 658/2413/572
f 399/2414/1165 679/2415/1162 701/2416/615
f 679/2415/1162 399/2414/1165 680/2417/1166
f 680/2417/1166 399/2414/1165 398/2418/332
f 398/2418/332 399/2414/1165 396/2419/330
f 682/2420/596 704/2421/618 705/2422/619
f 704/2421/618 682/2420/596 681/2423/595
f 683/2424/597 705/2425/619 706/2426/620
f 705/2425/619 683/2424/597 682/2427/596
f 684/2428/598 706/2429/620 707/2430/621
f 706/2429/620 684/2428/598 683/2431/597
f 707/2432/621 685/2433/599 684/2434/598
f 685/2433/599 707/2432/621 708/2435/622
f 708/2436/622 686/2437/600 685/2438/599
f 686/2437/600 708/2436/622 709/2439/623
f 709/2440/623 670/2441/584 686/2442/600
f 670/2441/584 709/2440/623 692/2443/606
f 687/2444/601 702/2445/616 710/2446/624
f 702/2445/616 687/2444/601 676/2447/590
f 687/2448/601 711/2449/625 688/2450/602
f 711/2449/625 687/2448/601 710/2451/624
f 688/2452/602 712/2453/626 689/2454/603
f 712/2453/626 688/2452/602 711/2455/625
f 689/2456/603 713/2457/627 690/2458/604
f 713/2457/627 689/2456/603 712/2459/626
f 691/2460/605 713/2461/627 714/2462/628
f 713/2461/627 691/2460/605 690/2463/604
f 681/2464/595 714/2465/628 704/2466/618
f 714/2465/628 681/2464/595 691/2467/605
f 693/2468/607 692/2469/606 715/2470/629
f 692/2469/606 693/2468/607 671/2471/585
f 716/2472/630 672/2473/586 693/2474/607
f 672/2473/586 716/2472/630 695/2475/609
f 717/2476/631 718/2477/632 719/2478/633
f 718/2477/632 717/2476/631 695/2479/609
f 695/2479/609 717/2476/631 696/2480/610
f 696/2481/610 697/2482/611 694/2483/608
f 697/2482/611 696/2481/610 717/2484/631
f 697/2482/611 717/2484/631 720/2485/634
f 720/2485/634 717/2484/631 721/2486/635
f 722/2487/636 697/2488/1167 720/2489/1168
f 697/2488/1167 722/2487/636 723/2490/637
f 697/2488/1167 723/2490/637 699/2491/1169
f 699/2491/1169 723/2490/637 724/2492/638
f 724/2493/638 698/2494/1170 699/2495/1169
f 698/2494/1170 724/2493/638 700/2496/1171
f 700/2496/1171 724/2493/638 725/2497/639
f 725/2498/639 701/2499/1172 700/2500/1171
f 701/2499/1172 400/2501/334 399/2502/333
f 400/2501/334 701/2499/1172 725/2498/639
f 677/2503/591 726/2504/640 702/2505/616
f 726/2504/640 677/2503/591 703/2506/617
f 727/2507/641 374/2508/308 373/2509/307
f 374/2508/308 727/2507/641 703/2510/617
f 374/2508/308 703/2510/617 397/2511/331
f 397/2511/331 703/2510/617 678/2512/592
f 705/2513/619 728/2514/642 729/2515/643
f 728/2514/642 705/2513/619 704/2516/618
f 706/2517/620 729/2518/643 730/2519/644
f 729/2518/643 706/2517/620 705/2520/619
f 707/2521/621 730/2522/644 731/2523/645
f 730/2522/644 707/2521/621 706/2524/620
f 732/2525/646 707/2526/621 731/2527/645
f 707/2526/621 732/2525/646 708/2528/622
f 733/2529/647 708/2530/622 732/2531/646
f 708/2530/622 733/2529/647 709/2532/623
f 715/2533/629 709/2534/623 733/2535/647
f 709/2534/623 715/2533/629 692/2536/606
f 702/2537/616 734/2538/648 710/2539/624
f 734/2538/648 702/2537/616 726/2540/640
f 710/2541/624 735/2542/649 711/2543/625
f 735/2542/649 710/2541/624 734/2544/648
f 711/2545/625 736/2546/650 712/2547/626
f 736/2546/650 711/2545/625 735/2548/649
f 712/2549/626 737/2550/651 713/2551/627
f 737/2550/651 712/2549/626 736/2552/650
f 714/2553/628 737/2554/651 738/2555/652
f 737/2554/651 714/2553/628 713/2556/627
f 704/2557/618 738/2558/652 728/2559/642
f 738/2558/652 704/2557/618 714/2560/628
f 739/2561/653 693/2562/607 715/2563/629
f 693/2562/607 739/2561/653 716/2564/630
f 740/2565/654 695/2566/609 716/2567/630
f 695/2566/609 740/2565/654 718/2568/632
f 574/2569/1173 741/2570/655 742/2571/656
f 741/2570/655 574/2569/1173 743/2572/657
f 741/2570/655 743/2572/657 718/2573/632
f 718/2573/632 743/2572/657 719/2574/633
f 719/2575/1174 721/2576/635 717/2577/631
f 721/2576/635 719/2575/1174 743/2578/657
f 721/2576/635 743/2578/657 744/2579/658
f 721/2576/635 744/2579/658 745/2580/659
f 745/2580/659 744/2579/658 746/2581/660
f 747/2582/661 721/2583/1175 745/2584/1176
f 721/2583/1175 747/2582/661 722/2585/636
f 721/2583/1175 722/2585/636 720/2586/1168
f 723/2587/637 748/2588/662 749/2589/663
f 748/2588/662 723/2587/637 722/2590/636
f 750/2591/664 724/2592/638 723/2593/637
f 724/2592/638 750/2591/664 751/2594/665
f 751/2595/665 725/2596/639 724/2597/638
f 725/2596/639 751/2595/665 752/2598/666
f 752/2599/666 400/2600/334 725/2601/639
f 400/2600/334 752/2599/666 416/2602/350
f 703/2603/617 753/2604/667 726/2605/640
f 753/2604/667 703/2603/617 727/2606/641
f 754/2607/668 357/2608/291 356/2609/1177
f 357/2608/291 754/2607/668 727/2610/641
f 357/2608/291 727/2610/641 373/2611/307
f 729/2612/643 755/2613/669 756/2614/670
f 755/2613/669 728/2615/642 757/2616/671
f 728/2615/642 755/2613/669 729/2612/643
f 730/2617/644 758/2618/672 759/2619/673
f 758/2618/672 730/2617/644 756/2620/670
f 756/2620/670 730/2617/644 729/2621/643
f 760/2622/674 761/2623/675 762/2624/676
f 761/2623/675 760/2622/674 731/2625/645
f 761/2623/675 731/2625/645 759/2626/673
f 759/2626/673 731/2625/645 730/2627/644
f 763/2628/677 731/2629/645 760/2630/674
f 731/2629/645 763/2628/677 732/2631/646
f 764/2632/678 732/2633/646 763/2634/677
f 732/2633/646 764/2632/678 733/2635/647
f 739/2636/653 733/2637/647 764/2638/678
f 733/2637/647 739/2636/653 715/2639/629
f 726/2640/640 765/2641/679 734/2642/648
f 765/2641/679 726/2640/640 753/2643/667
f 735/2644/649 765/2645/679 766/2646/680
f 765/2645/679 735/2644/649 734/2647/648
f 736/2648/650 766/2649/680 767/2650/681
f 766/2649/680 736/2648/650 735/2651/649
f 737/2652/651 767/2653/681 768/2654/682
f 767/2653/681 737/2652/651 736/2655/650
f 503/2656/437 768/2657/682 504/2658/438
f 768/2657/682 503/2656/437 737/2659/651
f 737/2659/651 503/2656/437 527/2660/461
f 737/2659/651 527/2660/461 738/2661/652
f 526/2662/1178 738/2663/652 527/2664/461
f 738/2663/652 526/2662/1178 757/2665/671
f 738/2663/652 757/2665/671 728/2666/642
f 769/2667/683 716/2668/630 739/2669/653
f 716/2668/630 769/2667/683 740/2670/654
f 741/2671/655 740/2672/654 770/2673/684
f 740/2672/654 741/2671/655 718/2674/632
f 574/2675/1173 742/2676/656 575/2677/1179
f 574/1368/488 744/2678/658 743/2679/1180
f 744/2678/658 574/1368/488 573/1367/487
f 576/1370/490 577/1371/491 771/2680/685
f 771/2680/685 577/1371/491 772/2681/686
f 742/2682/656 773/2683/687 774/2684/688
f 773/2683/687 742/2682/656 741/2685/655
f 775/2686/689 744/2687/1181 573/2688/1182
f 744/2687/1181 775/2686/689 746/2689/1183
f 747/2690/661 775/2691/689 776/2692/690
f 775/2691/689 747/2690/661 746/2693/1183
f 746/2693/1183 747/2690/661 745/2694/1176
f 722/2695/636 777/2696/691 748/2697/662
f 777/2696/691 722/2695/636 747/2698/661
f 750/2699/664 749/2700/663 778/2701/692
f 749/2700/663 750/2699/664 723/2702/637
f 749/2703/663 779/2704/693 780/2705/694
f 779/2704/693 749/2703/663 748/2706/662
f 781/2707/695 751/2708/665 750/2709/664
f 751/2708/665 781/2707/695 782/2710/696
f 782/2711/696 752/2712/666 751/2713/665
f 752/2712/666 782/2711/696 783/2714/697
f 783/2715/697 416/2716/350 752/2717/666
f 416/2716/350 783/2715/697 432/2718/366
f 727/2719/641 784/2720/698 753/2721/667
f 784/2720/698 727/2719/641 754/2722/668
f 754/2723/668 785/2724/699 786/2725/700
f 785/2724/699 754/2723/668 352/2726/1184
f 785/2724/699 352/2726/1184 335/2727/1185
f 352/2726/1184 754/2723/668 356/2728/290
f 757/2729/1186 787/2730/701 755/2731/1187
f 787/2730/701 757/2729/1186 524/2732/1188
f 524/2732/1188 757/2729/1186 526/2733/460
f 524/2732/1188 526/2733/460 523/2734/1059
f 756/2735/1189 788/2736/702 758/2737/1190
f 788/2736/702 756/2735/1189 789/2738/703
f 789/2738/703 756/2735/1189 787/2739/701
f 787/2739/701 756/2735/1189 755/2740/1187
f 761/2741/675 759/2742/673 790/2743/704
f 790/2743/704 788/2744/702 791/2745/705
f 788/2744/702 790/2743/704 758/2746/1190
f 758/2746/1190 790/2743/704 759/2742/673
f 792/2747/706 793/2748/707 794/2749/708
f 793/2748/707 792/2747/706 790/2750/704
f 790/2750/704 792/2747/706 761/2751/675
f 761/2751/675 792/2747/706 762/2752/676
f 795/2753/709 792/2754/706 796/2755/710
f 792/2754/706 795/2753/709 760/2756/674
f 792/2754/706 760/2756/674 762/2757/676
f 797/2758/711 760/2759/674 795/2760/709
f 760/2759/674 797/2758/711 763/2761/677
f 798/2762/712 763/2763/677 797/2764/711
f 763/2763/677 798/2762/712 764/2765/678
f 769/2766/683 764/2767/678 798/2768/712
f 764/2767/678 769/2766/683 739/2769/653
f 753/2770/667 799/2771/713 765/2772/679
f 799/2771/713 753/2770/667 784/2773/698
f 766/2774/680 799/2775/713 800/2776/714
f 799/2775/713 766/2774/680 765/2777/679
f 767/2778/681 800/2779/714 801/2780/715
f 800/2779/714 767/2778/681 766/2781/680
f 768/2782/682 801/2783/715 802/2784/716
f 801/2783/715 768/2782/682 767/2785/681
f 480/2786/414 802/2787/716 479/2788/1191
f 802/2787/716 480/2786/414 768/2789/682
f 768/2789/682 480/2786/414 504/2790/438
f 770/2791/684 769/2792/683 803/2793/717
f 769/2792/683 770/2791/684 740/2794/654
f 773/2795/687 770/2796/684 804/2797/718
f 770/2796/684 773/2795/687 741/2798/655
f 577/2799/1192 774/2800/688 805/2801/719
f 774/2800/688 577/2799/1192 742/2802/656
f 742/2802/656 577/2799/1192 575/2803/1179
f 806/2804/720 771/2805/685 772/2806/686
f 771/2805/685 806/2804/720 340/2807/720
f 340/2807/720 806/2804/720 350/2808/284
f 340/2807/720 350/2808/284 342/2809/1029
f 807/2810/721 771/2811/1193 341/2812/275
f 771/2811/1193 807/2810/721 576/2813/1194
f 340/2814/274 341/2812/275 771/2811/1193
f 775/2815/689 807/2816/721 808/2817/722
f 807/2816/721 775/2815/689 576/2818/1194
f 576/2818/1194 775/2815/689 573/2819/1182
f 806/2820/1195 805/2821/719 809/2822/723
f 805/2821/719 806/2820/1195 772/2823/1196
f 577/2824/1192 805/2821/719 772/2823/1196
f 774/2825/688 810/2826/724 811/2827/725
f 810/2826/724 774/2825/688 773/2828/687
f 776/2829/690 808/2830/722 812/2831/726
f 808/2830/722 776/2829/690 775/2832/689
f 747/2833/661 813/2834/727 777/2835/691
f 813/2834/727 747/2833/661 776/2836/690
f 748/2837/662 814/2838/728 779/2839/693
f 814/2838/728 748/2837/662 777/2840/691
f 815/2841/729 750/2842/664 778/2843/692
f 750/2842/664 815/2841/729 781/2844/695
f 778/2845/692 780/2846/694 816/2847/730
f 780/2846/694 778/2845/692 749/2848/663
f 817/2849/731 779/2850/693 818/2851/732
f 779/2850/693 817/2849/731 780/2852/694
f 819/2853/733 782/2854/696 781/2855/695
f 782/2854/696 819/2853/733 820/2856/734
f 820/2857/734 783/2858/697 782/2859/696
f 783/2858/697 820/2857/734 821/2860/735
f 821/2861/735 432/2862/366 783/2863/697
f 432/2862/366 821/2861/735 448/2864/382
f 754/2865/668 822/2866/736 784/2867/698
f 822/2866/736 754/2865/668 786/2868/700
f 335/2869/1185 334/2870/1197 785/2871/699
f 786/2872/700 823/2873/737 824/2874/738
f 823/2873/737 786/2872/700 785/2875/699
f 525/2876/459 787/2877/1198 524/2878/458
f 787/2877/1198 825/2879/739 789/2880/1199
f 825/2879/739 787/2877/1198 525/2876/459
f 788/2881/1200 826/2882/740 791/2883/1201
f 826/2882/740 788/2881/1200 789/2884/1199
f 826/2882/740 789/2884/1199 825/2885/739
f 790/2886/1202 827/2887/741 793/2888/1203
f 827/2887/741 790/2886/1202 828/2889/742
f 828/2889/742 790/2886/1202 791/2890/1201
f 828/2889/742 791/2890/1201 826/2891/740
f 829/2892/743 830/2893/744 831/2894/745
f 830/2893/744 829/2892/743 832/2895/746
f 832/2895/746 829/2892/743 794/2896/708
f 794/2896/708 829/2892/743 796/2897/1204
f 794/2896/708 796/2897/1204 792/2898/706
f 794/2899/1205 833/2900/747 832/2901/1206
f 833/2900/747 794/2899/1205 827/2902/741
f 827/2902/741 794/2899/1205 793/2903/1203
f 795/2904/709 834/2905/748 835/2906/749
f 834/2905/748 795/2904/709 829/2907/743
f 834/2905/748 829/2907/743 578/2908/1207
f 829/2907/743 795/2904/709 796/2909/710
f 836/2910/750 795/2911/709 835/2912/749
f 795/2911/709 836/2910/750 797/2913/711
f 837/2914/751 797/2915/711 836/2916/750
f 797/2915/711 837/2914/751 798/2917/712
f 803/2918/717 798/2919/712 837/2920/751
f 798/2919/712 803/2918/717 769/2921/683
f 784/2922/698 838/2923/752 799/2924/713
f 838/2923/752 784/2922/698 822/2925/736
f 799/2926/713 839/2927/753 800/2928/714
f 839/2927/753 799/2926/713 838/2929/752
f 800/2930/714 840/2931/754 801/2932/715
f 840/2931/754 800/2930/714 839/2933/753
f 801/2934/715 841/2935/755 802/2936/716
f 841/2935/755 801/2934/715 840/2937/754
f 493/2938/1208 841/2939/755 842/2940/756
f 841/2939/755 493/2938/1208 477/2941/411
f 841/2939/755 477/2941/411 802/2942/716
f 802/2942/716 477/2941/411 479/2943/413
f 804/2944/718 803/2945/717 843/2946/757
f 803/2945/717 804/2944/718 770/2947/684
f 810/2948/724 804/2949/718 844/2950/758
f 804/2949/718 810/2948/724 773/2951/687
f 585/2952/1209 811/2953/725 583/2954/1210
f 811/2953/725 585/2952/1209 774/2955/688
f 774/2955/688 585/2952/1209 805/2956/719
f 785/2957/699 809/2958/723 823/2959/737
f 809/2958/723 785/2957/699 350/2960/1211
f 350/2960/1211 785/2957/699 334/2961/1197
f 806/2962/1195 809/2958/723 350/2960/1211
f 807/2963/721 845/2964/759 586/2965/500
f 845/2964/759 341/2966/275 353/2967/287
f 341/2966/275 845/2964/759 807/2963/721
f 808/2968/722 584/2969/1212 846/2970/760
f 584/2969/1212 808/2968/722 586/2971/500
f 586/2971/500 808/2968/722 807/2972/721
f 809/2973/723 847/2974/761 587/2975/1213
f 847/2974/761 805/2976/719 585/2977/1209
f 805/2976/719 847/2974/761 809/2973/723
f 848/2978/762 849/2979/763 850/2980/764
f 849/2979/763 848/2978/762 851/2981/765
f 849/2979/763 851/2981/765 852/2982/766
f 849/2979/763 852/2982/766 810/2983/724
f 810/2983/724 852/2982/766 853/2984/767
f 810/2983/724 853/2984/767 854/2985/768
f 810/2983/724 854/2985/768 855/2986/769
f 810/2983/724 855/2986/769 811/2987/725
f 813/2988/727 812/2989/726 856/2990/770
f 812/2989/726 813/2988/727 776/2991/690
f 812/2992/726 846/2993/760 857/2994/771
f 846/2993/760 812/2992/726 808/2995/722
f 777/2996/691 858/2997/772 814/2998/728
f 858/2997/772 777/2996/691 813/2999/727
f 818/3000/732 814/3001/728 859/3002/773
f 814/3001/728 818/3000/732 779/3003/693
f 860/3004/774 778/3005/692 816/3006/730
f 778/3005/692 860/3004/774 815/3007/729
f 819/3008/733 815/3009/729 861/3010/775
f 815/3009/729 819/3008/733 781/3011/695
f 816/3012/730 817/3013/731 862/3014/776
f 817/3013/731 816/3012/730 780/3015/694
f 863/3016/777 818/3017/732 864/3018/778
f 818/3017/732 863/3016/777 817/3019/731
f 865/3020/779 820/3021/734 819/3022/733
f 820/3021/734 865/3020/779 866/3023/780
f 866/3024/780 821/3025/735 820/3026/734
f 821/3025/735 866/3024/780 867/3027/781
f 867/3028/781 448/3029/382 821/3030/735
f 448/3029/382 867/3028/781 467/3031/401
f 822/3032/736 824/3033/738 868/3034/782
f 824/3033/738 822/3032/736 786/3035/700
f 824/3036/738 869/3037/783 870/3038/784
f 869/3037/783 824/3036/738 823/3039/737
f 539/3040/473 825/3041/739 525/3042/459
f 825/3041/739 539/3040/473 871/3043/785
f 871/3044/785 826/3045/740 825/3046/739
f 826/3045/740 871/3044/785 872/3047/786
f 872/3048/786 828/3049/742 826/3050/740
f 828/3049/742 872/3048/786 873/3051/787
f 828/3052/742 864/3053/778 827/3054/741
f 864/3053/778 828/3052/742 863/3055/777
f 830/3056/1214 874/3057/788 875/3058/789
f 874/3057/788 830/3056/1214 833/3059/747
f 833/3059/747 830/3056/1214 832/3060/1206
f 831/3061/1215 875/3062/789 579/3063/1216
f 875/3062/789 831/3061/1215 830/3064/1214
f 831/3065/745 578/1372/492 829/3066/743
f 578/1372/492 831/3065/745 579/1373/493
f 582/1376/496 581/1375/495 876/3067/790
f 582/1376/496 876/3067/790 877/3068/791
f 827/3069/741 878/3070/792 833/3071/747
f 878/3070/792 827/3069/741 864/3072/778
f 578/3073/1207 580/3074/1217 834/3075/748
f 835/3076/749 879/3077/793 880/3078/794
f 879/3077/793 835/3076/749 834/3079/748
f 880/3080/794 836/3081/750 835/3082/749
f 836/3081/750 880/3080/794 881/3083/795
f 881/3084/795 837/3085/751 836/3086/750
f 837/3085/751 881/3084/795 882/3087/796
f 882/3088/796 803/3089/717 837/3090/751
f 803/3089/717 882/3088/796 843/3091/757
f 838/3092/752 868/3093/782 883/3094/797
f 868/3093/782 838/3092/752 822/3095/736
f 838/3096/752 884/3097/798 839/3098/753
f 884/3097/798 838/3096/752 883/3099/797
f 839/3100/753 885/3101/799 840/3102/754
f 885/3101/799 839/3100/753 884/3103/798
f 840/3104/754 886/3105/800 841/3106/755
f 886/3105/800 840/3104/754 885/3107/799
f 493/3108/1208 842/3109/756 492/3110/1218
f 842/3111/756 886/3112/800 887/3113/801
f 886/3112/800 842/3111/756 841/3114/755
f 844/3115/758 843/3116/757 888/3117/802
f 843/3116/757 844/3115/758 804/3118/718
f 849/3119/763 844/3120/758 889/3121/803
f 844/3120/758 849/3119/763 810/3122/724
f 890/3123/804 811/3124/725 855/3125/769
f 811/3124/725 890/3123/804 583/3126/1210
f 584/1378/498 890/3127/1219 891/3128/805
f 890/3127/1219 584/1378/498 583/1377/497
f 585/1379/499 586/1380/500 845/3129/759
f 585/1379/499 845/3129/759 847/3130/1220
f 823/3131/737 588/3132/1221 869/3133/783
f 588/3132/1221 823/3131/737 587/3134/1213
f 587/3134/1213 823/3131/737 809/3135/723
f 353/1382/287 847/3136/1220 845/3137/759
f 847/3136/1220 353/1382/287 587/1381/501
f 588/1383/502 354/1384/1064 371/3138/1042
f 588/1383/502 371/3138/1042 394/3139/328
f 846/3140/760 891/3141/1222 892/3142/806
f 891/3141/1222 846/3140/760 584/3143/1212
f 893/3144/807 850/3145/764 894/3146/808
f 850/3145/764 893/3144/807 895/3147/809
f 850/3145/764 895/3147/809 848/3148/762
f 851/3149/1223 896/3150/810 897/3151/811
f 896/3150/810 851/3149/1223 848/3152/1224
f 896/3150/810 848/3152/1224 898/3153/812
f 898/3153/812 848/3152/1224 895/3154/1225
f 851/3155/1223 899/3156/813 852/3157/1226
f 899/3156/813 851/3155/1223 897/3158/811
f 899/3159/813 853/3160/767 852/3161/766
f 853/3160/767 899/3159/813 900/3162/814
f 900/3163/814 854/3164/1227 853/3165/767
f 854/3164/1227 900/3163/814 901/3166/815
f 892/3167/1228 854/3168/1227 901/3169/815
f 854/3168/1227 892/3167/1228 855/3170/1229
f 855/3170/1229 892/3167/1228 891/3171/805
f 855/3170/1229 891/3171/805 890/3172/1219
f 850/3173/764 902/3174/816 903/3175/817
f 902/3174/816 850/3173/764 849/3176/763
f 856/3177/770 857/3178/771 904/3179/818
f 857/3178/771 856/3177/770 812/3180/726
f 858/3181/772 856/3182/770 905/3183/819
f 856/3182/770 858/3181/772 813/3184/727
f 906/3185/820 899/3186/1230 907/3187/821
f 899/3186/1230 906/3185/820 857/3188/771
f 907/3187/821 899/3186/1230 897/3189/1231
f 907/3187/821 897/3189/1231 896/3190/1232
f 899/3186/1230 857/3188/771 900/3191/1233
f 900/3191/1233 857/3188/771 901/3192/1234
f 901/3192/1234 857/3188/771 892/3193/806
f 892/3193/806 857/3188/771 846/3194/760
f 814/3195/728 908/3196/822 859/3197/773
f 908/3196/822 814/3195/728 858/3198/772
f 864/3199/778 859/3200/773 878/3201/792
f 859/3200/773 864/3199/778 818/3202/732
f 860/3203/774 862/3204/776 909/3205/823
f 862/3204/776 860/3203/774 816/3206/730
f 861/3207/775 860/3208/774 910/3209/824
f 860/3208/774 861/3207/775 815/3210/729
f 865/3211/779 861/3212/775 911/3213/825
f 861/3212/775 865/3211/779 819/3214/733
f 862/3215/776 863/3216/777 912/3217/826
f 863/3216/777 862/3215/776 817/3218/731
f 913/3219/827 866/3220/780 865/3221/779
f 866/3220/780 913/3219/827 914/3222/828
f 914/3223/828 867/3224/781 866/3225/780
f 867/3224/781 914/3223/828 915/3226/829
f 915/3227/829 467/3228/401 867/3229/781
f 467/3228/401 915/3227/829 494/3230/428
f 868/3231/782 870/3232/784 916/3233/830
f 870/3232/784 868/3231/782 824/3234/738
f 917/3235/831 389/3236/323 918/3237/832
f 389/3236/323 917/3235/831 870/3238/784
f 918/3237/832 389/3236/323 388/3239/1235
f 918/3237/832 388/3239/1235 412/3240/1236
f 389/3236/323 870/3238/784 390/3241/324
f 390/3241/324 870/3238/784 391/3242/1237
f 391/3242/1237 870/3238/784 395/3243/1238
f 395/3243/1238 870/3238/784 869/3244/783
f 545/3245/479 871/3246/785 539/3247/473
f 871/3246/785 545/3245/479 919/3248/833
f 919/3249/833 872/3250/786 871/3251/785
f 872/3250/786 919/3249/833 920/3252/834
f 920/3253/834 873/3254/787 872/3255/786
f 873/3254/787 920/3253/834 921/3256/835
f 912/3257/826 828/3258/742 873/3259/787
f 828/3258/742 912/3257/826 863/3260/777
f 878/3261/792 874/3262/788 833/3263/747
f 874/3262/788 878/3261/792 922/3264/836
f 875/3265/789 923/3266/837 924/3267/838
f 923/3266/837 875/3265/789 874/3268/788
f 581/3269/1239 924/3270/838 925/3271/839
f 924/3270/838 581/3269/1239 875/3272/789
f 875/3272/789 581/3269/1239 579/3273/1216
f 466/3274/720 877/3275/791 876/3276/790
f 877/3275/791 466/3274/720 926/3277/720
f 926/3277/720 466/3274/720 491/3278/425
f 491/3278/425 466/3274/720 464/3279/425
f 927/3280/840 877/3281/1240 928/3282/841
f 877/3281/1240 927/3280/840 582/3283/1241
f 926/3284/1242 928/3282/841 877/3281/1240
f 834/3285/748 927/3286/840 879/3287/793
f 927/3286/840 834/3285/748 582/3288/1241
f 582/3288/1241 834/3285/748 580/3289/1217
f 466/3290/400 925/3291/839 463/3292/397
f 925/3291/839 466/3290/400 876/3293/1243
f 581/3294/1239 925/3291/839 876/3293/1243
f 880/3295/794 929/3296/842 930/3297/843
f 929/3296/842 880/3295/794 879/3298/793
f 930/3299/843 881/3300/795 880/3301/794
f 881/3300/795 930/3299/843 931/3302/844
f 931/3303/844 882/3304/796 881/3305/795
f 882/3304/796 931/3303/844 932/3306/845
f 932/3307/845 843/3308/757 882/3309/796
f 843/3308/757 932/3307/845 888/3310/802
f 883/3311/797 916/3312/830 933/3313/846
f 916/3312/830 883/3311/797 868/3314/782
f 883/3315/797 934/3316/847 884/3317/798
f 934/3316/847 883/3315/797 933/3318/846
f 884/3319/798 935/3320/848 885/3321/799
f 935/3320/848 884/3319/798 934/3322/847
f 885/3323/799 936/3324/849 886/3325/800
f 936/3324/849 885/3323/799 935/3326/848
f 926/3327/1242 887/3328/801 928/3329/841
f 887/3328/801 926/3327/1242 491/3330/1244
f 887/3328/801 491/3330/1244 842/3331/756
f 842/3331/756 491/3330/1244 492/3332/1218
f 887/3333/801 936/3334/849 937/3335/850
f 936/3334/849 887/3333/801 886/3336/800
f 889/3337/803 888/3338/802 938/3339/851
f 888/3338/802 889/3337/803 844/3340/758
f 902/3341/816 889/3342/803 939/3343/852
f 889/3342/803 902/3341/816 849/3344/763
f 869/3345/783 394/3346/1245 395/3347/1238
f 394/3346/1245 869/3345/783 588/3348/1221
f 940/3349/853 894/3350/808 941/3351/854
f 894/3350/808 940/3349/853 942/3352/855
f 893/3353/807 894/3350/808 942/3352/855
f 895/3354/1225 943/3355/856 898/3356/812
f 943/3355/856 895/3354/1225 893/3357/1246
f 943/3355/856 893/3357/1246 944/3358/857
f 944/3358/857 893/3357/1246 942/3359/1247
f 894/3360/808 903/3361/817 945/3362/858
f 903/3361/817 894/3360/808 850/3363/764
f 896/3364/1232 946/3365/859 907/3366/821
f 946/3365/859 896/3364/1232 898/3367/1248
f 946/3365/859 898/3367/1248 943/3368/1249
f 903/3369/817 947/3370/860 948/3371/861
f 947/3370/860 903/3369/817 902/3372/816
f 905/3373/819 904/3374/818 949/3375/862
f 904/3374/818 905/3373/819 856/3376/770
f 857/3377/771 950/3378/863 904/3379/818
f 950/3378/863 857/3377/771 906/3380/820
f 858/3381/772 951/3382/864 908/3383/822
f 951/3382/864 858/3381/772 905/3384/819
f 906/3385/820 952/3386/865 953/3387/866
f 952/3386/865 906/3385/820 907/3388/821
f 859/3389/773 922/3390/836 878/3391/792
f 922/3390/836 859/3389/773 908/3392/822
f 910/3393/824 909/3394/823 954/3395/867
f 909/3394/823 910/3393/824 860/3396/774
f 909/3397/823 912/3398/826 955/3399/868
f 912/3398/826 909/3397/823 862/3400/776
f 911/3401/825 910/3402/824 956/3403/869
f 910/3402/824 911/3401/825 861/3404/775
f 913/3405/827 911/3406/825 957/3407/870
f 911/3406/825 913/3405/827 865/3408/779
f 165/3409/1250 914/3410/828 913/3411/827
f 914/3410/828 165/3409/1250 167/3412/1251
f 167/3413/1251 915/3414/829 914/3415/828
f 915/3414/829 167/3413/1251 169/3416/1252
f 169/3417/1252 494/3418/428 915/3419/829
f 494/3418/428 169/3417/1252 170/3420/150
f 870/3421/784 958/3422/871 916/3423/830
f 958/3422/871 870/3421/784 917/3424/831
f 412/3425/1236 941/3426/854 918/3427/832
f 941/3426/854 412/3425/1236 411/3428/1253
f 941/3426/854 411/3428/1253 940/3429/853
f 549/3430/483 919/3431/833 545/3432/479
f 919/3431/833 549/3430/483 959/3433/872
f 959/3434/872 920/3435/834 919/3436/833
f 920/3435/834 959/3434/872 960/3437/873
f 960/3438/873 921/3439/835 920/3440/834
f 921/3439/835 960/3438/873 961/3441/874
f 955/3442/868 873/3443/787 921/3444/835
f 873/3443/787 955/3442/868 912/3445/826
f 922/3446/836 923/3447/837 874/3448/788
f 923/3447/837 922/3446/836 962/3449/875
f 924/3450/838 963/3451/876 964/3452/877
f 963/3451/876 924/3450/838 923/3453/837
f 591/3454/1254 964/3455/877 589/3456/1255
f 964/3455/877 591/3454/1254 924/3457/838
f 924/3457/838 591/3454/1254 925/3458/839
f 927/3459/840 965/3460/878 592/3461/1256
f 965/3460/878 928/3462/841 593/3463/1257
f 928/3462/841 965/3460/878 927/3459/840
f 879/3464/793 590/3465/1258 929/3466/842
f 590/3465/1258 879/3464/793 592/3467/1256
f 592/3467/1256 879/3464/793 927/3468/840
f 463/3469/397 966/3470/879 489/3471/423
f 966/3470/879 925/3472/839 591/3473/505
f 925/3472/839 966/3470/879 463/3469/397
f 967/3474/880 968/3475/881 969/3476/882
f 968/3475/881 967/3474/880 930/3477/843
f 969/3476/882 968/3475/881 970/3478/883
f 969/3476/882 970/3478/883 971/3479/884
f 968/3475/881 930/3477/843 972/3480/885
f 972/3480/885 930/3477/843 973/3481/886
f 973/3481/886 930/3477/843 974/3482/887
f 974/3482/887 930/3477/843 929/3483/842
f 975/3484/888 930/3485/843 967/3486/880
f 930/3485/843 975/3484/888 931/3487/844
f 976/3488/889 931/3489/844 975/3490/888
f 931/3489/844 976/3488/889 932/3491/845
f 938/3492/851 932/3493/845 976/3494/889
f 932/3493/845 938/3492/851 888/3495/802
f 916/3496/830 977/3497/890 933/3498/846
f 977/3497/890 916/3496/830 958/3499/871
f 933/3500/846 978/3501/891 934/3502/847
f 978/3501/891 933/3500/846 977/3503/890
f 934/3504/847 979/3505/892 935/3506/848
f 979/3505/892 934/3504/847 978/3507/891
f 935/3508/848 980/3509/893 936/3510/849
f 980/3509/893 935/3508/848 979/3511/892
f 593/3512/1257 937/3513/850 594/3514/1259
f 937/3513/850 593/3512/1257 887/3515/801
f 887/3515/801 593/3512/1257 928/3516/841
f 533/3517/1260 980/3518/893 981/3519/894
f 980/3518/893 533/3517/1260 513/3520/1261
f 980/3518/893 513/3520/1261 512/3521/446
f 980/3518/893 512/3521/446 936/3522/849
f 936/3522/849 512/3521/446 511/3523/445
f 936/3522/849 511/3523/445 510/3524/1262
f 936/3522/849 510/3524/1262 532/3525/1263
f 936/3522/849 532/3525/1263 937/3526/850
f 939/3527/852 938/3528/851 982/3529/895
f 938/3528/851 939/3527/852 889/3530/803
f 947/3531/860 939/3532/852 983/3533/896
f 939/3532/852 947/3531/860 902/3534/816
f 940/3535/1264 944/3536/857 942/3537/1247
f 944/3536/857 940/3535/1264 384/3538/1265
f 384/3538/1265 940/3535/1264 411/3539/345
f 384/3538/1265 411/3539/345 386/3540/1045
f 941/3541/854 945/3542/858 984/3543/897
f 945/3542/858 941/3541/854 894/3544/808
f 943/3545/1249 385/3546/319 946/3547/859
f 385/3546/319 943/3545/1249 944/3548/1266
f 384/3549/318 385/3546/319 944/3548/1266
f 945/3550/858 948/3551/861 985/3552/898
f 948/3551/861 945/3550/858 903/3553/817
f 907/3554/821 986/3555/899 952/3556/865
f 986/3555/899 907/3554/821 946/3557/859
f 948/3558/861 987/3559/900 988/3560/901
f 987/3559/900 948/3558/861 947/3561/860
f 905/3562/819 989/3563/902 951/3564/864
f 989/3563/902 905/3562/819 949/3565/862
f 904/3566/818 990/3567/903 949/3568/862
f 990/3567/903 904/3566/818 950/3569/863
f 950/3570/863 953/3571/866 991/3572/904
f 953/3571/866 950/3570/863 906/3573/820
f 908/3574/822 962/3575/875 922/3576/836
f 962/3575/875 908/3574/822 951/3577/864
f 953/3578/866 992/3579/905 993/3580/906
f 992/3579/905 953/3578/866 952/3581/865
f 994/3582/907 910/3583/824 954/3584/867
f 910/3583/824 994/3582/907 956/3585/869
f 954/3586/867 955/3587/868 995/3588/908
f 955/3587/868 954/3586/867 909/3589/823
f 957/3590/870 956/3591/869 996/3592/909
f 956/3591/869 957/3590/870 911/3593/825
f 165/3594/1250 957/3595/870 163/3596/1267
f 957/3595/870 165/3594/1250 913/3597/827
f 551/3598/485 959/3599/872 549/3600/483
f 959/3599/872 551/3598/485 997/3601/910
f 997/3602/910 960/3603/873 959/3604/872
f 960/3603/873 997/3602/910 998/3605/911
f 998/3606/911 961/3607/874 960/3608/873
f 961/3607/874 998/3606/911 999/3609/912
f 995/3610/908 921/3611/835 961/3612/874
f 921/3611/835 995/3610/908 955/3613/868
f 962/3614/875 963/3615/876 923/3616/837
f 963/3615/876 962/3614/875 1000/3617/913
f 1001/3618/914 1002/3619/915 1003/3620/916
f 1002/3619/915 1001/3618/914 1004/3621/917
f 1002/3619/915 1004/3621/917 1005/3622/918
f 1002/3619/915 1005/3622/918 963/3623/876
f 963/3623/876 1005/3622/918 1006/3624/919
f 963/3623/876 1006/3624/919 1007/3625/920
f 963/3623/876 1007/3625/920 1008/3626/921
f 963/3623/876 1008/3626/921 964/3627/877
f 1009/3628/922 964/3629/877 1008/3630/921
f 964/3629/877 1009/3628/922 589/3631/1255
f 590/1386/504 1009/3632/1268 1010/3633/923
f 1009/3632/1268 590/1386/504 589/1385/503
f 591/1387/505 592/1388/506 966/3634/879
f 966/3634/879 592/1388/506 965/3635/1269
f 593/1390/507 966/3636/879 965/3637/1269
f 966/3636/879 593/1390/507 489/1389/423
f 490/1392/1066 594/1391/508 531/3638/465
f 490/1392/1066 531/3638/465 509/3639/1061
f 929/3640/842 1010/3641/1270 974/3642/887
f 1010/3641/1270 929/3640/842 590/3643/1258
f 974/3644/1271 1007/3645/1272 973/3646/1273
f 1007/3645/1272 974/3644/1271 1008/3647/1274
f 1008/3647/1274 974/3644/1271 1009/3648/1268
f 1009/3648/1268 974/3644/1271 1010/3649/923
f 1006/3650/1275 973/3651/1273 1007/3652/1272
f 973/3651/1273 1006/3650/1275 972/3653/1276
f 968/3654/881 1006/3655/1275 1005/3656/1277
f 1006/3655/1275 968/3654/881 972/3657/885
f 970/3658/1278 1005/3659/1277 1004/3660/811
f 1005/3659/1277 970/3658/1278 968/3661/881
f 1001/3662/1279 970/3663/1278 1004/3664/811
f 970/3663/1278 1001/3662/1279 971/3665/1280
f 971/3665/1280 1001/3662/1279 1011/3666/924
f 971/3665/1280 1011/3666/924 1012/3667/925
f 971/3668/884 1013/3669/926 969/3670/882
f 1013/3669/926 971/3668/884 1012/3671/1281
f 1013/3669/926 1012/3671/1281 1014/3672/927
f 967/3673/880 1015/3674/928 1016/3675/929
f 1015/3674/928 967/3673/880 969/3676/882
f 1016/3677/929 975/3678/888 967/3679/880
f 975/3678/888 1016/3677/929 1017/3680/930
f 1017/3681/930 976/3682/889 975/3683/888
f 976/3682/889 1017/3681/930 1018/3684/931
f 1018/3685/931 938/3686/851 976/3687/889
f 938/3686/851 1018/3685/931 982/3688/895
f 531/3689/1282 937/3690/850 532/3691/1263
f 937/3690/850 531/3689/1282 594/3692/1259
f 1019/3693/932 981/3694/894 1020/3695/933
f 981/3694/894 1019/3693/932 534/3696/1283
f 981/3694/894 534/3696/1283 533/3697/1260
f 983/3698/896 982/3699/895 1021/3700/934
f 982/3699/895 983/3698/896 939/3701/852
f 987/3702/900 983/3703/896 1022/3704/935
f 983/3703/896 987/3702/900 947/3705/860
f 984/3706/897 985/3707/898 1023/3708/936
f 985/3707/898 984/3706/897 945/3709/858
f 946/3710/859 413/3711/347 986/3712/899
f 413/3711/347 946/3710/859 385/3713/319
f 985/3714/898 988/3715/901 1024/3716/937
f 988/3715/901 985/3714/898 948/3717/861
f 952/3718/865 1025/3719/938 992/3720/905
f 1025/3719/938 952/3718/865 986/3721/899
f 949/3722/862 1026/3723/939 989/3724/902
f 1026/3723/939 949/3722/862 990/3725/903
f 951/3726/864 1000/3727/913 962/3728/875
f 1000/3727/913 951/3726/864 989/3729/902
f 990/3730/903 991/3731/904 1027/3732/940
f 991/3731/904 990/3730/903 950/3733/863
f 991/3734/904 993/3735/906 1028/3736/941
f 993/3735/906 991/3734/904 953/3737/866
f 993/3738/906 1029/3739/942 1030/3740/943
f 1029/3739/942 993/3738/906 992/3741/905
f 1031/3742/944 954/3743/867 995/3744/908
f 954/3743/867 1031/3742/944 994/3745/907
f 1032/3746/945 956/3747/869 994/3748/907
f 956/3747/869 1032/3746/945 996/3749/909
f 163/3750/1267 996/3751/909 162/3752/1284
f 996/3751/909 163/3750/1267 957/3753/870
f 552/3754/486 997/3755/910 551/3756/485
f 997/3755/910 552/3754/486 1033/3757/946
f 1033/3758/946 998/3759/911 997/3760/910
f 998/3759/911 1033/3758/946 1034/3761/947
f 1034/3762/947 999/3763/912 998/3764/911
f 999/3763/912 1034/3762/947 1035/3765/948
f 999/3766/912 995/3767/908 961/3768/874
f 995/3767/908 999/3766/912 1031/3769/944
f 1000/3770/913 1002/3771/915 963/3772/876
f 1002/3771/915 1000/3770/913 1036/3773/949
f 1037/3774/950 1003/3775/916 1038/3776/951
f 1003/3775/916 1037/3774/950 1011/3777/1285
f 1003/3775/916 1011/3777/1285 1001/3778/914
f 1003/3779/916 1039/3780/952 1040/3781/953
f 1039/3780/952 1003/3779/916 1002/3782/915
f 1037/3783/1286 1012/3784/925 1011/3785/924
f 1012/3784/925 1037/3783/1286 1014/3786/1287
f 1014/3786/1287 1037/3783/1286 1041/3787/954
f 1014/3786/1287 1041/3787/954 1042/3788/955
f 1014/3789/927 1020/3790/933 1013/3791/926
f 1020/3790/933 1014/3789/927 1042/3548/1266
f 1019/3792/932 1020/3790/933 1042/3548/1266
f 969/3793/882 1043/3794/956 1015/3795/928
f 1043/3794/956 969/3793/882 1013/3796/926
f 1016/3797/929 1044/3798/957 1045/3799/958
f 1044/3798/957 1016/3797/929 1015/3800/928
f 1045/3801/958 1017/3802/930 1016/3803/929
f 1017/3802/930 1045/3801/958 1046/3804/959
f 1046/3805/959 1018/3806/931 1017/3807/930
f 1018/3806/931 1046/3805/959 1047/3808/960
f 1047/3809/960 982/3810/895 1018/3811/931
f 982/3810/895 1047/3809/960 1021/3812/934
f 517/3813/1288 1042/3814/955 1041/3815/954
f 1042/3814/955 517/3813/1288 1019/3816/1289
f 1019/3816/1289 517/3813/1288 534/3817/468
f 534/3817/468 517/3813/1288 516/3818/1062
f 1022/3819/935 1021/3820/934 1048/3821/961
f 1021/3820/934 1022/3819/935 983/3822/896
f 1023/3823/936 1024/3824/937 1049/3825/962
f 1024/3824/937 1023/3823/936 985/3826/898
f 986/3827/899 429/3828/363 1025/3829/938
f 429/3828/363 986/3827/899 413/3830/347
f 992/3831/905 1050/3832/963 1029/3833/942
f 1050/3832/963 992/3831/905 1025/3834/938
f 990/3835/903 1051/3836/964 1026/3837/939
f 1051/3836/964 990/3835/903 1027/3838/940
f 989/3839/902 1036/3840/949 1000/3841/913
f 1036/3840/949 989/3839/902 1026/3842/939
f 1027/3843/940 1028/3844/941 1052/3845/965
f 1028/3844/941 1027/3843/940 991/3846/904
f 1028/3847/941 1030/3848/943 1053/3849/966
f 1030/3848/943 1028/3847/941 993/3850/906
f 1053/3851/966 1054/3852/967 1055/3853/968
f 1054/3852/967 1053/3851/966 1056/3854/969
f 1056/3854/969 1053/3851/966 1048/3855/149
f 1048/3855/149 1053/3851/966 1030/3856/943
f 1048/3855/149 1030/3856/943 1022/3857/149
f 1022/3857/149 1030/3856/943 987/3858/149
f 987/3858/149 1030/3856/943 1029/3859/942
f 987/3858/149 1029/3859/942 988/3860/149
f 988/3860/149 1029/3859/942 1050/3861/963
f 988/3860/149 1050/3861/963 1024/3862/149
f 1024/3862/149 1050/3861/963 447/3863/381
f 1024/3862/149 447/3863/381 1049/3864/149
f 1049/3864/149 447/3863/381 1057/3865/149
f 1057/3865/149 447/3863/381 431/3866/365
f 1057/3865/149 431/3866/365 1058/3867/149
f 1058/3867/149 431/3866/365 430/3868/364
f 1058/3867/149 430/3868/364 1059/3869/149
f 1059/3869/149 430/3868/364 441/3870/375
f 1059/3869/149 441/3870/375 1060/3871/149
f 1060/3871/149 441/3870/375 1061/3872/149
f 1056/3854/969 1062/3873/149 1063/3874/975
f 1062/3873/149 1056/3854/969 1048/3855/149
f 1063/3874/975 1062/3873/149 1064/3875/149
f 1063/3874/975 1064/3875/149 1065/3876/149
f 1063/3874/975 1065/3876/149 1066/3877/976
f 1066/3877/976 1065/3876/149 1067/3878/149
f 1066/3877/976 1067/3878/149 1068/3879/977
f 1068/3879/977 1067/3878/149 1069/3880/149
f 1068/3879/977 1069/3880/149 546/3881/480
f 546/3881/480 1069/3880/149 1070/3882/149
f 546/3881/480 1070/3882/149 1071/3883/149
f 546/3881/480 1071/3883/149 540/3884/474
f 540/3884/474 1071/3883/149 1072/3885/149
f 540/3884/474 1072/3885/149 528/3886/462
f 528/3886/462 1072/3885/149 1073/3887/149
f 528/3886/462 1073/3887/149 505/3888/439
f 505/3888/439 1073/3887/149 1061/3872/149
f 505/3888/439 1061/3872/149 441/3870/375
f 505/3888/439 441/3870/375 458/3889/392
f 505/3888/439 458/3889/392 481/3890/415
f 1074/3891/982 994/3892/907 1031/3893/944
f 994/3892/907 1074/3891/982 1032/3894/945
f 162/3895/1284 1032/3896/945 176/3897/1290
f 1032/3896/945 162/3895/1284 996/3898/909
f 185/3899/156 1033/3900/946 552/3901/486
f 1033/3900/946 185/3899/156 184/3902/1291
f 184/3903/1291 1034/3904/947 1033/3905/946
f 1034/3904/947 184/3903/1291 182/3906/1292
f 182/3907/1292 1035/3908/948 1034/3909/947
f 1035/3908/948 182/3907/1292 180/3910/1293
f 1035/3911/948 1031/3912/944 999/3913/912
f 1031/3912/944 1035/3911/948 1074/3914/982
f 1036/3915/949 1039/3916/952 1002/3917/915
f 1039/3916/952 1036/3915/949 1075/3918/983
f 517/3919/451 1038/3920/951 515/3921/449
f 1038/3920/951 517/3919/451 1041/3352/855
f 1037/3922/950 1038/3920/951 1041/3352/855
f 1038/3923/951 1040/3924/953 1076/3925/984
f 1040/3924/953 1038/3923/951 1003/3926/916
f 1040/3927/953 1077/3928/985 1078/3929/986
f 1077/3928/985 1040/3927/953 1039/3930/952
f 1013/3931/926 1079/3932/987 1043/3933/956
f 1079/3932/987 1013/3931/926 1020/3934/933
f 1015/3935/928 1080/3936/988 1044/3937/957
f 1080/3936/988 1015/3935/928 1043/3938/956
f 1045/3939/958 1067/3940/1294 1065/3941/1295
f 1067/3940/1294 1045/3939/958 1044/3942/957
f 1065/3943/1295 1046/3944/959 1045/3945/958
f 1046/3944/959 1065/3943/1295 1064/3946/1296
f 1064/3947/1296 1047/3948/960 1046/3949/959
f 1047/3948/960 1064/3947/1296 1062/3950/1297
f 1062/3951/1297 1021/3952/934 1047/3953/960
f 1021/3952/934 1062/3951/1297 1048/3954/961
f 1025/3955/938 447/3956/381 1050/3957/963
f 447/3956/381 1025/3955/938 429/3958/363
f 1026/3959/939 1075/3960/983 1036/3961/949
f 1075/3960/983 1026/3959/939 1051/3962/964
f 1027/3963/940 1081/3964/989 1051/3965/964
f 1081/3964/989 1027/3963/940 1052/3966/965
f 1052/3967/965 1053/3968/966 1055/3969/968
f 1053/3968/966 1052/3967/965 1028/3970/941
f 541/3971/475 1068/3972/977 546/3973/480
f 1068/3972/977 541/3971/475 1082/3974/990
f 1082/3975/990 1066/3976/976 1068/3977/977
f 1066/3976/976 1082/3975/990 1078/3978/986
f 1078/3979/986 1063/3980/975 1066/3981/976
f 1063/3980/975 1078/3979/986 1077/3982/985
f 1083/3983/991 1063/3984/975 1077/3985/985
f 1063/3984/975 1083/3983/991 1056/3986/969
f 1081/3987/989 1056/3988/969 1083/3989/991
f 1056/3988/969 1081/3987/989 1054/3990/967
f 1052/3991/965 1054/3992/967 1081/3993/989
f 1054/3992/967 1052/3991/965 1055/3994/968
f 176/3995/1290 1074/3996/982 178/3997/1298
f 1074/3996/982 176/3995/1290 1032/3998/945
f 178/3999/1298 1035/4000/948 180/4001/1293
f 1035/4000/948 178/3999/1298 1074/4002/982
f 1075/4003/983 1077/4004/985 1039/4005/952
f 1077/4004/985 1075/4003/983 1083/4006/991
f 515/4007/449 1076/4008/984 530/4009/464
f 1076/4008/984 515/4007/449 1038/4010/951
f 1076/4011/984 1078/4012/986 1082/4013/990
f 1078/4012/986 1076/4011/984 1040/4014/953
f 1043/4015/956 1084/4016/992 1080/4017/988
f 1084/4016/992 1043/4015/956 1079/4018/987
f 1044/4019/957 1069/4020/1299 1067/4021/1294
f 1069/4020/1299 1044/4019/957 1080/4022/988
f 1051/4023/964 1083/4024/991 1075/4025/983
f 1083/4024/991 1051/4023/964 1081/4026/989
f 530/4027/464 1082/4028/990 541/4029/475
f 1082/4028/990 530/4027/464 1076/4030/984
f 1080/4031/988 1070/4032/978 1069/4033/1299
f 1070/4032/978 1080/4031/988 1084/4034/992
# 2230 elements

