23.3972 1.1997 65.6345
28.1642 0.800674 63.8241
26.8454 0.912551 66.211
19.6379 1.30124 64.9197
21.0149 0.293652 60.2617
27.9087 -0.835172 58.2273
25.3372 0.933815 63.9358
24.6216 -0.908094 56.8265
25.5304 0.95398 64.6448
19.4175 1.26606 64.6994
21.9219 1.07503 63.7066
27.3255 0.857362 63.016
18.4926 1.46363 65.4145
22.6598 1.09015 64.2526
20.4573 -1.15375 56.5934
19.7371 0.403473 60.7024
23.1881 1.22119 65.708
25.716 -0.188746 58.9463
20.3059 1.39658 65.5829
25.8829 -0.940023 56.8388
23.7371 -0.439153 58.8002
26.6913 0.885245 64.5816
23.5604 -0.430226 59.8338
26.8647 0.986832 66.4356
20.4485 1.00725 62.9864
21.8816 1.18364 64.6457
18.5207 0.291214 60.1866
22.1499 0.659036 62.1307
21.4205 -1.13111 57.7155
20.186 1.39717 65.5078
19.4218 1.49541 65.9195
27.1106 0.855071 65.011
20.3923 0.474001 60.9734
23.7719 0.815928 62.8652
22.4077 0.875042 62.7581
26.8125 -0.951906 56.6825
20.8452 -1.14062 57.9139
24.9878 -0.305538 59.4374
27.7595 0.648667 62.1322
26.0535 0.777021 62.59
26.355 0.210579 60.7448
19.5289 1.11383 63.9123
18.3718 0.591121 61.6829
25.6543 -0.91691 56.5876
27.1924 0.0678429 59.8564
25.8502 0.265203 61.1403
24.4809 -0.916559 57.0228
24.9954 -0.912972 56.7594
23.1756 1.30074 66.2085
20.8306 1.11809 63.5815
35.7413 -1.10721 54.8001
36.9404 -1.18985 53.9938
30.9207 -1.07256 55.7065
37.2056 -1.35749 51.2615
39.1615 -1.48084 49.4749
35.4962 -1.08042 52.091
37.9417 -0.149954 56.5818
31.0653 -1.1082 56.9535
37.2095 -1.38869 50.0355
30.1775 -1.1003 53.5226
32.6791 -0.870388 54.6149
38.0735 -1.26479 53.9694
38.0259 -1.37238 52.7022
35.6909 -0.0654385 57.0231
35.2887 -1.01489 53.215
31.2832 -0.918546 52.9577
31.6559 -1.16843 56.8152
32.0656 -1.00804 54.9759
33.1353 -0.23146 56.0269
31.4056 -0.949951 54.302
39.1014 -1.3513 53.7075
38.2987 -1.42908 49.2628
38.8761 -1.59567 50.4961
31.3574 -0.936223 53.6776
32.2509 -0.86311 52.3464
36.0596 -1.15885 55.4645
29.3984 -1.04625 55.2179
35.3873 -1.06945 51.9399
32.2472 -0.285191 56.3797
36.81 -1.23206 53.0846
-43.9074 -1.10762 32.0608
-44.8633 -0.384446 32.1481
-47.3621 0.0721447 32.8085
-41.9231 -0.764394 33.275
-44.5456 0.750972 39.1823
-38.6601 -0.569595 36.4523
-47.6301 0.640459 37.9823
-41.5294 0.00180016 38.5142
-46.8503 -0.14101 31.4297
-41.8908 -0.495285 35.8712
-47.6801 0.228577 34.9783
-38.0982 -0.592025 37.2943
-47.1293 0.169635 34.8261
-39.6776 -0.542968 34.052
-38.8502 -0.427935 31.7035
-40.7823 -0.31307 36.4828
-41.7415 -0.681158 32.4916
-45.1157 -1.12012 31.0501
-41.7308 -0.476154 36.2322
-39.5003 -0.918667 36.9507
-41.4351 -0.433773 36.0971
-38.2954 -0.505412 36.3357
-47.3743 0.121565 33.8769
-45.8341 0.516458 37.2071
-39.4325 -0.0130268 38.5518
-39.0779 -0.388292 33.0519
-42.2561 -0.464747 35.5059
-47.6774 0.696183 38.2814
-43.2666 0.216107 37.9517
-43.6157 -0.311982 33.5237
-46.9877 0.485666 37.1183
-47.6356 0.853475 39.8573
-40.3655 -0.524385 32.7763
-44.6277 0.200324 36.0148
-38.7742 -0.482414 30.6588
-45.1727 0.608744 37.6545
-47.3908 0.709373 38.3329
-45.4227 -0.332869 32.7331
-47.6295 0.285098 36.0944
-42.5103 -0.890307 32.0613
-43.3215 -0.330553 34.4481
-47.6725 0.83388 39.0944
-46.3318 0.111479 34.7281
-44.2761 0.489827 38.0207
-46.2909 0.0612396 34.4217
-42.9348 -0.327031 34.2229
-44.1403 -0.364502 33.7735
-40.902 -0.345356 36.1563
-44.172 -0.105859 35.2121
-37.9283 -0.352227 32.7165
-36.025 1.47822 67.8224
-33.0031 1.78877 65.4914
-29.4029 1.1159 64.1299
-34.7933 1.70937 66.9016
-32.3213 0.930809 63.3728
-30.9862 0.735574 61.9503
-35.4211 1.48533 61.5926
-37.6044 2.18497 65.1016
-35.2862 1.48849 59.756
-35.2712 1.44887 62.1703
-29.7395 1.15087 64.2676
-34.3343 1.8071 67.4473
-31.4708 0.97984 63.5968
-35.0506 1.63024 65.8435
-37.1972 1.40591 60.0822
-37.5174 2.25942 61.6185
-34.5379 1.35744 60.9722
-31.0344 0.739762 60.2504
-33.7886 1.92072 67.7671
-37.5912 2.19163 65.0144
-36.7889 1.41229 67.9234
-29.1597 1.28762 64.8312
-30.0637 1.85816 67.9865
-33.4837 1.4997 64.9466
-34.4335 1.23617 62.2094
-38.0536 2.1472 67.006
-38.2739 2.16738 65.7233
-36.9491 1.45277 60.0856
-36.6159 1.44882 66.3193
-30.2434 1.94212 69.2448
-33.2732 1.16814 63.9102
-30.6526 0.814548 63.1564
-38.186 2.24138 61.726
-37.1173 1.48708 67.3875
-37.1646 1.34424 68.3137
-30.0081 1.31888 64.8819
-36.2246 1.54385 64.3967
-37.6355 2.18715 60.2153
-37.6996 2.18496 63.6654
-28.7618 1.69422 69.1813
-30.3163 0.659641 61.5496
-30.7912 0.678003 60.2705
-30.4262 0.635947 61.0473
-38.3319 2.08708 69.6123
-36.5722 1.46447 59.662
-31.8209 1.83522 65.9266
-34.5873 1.74221 66.5217
-30.8901 1.84041 67.0679
-35.4043 1.40499 63.7283
-32.1675 1.42306 64.7076
-58.701 1.68842 67.9375
-59.0248 1.24256 71.792
-50.5089 1.67523 68.632
-56.5271 1.19798 65.9691
-51.9826 1.38655 67.06
-53.4762 1.90203 69.2107
-55.1373 1.82616 71.8669
-54.1534 1.42843 65.439
-50.8867 1.3957 70.374
-57.6954 1.3106 65.7383
-55.1492 1.33326 66.3036
-52.6849 1.34739 65.3344
-54.5932 1.77447 68.5516
-55.0656 1.60164 67.8087
-50.9838 1.11756 71.4904
-57.5031 1.51623 71.149
-51.2123 1.76505 68.8075
-51.61 1.32775 71.4513
-49.9477 1.41803 67.3621
-54.7644 1.84183 69.0102
-56.4707 1.67398 70.4361
-56.684 1.64972 69.5685
-54.2682 1.90972 70.6875
-53.5937 1.86959 70.9417
-49.6309 1.48831 65.3036
-53.0752 1.31206 66.2691
-54.5941 1.69988 68.1557
-53.8549 1.55289 67.1312
-49.2933 1.18226 71.9249
-58.1159 1.40956 71.5086
-55.889 1.72509 68.9754
-56.6202 1.21514 65.5308
-52.7755 1.70329 70.8896
-54.3826 1.89261 70.1999
64.5752 0.598694 -8.75073
62.8991 0.112998 -9.22804
62.0983 0.0761009 -2.67846
66.1521 0.374725 -7.04077
68.2496 1.07809 -4.12687
65.9564 0.661792 -1.1272
69.6852 1.22443 -8.10587
66.4853 0.79208 -1.33442
62.3763 0.405333 -6.03733
67.154 0.505744 -5.68789
62.1184 0.167828 -7.17597
69.6983 1.38521 -0.669725
60.7619 -0.32285 -8.6021
66.7627 0.959474 -8.66375
65.9812 0.691038 0.273287
62.3003 0.382877 -6.00559
67.3853 0.985125 -2.24843
69.1038 1.5197 -0.075841
66.7972 0.868196 -1.49282
63.7768 0.403804 -8.87585
65.4978 0.603576 -0.0791988
64.4604 0.396873 -1.51632
66.2598 0.776707 0.151826
61.6252 -0.00744095 -3.06879
62.9769 0.220427 -2.98822
67.2434 0.950097 -2.20235
65.7056 0.786171 -8.29875
62.6479 0.413248 -5.05768
63.9264 0.321211 -3.5281
60.4042 -0.232249 -3.78262
65.8435 0.651995 0.276644
60.4881 -0.208416 -3.17957
66.529 0.901445 -8.52825
66.1011 0.445378 -3.89004
62.73 0.174019 -8.36833
69.4209 1.20985 -5.5646
67.147 1.00771 -0.460676
62.6101 0.126561 -8.44737
69.9968 1.32247 -0.586105
64.3899 0.406868 -6.81707
60.674 -0.282142 -7.55867
67.4915 0.989299 -2.7221
67.3249 0.757682 -4.33165
67.3002 0.868972 -3.44417
67.1372 0.898634 -2.68212
67.0032 0.936031 -1.13087
65.1743 0.465726 -7.40089
69.554 1.21891 -8.03537
64.548 0.408044 -0.936769
61.7641 0.179855 -5.79471
30.0624 -1.51604 0.29404
37.2263 -2.42114 -3.5531
29.4951 -1.59613 -0.124976
33.3981 -1.65769 -5.72476
34.263 -2.00616 -2.95191
31.5911 -1.70561 -3.75241
36.4551 -2.38038 -1.68935
32.3269 -1.69305 -6.23661
37.2684 -2.49503 -5.02192
29.7514 -1.54582 -0.614493
30.0294 -1.72614 2.01557
34.7516 -2.04934 -5.41896
31.1647 -1.9295 2.41416
38.9344 -2.6673 -4.52147
34.516 -2.08724 -2.18648
36.6462 -2.40368 -1.62893
34.3365 -2.3239 1.6756
31.0393 -1.7176 -4.27641
36.1594 -2.36539 -1.54317
31.8151 -1.71979 -2.39738
32.6174 -1.80534 -2.82342
31.0851 -1.76122 -4.51659
36.1048 -2.32849 -6.82068
29.6089 -2.13521 -6.15665
32.4898 -1.59446 -5.64822
29.4343 -1.61433 0.0794978
31.6079 -1.73597 -4.84558
32.7728 -2.01945 1.05762
33.8803 -1.96237 -2.83594
32.033 -1.66429 -5.15351
33.5967 -1.87912 -3.83053
30.8327 -1.75246 -4.4052
37.4308 -2.53617 -6.2335
37.1451 -2.45127 -1.6216
31.1968 -1.65068 -1.7168
29.9763 -1.7362 2.1041
34.053 -2.1882 0.516218
-71.8573 1.71033 -57.1845
-70.5914 1.79712 -58.5633
-70.2849 1.66669 -49.5582
-70.639 1.76026 -55.0442
-71.8243 2.1164 -52.7004
-70.6086 1.69347 -56.3684
-71.8745 2.13162 -52.6867
-70.4454 1.68704 -49.2549
-71.9968 1.97856 -58.339
-71.0119 2.3157 -64.1693
-70.8259 2.21272 -68.3689
-71.3144 2.19139 -70.6038
-70.0153 2.24156 -67.3066
-71.59 2.14155 -69.1841
-70.498 2.32796 -65.2506
-71.6519 2.34529 -67.3911
20.0374 0.442981 30.1088
70.9645 1.58876 -20.945
66.4255 1.0129 -25.7025
71.1071 1.38529 -26.1115
66.4591 0.986623 -23.9492
69.8662 1.57432 -18.0009
65.6256 0.707832 -23.3734
64.1455 -0.0752632 -22.1483
68.3665 1.44955 -17.4073
70.6703 1.35936 -23.4375
68.2722 1.51712 -25.3265
70.559 1.40823 -24.9408
64.603 0.324703 -21.1855
69.8555 1.49868 -20.7228
66.0971 1.27978 -19.6727
66.3163 0.989622 -26.0169
64.5663 0.0711399 -25.2255
64.2657 0.470144 -16.7612
71.0894 1.33931 -25.3433
67.8614 1.34127 -17.0786
71.7766 1.27914 -26.3654
67.7784 1.38303 -19.9492
69.2564 1.6468 -25.0018
71.0775 1.28252 -24.4803
71.2117 1.2834 -24.8563
69.7643 1.56025 -25.0821
65.5081 1.00137 -19.5891
70.403 1.53989 -20.5101
71.5798 1.21323 -24.7852
71.1562 1.44774 -22.1096
70.009 1.47326 -24.4748
69.7835 1.46 -23.732
65.9033 0.835735 -23.7417
69.517 1.48356 -22.474
65.5954 0.621112 -24.4592
64.046 -0.00310249 -20.9676
65.2091 0.682947 -21.4113
71.1611 1.25215 -24.2309
66.1603 1.0218 -23.0721
68.1013 1.4287 -19.6071
67.6225 1.366 -17.3554
48.4675 -1.59957 16.9245
50.0795 -1.69011 16.0333
48.0781 -1.67268 10.8885
49.0821 -1.76352 12.7105
49.1819 -1.73736 14.0634
49.1487 -1.89745 9.22345
48.6845 -1.62147 16.5256
49.7267 -1.95218 9.93178
47.0585 -1.60754 10.844
47.0936 -1.58409 9.38062
47.646 -1.51077 16.9077
47.981 -1.69886 9.87319
47.2498 -1.62548 12.2741
48.7544 -1.72926 12.4236
48.1101 -1.63814 12.2677
47.7692 -1.69509 9.09008
49.4731 -1.79504 12.7892
47.6328 -1.52176 16.7856
62.3897 0.271 30.038
62.0278 0.68576 37.8885
61.5645 0.622871 37.6968
67.1268 1.3654 36.8215
65.8942 1.59175 32.8975
63.3645 0.398994 29.76
69.4417 1.83574 30.5312
69.5475 1.59356 33.307
61.5947 0.421347 33.3229
61.3091 0.327576 31.61
63.337 0.665675 35.1586
70.0465 1.81197 38.7934
70.1781 1.96801 35.5254
61.7967 0.381519 31.4211
64.5556 1.0108 34.1261
61.3729 0.348603 32.5322
65.5276 1.39777 29.7338
62.0577 0.554812 33.8277
68.5566 1.57175 32.3457
66.1847 1.29568 37.5583
63.2055 0.844846 32.7012
66.9056 1.26896 34.6865
61.5587 0.69213 38.226
66.4624 1.53265 30.8794
65.1752 1.16097 29.4633
61.2776 0.493976 36.8954
63.3901 0.557766 36.0564
69.1725 1.79001 34.927
60.7787 0.378643 36.3455
69.0248 1.79261 37.4658
66.5897 1.53406 29.6386
68.1831 2.01898 30.2471
63.9651 0.742744 35.2221
67.9468 1.49216 35.841
61.7589 0.571008 37.171
62.4254 0.378275 29.4487
66.7649 1.72414 39.0235
61.0866 0.316383 33.4685
69.1648 1.81213 37.3794
70.3117 1.71927 32.397
69.0171 1.67739 38.4922
64.2651 0.870924 34.619
66.5885 1.27499 36.9018
70.3951 1.72443 32.66
64.3472 0.918314 30.1936
69.8723 1.79832 38.4568
63.4298 1.0078 38.9207
68.2859 1.52296 35.2041
62.3919 0.494944 35.7723
66.905 1.48811 32.3588
17.3522 -1.076 -35.0473
10.7608 -1.07206 -35.6461
12.4725 -1.37079 -31.5633
14.7488 -1.49337 -31.9011
8.42174 -1.33801 -33.6798
15.6842 -1.53801 -30.1704
8.70862 -1.39334 -34.783
14.1035 -0.933899 -35.3244
9.57495 -1.43196 -33.8259
16.5035 -1.37394 -33.1152
7.85129 -1.17706 -31.9054
14.5743 -1.43805 -30.3261
15.4215 -1.50821 -30.3621
10.2275 -1.34808 -31.6274
10.016 -1.09288 -30.0038
17.1239 -1.46686 -31.6967
13.9353 -1.22036 -34.2538
16.0438 -1.2594 -33.9618
17.2112 -1.38498 -32.3611
9.90616 -1.11116 -29.8521
10.9546 -1.49287 -33.3587
15.1563 -1.50568 -30.8971
8.5371 -1.37338 -33.4838
14.217 -1.48076 -33.2626
16.0329 -0.952468 -35.5133
11.4865 -1.13694 -34.8151
8.08055 -1.20446 -31.7818
14.5874 -1.44019 -30.2751
16.7317 -1.48035 -31.6158
14.3426 -1.40017 -30.0319
15.1897 -0.896588 -35.4877
11.9717 -1.29771 -31.3051
-71.3182 1.77716 50.153
-71.9851 1.91427 49.3968
71.992 2.60792 60.5074
-39.192 2.1697 65.0464
-40.9249 1.9537 65.7447
-37.0468 1.36226 66.1954
-41.3875 1.88725 65.9153
-44.0204 1.77066 67.8462
-43.7362 1.81869 66.5867
-40.1753 1.80456 69.117
-42.336 1.64879 71.0845
-38.8118 1.74954 71.2722
-38.0997 2.09352 69.1063
-40.8483 1.64129 69.1707
-38.6897 1.85769 70.8119
-42.9672 1.82486 66.0575
-36.4971 1.472 64.8743
-42.7962 1.4789 69.4969
-42.8487 1.45337 68.9747
-35.2889 1.55824 65.6671
-43.6801 1.82568 71.9842
-42.3067 1.59672 70.7714
-41.9103 1.87724 65.2823
-43.2546 1.85568 65.6723
-38.6875 2.18332 65.7889
-42.4361 1.39434 68.8383
-37.1112 1.39251 69.5149
-40.0444 2.08519 64.9786
-39.973 1.96702 67.0844
-44.5422 1.78903 69.0425
-39.8411 1.77047 70.7976
-36.6061 1.49352 66.8986
-36.538 1.3853 68.611
-42.7978 1.48121 69.5213
-37.6434 2.05768 69.4392
-17.5483 -1.26269 -47.6731
-16.8311 -0.708225 -41.8419
-23.2156 -0.721916 -47.4445
-23.8476 -1.11619 -48.0802
-16.6572 -0.807284 -42.8536
-23.0184 0.321172 -41.6204
-22.8759 0.330824 -41.8078
-21.4244 -0.0117622 -46.2787
-14.1459 -1.27959 -42.4731
-16.4438 -1.22225 -49.9135
-19.0087 -0.437481 -44.8593
-14.1877 -1.07694 -46.1954
-15.696 -1.02284 -44.2608
-17.8391 -0.582451 -43.0785
-14.6794 -1.16263 -44.9917
-18.0809 -0.675896 -43.9087
-20.0276 -0.759597 -47.8492
-22.8027 0.32848 -42.1016
-14.2555 -0.748533 -49.7465
-18.2692 -0.809125 -45.3403
-16.3636 -1.16652 -48.9521
-18.9468 -1.37109 -50.2132
-17.7424 -0.786412 -44.3692
-18.1636 -0.590587 -43.2464
-15.6389 -1.02239 -42.2976
-16.8003 -1.25453 -49.2552
-18.8695 -1.26186 -49.1139
-22.195 0.397527 -42.9598
-15.4631 -1.07091 -43.3047
-14.4514 -1.19042 -44.7998
-16.9288 -0.975989 -45.2972
-22.3363 -0.362234 -46.8833
-18.8296 -1.18728 -48.5151
-15.9511 -1.1286 -50.0148
-22.3556 -1.25278 -50.1054
-18.3764 -1.2182 -47.7299
-16.5766 -0.969129 -44.7711
-23.4594 -1.08023 -48.2823
-16.0694 -1.15741 -50.1457
-21.9457 -1.30197 -50.5162
-23.6001 -0.664588 -47.147
-23.1417 0.278554 -44.5642
-22.557 0.346818 -43.7527
-14.2845 -1.24475 -43.305
-18.8122 -0.620856 -45.6274
-14.8216 -1.10882 -45.5219
-16.709 -0.7371 -42.0443
-17.7732 -1.13157 -46.6971
-18.854 -1.43229 -50.5382
-15.377 -0.976246 -48.3811
28.7972 1.195 -69.8195
31.8368 1.29808 -69.4267
31.737 1.28847 -69.5067
26.4247 1.37951 -70.5986
29.42 1.18061 -70.6087
33.08 1.1654 -71.7278
32.5282 1.26528 -70.8653
26.0621 1.46327 -69.7517
28.6171 1.24953 -71.9719
32.2438 1.31948 -70.0465
34.2873 1.49721 -71.8139
32.8093 1.16913 -71.4974
30.1702 1.18515 -70.9746
30.0979 1.28665 -71.6063
34.6984 1.82666 -69.376
26.341 1.42438 -69.835
32.5755 1.1348 -71.6088
34.0911 1.55742 -70.8455
-41.9051 0.15615 39.7197
-41.9698 0.343687 42.1398
-39.7676 0.10743 39.2732
-35.6467 0.142703 38.5856
-36.5284 0.301025 40.6066
-36.29 0.639174 42.7178
-41.6469 1.59032 47.3762
-36.879 0.806092 43.3886
-42.5179 0.548351 42.7828
-39.1337 0.310307 41.1406
-41.2889 1.53933 47.2657
-42.4395 0.266218 39.9306
-42.6922 1.37084 46.5238
-41.7354 0.296547 41.8432
-42.5399 1.37737 46.4353
-41.5572 0.86146 43.854
-41.6045 1.42502 46.4325
-38.4196 0.278119 40.7073
-34.5529 0.202773 37.8964
-38.7211 0.647839 42.969
-38.6244 0.0991505 39.1353
-34.3727 1.11587 44.3182
-41.7476 0.754284 43.5019
-33.3223 1.07832 47.139
-34.7745 0.589883 42.2259
-37.1702 0.275254 40.4747
-37.5233 0.140172 38.5103
-43.0612 0.390775 39.4112
-33.3189 1.16345 44.4614
-42.0449 0.180279 39.9443
-41.7174 1.60302 47.4131
-41.0857 -0.0277634 38.401
-34.0981 1.05067 47.208
-40.9133 0.129365 39.4728
-41.8194 0.239886 40.9996
-36.8992 0.431471 41.9247
-41.6137 1.54503 47.1351
-35.1494 1.15562 46.0419
-37.9266 1.10023 44.6814
-41.003 0.327135 41.8804
-36.865 0.249459 40.1616
-42.109 0.415518 42.3763
-41.4617 -0.0962357 38.0585
-33.2965 0.254848 40.3838
-42.9339 1.35776 46.652
-35.3972 0.939546 43.7017
-37.6272 1.18023 45.7456
-35.2266 1.02392 47.1488
-34.3252 0.196878 37.8586
-38.9009 1.17147 45.7538
9.39611 -1.3706 -36.4103
4.07316 -0.715299 -35.5289
10.22 -1.14231 -35.9418
5.63113 -0.815979 -36.2235
6.34313 -0.859062 -35.7788
8.09306 -1.16756 -36.8927
3.0355 -0.610977 -35.9436
14.798 0.293264 33.1689
12.8417 0.600906 34.8611
14.6692 0.280688 33.7149
11.838 0.895085 32.8863
11.9451 0.85017 33.905
15.0397 0.28195 32.8863
15.8008 0.189956 33.0297
16.0855 0.210598 32.8018
50.479 -1.28943 30.9506
53.446 -0.568984 26.9503
45.6516 -1.7218 27.5829
52.4108 -1.85886 30.5386
51.8459 -1.77041 30.3463
52.2131 -1.49293 28.1325
46.6425 -1.28655 29.8468
49.5403 -1.24623 30.0357
46.424 -1.32218 29.9585
50.8706 -1.51011 30.2359
52.2613 -1.28429 25.8296
54.7672 -0.651174 27.9302
51.7803 -1.56813 31.1099
49.344 -1.51943 26.8291
52.5674 -1.23428 32.8176
49.7865 -1.39077 27.712
50.0746 -0.824024 33.562
53.5229 -0.787091 28.0971
49.3053 -1.52417 26.8395
47.7424 -1.79555 25.6608
53.9252 -0.454526 25.4197
46.0386 -1.60918 28.4713
51.628 -1.74528 30.1327
45.907 -1.65833 27.9058
54.1467 -0.920243 28.6114
51.3466 -1.6423 29.8654
53.1412 -0.928717 28.7484
48.3665 -1.32734 28.3581
52.2817 -1.13611 33.4164
46.2208 -1.45109 30.5026
50.834 -1.37738 28.0257
52.1725 -1.44347 27.0241
49.0593 -1.43043 27.4703
52.6089 -0.668974 27.2988
50.7461 -0.955748 34.0375
53.1824 -1.30199 32.8323
46.7313 -1.31816 29.4961
49.8799 -1.47394 26.2859
48.9632 -1.26457 28.7945
54.4345 -1.32732 33.5437
54.3653 -0.989125 31.647
50.9157 -1.35832 25.7063
54.6378 -0.91977 29.0182
52.7905 -1.02333 29.233
30.3591 -2.07528 -9.38358
30.2178 -2.11177 -8.88347
31.6439 -1.87851 -6.78472
37.5532 -2.45824 -2.45902
37.515 -2.52082 -0.93737
30.0905 -1.4969 -1.22974
36.7716 -2.46566 -5.48884
33.4369 -2.02517 -0.160977
37.6151 -2.50607 -4.38225
31.1019 -2.05619 -7.97402
28.9149 -1.99882 -5.19501
28.3934 -2.62881 -4.69084
37.7458 -2.52761 -4.5672
32.7346 -1.95768 -7.99288
34.7516 -2.07165 -2.90734
34.4708 -2.02871 -3.07153
33.9111 -2.08339 -0.563519
37.2276 -2.5192 -5.66554
38.2545 -2.53363 -2.6458
31.8813 -1.72016 -2.96594
38.1028 -2.57553 -4.68927
33.2068 -1.90594 -2.08365
33.3883 -1.64091 -6.34397
33.2608 -1.96912 -0.759753
36.6199 -2.4394 -5.2804
30.569 -1.56182 -0.0120497
38.0546 -2.49067 -8.49742
29.1756 -1.84639 -3.40021
29.6398 -1.66423 -3.21737
36.6157 -2.32493 -2.60093
29.287 -1.85138 -4.56266
34.881 -2.09101 -3.97976
32.0391 -1.74771 -2.19504
33.4329 -1.6546 -5.84499
29.6965 -1.62404 -3.10567
38.3293 -2.57341 -1.07379
35.4621 -2.171 -2.74895
36.5275 -2.398 -4.79609
35.167 -2.21146 -1.69942
29.4261 -1.66308 -1.82546
31.6427 -1.73648 -0.0273085
34.7074 -2.06538 -3.5229
33.7997 -1.77648 -6.57316
30.5403 -2.11593 -8.78185
36.9746 -2.4784 -5.31489
31.2151 -2.12463 -8.82244
36.11 -2.42049 -6.01071
38.26 -2.5783 -0.4802
38.3302 -2.57349 -1.30632
36.1121 -2.23765 -7.68128
32.5105 -1.79891 -6.90534
37.1649 -2.44957 -6.97548
29.809 -1.91821 -13.2437
29.671 -1.90262 -13.468
36.3265 -2.28306 -7.56508
37.1746 -2.60111 -13.1113
32.3112 -1.84957 -10.7
36.5701 -2.47135 -14.9271
31.739 -2.00545 -7.81937
30.9525 -1.94195 -11.2283
38.3005 -2.75613 -11.6818
36.0073 -2.51126 -14.3314
35.3917 -2.24084 -10.5468
32.4302 -1.61373 -5.28054
30.4239 -1.70243 -14.1936
37.2009 -2.5102 -5.52157
28.7585 -2.18208 -6.4851
31.5116 -1.96322 -7.46261
37.586 -2.45441 -7.90903
38.1732 -2.42553 -14.8579
35.0576 -2.06617 -6.53875
36.3009 -2.1352 -8.95283
34.9846 -2.22509 -10.8505
36.1028 -2.49589 -11.333
32.415 -1.60406 -12.8305
31.5766 -2.07807 -9.4035
30.4026 -1.5939 -14.8174
33.9275 -1.8489 -5.44528
33.2802 -2.03449 -8.50695
33.5222 -1.75602 -5.18557
36.7471 -2.32159 -9.56778
33.1932 -1.70659 -6.8122
30.0885 -2.10066 -6.29436
30.6986 -2.00941 -6.37951
30.8356 -1.89057 -5.74655
33.1584 -1.85278 -10.5374
37.1771 -2.52013 -5.80204
31.273 -1.80179 -12.518
38.4393 -2.62028 -6.56689
36.1431 -2.59727 -12.3291
28.9456 -2.22457 -9.57837
36.495 -2.34236 -7.07648
35.5672 -2.09854 -8.23778
29.1324 -2.16673 -12.3672
34.2748 -2.02375 -7.913
30.4227 -2.04603 -10.7183
36.0107 -2.09936 -9.14449
31.6276 -2.01479 -7.92039
37.1871 -2.66876 -12.395
35.8999 -2.51464 -13.2846
40.4387 -1.88201 -17.3232
35.0573 -2.33309 -24.2573
39.0727 -1.65296 -17.7581
42.0931 -1.88199 -24.0806
35.1953 -1.89157 -18.9639
41.8874 -2.14308 -16.5865
40.6099 -2.43284 -14.7622
41.7244 -1.82068 -23.1934
40.4552 -1.67714 -21.1038
34.085 -1.69475 -16.1901
43.0452 -2.11142 -17.261
37.6639 -2.02295 -16.9961
41.5169 -1.9187 -17.6314
34.7317 -1.76852 -19.863
42.6131 -1.93968 -22.5797
42.6632 -2.13333 -16.9664
42.9036 -1.95909 -21.7612
42.4309 -2.3118 -15.8237
37.761 -1.81181 -18.3648
41.8904 -2.44849 -14.9698
43.4035 -2.06809 -17.7102
36.6602 -2.01841 -18.8345
37.3142 -1.89567 -18.6386
36.4102 -2.0972 -17.7551
37.3566 -1.88877 -21.1319
39.3763 -1.79764 -24.0651
34.8886 -1.79005 -18.6038
42.9076 -1.95963 -20.1929
42.1962 -1.90042 -18.2923
42.8628 -1.954 -19.711
39.5555 -1.63412 -18.1983
39.6653 -1.84103 -17.271
42.2356 -1.89671 -24.0025
43.8335 -2.07615 -18.3625
42.7556 -2.08755 -24.4005
38.7916 -2.40561 -14.8356
38.7083 -1.63406 -18.2949
43.7841 -2.17875 -17.12
41.4629 -1.78752 -22.2812
34.6945 -1.74353 -19.0826
36.058 -2.25152 -21.8576
35.5923 -2.18282 -16.4601
37.5995 -2.44903 -14.8122
38.8105 -2.41017 -14.8006
34.4757 -1.70583 -20.2093
36.3724 -2.09286 -17.8564
43.699 -2.08257 -21.4194
40.58 -1.74094 -22.363
38.6906 -1.97821 -16.6323
36.5729 -2.03176 -20.1428
12.4866 -1.16864 3.90794
12.3408 0.201201 -4.27651
20.6744 -1.03399 -4.65738
12.9978 -1.34339 4.56012
14.3776 -0.494479 -0.214803
12.1372 -1.01734 3.55301
20.264 -0.723775 -5.26678
19.7397 -1.23384 0.204519
17.8909 -0.246128 -2.20888
19.4491 -1.28229 3.73762
18.7011 -0.731392 -0.914898
12.0322 -0.325659 -0.639621
19.6469 -1.09891 2.13876
20.498 -1.43727 -1.3565
11.7548 -0.336348 -0.230671
19.686 -0.570745 -4.92716
18.9477 -0.491881 -3.43692
18.1442 -0.453335 -1.15874
17.427 -1.33042 4.49695
15.1033 -0.492001 -0.0606842
20.9415 -1.37872 3.26733
20.3604 -1.41376 3.6128
12.24 -0.645328 1.88731
19.8846 -1.03881 -2.75822
16.0356 -0.842304 3.11779
14.9599 -0.830354 2.71098
13.7785 -0.555191 -2.70969
17.6751 -0.894311 3.32992
15.5632 -0.714161 -2.9102
20.5725 -1.52734 -0.634426
19.476 -1.12472 -0.144611
13.27 -0.592046 1.25344
13.6943 -0.481809 -1.03697
13.871 -1.29917 4.54303
21.6553 -1.75916 0.853032
17.9653 0.0295223 -4.35403
15.6007 -0.514675 -0.734525
13.0482 -0.745722 2.4516
18.8168 -0.999455 3.24355
21.1572 -1.6771 -1.14257
11.872 -0.439896 0.470337
17.5439 -0.232828 -2.69807
13.1785 -0.755271 2.4989
18.1963 -0.406974 -1.66443
19.1769 -1.15352 3.44037
14.0193 -0.624941 1.31387
14.4642 -0.598673 -1.32842
14.4877 0.0423637 -4.73943
17.1782 0.040797 -4.87651
18.5864 -1.3029 3.97356
3.59541 -0.347171 2.80381
-3.33259 -0.024955 -1.29575
1.70998 -0.26704 -5.44077
-4.77123 0.127899 -1.85727
-5.45515 -0.647335 3.57926
-3.06037 -0.194975 -2.05563
2.98012 -0.00338173 -3.00692
-4.4099 -0.452666 3.65769
-6.05088 0.459457 -2.87294
-1.01624 -0.0882065 -2.25189
-3.71407 0.219638 -0.0289223
-5.94986 0.309051 -1.68882
-0.755915 -0.151566 -3.91301
-3.95792 0.158953 -0.243773
-2.24094 0.114795 -0.725346
-1.62661 0.00502853 3.27806
3.50933 -0.281189 3.29912
-5.33155 0.141637 -0.0777519
-4.1627 -0.163684 2.00025
-0.422957 0.192706 4.06544
1.60408 -0.105585 3.09373
-0.0762672 0.0759121 0.113294
-1.97757 0.107496 0.973299
2.75188 -0.534508 0.23903
-2.45061 0.0124672 -1.16847
1.82168 -0.141694 -4.03631
-1.11298 -0.132535 -4.5893
-0.867918 0.104802 1.40117
3.16022 -0.0098671 -3.30844
3.02258 -0.530865 0.974221
-0.6668 -0.051471 -2.16156
-0.582869 0.0809326 -0.585275
-2.07248 -0.206768 -4.28961
-2.21928 -0.318414 -3.13571
-2.89953 -0.346683 -2.74839
-1.66018 -0.256573 -3.11801
0.153537 0.212355 4.07154
2.13877 -0.399381 0.175552
-1.47615 -0.0340714 -1.46938
0.488325 0.0436935 1.86963
-0.668021 0.106269 1.64349
-4.62745 -0.0545277 -4.88015
1.53969 -0.121165 -1.89421
-2.62487 0.0206303 -1.11324
-0.216958 0.0255089 -1.22952
2.68688 -0.342994 2.68387
-0.0536838 -0.083099 -4.1303
-4.24139 -0.0447796 -3.89012
-4.46574 -0.0802792 1.31054
-0.838925 -0.148925 -4.02105
7.90984 -0.589964 2.94691
6.21332 -0.210935 -1.53502
5.45493 -0.42509 1.52841
3.94396 -0.474578 1.44815
10.7227 -0.132869 -2.3099
7.9486 -0.221222 -1.06292
4.63734 0.102643 -2.78111
10.6998 -0.163166 -1.70045
6.81087 -0.402897 3.97081
4.88088 -0.342516 2.17111
7.03152 -0.373257 3.12086
9.30149 -0.201938 0.234119
10.9937 -0.26086 -0.325896
2.95333 -0.254497 -1.71784
9.32651 -0.790632 2.53731
8.77901 -0.0914555 -2.61967
3.98821 -0.506855 -0.529454
3.70531 -0.557418 0.937257
11.0835 -0.889204 3.23226
6.5124 -0.208206 2.4992
4.17006 0.0309288 -5.77375
10.0944 -0.678681 2.07988
7.1185 -0.509422 -0.0329178
9.6787 -0.996399 3.83649
10.5805 -0.0169819 -3.3292
3.56462 -0.334541 2.90815
11.1369 -0.903185 3.29146
7.94485 0.496698 -5.77559
7.18259 -0.433805 3.30794
12.3689 -0.543209 1.10115
10.6132 0.464093 -5.42035
7.41605 0.211236 -3.56724
8.37159 -0.621246 2.58126
11.1375 0.587369 -5.70478
2.92587 -0.0593788 -2.67582
5.82879 0.591099 -5.22931
5.73052 -0.491249 -0.71103
11.6996 -0.335072 -0.189781
12.7409 0.512285 -5.33063
8.99722 -0.888388 2.93863
6.03967 0.560027 -4.75352
5.1528 -0.617575 0.626275
10.6419 -0.898265 3.20479
8.50801 -0.112648 -1.87194
10.5335 0.0867657 -3.79888
5.18484 0.0492325 -2.38923
3.01529 -0.375339 3.00211
10.6663 -0.534251 1.3761
5.40794 0.448984 -5.00347
12.642 -0.3478 -2.005
13.1872 0.624415 -5.81667
16.6947 -0.239921 -15.5568
13.5846 1.26252 -8.73546
21.3549 -1.01355 -9.62172
13.7864 1.40318 -11.6546
14.1605 1.2283 -8.44889
17.6982 -0.318295 -14.0248
15.1902 0.991763 -15.4091
20.4076 -0.589023 -10.9786
19.6996 -0.623033 -9.84389
14.3832 1.19015 -14.9773
16.3996 0.84171 -9.40778
16.4725 0.71174 -14.3959
12.9412 1.25053 -14.8138
19.7631 -0.71133 -13.7252
15.17 1.32842 -9.16699
19.37 -0.731132 -15.0853
21.711 -1.20723 -9.07809
16.2116 0.299873 -5.73396
20.45 -0.720961 -9.73952
17.837 -0.417853 -11.259
18.4724 -0.468979 -11.1547
20.3633 -0.793803 -9.14005
22.0193 -1.22672 -7.70601
20.5931 -0.575644 -12.3727
18.0259 -0.204404 -8.25449
22.3678 -1.34292 -7.83388
13.808 1.3201 -8.94695
16.2214 0.901766 -9.08673
16.4512 0.371007 -5.93325
16.3999 0.763179 -8.29905
18.4706 -0.457244 -10.1674
14.303 0.867019 -6.9779
21.3045 -0.771461 -11.4885
22.4178 -1.40791 -10.1955
13.2013 1.27831 -14.1685
17.7992 -0.355619 -13.9996
13.0628 1.36897 -11.108
19.1689 -0.535444 -10.6966
16.8085 -0.0899517 -8.87401
16.6837 -0.124791 -11.6921
17.8205 -0.380621 -10.7677
18.4486 -0.552506 -12.5759
18.0333 -0.411781 -10.1012
12.8259 1.32472 -10.1448
21.2322 -0.814602 -10.8818
20.6096 -0.726505 -6.04153
15.1187 1.11083 -8.0842
16.1246 0.592076 -6.70689
13.7103 1.23313 -14.6998
1.63711 -0.237598 -6.79843
0.939456 -0.146062 -11.4824
-1.06804 -0.0349319 -6.2259
-3.62151 -0.190329 -11.245
-3.35206 -0.110122 -8.55843
1.01911 -0.590647 -14.5791
2.12327 -0.184689 -8.64205
-3.73901 -0.102179 -6.89059
-3.79272 -0.195602 -11.2184
-5.9736 -0.132033 -5.61028
-5.38673 -0.178162 -5.95734
1.40151 -0.319212 -12.987
2.17454 -0.0852619 -10.1256
1.46497 -0.135364 -7.61724
2.82642 -0.178259 -9.83166
-4.37412 -0.516801 -13.1396
3.12458 -0.402771 -5.78094
-2.22592 -0.0259644 -7.53484
2.10768 -0.406325 -14.4815
-4.44035 -0.272828 -11.4705
-4.67652 -0.231576 -10.8336
-0.882187 0.146828 -9.12394
-4.17423 -0.481389 -13.048
2.54137 -0.103418 -9.92414
-0.0435446 -0.079224 -5.82123
-1.57527 -0.69934 -14.6496
0.726132 -0.410185 -12.7144
0.785643 -0.596325 -14.3188
-3.39692 -0.519593 -13.6642
-3.32398 -0.756461 -15.3113
-1.47088 0.0754234 -8.57247
1.79977 -0.0608562 -9.15446
2.96436 -0.0318913 -12.9055
0.444751 -0.0621494 -10.4219
3.7847 -0.174469 -6.24055
-4.95489 -0.267342 -11.1662
0.838135 0.0860012 -9.70471
-4.31487 -0.0841438 -5.33934
-2.02784 -0.460374 -13.2305
-5.14593 -0.326403 -11.628
-1.65155 0.0623108 -8.57949
-2.22806 0.00447922 -8.14399
-0.147003 0.263295 -9.06321
3.5909 -0.226778 -7.40911
-1.58074 -0.309211 -11.8984
-2.21158 -0.738078 -15.0699
2.07106 -0.366698 -14.139
1.06763 -0.103737 -10.778
3.5027 -0.263965 -8.1208
-4.93291 -0.850622 -14.6823
1.8513 -0.304799 -6.46269
8.0551 0.782395 -7.0666
4.40047 0.026429 -7.90347
3.82371 0.0263958 -9.92166
8.71604 1.49029 -11.5697
6.80988 0.590444 -5.53493
6.10711 0.810552 -13.3971
6.81117 0.954086 -13.3373
6.91432 1.15993 -12.3061
6.31768 0.709006 -10.0874
8.36273 0.862913 -7.40291
3.68668 0.296395 -12.1831
5.63736 0.569155 -6.25425
5.32125 0.324726 -7.63522
3.99461 0.111524 -10.1741
7.1664 1.11811 -11.1528
4.71877 0.146852 -7.46004
10.8323 1.41743 -10.7634
2.74183 -0.108886 -10.5165
4.65987 0.141127 -9.42207
8.73383 1.03252 -7.80026
5.04231 0.36152 -10.0328
3.47916 -0.307248 -6.53136
8.30902 0.84687 -7.32753
7.35134 0.730177 -7.09925
8.49091 0.316203 -5.03748
2.69514 -0.328429 -5.10859
11.2774 1.42909 -11.7961
1.93614 -0.0885796 -11.9975
9.47626 1.24992 -14.2083
9.21908 1.5179 -10.1676
10.29 1.44618 -10.5253
8.40018 1.2112 -13.5662
9.72141 1.35741 -13.3657
5.19582 0.330081 -9.65005
4.42096 0.117048 -4.91175
6.30426 0.79697 -13.6779
6.28716 0.913832 -13.0281
3.31405 0.0994778 -11.2617
10.1335 1.50224 -11.7329
4.20885 0.159155 -10.1203
9.73667 0.199497 -4.46373
10.2826 0.81229 -6.96564
2.56971 -0.19866 -13.5744
11.2769 1.36933 -10.4667
8.54889 0.221064 -4.49669
6.55536 0.715901 -6.22312
3.0873 -0.368327 -8.01182
5.1241 0.328888 -4.69014
9.78398 1.4383 -9.06065
12.086 1.27262 -15.007
12.8256 1.36725 -12.5585
15.6966 1.04938 -13.5527
15.7706 1.08698 -12.5246
19.4516 -1.17048 -18.4624
13.6452 1.32911 -13.2677
18.172 -1.13013 -20.6666
20.9794 -0.602416 -12.5203
13.0639 1.3877 -12.2789
19.9607 -0.675279 -13.3574
16.0473 0.958426 -12.599
14.3755 1.25596 -14.0595
17.6995 -0.32398 -13.9208
20.9574 -0.587582 -12.4495
13.4749 1.22775 -14.918
11.8311 1.29116 -14.6584
15.9188 0.744833 -15.4048
15.9579 -0.254266 -17.6539
15.4686 -0.192102 -17.6359
12.44 1.27103 -14.775
18.0636 -0.499718 -11.5651
19.1522 -0.87923 -17.0744
14.3788 -0.830898 -19.9479
20.4978 -1.6396 -18.7996
19.0256 -0.747038 -15.9925
12.7168 1.31142 -13.7404
20.7877 -1.5832 -18.0232
18.5046 -0.519637 -14.6885
16.7037 -0.179958 -12.0888
16.2609 0.782562 -14.4355
17.8119 -0.597866 -18.4618
14.2807 1.41233 -11.754
19.3646 -0.589491 -12.9607
13.3305 -0.410021 -19.0331
21.0035 -1.54401 -17.3442
15.9937 0.947413 -11.5385
13.9189 -0.935685 -20.3636
18.4619 -0.736763 -18.1691
13.4954 1.39337 -12.2725
12.8978 -0.512997 -19.4428
15.1906 -0.0931252 -16.3932
12.2877 1.34304 -13.2079
20.7688 -1.07296 -14.9982
16.5548 -0.129321 -14.6003
15.8349 -0.174971 -16.4066
12.8331 0.10772 -17.3837
14.8058 1.20686 -14.5554
4.28391 -0.708471 -19.37
5.85738 -0.0601181 -17.3262
7.17371 0.905826 -13.9881
3.32776 -0.469802 -18.6336
12.0701 1.30931 -14.1315
4.03854 0.148556 -13.758
11.8583 1.30839 -14.2005
8.456 0.633949 -15.9535
6.22726 -0.673909 -19.1301
3.11136 -1.01344 -21.4575
10.557 -0.793259 -20.3994
4.0184 -1.14963 -21.8496
6.90576 0.694433 -14.8716
8.28663 0.194798 -17.2023
9.53392 1.03017 -15.2421
5.65083 -0.904931 -19.641
12.4412 -0.777395 -20.3426
5.06237 -0.593216 -18.8994
8.38001 1.0017 -14.7953
10.9662 0.721163 -16.2361
5.54738 -1.14088 -20.1806
9.36149 1.15646 -14.7373
4.31778 -0.817449 -19.7274
8.11664 -0.556726 -19.3218
12.7568 -0.19922 -18.5362
7.98757 -0.00957298 -17.8123
7.74708 -0.462409 -18.9833
3.02502 -0.317459 -16.447
7.39039 0.493198 -15.9297
4.47373 0.216765 -14.112
4.3715 0.258936 -13.6853
9.38346 1.05972 -15.142
12.3716 0.250204 -17.2511
12.0353 1.31966 -13.8916
6.22421 -0.789809 -19.3859
6.43509 0.0512054 -17.057
6.15225 0.731877 -13.8703
11.5351 -0.683206 -20.1687
5.50245 -0.648796 -18.9745
-7.13931 0.712704 18.1065
-7.05606 -0.690927 12.3745
-6.24488 -0.634372 13.4188
-8.11527 -0.279268 13.6154
-9.50447 -0.155928 13.2363
-10.9252 0.843472 16.4765
-6.01264 -0.701558 10.9627
-10.2393 -0.171199 12.7453
-5.69066 -0.631925 9.57258
-11.7416 -0.108164 9.01439
-6.33064 -0.558227 14.2303
-5.94488 -0.603095 8.97472
-11.2977 -0.150047 11.9616
-11.5099 -0.135728 9.07787
-10.6946 -0.0909313 12.719
-6.99221 0.650758 17.963
-10.7107 0.698569 15.8481
-9.0589 0.7533 16.4969
-8.91302 -0.613972 11.5132
-5.94031 -0.611633 9.17004
-8.33052 -0.501322 8.80464
-6.20758 0.0904987 16.8363
-7.62096 0.0484406 15.419
-10.6228 1.01833 17.4039
-7.68865 0.848779 18.0799
-5.96893 0.0984753 17.0591
-10.5965 -0.265707 9.92018
-10.0975 0.87795 16.8342
-9.92602 -0.0464825 13.3605
-8.8587 -0.0948086 13.8052
-7.65434 1.07185 24.6326
-7.81975 0.198572 15.7187
-7.0143 0.672231 18.0378
-9.42005 1.3122 19.2546
-5.88969 0.435376 18.3708
-6.05578 -0.452148 15.2973
-8.24936 0.496012 16.3245
-6.29345 0.307783 17.4296
-10.1633 1.3541 22.0107
-9.94201 0.970486 17.3048
-6.14337 0.814489 21.773
-5.20394 0.396205 19.0907
-10.7837 1.25021 20.4946
-10.5582 1.02707 17.4412
-10.3207 1.20847 24.2184
-9.53236 1.15945 18.0103
-5.11361 -0.0312962 17.2007
-7.59208 1.19151 22.2051
-6.79616 0.875256 20.0951
-8.09311 1.09849 19.1301
-8.45454 1.45358 21.1104
-10.4077 1.26293 19.7005
-7.59453 0.195916 15.9351
-6.52668 0.88943 24.4369
-10.0339 0.959173 17.23
-6.63777 0.891183 24.5502
-4.88021 0.666149 23.6978
-5.6859 0.59603 25.1361
-9.07925 1.57967 20.8507
-10.1096 1.11755 17.8761
-12.4662 0.839048 28.5388
-7.74954 1.06886 34.72
-10.7373 0.905198 30.1368
-5.89065 1.23513 33.4215
-10.6845 0.979337 31.7829
-5.7499 0.608783 28.309
-4.54021 0.115122 27.1267
-5.53664 1.2133 34.9334
-9.22327 1.17834 30.4682
-4.84839 1.07291 31.1042
-7.12207 1.15132 34.1023
-9.23722 0.921563 35.497
-4.67383 0.453429 28.2623
-4.90851 0.864344 29.635
-12.1726 0.743377 31.4729
-4.49718 1.28706 33.5649
-13.2448 0.808478 34.1237
-9.8544 1.07329 30.5356
-7.43245 1.25134 33.0821
-12.7839 0.71871 30.9934
-4.31681 0.9192 30.1502
-9.66396 1.12515 31.2071
-12.6246 0.754664 32.1836
-10.8957 0.899382 26.8325
-12.7489 1.14032 35.6829
-11.1105 0.898662 26.733
-6.13144 1.21644 33.6684
-11.0791 0.855112 27.3648
-9.93161 0.938857 27.6562
-7.25514 1.25276 33.0427
-10.4281 1.04729 32.5407
-9.8959 1.12844 32.3951
-5.68984 0.376809 26.325
-6.25773 0.753267 28.6447
-5.83993 0.4839 27.7878
-6.34746 1.21972 32.4949
-5.52803 0.684581 28.6942
-5.56496 0.403865 27.6416
-5.7054 1.22136 34.2589
-13.1476 0.695867 30.1008
-9.70272 1.15789 32.4116
-6.65722 0.888978 29.1342
-6.68261 0.548067 26.4993
-7.21577 1.02631 35.6518
-5.32514 1.24227 34.0285
-13.3965 0.876234 35.2349
-3.82408 1.20349 37.1642
-2.87129 1.34351 34.2637
-4.52631 1.23547 32.5129
-0.520148 0.645878 38.9517
-5.58256 1.23873 33.736
-2.06683 1.22066 31.9556
-6.85518 1.1022 35.0605
-0.560426 0.96885 29.4113
-4.37158 1.27373 34.5643
-7.49905 1.10876 29.775
-6.9186 1.12965 30.126
0.311482 1.10782 29.862
-5.27493 1.20102 36.2523
0.165908 0.650571 38.7914
-5.01791 1.16467 32.0948
0.705781 1.28541 32.6554
1.15805 1.30557 35.9755
-6.44776 0.360187 37.7251
0.674652 1.40224 36.7241
0.904151 1.28 35.0013
-8.08385 0.879018 37.1465
-4.35205 1.28565 33.9271
-2.24963 0.831135 29.9337
-4.44452 0.53583 38.0724
-4.21167 1.06375 31.3275
-1.87698 1.004 30.6036
-5.55387 1.23896 32.8461
-2.38056 1.27489 32.3526
-1.13174 1.37606 36.3966
0.901701 1.18409 30.2929
-4.22265 1.30656 33.0726
-6.43671 0.906655 29.2413
-8.6869 1.21617 30.9595
-7.01998 1.13697 34.5927
0.920936 1.24102 32.2547
-0.192989 0.668502 38.9037
-4.64716 1.25229 35.0163
-5.5001 1.04121 30.1355
-8.15252 1.14692 29.8532
0.417377 1.37206 34.3711
-5.45438 1.18274 36.8721
0.0661128 1.22245 30.8157
-6.79414 1.23338 33.1855
-3.94524 1.1379 31.8955
-5.71318 1.17877 36.3042
-6.68275 1.07856 36.2672
-6.54694 1.19192 33.7162
-5.8325 0.312099 37.549
-6.43219 1.19188 33.9744
-7.25162 1.00529 36.5877
7.24 0.850491 28.575
10.4386 0.702424 29.0535
7.98153 1.04006 36.0731
8.77874 0.979471 32.2964
9.04273 1.03564 33.4287
1.47872 0.951872 28.9693
3.98246 1.05784 30.3161
2.072 1.1316 35.6437
8.04477 0.946488 31.3955
8.77356 1.04809 33.9182
4.39262 0.861254 27.9839
3.10932 0.803841 37.961
4.27177 0.895723 28.4175
3.87778 1.07581 30.2697
5.16077 0.895117 32.4194
3.00617 0.705336 33.4729
5.97287 0.95566 29.7793
4.862 0.960477 30.9722
3.36995 0.881189 28.6699
5.58584 0.92594 34.2514
8.25383 1.0178 33.8959
4.00595 1.08046 29.6532
6.49443 0.937998 30.4034
10.6971 0.899695 32.4435
2.95947 0.771278 32.3526
6.7456 0.948627 30.9725
2.9082 0.66843 33.0704
8.78576 0.649349 28.7465
9.80814 0.995724 36.1939
1.86661 1.19687 37.2227
3.64339 0.763846 33.3191
6.71533 0.827813 37.136
8.77203 0.62706 28.463
2.95276 0.98677 31.18
5.39662 0.911662 34.6595
4.83661 0.924421 35.8415
3.71206 0.72918 32.9904
11.078 0.890297 35.2091
4.78845 1.03077 29.377
5.30812 0.906187 34.5722
7.25953 0.876349 29.4323
8.75219 1.01068 36.6102
3.86921 0.903099 36.6969
1.6673 0.736196 27.9964
6.9491 0.97104 34.5615
5.11927 1.04019 29.2238
6.87921 0.819795 37.1983
9.64913 1.07172 35.4655
2.60268 1.14154 29.8043
2.39885 1.03739 31.2814
7.0774 0.877071 29.363
5.11842 0.987294 30.3662
-0.40635 0.563828 26.0695
7.15089 0.543519 24.6934
5.55691 -0.0108719 22.9935
-1.31794 0.794554 29.1949
-0.446329 0.552805 26.6743
1.66828 0.577124 22.4963
5.25325 -0.000813675 22.7326
3.70785 0.581629 26.996
2.26247 0.9353 29.0035
2.25179 1.06344 29.5409
6.51885 0.333078 24.1532
0.630669 1.21905 31.5027
7.02979 0.940427 30.852
1.20991 1.11925 29.8098
6.77221 0.89008 27.5554
5.9863 0.656098 25.4969
0.564749 0.774116 27.965
-0.0605744 1.27407 31.34
7.72561 0.983145 32.225
7.44905 0.570686 25.1316
2.32687 0.916258 28.9214
7.08991 0.916941 30.1681
-1.1394 1.27386 31.9421
5.12086 1.04828 29.5007
6.12705 0.968991 31.2658
2.97602 0.655201 25.5244
7.15614 0.969141 31.737
-0.92882 1.21689 31.4581
7.97983 0.770312 28.8921
0.243389 0.675312 26.2803
3.06208 0.592907 25.8995
3.12582 1.13161 29.6896
0.20402 1.21001 30.6753
0.782339 0.899316 28.6416
2.73004 0.485061 27.2362
4.90479 0.913319 32.0334
1.77633 1.15927 30.3555
-1.10919 0.461751 25.0941
6.48656 0.964008 27.5786
2.11326 1.1792 30.0478
4.93042 0.94021 27.6695
0.690485 0.728674 24.6009
3.5601 1.10844 29.5403
5.07899 0.469223 24.8347
8.00974 0.916982 30.7348
-0.211642 0.648362 24.0452
3.05929 1.08327 29.5251
5.54287 0.303775 24.1086
8.08191 0.766878 29.0928
2.70577 1.17631 30.3382
4.71114 0.950647 31.3963
5.2092 1.01369 29.9278
2.23822 1.12053 30.9471
2.98928 0.459238 26.7184
8.28638 0.646919 24.3395
2.98501 1.08826 30.6193
10.2744 0.741496 25.7629
6.70424 0.45057 24.4167
4.40255 0.678643 26.0879
3.59477 0.809959 28.0686
8.48689 0.655376 24.0069
9.04437 0.933678 31.454
6.45063 0.0736542 23.2845
7.31919 -0.0609295 22.1425
7.29142 0.581671 25.1885
4.76088 1.06447 29.7486
6.33289 0.93581 30.1524
3.54621 0.617812 23.4234
1.572 0.692566 27.7451
11.3269 1.09515 24.0624
2.94045 0.938101 29.0006
7.06106 0.840223 27.7765
7.28354 0.912156 30.1737
8.34894 0.196888 22.1962
6.87942 -0.201845 21.9841
10.5841 0.690203 22.173
4.30214 0.433617 23.4133
3.23343 0.505701 26.4337
11.4475 1.10809 24.1109
3.56059 0.199291 21.7583
5.52867 0.337103 24.4796
3.10006 0.537754 26.2375
9.86053 0.608968 27.4985
7.20053 0.842489 28.1739
2.23853 1.04553 31.3453
2.94564 0.472568 22.1941
8.72951 0.424508 26.8835
5.76616 1.01486 29.1263
5.68437 1.02531 29.0748
10.058 0.843525 31.2114
7.78643 0.667453 26.3791
4.11206 1.02644 29.2084
4.94705 0.897683 27.2064
4.67996 0.215302 22.9595
5.86168 1.08708 27.4814
11.4737 0.864772 21.9691
11.0376 0.731948 28.3844
6.92464 0.848869 27.5711
7.17662 0.998975 32.5653
15.5745 0.457874 27.4702
11.3155 0.869025 32.4798
14.0059 0.648481 28.8185
13.5522 0.664592 28.4474
12.644 0.619235 29.9126
9.82074 0.82454 30.7769
13.3819 0.669662 27.3689
13.5385 0.535471 33.5592
14.363 0.626622 28.8719
14.5313 0.306587 33.7738
12.825 0.713199 27.642
7.12253 0.987697 34.0115
10.3826 0.715067 29.4255
10.1931 0.656734 27.87
6.06629 0.98035 33.5638
7.02341 0.981094 32.0889
7.42924 0.99654 34.7089
7.73992 1.01858 34.4861
15.027 0.37958 26.7457
12.1655 0.751892 31.7562
10.5959 0.934107 35.485
5.89508 0.850328 26.1957
14.2305 0.585754 31.6836
7.40757 0.989658 35.4169
10.8794 0.754635 30.9661
9.02298 1.0706 34.1101
11.4693 0.8314 32.1984
9.52004 0.925544 31.9216
8.97049 0.908817 30.8828
11.2295 0.850005 26.5079
14.7173 0.660632 29.135
9.40843 1.10579 35.8252
15.2925 0.639819 28.8051
6.71518 0.917227 28.7214
15.2941 0.721606 29.3062
10.5932 0.694251 27.8935
6.28999 1.02689 26.7118
6.37636 0.944217 34.267
7.28001 0.973595 35.6879
13.934 0.58695 26.8644
6.9697 0.939729 30.8129
10.6563 0.695167 27.2282
13.179 0.652891 28.8643
8.60763 0.98734 32.452
9.68676 0.660571 28.6161
8.64639 1.11997 35.8902
5.83289 0.971456 29.7243
9.33418 0.814728 29.6062
9.18556 0.421914 27.252
22.3726 0.183212 29.1171
16.7715 0.597795 25.0897
20.1927 0.22809 28.0396
21.1003 0.191445 28.8266
21.3341 0.00551376 27.0499
20.8003 0.170745 28.4046
21.3594 0.22047 30.3245
16.5662 0.553114 27.8644
22.2292 0.570058 22.3278
17.4585 0.708854 30.2555
18.2361 0.534752 26.2545
16.81 0.530969 26.083
21.646 0.561803 22.5609
15.4915 0.651433 22.6363
14.6079 0.662181 25.415
21.6081 0.256664 24.5077
18.8981 0.615258 29.8652
20.6776 0.22756 30.6141
20.0541 0.201907 27.5427
15.366 0.534677 28.0368
17.4707 0.658431 23.7163
18.834 0.468593 27.9907
17.0142 0.706326 23.5033
20.7545 0.243408 24.2312
17.7155 0.746742 30.0532
20.0773 0.3732 29.2197
19.1123 0.65927 22.5191
23.5875 0.17818 28.3523
20.7951 0.0347271 26.625
14.3293 0.487507 27.5699
20.7249 0.130098 25.6439
18.9585 0.468558 24.6545
13.8802 0.896206 24.5971
18.0768 0.710192 29.5377
17.8025 0.581953 25.491
18.6231 0.53608 23.918
16.5936 0.503242 26.3995
22.376 0.255875 25.5124
19.9388 0.707516 22.2081
19.6299 0.25923 27.2452
18.7055 0.638638 29.8304
22.1138 0.116035 26.692
23.6922 0.394009 25.7062
14.2051 0.645914 26.0937
19.0794 0.466031 28.4061
16.514 0.591971 28.2431
17.1546 0.652763 24.1341
20.8854 0.174747 28.5688
15.8665 0.543776 27.9645
20.8958 0.190635 28.7183
21.638 0.842236 20.1672
22.7621 -0.268104 13.523
23.8171 0.404754 21.0767
25.5444 0.516218 17.2809
25.2865 0.501863 15.7374
27.6624 -0.259092 13.0991
23.5171 0.613744 19.9027
26.514 0.331143 19.3731
26.5821 0.333598 18.6307
28.212 0.0268513 17.139
20.5186 0.938299 20.9131
26.3193 0.103588 14.2475
20.4573 0.847095 19.7158
24.5141 0.674842 18.2245
27.081 0.25199 20.2423
27.2373 -0.3002 13.1382
24.9823 0.242334 14.2316
27.3963 0.174882 20.7812
24.4763 -0.0758125 13.1043
25.1785 0.365324 21.4832
23.4322 0.753027 17.767
27.0423 0.255668 14.8643
20.688 0.688162 17.8929
28.9457 0.0391388 15.8412
27.6096 0.110597 18.4839
22.8756 0.506968 16.2002
29.3556 -0.162069 16.5329
20.7408 0.438366 17.0528
22.4132 0.297408 15.5955
24.6917 0.452129 22.4745
19.9675 0.899612 21.083
27.9249 0.0472195 19.6572
21.66 -0.369199 14.0928
25.0418 0.53836 15.8702
29.3107 -0.158875 16.585
26.0214 0.459399 17.5549
25.1538 0.518869 15.7206
22.8646 0.52768 21.8583
24.1616 0.474172 20.1691
22.9796 0.494037 15.9221
27.0063 0.299907 16.2048
28.3695 0.031176 14.2365
25.2347 0.529519 16.4007
24.6786 0.523887 19.3747
25.2075 0.519243 18.7287
29.1697 -0.104669 16.4172
22.3754 0.726392 18.8868
21.6857 0.32628 16.382
22.4459 -0.313346 13.6588
27.6645 0.094622 18.9682
26.7895 0.333822 17.3585
33.0473 -0.546711 19.1668
33.9604 -1.15643 13.7574
35.4546 -1.24489 12.6349
25.6096 0.382491 14.8358
32.4183 -0.913643 13.6779
27.734 0.0960125 19.4691
30.0968 -0.366492 21.4418
25.5318 -0.100204 13.3864
33.2619 -0.632972 18.1658
33.7547 -1.29459 12.8055
30.929 -0.296162 14.3884
29.8835 0.00059967 13.7896
27.4783 0.258282 15.6558
26.7071 0.333189 15.1361
28.3237 -0.000853729 21.0512
25.8504 0.486452 17.6207
34.1966 -1.00869 18.8472
28.8278 -0.151106 17.3943
33.1047 -0.569782 19.6061
27.1734 0.28214 16.3551
34.0306 -1.49352 12.027
28.222 0.00582161 17.3079
31.4286 -0.835249 11.8678
28.0914 0.0877968 16.7174
34.5882 -1.16611 19.2359
28.4369 -0.249572 12.8746
30.9187 -0.258891 14.5797
28.5385 -0.351339 12.2844
27.2277 0.223313 18.6788
29.2798 -0.222323 12.0882
28.0462 0.0966042 16.9514
30.5884 -0.387531 21.3362
35.0679 -1.31066 13.3921
28.8898 -0.234916 18.9153
26.7648 0.129651 14.4494
26.1501 0.294601 20.9569
32.2428 -0.540668 18.1569
27.0575 0.295393 15.5221
28.3926 -0.0934227 18.8344
25.9136 0.470847 17.3894
34.4121 -1.35874 12.6618
29.795 -0.321218 20.7512
32.7452 -0.797466 14.4517
29.5441 -0.0845593 12.6323
30.5173 -0.375724 20.9193
35.1574 -1.30959 14.8463
30.5167 -0.382199 20.771
27.1279 0.275553 17.2951
25.7906 0.472551 16.9258
15.4944 0.788473 23.9564
20.4468 0.622508 22.4826
14.5905 0.615619 19.3655
18.4357 0.680475 22.5232
15.1264 0.466463 20.7727
22.6088 0.425649 24.0089
21.5977 0.762797 18.6333
23.9775 0.398328 20.8616
18.1233 0.76565 16.5764
14.7132 0.51179 20.7061
20.0385 0.796202 17.9558
14.9408 0.225981 16.3533
17.5285 0.731906 21.7212
17.9856 0.779873 21.1371
15.3852 0.687661 22.9178
20.6473 0.133105 15.9044
17.931 1.07165 18.127
20.0479 0.86575 20.483
23.1889 0.523709 21.161
23.6311 0.739438 17.4322
15.3455 0.749317 19.3233
23.8643 0.416761 20.893
19.5865 0.24976 15.5488
14.2108 0.528691 18.3446
18.3473 0.760137 16.7354
17.9377 1.07611 18.088
23.0617 0.451465 23.5789
16.3111 0.683925 20.2624
20.4538 0.686941 22.225
17.7563 0.60058 24.21
17.4496 0.701732 23.0484
14.5307 0.672244 19.9993
23.7584 0.709358 16.8771
18.4852 0.776226 16.9246
16.1965 0.73578 23.9673
22.4641 0.518345 16.7865
23.8121 0.637799 16.043
18.9149 0.167515 14.7736
17.8675 0.8135 16.7226
22.2703 0.303344 15.7515
15.7569 0.562165 20.6256
16.6547 0.927909 18.7755
22.9036 0.529536 16.4929
15.4954 0.878728 17.6409
21.7103 -0.145399 14.6192
14.5798 0.612767 20.2761
21.6285 0.311466 23.913
15.1423 -0.355126 14.8005
19.3946 0.88747 18.901
18.5252 0.349896 15.052
35.096 -1.35954 17.7871
30.5753 -0.495371 19.2033
33.6076 -0.788206 17.0684
27.8164 0.0750961 19.4637
29.2498 0.0968674 15.0486
25.7485 0.502875 17.7151
31.0132 -0.533608 18.5238
29.1232 -0.0133049 13.847
26.2007 0.37405 14.9832
34.5408 -1.44149 11.637
32.0368 -0.516511 15.8225
27.4187 0.167888 20.1802
30.8875 -0.557767 11.6869
31.4823 -0.412946 14.4727
28.1564 0.00222702 20.2562
32.3322 -0.54661 17.9748
26.9219 -0.779594 11.7812
31.6617 -0.374546 14.9549
28.3703 -0.28968 12.6919
33.6787 -0.861374 15.4305
32.0975 -1.07725 12.5775
30.2957 -0.585532 10.5242
35.3316 -1.36428 14.8635
26.6555 -0.867772 11.0363
35.1463 -1.35751 16.4904
33.549 -0.768204 17.0562
32.7274 -0.590367 16.9082
28.2888 -0.593822 11.4214
33.7464 -1.55065 11.7023
30.6058 -0.137675 14.8352
33.9164 -1.53537 11.1573
35.1256 -1.3193 15.458
33.7809 -0.841595 19.0783
26.9887 -0.950691 10.7836
31.8079 -0.9977 12.1752
32.1815 -0.610303 14.6128
29.8444 -0.00397911 15.329
29.1305 -0.161299 16.9369
29.9969 -0.0378433 13.0472
33.1358 -0.582283 19.5467
27.0019 -0.604007 12.4246
30.1929 -0.0455601 15.1709
35.1454 -1.38605 17.9196
31.7762 -0.836621 12.9684
33.7962 -1.25213 13.2597
27.1383 0.256566 18.1774
30.6155 -0.59957 10.7888
34.6947 -1.20891 18.7362
26.505 -0.148698 13.5675
29.0493 -0.119394 16.6924
-23.8133 1.18745 15.6982
-31.7655 1.41775 8.58628
-28.4423 1.01529 7.85261
-29.7912 1.65516 12.4566
-30.7083 1.41205 10.5718
-25.0929 1.21385 6.1301
-24.0834 1.45394 10.2752
-29.7702 1.10714 7.66584
-25.1112 1.31617 12.0358
-31.5323 1.1857 15.6637
-32.5416 1.45358 9.70936
-23.4086 1.14978 12.919
-32.2248 1.29483 11.3159
-25.3157 1.20695 7.36091
-28.7093 1.17941 9.98738
-25.9157 1.35257 13.0899
-29.4738 1.58503 15.7964
-28.2052 1.06127 9.32231
-32.7329 1.60256 8.77427
-27.2741 1.03989 10.0609
-24.7535 1.3367 8.43399
-23.6686 1.30805 12.2998
-27.6272 1.08776 10.1095
-30.7962 1.31762 15.5743
-23.4177 1.14022 13.4229
-29.8126 1.42375 10.6756
-25.645 1.35357 13.1946
-30.4269 1.37457 10.3332
-24.0217 1.45171 8.10622
-31.0605 1.30722 9.68647
-23.3936 1.27262 7.43171
-26.8001 1.01951 9.35283
-22.8156 1.03985 11.1437
-28.5821 1.03596 8.90306
-25.7014 1.42704 13.7149
-32.0426 1.28894 13.5645
-26.9854 0.876743 6.92205
-29.4748 1.60674 11.9537
-28.2348 1.33087 11.9665
-23.328 1.25657 7.66304
-26.6457 0.909703 6.22226
-24.6904 1.40922 12.5021
-28.8665 1.62146 14.9282
-25.1835 1.41852 14.2131
-25.5815 1.34722 13.1317
-25.7185 1.10336 6.47404
-27.7926 0.970493 8.199
-30.5423 1.52237 13.9969
-30.741 1.24837 8.20755
-30.0134 1.41487 10.5346
-27.6429 0.756632 -2.22595
-31.7935 0.890657 3.86615
-31.7214 0.697818 -0.856584
-26.4182 0.707066 -1.93784
-26.1228 0.570433 -2.41364
-24.3598 1.15639 4.59826
-32.7847 0.773422 1.43261
-33.1204 1.27369 5.12988
-29.8439 1.13787 5.79187
-31.469 0.426725 -2.50916
-26.0645 0.585374 -2.22046
-26.7918 0.9687 5.2257
-24.4657 1.15377 4.8104
-25.2286 1.13489 4.7185
-31.083 0.781723 1.2672
-28.047 0.641153 -2.26593
-29.8073 0.81292 3.86581
-32.6782 0.760359 2.18153
-29.2342 0.851638 1.01939
-31.863 0.6546 -1.08912
-32.4627 1.47057 6.5234
-29.3401 0.21503 -2.64039
-25.7795 1.15686 2.86545
-25.5112 0.480135 -2.1408
-27.1702 1.08186 4.47984
-31.5292 0.769344 3.41234
-30.5886 1.23516 6.25392
-25.2365 0.567915 -1.24295
-26.9282 0.834271 -2.39867
-27.4028 0.943474 -0.470522
-27.6301 0.709941 -2.58393
-31.6863 0.730093 -0.666759
-31.863 0.829588 0.214308
-26.7683 0.778729 -2.4646
-33.2168 0.793299 -1.21731
-24.0909 1.33939 5.59467
-26.8455 1.21833 3.64276
-29.6373 0.95382 4.73868
-32.9953 1.16447 4.64407
-33.194 0.770778 2.80167
-27.8587 1.03416 4.99839
-33.529 0.803096 3.03361
-27.689 1.18125 3.06718
-32.9294 0.755572 2.69546
-27.115 1.22665 2.21877
-29.5262 0.914969 4.25252
-27.5911 1.12693 4.05873
-30.855 1.26987 6.97508
-26.9233 0.942284 5.35754
-27.0799 1.17874 1.76679
-34.751 1.36224 10.5392
-36.2742 1.0647 13.5835
-41.2517 0.130926 10.6834
-36.5091 1.08984 4.89967
-39.1853 0.401553 12.7653
-42.3858 0.0842102 6.44212
-41.3118 0.414148 8.22654
-35.5234 1.33049 6.7851
-33.2922 1.14281 4.60766
-36.6355 1.29177 7.04145
-39.3504 0.764938 11.1821
-33.9508 1.01721 4.08243
-35.5634 1.35037 10.4724
-40.3649 0.657319 6.67529
-41.7345 0.254101 5.95566
-37.7607 1.28119 7.33626
-37.7699 1.00101 11.2753
-41.9347 0.190069 7.72665
-35.5118 1.26147 11.2647
-36.5641 1.3086 10.3882
-41.9543 -0.0491329 10.1057
-39.6565 0.836833 4.6458
-34.7818 1.40257 6.92488
-40.9175 0.592297 9.4781
-36.1747 1.07988 4.14252
-33.4713 1.29986 11.1762
-35.8087 1.5066 8.89246
-38.3784 1.55354 8.59704
-38.9955 0.459099 12.8162
-35.379 1.13687 13.8307
-40.8922 0.310807 10.5507
-38.3097 0.969953 11.0867
-42.7294 -0.567137 12.2219
-38.6195 0.761751 11.6187
-40.9819 0.351727 10.2501
-35.4346 1.39645 7.49343
-35.4306 1.22765 5.78776
-35.6 1.16538 12.023
-37.0463 1.0698 5.09743
-42.1407 -0.0143326 9.66762
-41.6365 -0.133717 11.1846
-34.577 1.14276 13.2249
-40.1897 0.483875 10.9947
-39.5354 0.723261 11.1159
-41.8593 -0.344159 13.4924
-35.0855 1.15485 12.5824
-40.5184 0.884437 8.92786
-37.2501 0.799789 13.6045
-40.8287 0.573573 4.61254
-42.1169 -0.344691 11.3558
-35.1235 0.773472 0.840568
-42.3601 0.320441 3.34156
-34.8501 0.87307 2.26912
-39.4163 0.95889 -0.980466
-42.9894 0.00132408 5.08569
-35.2291 1.3555 6.74493
-36.0849 0.859211 -1.4178
-39.7004 0.93132 7.14996
-42.2984 0.355086 1.47077
-37.7548 1.02739 5.79733
-39.2341 1.1065 -1.7593
-37.2775 1.0357 2.9082
-42.8398 0.503065 -0.790646
-36.7117 1.18659 6.31218
-43.3193 0.439466 -0.4232
-35.7681 1.1697 5.43172
-38.9918 1.20659 -2.20518
-37.6727 0.913109 -0.882501
-34.0407 0.822141 -1.43306
-36.3983 1.10923 5.14149
-41.0875 0.541778 0.788687
-37.3123 1.0481 4.16094
-34.5205 1.31173 5.74331
-34.6804 1.33159 5.9719
-35.5337 1.2288 5.86081
-34.4628 0.76429 0.856742
-34.7918 0.751777 -0.640793
-35.8422 1.05484 3.84481
-33.6776 0.78831 1.07646
-39.918 0.774406 4.6917
-40.0443 0.737468 4.80401
-39.0067 0.988096 1.39752
-39.4233 1.18645 -2.56164
-34.9868 0.698912 0.0727216
-37.6135 0.801822 0.264073
-40.1219 0.851248 -1.04059
-35.5993 0.954395 -2.32723
-38.8013 0.964917 -0.567861
-42.7257 0.554402 -1.35889
-33.64 0.797961 1.77779
-39.0766 0.966139 1.27086
-34.3676 0.827586 -1.42299
-42.9878 -0.0482746 5.71285
-42.9491 0.139149 3.49444
-34.634 1.30555 5.77628
-33.373 0.817429 -1.70925
-41.6307 0.398378 4.54796
-39.5487 0.779129 5.87246
-37.5781 1.04996 4.32422
-39.7401 0.881941 2.18552
-46.8496 0.0577263 -0.990748
-40.9717 1.02597 -6.33235
-41.67 0.426981 0.713405
-43.3894 0.672369 -3.38126
-42.295 0.825833 -2.72783
-39.8648 1.17189 -3.79601
-43.4623 0.923371 -6.37142
-43.4541 0.403251 -0.0764129
-41.2705 0.835392 -8.37836
-43.8914 0.278753 0.528458
-45.1683 0.367004 -1.19612
-45.421 0.345019 -0.266237
-42.4369 0.33101 0.18055
-44.4163 0.466649 -0.74751
-40.3299 0.827034 -1.0997
-41.6505 0.868445 -7.71087
-41.807 0.825188 -2.44646
-41.1576 0.94878 -2.62803
-42.3948 0.308401 0.551047
-44.7331 0.428213 -1.68108
-43.7501 0.891186 -6.96897
-40.9983 0.52949 0.0841136
-40.1123 0.948494 -1.65024
-42.7372 0.916367 -5.60204
-41.3096 0.498895 0.821135
-45.6472 0.28069 -1.20194
-45.8861 0.236286 -0.982198
-45.3725 0.757304 -7.648
-45.3139 0.312872 -2.28504
-39.3445 1.05394 -7.23723
-42.1839 0.924257 -6.64089
-41.6782 0.414972 0.435381
-45.5623 0.320952 -0.0590186
-44.0654 0.52706 -2.64516
-45.5959 0.294777 -1.43052
-44.5996 -0.904391 11.9709
-44.997 -0.745995 10.3134
-47.6759 -0.787479 4.27638
-42.7346 -0.0241104 8.84317
-42.9794 -0.0729733 7.11308
-46.735 -1.11462 11.0541
-46.2198 -0.65175 4.88456
-43.6438 -0.242531 8.22853
-47.0802 -1.15144 10.8499
-46.323 -0.815424 7.99989
-45.2753 -0.974114 11.7035
-43.0737 -0.094875 5.98603
-46.7988 -1.10285 10.8292
-44.3509 -0.421547 7.07829
-41.7736 0.230073 9.16636
-48.0689 -1.31358 10.7901
-45.4706 -0.6576 7.37248
-47.1076 -0.816884 6.39706
-42.5549 0.0391686 6.65438
-44.614 -0.487482 7.39964
-42.2897 -0.35798 11.2711
-44.1522 -0.368303 7.77441
23.1881 -1.08724 -40.0675
25.3043 -1.18227 -40.7765
29.2253 -1.47846 -40.9892
29.2213 -1.27731 -37.6688
28.9299 -1.49235 -33.1398
30.4424 -1.66134 -32.686
29.2949 -1.46778 -40.6803
28.2044 -1.20341 -35.3573
30.1503 -1.39661 -38.27
31.1827 -1.33267 -37.7069
31.4104 -1.38534 -34.7408
25.213 -1.49165 -34.7445
25.105 -1.48168 -35.0189
24.0866 -0.999026 -39.3147
25.0113 -1.2103 -41.2535
28.7199 -1.32763 -39.7349
31.6936 -1.45315 -39.0793
25.018 -1.61325 -33.6687
25.7648 -1.13033 -39.9571
25.7401 -1.22557 -36.6638
27.187 -1.1002 -35.5181
26.6831 -1.03602 -38.7949
23.4152 -1.67302 -34.8687
22.4929 -1.34 -37.8522
24.2044 -1.07957 -40.7695
22.4184 -1.71458 -32.5099
25.8878 -1.27646 -35.6485
31.3179 -1.52218 -33.9104
22.9397 -1.67862 -33.3727
26.232 -1.02843 -39.1068
29.6385 -1.32697 -37.7164
23.8376 -1.69108 -34.7943
29.6373 -1.49022 -33.47
29.0904 -1.33168 -34.7784
26.2571 -1.35202 -41.1213
30.3725 -1.45722 -39.6067
31.3189 -1.50423 -41.0466
31.4577 -1.97917 -31.8033
25.3171 -1.10614 -38.1553
25.6037 -1.38285 -35.1559
26.7609 -1.47561 -32.9183
22.0864 -1.82023 -31.4714
23.4793 -1.05923 -39.7233
30.4891 -1.551 -33.2585
23.7204 -1.10996 -38.4836
23.0554 -1.65434 -35.7638
29.8415 -1.49185 -40.4597
30.4256 -1.30475 -36.795
22.412 -1.65641 -34.2052
31.0588 -1.34507 -37.7844
-21.2224 -0.608688 -30.2416
-23.5695 -0.0814545 -28.1178
-27.6493 -0.242158 -32.5485
-25.2838 -0.0923916 -32.8375
-21.2907 -0.260912 -26.1771
-22.2365 -0.190494 -35.8094
-23.5738 -0.270658 -35.0388
-19.1306 -0.333627 -28.2765
-23.6083 -0.262814 -34.7272
-19.0406 -0.6992 -30.2291
-18.816 -0.762504 -31.8948
-26.5698 -0.162889 -32.2662
-20.8537 -0.468429 -28.5268
-18.6451 -0.756136 -31.5817
-20.2638 -0.693727 -33.3081
-23.8882 -0.094796 -31.7587
-18.2941 -0.0452099 -27.266
-26.4929 -0.202256 -31.0598
-19.325 -0.340619 -35.8796
-25.5569 -0.268417 -28.8976
-22.3366 -0.256802 -34.838
-25.7986 -0.295141 -35.1835
-24.858 -0.110859 -31.6427
-20.5964 -0.711922 -32.2259
-27.8351 -0.377209 -30.2358
-23.2924 -0.189447 -33.8837
-24.8507 -0.134847 -30.8394
-27.6935 -0.291409 -31.6464
-24.1433 -0.0656147 -32.2046
-23.7099 -0.12056 -32.3394
-26.8503 -0.525812 -28.4413
-19.0687 -0.108931 -27.1354
-19.9217 -0.267127 -27.6353
-23.0364 -0.121527 -26.5636
-27.1423 -0.219079 -34.4223
-23.0944 -0.265632 -31.202
-26.6904 -0.184253 -33.7174
-20.4979 -0.728555 -32.7395
-18.682 -0.190542 -27.7849
-25.661 -0.289817 -35.0989
-21.1329 -0.477634 -33.8342
-19.3027 -0.694699 -30.3045
-27.7729 -0.262952 -34.3317
-20.294 -0.472795 -28.7831
-26.1548 -0.545476 -27.2128
-26.1365 -0.346671 -28.7877
-19.4953 -0.348804 -28.1889
-27.0221 -0.215178 -34.6286
-20.6831 -0.711072 -32.3233
-19.3998 -0.376068 -28.398
-11.8905 -1.28135 -41.0148
-10.1229 -1.21058 -40.1542
-18.1022 -0.439643 -40.4844
-15.7409 -1.23562 -39.0196
-16.0711 -1.01367 -40.5949
-10.0124 -1.32302 -41.1076
-17.536 -0.631998 -39.6525
-12.526 -0.91687 -37.0377
-16.5081 -0.887446 -40.58
-19.2407 -0.58188 -34.3716
-13.3658 -1.20379 -39.896
-13.4396 -1.20316 -39.8268
-14.9357 -1.40849 -39.6473
-14.9034 -1.45077 -39.0348
-18.3755 -0.506219 -37.3014
-10.892 -1.04557 -39.5127
-14.2741 -1.22721 -38.3057
-10.2993 -1.17845 -40.0001
-13.5161 -1.13692 -38.7058
-11.7642 -1.49904 -42.0229
-15.2823 -1.1776 -41.3799
-16.7144 -0.901137 -39.4407
-13.1622 -1.33385 -41.1784
-11.1773 -1.01868 -39.5725
-15.0038 -1.39532 -38.4119
-18.6499 -0.661153 -34.3414
-19.5197 -0.320107 -36.6299
-16.701 -0.929803 -38.5798
-17.0352 -0.811633 -37.8156
-15.0632 -1.22756 -41.5477
-15.9119 -1.13921 -39.5054
-11.48 -1.13657 -40.2455
-18.255 -0.518241 -37.2333
-16.6036 -0.893664 -37.2412
-15.306 -1.37305 -38.9823
-13.3115 -1.24815 -45.2157
-8.98804 -1.36619 -41.1223
-11.701 -1.41484 -41.6265
-14.366 -1.33457 -39.0095
-14.7132 -1.16327 -44.8306
-7.95163 -1.42098 -41.5218
-12.6001 -1.43898 -42.3269
-14.3903 -1.32626 -41.3237
-13.9595 -1.06712 -36.7881
-6.00607 -1.15435 -44.7937
-10.9917 -1.4502 -41.8608
-14.119 -1.31606 -40.9102
-9.19648 -1.21925 -43.8155
-10.8294 -1.2238 -45.242
-10.9441 -1.30069 -44.9399
-9.89077 -1.32466 -43.3169
-13.4149 -1.20886 -39.9296
-5.65664 -1.45615 -41.4852
-15.277 -1.38093 -39.0241
-5.67281 -1.40918 -42.6757
-6.97046 -1.12536 -45.217
-10.8831 -1.16333 -45.488
-9.6979 -1.26442 -40.3691
-14.4205 -1.24957 -42.5667
-8.80371 -1.38797 -41.3194
-13.73 -1.13243 -38.0295
-14.3289 -1.21867 -44.1656
-11.7221 -1.31554 -41.1846
-15.4453 -1.19806 -40.5992
-11.163 -1.21776 -40.551
-14.1916 -1.34691 -39.8729
-14.2026 -1.33326 -41.4592
-12.3752 -1.18668 -40.4536
-6.62591 -1.12792 -45.1477
-13.2547 -1.35264 -43.1396
-6.0015 -1.31001 -43.4164
-11.0796 -1.37939 -43.7734
-7.99619 -1.35824 -42.7215
-3.7009 -1.28532 -48.3036
-6.88057 -1.17618 -46.0522
1.32671 -1.37015 -44.1793
-3.52784 -1.46017 -42.7687
-6.72584 -1.04733 -48.7485
-0.583735 -1.59549 -47.4539
-6.41674 0.706752 -51.3374
-7.76108 0.0905811 -49.8173
0.676367 -1.49148 -51.2818
-6.79181 0.639527 -51.3697
1.1961 -1.60821 -49.5902
-7.75553 -0.277591 -47.897
-4.43364 -1.16578 -48.7131
-6.55956 -1.13088 -44.883
-6.82319 -0.182775 -48.8559
-5.7554 0.757333 -51.8205
-2.48748 -1.40848 -44.2708
-5.8881 -1.25325 -46.3452
-3.46621 -1.36175 -47.9682
0.444736 -1.32558 -44.1323
-1.37264 -1.50211 -48.2816
-5.37209 -1.20883 -45.4925
-0.568171 -1.3893 -45.7287
-4.02409 -1.3541 -44.6029
-0.142437 -1.33729 -43.5997
-3.59805 -1.46584 -42.3146
0.609233 -1.48972 -50.7151
-6.37793 -1.1871 -48.4705
-6.47625 0.0933598 -49.7883
-4.29234 -1.32279 -44.6712
-4.95948 -0.824317 -49.8328
-5.20363 -1.34749 -43.4319
-7.89134 -1.09274 -46.047
-7.22121 -1.14086 -44.6581
-4.1483 -1.31627 -45.6203
-3.23272 -1.39919 -45.3872
-6.70361 -1.35951 -42.8926
-2.83659 -1.4371 -43.7261
-7.51784 -1.41394 -42.306
-3.86385 -1.44331 -42.9295
1.2614 -1.44964 -42.5896
-0.677732 -1.4599 -46.5475
-4.89875 0.24788 -50.6098
-1.43764 -1.08903 -50.5894
-5.79258 -1.28405 -48.3279
-1.51699 -1.38982 -43.6327
-4.72998 0.430082 -51.2998
-5.25886 0.459753 -50.8244
-1.84261 -1.44902 -42.1544
-3.25958 -1.46114 -42.6982
-15.3503 -0.958598 -47.9257
-22.239 -0.817422 -48.1527
-19.3709 -0.381989 -43.7913
-16.312 -0.886943 -41.3749
-22.286 0.431086 -41.5803
-15.9545 -1.03719 -44.8579
-13.7053 -1.3347 -42.0457
-16.3139 -1.04307 -39.1626
-17.9142 -0.752221 -44.2525
-17.5828 -0.492642 -41.9968
-21.3271 0.517529 -42.6756
-19.5937 0.437088 -39.5993
-21.3299 -0.303137 -47.1691
-18.8913 -0.558744 -43.9668
-17.4464 -0.940219 -45.494
-16.7268 -0.805393 -43.105
-20.7659 0.510884 -43.0931
-21.4034 -0.093829 -46.4971
-22.5677 0.490239 -39.7983
-13.416 -1.34055 -42.9737
-18.0871 -1.37963 -48.1607
-16.8256 -0.782734 -43.1724
-16.3523 -0.89363 -43.0848
-15.2935 -1.10844 -43.7739
-22.033 -0.528265 -47.4664
-16.2299 -1.02424 -45.7057
-20.2394 0.410133 -43.506
-21.4776 0.471585 -43.495
-20.208 0.132497 -44.4002
-17.9811 -1.38405 -47.9629
-18.8101 -0.73196 -46.0851
-16.8742 -0.85057 -39.4461
-19.825 0.271558 -43.7321
-14.4173 -1.2206 -43.734
-19.9074 0.402999 -42.6731
-13.2356 0.0849014 -47.9058
-17.1974 -1.28273 -48.4491
-17.2807 -1.28796 -48.2595
-13.5002 -1.17244 -45.6636
-18.9636 -0.995461 -47.5186
-15.9808 -1.05972 -40.3397
-21.8951 0.424443 -43.5014
-19.3044 -0.392767 -45.4512
-17.6628 -1.10788 -46.4449
-14.1658 -1.23092 -44.3321
-20.0966 -0.535071 -47.1679
-13.1453 -1.36759 -41.6425
-15.4455 -1.071 -43.2594
-19.8207 -0.487664 -46.5786
-21.9146 0.222878 -45.486
-22.8522 -1.20771 -53.2674
-17.7611 -1.15208 -46.8463
-16.3518 -1.18072 -51.5394
-16.7708 -0.970867 -44.9746
-19.0336 -0.753121 -46.4938
-21.1105 -1.14742 -53.8067
-22.6658 -0.298408 -46.5762
-19.5749 -1.39411 -51.7235
-22.3276 -0.924966 -48.581
-21.2326 -1.2711 -52.0943
-19.7839 -1.30467 -52.7782
-23.2816 -0.511416 -46.9058
-21.6806 -1.21325 -53.0965
-22.3221 0.00296745 -45.9231
-18.5038 -1.04505 -47.0541
-22.4851 -1.16154 -53.5616
-15.2377 -1.10085 -45.1242
-18.8545 -1.4527 -50.6636
-19.6603 0.0818985 -44.2174
-19.6197 -1.27757 -53.3657
-19.2099 -0.337762 -44.9774
-15.3937 -1.01985 -46.2396
-22.3682 -0.635941 -47.5705
-19.141 -1.41772 -51.9032
-15.4883 -1.03857 -45.6579
-15.144 -1.12303 -44.2785
-21.0141 -1.17925 -53.2421
-20.4544 -0.585344 -47.6932
-18.0161 -1.35289 -54.0682
-17.2564 -1.32189 -49.0085
-19.5935 -0.165288 -44.9609
-17.9018 -1.03343 -45.9704
-22.8812 -1.38144 -51.9081
-23.2334 -1.31644 -52.4519
-19.653 -1.28511 -50.1621
-17.2881 -0.880589 -44.7009
-19.9756 -1.21471 -50.1035
-17.3711 -1.18216 -53.901
-19.9661 -1.32423 -52.2563
-21.9687 -1.16075 -53.6275
-16.856 -1.23017 -48.5178
-13.811 -0.73868 -48.4116
-14.0335 -0.991292 -46.7291
-22.7561 -1.31332 -52.3619
-14.5041 -1.12218 -45.7693
-14.4342 -0.574167 -52.5319
-16.2065 -0.914299 -53.3684
-15.5973 -1.02383 -46.7215
-17.6214 -1.26043 -53.8198
-30.1437 -1.04297 -50.4426
-25.1593 -1.01226 -47.8263
-28.4902 -1.05896 -52.481
-22.4791 -1.40307 -51.4144
-26.9199 -0.592829 -44.3762
-25.8844 -0.749396 -46.7279
-26.9116 -1.14122 -52.6656
-23.2888 -1.51257 -51.0628
-31.0925 -0.822427 -49.2051
-30.9021 -0.823469 -46.9437
-28.4649 -1.05916 -49.0141
-27.7839 -1.27834 -50.1906
-22.8972 -1.37497 -50.3584
-29.7527 -0.964313 -48.1977
-25.812 -0.75209 -46.7725
-31.0907 -0.842631 -45.6174
-29.0136 -0.769094 -45.7004
-27.4741 -1.19955 -49.6309
-28.586 -0.906394 -53.446
-28.5775 -1.12104 -51.9991
-25.8072 -1.49286 -51.1177
-23.7792 -1.42335 -50.0755
-26.0086 -1.45934 -51.2599
-29.4112 -0.808782 -53.9752
-31.3226 -0.833513 -49.8527
-30.989 -0.853661 -52.0787
-28.2564 -0.930319 -53.3715
-28.8604 -1.075 -52.0684
-26.0245 -0.566249 -45.5917
-30.7092 -0.915551 -49.6754
-26.5811 -0.932438 -53.8299
-29.3508 -1.00783 -52.3324
-22.2905 -1.06855 -49.3003
-29.2608 -1.11038 -49.9122
-22.1721 -1.40391 -51.2877
-30.2694 -0.988403 -49.7493
-22.6537 -1.22613 -49.8088
-21.8611 -0.733114 -48.1202
-23.7783 -0.404689 -46.4618
-26.5201 -0.66581 -45.3802
-26.7941 -0.97898 -48.1477
-25.5517 -0.763419 -46.9391
-24.0716 -1.19636 -53.3447
-25.8273 -0.883155 -47.2626
-27.2809 -0.764797 -45.6354
-30.8792 -0.846655 -49.091
-24.7668 -1.02499 -54.1638
-24.7921 -0.050362 -45.058
-24.0646 -0.118095 -45.7126
-22.3238 -1.12515 -53.9022
-33.3993 -0.769285 -38.3088
-26.6074 -0.252056 -38.6662
-30.6335 -0.691229 -39.7441
-30.3933 -0.52916 -37.7927
-34.2938 -0.710371 -43.9337
-32.9641 -0.841209 -39.5143
-24.3524 -0.408189 -35.4938
-27.9007 -0.286142 -37.4408
-27.4045 -0.272538 -35.4547
-33.8308 -0.735218 -37.7439
-24.6832 0.250995 -41.5019
-34.1204 -0.728874 -38.8441
-26.7853 -0.309381 -42.654
-26.8579 -0.168853 -40.9999
-31.0251 -0.83231 -43.0599
-28.5674 -0.358133 -37.985
-32.3671 -0.736379 -34.6038
-30.0942 -0.525595 -38.0448
-33.8695 -0.91576 -43.0111
-28.0892 -0.280297 -36.3175
-27.5757 -0.249878 -37.1289
-30.5435 -0.453918 -35.9058
-31.7932 -0.695692 -36.088
-29.7961 -0.597125 -39.792
-25.6982 -0.417435 -44.0158
-31.4673 -0.817142 -40.775
-27.1994 -0.232664 -36.9977
-32.7401 -1.0312 -41.628
-25.0024 0.237388 -41.9747
-28.4408 -0.475211 -42.6552
-30.8108 -0.815056 -42.257
-28.3455 -0.350431 -38.838
-32.6012 -0.802045 -39.351
-34.1576 -0.77292 -43.7612
-24.9108 -0.401464 -35.7788
-29.5879 -0.674783 -42.5005
-27.0722 -0.174291 -38.585
-31.9821 -0.863279 -40.666
-25.3369 -0.483559 -38.2093
-28.9236 -0.492096 -41.7833
-29.8229 -0.698293 -42.4236
-28.2579 -0.350336 -40.2012
-32.2218 -0.835432 -40.0111
-24.971 0.257056 -41.7174
-25.209 0.00454903 -43.8808
-33.3599 -0.784545 -39.1035
-29.4863 -0.464582 -38.3021
-27.9377 -0.281511 -34.7204
-29.4021 -0.533976 -39.9495
-31.4996 -0.66778 -37.4143
50.0006 -1.58194 20.683
48.7262 -1.7667 24.1157
50.0266 -1.67078 16.385
50.7624 -1.62377 17.816
45.584 -1.11232 17.4468
45.0063 -2.0956 24.1535
44.0877 -1.39592 18.091
44.6861 -1.57951 15.6337
53.0348 -0.659187 21.3931
53.2979 -0.461684 24.597
48.1146 -1.65899 20.328
50.1084 -1.50403 25.1292
45.2483 -1.0592 17.5069
50.9946 -1.45318 23.2029
50.6141 -1.5931 18.9193
51.1719 -1.44193 22.8498
47.7209 -1.72992 21.9907
51.3822 -1.53036 21.1807
45.6023 -1.86671 23.2685
44.1017 -1.27901 20.0677
47.1789 -1.53592 16.0518
51.3306 -1.66341 17.2954
51.8632 -1.38569 23.2731
50.5246 -1.45042 25.0035
51.4637 -1.79197 15.9443
50.2396 -1.6026 18.2183
53.4535 -0.526889 22.489
52.0387 -1.57584 21.304
50.6638 -1.57951 19.2559
50.2362 -1.48567 25.1286
51.4643 -1.66346 17.5453
46.0345 -1.70348 22.7692
49.498 -1.60665 17.4471
47.6178 -1.55355 16.5645
47.0257 -1.94509 23.8081
52.7656 -0.574677 24.3272
50.9486 -1.40754 24.6418
45.5483 -1.0927 17.5264
45.5669 -1.14793 17.292
53.6677 -0.895077 19.262
51.1426 -1.44971 22.6636
48.0035 -1.83059 24.828
52.3222 -1.3553 22.8287
50.9302 -1.47569 22.6914
45.486 -1.49592 22.3288
44.9657 -0.914563 18.6947
49.0893 -1.593 18.4771
48.3154 -1.69334 21.2897
46.047 -1.15566 20.9814
48.8708 -1.63812 20.6207
47.3043 -1.44575 17.0706
44.3205 -1.27066 18.0625
45.5018 -1.68389 15.0183
46.7613 -1.38162 17.1332
48.6361 -1.60955 16.8015
44.2961 -1.747 14.8773
49.8458 -1.71523 15.2752
50.8508 -2.02586 11.765
45.532 -1.07058 17.6502
43.6109 -1.48939 9.49739
46.5886 -1.54381 10.4979
46.6081 -1.51768 8.56237
53.1693 -1.07844 10.2473
46.1192 -1.63303 15.1827
45.8018 -1.07271 18.2276
53.1986 -1.26104 9.2234
50.665 -1.81751 14.3276
43.6485 -1.49128 9.6177
51.832 -1.79398 18.3307
50.7483 -2.16928 8.87488
48.3059 -1.67424 12.9857
51.0422 -1.92158 13.2329
48.6489 -1.56595 17.8818
48.5128 -1.77137 10.0178
51.0229 -1.61777 18.1846
47.444 -1.65709 8.77356
51.4514 -1.66642 17.2974
49.2871 -1.58917 17.7228
48.1188 -1.56634 17.5134
43.8426 -1.82814 12.122
44.5152 -1.24159 17.7164
50.0729 -1.68778 16.0754
49.2437 -1.7941 12.1953
46.8556 -1.6625 14.3664
45.2965 -1.31937 9.6354
48.9901 -1.65973 15.8716
46.6222 -1.47234 16.3461
48.7716 -1.68195 15.1211
44.7831 -1.65637 12.791
48.4429 -1.67821 13.5625
43.53 -1.64989 17.4805
43.8386 -1.55635 17.0981
44.0952 -1.53702 17.2907
44.5329 -1.62654 11.4503
49.0212 -1.5838 18.2703
50.8029 -2.01114 11.9261
47.3385 -1.55403 15.9979
52.7228 -1.35554 9.13337
48.9025 -1.84787 9.5533
51.6974 -1.67652 17.222
51.6563 -2.16146 9.88822
50.7036 -2.32933 7.92553
53.915 -1.98653 6.3145
47.8345 -1.99517 6.63342
48.7733 -2.26007 6.03526
52.7489 -2.25234 7.90508
49.3992 -2.34818 6.2971
47.2849 -1.508 2.51554
52.3107 -2.41799 4.08909
49.8432 -2.29607 3.45431
50.7371 -2.47181 7.1058
48.1308 -1.99809 7.09303
51.8273 -2.37388 6.7616
46.5362 -1.42142 2.80974
45.5182 -1.40978 7.31729
48.4455 -1.98207 7.63595
47.8751 -1.67716 10.1839
48.8102 -2.0663 7.48031
46.7194 -1.65278 7.46291
47.2852 -1.52969 1.50234
52.3503 -2.41873 3.78877
47.2428 -1.52936 1.19136
51.1809 -2.54687 0.535212
50.9782 -2.58121 0.711608
45.0936 -1.31035 1.44497
46.4212 -1.50445 10.0845
54.3331 -2.04796 3.74879
45.6622 -1.4025 7.76164
46.7441 -1.53525 3.83759
50.6077 -2.57835 4.15745
51.1729 -2.58743 1.54385
46.0766 -1.37258 2.69958
47.8382 -1.57587 2.10264
45.6521 -1.42493 9.96299
53.4905 -1.09784 9.84763
50.5986 -2.48005 1.44495
54.164 -2.08884 2.70964
47.1567 -1.704 4.55297
53.3458 -2.19466 1.57954
52.5331 -2.32947 5.35652
48.3603 -1.81745 3.59405
44.8898 -1.38705 0.674066
52.7953 -2.34597 3.41156
47.6529 -1.55549 2.05412
47.7698 -1.57757 1.53988
53.4502 -2.23738 3.21258
49.868 -2.33519 3.77384
47.9868 -1.92024 7.48977
48.5401 -1.77894 0.81293
49.1807 -2.22041 6.89008
51.3064 -2.30533 -7.1627
52.3721 -2.30266 -0.0103869
46.4885 -2.54693 -6.23215
53.8471 -2.0175 -4.06782
48.9879 -1.9282 0.126642
50.6887 -2.36957 -8.06843
51.6501 -2.41559 -0.915256
51.9955 -2.2886 -8.63058
47.7333 -1.58594 0.619515
49.4823 -2.08685 -0.093396
54.2103 -1.94951 -1.50486
49.7005 -2.18148 -3.17514
54.2292 -2.05837 -5.13963
48.6962 -1.877 -1.106
51.5512 -2.3949 -2.48023
54.4239 -1.99772 -1.68614
54.7678 -2.11958 -6.05732
47.2255 -2.55695 -8.69345
54.1193 -2.1472 -8.92478
53.6908 -2.0279 -1.08647
48.723 -2.26276 -4.98547
54.2057 -2.01044 -3.43975
47.0238 -1.55913 -0.392784
49.5061 -2.4108 -6.04206
48.2787 -1.80566 -1.96174
46.551 -2.57951 -8.10566
47.8911 -1.94856 -3.52887
49.0181 -2.0078 -2.51504
54.4034 -2.11669 -6.20198
52.7463 -2.18823 -5.55804
50.964 -2.45128 -3.43119
51.4306 -2.478 -0.0720344
49.0777 -2.45288 -6.84313
52.8821 -2.17975 -5.45
47.4547 -2.06131 -3.77271
51.1691 -2.45527 -2.93526
53.7708 -1.97903 -2.43478
44.9464 -1.37087 0.350037
52.1463 -2.24664 -5.66577
47.2938 -1.553 0.211177
54.1666 -2.02432 0.818491
47.3637 -2.53188 -6.42136
46.2431 -2.42909 -5.28027
49.1646 -2.04396 -2.33346
51.1413 -2.33518 -7.93543
47.7818 -1.92025 -3.35277
46.4741 -1.52163 -0.210281
48.3538 -1.8621 -2.59042
47.9888 -1.61867 0.0628576
48.1139 -1.64319 0.962233
44.1449 -1.47936 46.7733
51.7919 -0.95551 43.1413
49.5985 -0.779797 50.2283
50.1308 -1.23297 42.1549
52.0904 -0.9485 44.5604
46.8009 -1.11612 47.6085
45.7102 -1.38776 50.0101
50.1833 -0.45825 47.8033
50.0355 -0.721369 46.5755
53.8299 0.686759 50.2818
53.2141 0.499438 50.0721
46.7032 -1.08922 48.8272
46.6272 -1.12925 47.6568
47.6572 -1.26386 45.7256
47.7009 -0.794678 50.6464
53.2153 0.423405 49.5857
52.419 -0.531024 47.425
52.7129 -0.849451 44.0411
44.1095 -1.44555 44.2671
49.8668 -0.549275 47.6461
50.0639 -0.658548 46.8828
44.8321 -1.59221 50.2731
52.5457 0.419163 50.4961
45.81 -1.32795 46.3255
45.762 -1.38284 41.2692
44.2675 -1.57853 50.0818
45.3519 -1.35845 46.8969
52.8359 -0.818712 43.4783
51.9552 0.233572 49.1583
49.9437 -1.21518 41.6495
45.4291 -1.37117 46.2673
50.2547 -0.690917 46.5331
51.2706 -0.31291 47.8121
44.9658 -1.40981 43.8511
45.8063 -1.37183 50.1098
51.0317 -1.03534 43.7867
51.719 -0.914163 44.7813
53.3788 0.645465 50.6639
50.4616 -0.460846 48.3617
49.1679 -1.18341 41.9388
53.1375 0.200621 45.7593
48.173 -1.12302 41.8314
46.3907 -1.35371 45.3709
48.3332 -0.776182 49.8837
44.8862 -1.46075 48.6791
50.544 -0.702222 49.783
46.9294 -1.2418 42.1216
51.7501 -0.609817 48.7472
44.794 -1.41574 44.0702
50.3993 -1.20638 42.7903
48.4462 -0.486923 33.5739
55.4499 -0.327405 37.0395
51.4764 -1.62711 30.5189
50.2404 -0.857486 33.2485
47.6683 -0.695412 37.942
52.1585 -1.07496 37.746
47.285 -0.72916 32.0723
49.674 -0.876635 37.8916
51.4941 -1.57146 30.8427
47.6753 -0.940296 30.2873
53.7488 -1.20877 30.5125
52.4151 -1.1869 32.8762
46.818 -0.675822 37.074
47.259 -1.08079 30.1112
47.0204 -0.665267 35.2594
53.298 -1.09569 36.4997
52.2272 -1.14952 32.9537
53.8843 -0.96143 38.8435
55.1987 -1.28191 33.8351
47.158 -0.706135 32.4761
48.8167 -0.599719 36.0462
55.6239 -0.807703 31.8264
54.7709 -1.00944 39.7154
46.8394 -1.10533 30.5995
52.2656 -1.65728 31.1379
54.2829 -1.76901 31.9091
48.3104 -0.539472 36.4298
52.4539 -1.14006 33.6575
56.153 -0.640105 32.4654
55.2808 -1.12309 39.4862
53.421 -1.04412 37.9157
51.8869 -1.73527 30.5983
46.5306 -0.937811 32.1917
48.7844 -0.791723 38.7844
52.9318 -1.12123 35.1178
52.557 -1.06192 35.9403
47.7422 -0.493688 35.1318
52.091 -1.83251 30.4069
46.3435 -1.18889 38.8406
54.423 -1.12571 35.4398
49.4939 -0.99161 39.7296
53.2602 -1.23535 30.117
52.5238 -1.05507 38.8502
54.2417 -1.00155 38.0033
55.1752 -1.1323 35.2853
55.9977 -0.430811 33.8796
53.6508 -0.952241 39.224
51.0754 -1.0141 33.8519
51.4282 -1.01907 35.4312
55.7877 -0.458863 39.1514
33.5156 -0.758627 53.4743
32.4374 -0.263948 56.1148
26.9956 -0.582016 52.0323
29.3814 -0.665517 50.3391
30.1779 -0.700065 51.5053
24.8718 -1.08128 58.4302
27.5587 -0.889746 57.7203
29.971 -1.00992 55.9649
34.0686 -0.0244045 59.0937
27.3026 -0.658436 52.6122
27.5816 -0.890694 57.879
26.1478 -0.875138 55.8453
27.3078 -0.932562 56.1181
30.4562 -0.988873 57.0258
28.3721 -0.7901 52.8667
32.5771 0.0143669 58.9069
27.9014 -0.908264 54.2464
30.5252 -0.0296288 58.6301
32.925 -0.794361 52.8963
31.5967 -1.03392 55.2688
25.4044 -0.946955 58.3792
30.1428 -1.03306 55.9875
24.7082 -0.796523 55.1061
32.3183 -0.970149 49.8756
32.8347 -1.84502 49.3464
25.6116 -0.713151 53.5207
32.7056 -0.913351 51.8791
25.9778 -0.968111 57.3807
24.837 -0.937983 57.8528
30.3772 -0.974325 57.0209
32.7026 -0.997158 50.4142
27.5391 -0.913871 58.2773
32.0983 -0.954477 49.6714
24.7586 -0.874337 50.4054
24.827 -0.70961 53.5466
33.5443 -0.211127 56.2838
32.0098 -0.899553 52.0915
31.9214 -0.87879 53.7261
27.338 -0.570545 51.8175
26.2143 -0.958671 56.9745
25.5823 -0.63825 51.6118
30.1062 -0.880216 52.426
26.6648 -0.956618 56.795
33.8031 -0.1317 57.6636
30.6113 -0.956648 52.8868
31.1039 -0.201704 57.8479
33.6959 -0.195091 55.6433
27.1961 -0.162666 58.5373
31.088 -0.0177738 58.9222
24.9838 -0.308236 58.9927
19.077 -0.038673 58.8177
25.5251 -0.936645 56.9094
25.6265 -0.763954 54.3907
23.8292 -1.02828 57.398
20.9642 0.115335 59.642
24.2266 -0.715537 53.3647
18.3354 0.41686 60.8414
17.9236 -0.467168 53.9079
26.6165 -0.738019 53.8664
26.9559 -1.01048 57.8759
23.5448 -0.732132 51.8754
25.7888 -0.838016 55.4149
22.6497 -0.673108 51.7469
26.1465 -0.213995 58.4463
19.1762 0.432003 60.8554
22.8691 -0.771988 54.127
25.335 0.0283997 60.7376
23.6235 -0.298691 60.3662
20.1713 0.0550896 59.2197
20.2702 -1.15192 57.4496
24.3859 -0.964028 57.561
24.7051 -0.778428 54.8448
25.4016 -0.745929 54.1805
26.9848 -0.988382 57.2417
22.9997 -0.693039 51.529
18.5515 -0.0328468 58.894
20.8357 -1.16517 57.6675
18.3675 0.319241 60.325
24.1445 -0.456611 59.1138
24.771 -0.88653 56.459
18.9516 -1.03419 56.5237
20.8662 0.286451 60.2408
23.0998 -0.319654 59.7656
26.2667 0.217678 60.8045
24.403 -0.719369 53.951
22.9918 -0.179902 60.2582
26.2448 -0.669413 52.9863
18.3412 -0.958982 58.1436
25.9292 -0.636992 52.2053
22.5511 -1.03453 57.6324
26.0971 -0.931076 56.6476
24.0487 -0.732716 52.5245
24.5232 -0.885932 56.5417
20.1191 0.0307457 59.1113
22.603 -1.02241 56.5612
25.7931 -0.632932 51.9605
17.8442 0.346739 60.4096
18.7679 -0.938178 57.6943
20.6755 -1.19252 57.301
23.1825 -0.903974 55.8141
11.6901 -0.847029 51.6055
10.8516 0.243116 60.3478
14.7923 -0.517006 53.978
17.9392 -0.573492 53.1363
13.6781 -0.439952 51.1398
16.9965 -0.0591042 58.4319
15.8011 -0.977604 56.7348
11.015 -0.848514 53.7214
11.2581 0.214356 60.4254
9.43156 -0.704748 56.454
12.0582 -0.882135 53.5556
14.0469 -0.998452 57.4825
17.8953 -0.64219 52.6425
13.4801 -0.818151 54.9967
8.73604 -0.624136 57.2618
8.97165 -0.686852 58.0056
9.54045 -0.78431 53.8938
9.34391 -0.801433 53.433
17.4192 -0.620717 52.2858
17.938 -0.832146 55.8897
16.5463 -0.829095 55.8979
9.33109 -0.763503 54.1831
11.1417 -0.857257 52.9932
8.65663 -0.761301 53.6292
11.8285 0.0126537 59.9352
11.3313 -0.96253 58.2247
15.6813 -0.47788 53.2532
16.0043 -0.426694 51.7474
15.283 -0.315646 52.0428
8.54371 -0.906463 51.8469
17.0932 -1.0306 57.2581
9.87103 -0.76189 56.1796
14.4479 0.236088 59.4613
15.4526 -0.60111 54.6631
15.5013 -0.314177 51.5939
9.26615 -0.679682 56.9041
11.4183 -0.975652 58.3278
10.0538 0.0881092 58.864
15.1376 -0.0242523 58.5613
12.668 -0.961831 57.8267
16.0101 -0.43806 52.6227
12.3326 -0.00702896 59.7283
10.6306 0.385455 60.7446
14.6243 -0.945422 57.9131
15.1741 -0.552188 54.3653
8.98843 -0.658332 57.379
9.54539 -0.720938 56.833
8.60536 -0.762492 53.5715
8.66066 -0.682803 55.0584
14.4134 0.293251 59.793
3.85777 0.555075 58.4545
8.79346 -0.909219 52.0484
3.62064 -0.187649 58.1457
10.6042 -0.875353 56.8193
4.24685 0.654931 59.4433
4.68296 -0.19482 57.2607
2.01934 -0.1109 53.9076
9.89067 -0.770612 56.6384
7.50626 -0.642771 53.9875
8.8075 -0.717562 54.5036
1.17611 -0.122769 53.2325
10.7856 -0.902827 51.0938
3.33346 -0.282351 58.3987
3.8416 0.575941 58.7841
3.67771 -0.206504 55.0105
3.21353 -0.161823 54.6516
10.8085 -0.860764 52.9444
9.38979 -0.820223 53.216
6.98103 -0.635238 53.5923
3.42227 -0.252855 53.4187
8.43066 -0.656882 55.1698
2.33795 0.584913 58.9025
6.57514 -0.288242 57.7337
2.46092 -0.108427 55.6526
10.4081 -0.826067 54.4658
3.45551 -0.145277 56.0686
5.39773 -0.689095 50.791
0.906319 -0.0858833 53.5175
9.19881 -0.68264 57.8909
10.2462 -0.821848 56.4449
9.49783 -0.892886 52.1683
9.84032 -0.759506 56.0933
4.29629 -0.156047 57.2411
6.0493 -0.314063 56.9002
9.95018 0.258307 60.0095
8.07292 -0.716851 53.6326
7.27218 -0.39264 57.3711
5.39285 -0.43618 54.3236
1.01832 -0.0836803 55.1451
5.62449 -0.55163 53.0695
3.06182 -0.113298 55.7625
5.59397 -0.649121 51.7576
4.57096 -0.232302 56.2892
3.4473 -0.1881 54.7767
7.50656 -0.695122 53.346
4.61002 -0.261698 55.782
10.7443 -0.88524 56.4824
9.40481 0.454182 60.5728
1.14071 -0.101993 56.5715
5.14168 -0.356181 55.1445
-2.81061 -0.0591934 49.7626
-5.06471 0.962971 55.4046
-5.14589 0.863397 54.1393
-0.555291 -0.158296 49.8908
-0.054181 0.762804 55.4751
-1.28072 -0.419063 46.2444
0.479282 -0.105129 52.975
1.23217 -0.356221 48.5312
-0.244312 -0.0598228 54.2125
0.059347 -0.0201199 53.7871
-4.21874 0.776666 52.4055
0.160974 -0.230372 50.0083
-0.697817 -0.137605 50.8228
3.18322 -0.595704 48.3017
-0.486934 -0.128521 54.6306
1.33899 -0.229953 52.007
1.50469 -0.0940887 55.4925
-3.06117 0.08405 50.6028
4.51169 -0.651852 49.2377
-0.877259 -0.100737 51.2135
-4.97529 0.13201 51.9087
4.36551 -0.250628 55.5236
3.82899 -0.243214 54.4945
2.31312 -0.097863 54.9157
1.02678 -0.239206 51.6761
3.51279 -0.416405 51.6435
-1.88346 0.637522 54.8833
0.601051 -0.282844 48.8538
1.18242 -0.0838806 54.9798
-0.48846 -0.297323 47.2653
4.25808 -0.270834 54.8937
2.26338 -0.342954 51.3243
-3.06848 -0.366038 47.4981
-2.10501 -0.204204 52.6414
-4.74945 -0.0708069 49.0607
3.10632 -0.205342 53.5295
-0.0114553 -0.0354332 53.5695
-0.832708 -0.197644 48.4497
1.33929 -0.373989 48.2532
-3.33767 -0.422879 46.1801
4.09939 -0.221819 55.6033
4.62614 -0.613938 50.5207
2.3992 -0.275198 52.2129
-4.36401 0.0923573 52.346
-1.94908 -0.0946667 49.7458
3.42979 -0.470491 50.8149
1.56849 -0.397363 48.3447
4.59711 -0.703837 46.5582
-0.071882 -0.216724 47.7951
0.921495 -0.0765839 54.6474
-7.38652 0.110646 46.615
-3.58972 -0.00753021 50.0221
-4.89469 0.933844 55.2234
-9.32079 0.775834 54.0267
-3.86896 0.0497726 51.3994
-12.5014 -0.0850948 52.7742
-6.92966 0.0170208 46.1493
-4.59377 -0.203511 47.9383
-8.17268 -0.039806 48.1839
-10.8128 -0.125217 50.6993
-9.66748 0.719408 53.1682
-6.102 -0.101585 47.4851
-2.77913 -0.336162 47.9132
-4.53545 0.0527103 50.1893
-10.2527 0.715581 54.8199
-5.56854 -0.0635227 48.6713
-9.99433 0.327588 46.8897
-5.58685 -0.0857403 48.3548
-6.49264 -0.0305386 48.6155
-8.18214 0.105821 50.739
-10.8128 -0.100963 53.0623
-11.5972 -0.0948452 49.6272
-5.10008 0.0841988 50.4518
-6.77646 0.131532 50.8961
-12.5374 -0.00714684 48.5654
-4.46102 -0.139089 48.6094
-8.68447 0.0756615 50.2739
-4.76068 0.936126 55.2923
-5.14524 -0.113076 48.509
-7.6465 0.0162838 49.1785
-11.4949 0.0599979 53.9904
-7.79852 0.244709 46.2442
-6.40566 -0.0950432 46.0165
-12.246 -0.154629 49.8368
-3.91169 0.00173721 51.6371
-4.23762 -0.363753 45.7153
-5.74615 0.892819 53.5146
-11.782 0.82542 55.3137
-5.69 0.0876308 51.7909
-4.28981 0.865261 55.0387
-6.87107 0.0845902 50.2714
-5.76294 0.95573 54.4158
-7.94985 0.105563 52.2344
-7.96114 0.11834 50.8955
-9.12791 0.549131 46.1865
-11.9875 0.13423 54.1311
-3.91959 -0.327002 46.8689
-11.7302 0.199276 47.5425
-7.62391 0.149596 51.8303
-7.59675 0.0652233 49.9781
-22.8435 -0.81363 51.3871
-18.3936 0.64601 57.7932
-26.5097 -0.591466 57.2387
-23.2985 -0.57885 55.1159
-20.5629 -0.620385 52.6573
-23.5875 -0.725256 57.7188
-18.9362 -0.495274 54.4243
-24.2577 -0.647348 53.1669
-22.9991 -0.822167 49.4303
-25.2032 -0.613697 52.664
-19.9107 -0.64931 51.2095
-23.8936 -0.727885 52.3606
-24.2351 -0.592031 54.2271
-17.4103 -0.380787 54.4496
-23.7548 -0.590523 56.2353
-22.2734 -0.849439 50.8579
-25.4226 -0.496662 54.0062
-25.5004 -0.603539 57.3516
-22.3863 -0.670423 52.758
-25.3323 -0.727444 50.8585
-18.0255 -0.496991 54.5818
-25.0656 -0.689413 57.8311
-17.9376 0.475811 56.1889
-18.4275 0.540708 56.4529
-25.8111 -0.671598 51.2843
-19.9302 -0.672849 50.5082
-24.1213 -0.730637 57.8827
-18.6448 0.629296 57.7237
-25.5911 -0.53773 55.877
-18.8294 -0.478387 50.3919
-26.3473 -0.487983 55.1763
-25.8514 -0.682572 51.0981
-26.716 -0.608479 49.719
-20.8384 -0.793932 51.3532
-20.5915 0.495189 57.6797
-22.5002 -0.618892 55.9493
-19.3165 -0.505488 53.1795
-19.5527 -0.610995 50.8536
-21.0124 -0.852574 49.812
-22.187 0.215799 57.4468
-21.2956 -0.833515 51.3007
-26.0183 -0.676348 50.9217
-26.318 -0.637009 49.5935
-26.9528 -0.483047 55.6585
-24.0697 -0.582562 55.7152
-20.4099 -0.501528 55.3789
-24.8818 -0.561282 53.683
-23.3388 -0.836272 50.9034
-27.063 -0.475011 52.805
-22.4626 -0.615345 53.3159
-21.4639 -0.513118 42.4294
-20.0442 -0.675355 49.1151
-23.7983 -0.765023 51.8837
-23.5013 -0.292559 42.5838
-28.4215 -0.407033 42.3607
-20.0741 -0.441811 44.6408
-22.4872 -0.846017 50.8049
-22.9654 -0.838747 50.717
-24.1834 -0.222806 42.5502
-20.1513 -0.601905 46.9229
-23.8776 -0.69404 45.4559
-22.1973 -0.83637 49.7383
-21.9632 -0.837685 49.6025
-20.368 -0.564014 45.7965
-29.3413 0.601357 47.8696
-28.4658 0.352901 49.5835
-21.4764 -0.805423 47.7063
-26.8397 -0.550824 51.855
-21.9668 -0.835116 49.4016
-21.9971 -0.740126 46.5915
-26.5596 -0.623226 51.1748
-20.2609 -0.715681 49.3009
-23.5544 -0.729643 46.3934
-28.9055 -0.760582 44.4796
-21.5347 -0.541475 43.2323
-23.2105 -0.670561 45.0485
-20.3546 -0.417111 42.0876
-22.872 -0.795435 51.5718
-26.3301 -0.649555 51.0557
-26.2047 -0.415572 44.0746
-27.563 -0.55206 44.7915
-25.5747 -0.475141 44.2727
-20.3433 -0.646634 47.0609
-22.5021 -0.846216 51.021
-22.5601 -0.350323 42.2911
-25.8677 -0.589869 46.7981
-25.0623 -0.640112 46.4447
-21.6611 -0.822017 48.0436
-26.9066 -0.519053 42.5154
-27.7126 -0.467211 47.1472
-25.4298 -0.721495 50.9721
-21.8399 -0.830679 48.9176
-27.0824 -0.599178 50.45
-26.8547 -0.593132 49.3321
-19.9615 -0.659599 49.015
-20.8554 -0.820983 49.3861
-23.9811 -0.806509 51.3014
-26.2571 -0.59505 51.8529
-29.6148 0.371069 51.8434
-25.9852 -0.429672 43.7633
-19.2825 -0.226965 42.0324
-18.4077 0.355993 34.5466
-23.5331 0.157672 38.2833
-20.6546 -0.0162117 39.9068
-19.9198 0.135371 38.5414
-25.7277 -0.322194 41.0778
-22.8932 0.630558 35.0217
-19.2172 -0.0366337 39.8336
-22.609 -0.0602715 40.3036
-21.034 0.198639 38.893
-24.8055 0.499792 34.3741
-21.7951 0.295001 37.7998
-25.8168 -0.279513 40.0497
-25.4485 0.397551 34.2124
-23.6595 0.248367 37.0875
-26.5597 -0.455248 43.4177
-21.1332 -0.117299 40.3023
-25.7064 -0.437101 43.8779
-21.8696 -0.40852 42.0004
-21.417 -0.382233 41.6272
-25.2654 0.462416 34.039
-22.0869 -0.240894 41.3278
-21.2443 0.000289536 39.8327
-26.3143 0.0909382 36.7979
-20.777 -0.395417 41.607
-25.0923 -0.091254 38.8271
-23.1025 -0.421557 43.2248
-24.2921 -0.325882 43.0835
-25.5837 -0.450021 43.8868
-20.878 0.563272 35.9397
-27.1407 -0.481682 43.0258
-21.2903 -0.25415 41.0165
-21.1921 -0.432056 41.7056
-25.4326 0.399712 34.2588
-19.0497 -0.0846783 40.8334
-24.7032 -0.122313 40.3671
-19.6948 -0.222298 41.5039
-27.507 -0.275727 38.3803
-26.8838 -0.129639 37.7824
-20.683 0.131018 39.2406
-19.5105 0.224928 37.2462
-20.293 -0.437856 43.1326
-26.1748 -0.309861 39.5849
-20.1956 0.063002 39.4307
-19.8776 0.125391 38.5878
-21.8565 0.377848 37.0491
-23.802 0.17601 37.8169
-23.8243 0.159358 38.0196
-24.0956 0.441351 35.2873
-24.3132 -0.16798 42.099
-55.9473 -2.28041 22.0068
-51.6225 -1.61502 23.2792
-55.9717 -2.29207 20.3051
-52.3123 -1.68011 22.9782
-53.2303 -2.07054 20.4116
-52.2488 -1.89257 21.0525
-55.2594 -2.3103 21.0071
-51.1407 -1.63114 23.3664
-55.3858 -2.04092 22.9776
-56.3495 -2.28583 22.5412
-58.4977 -1.83101 16.794
-50.8712 -1.63847 23.1513
-57.9673 -2.40974 20.7345
-56.6205 -2.41953 20.812
-56.2269 -2.39728 21.2149
-57.646 -2.39193 22.7185
-60.2904 -1.84992 17.2035
-59.1505 -1.76832 18.2209
-60.3475 -2.38998 21.8817
-57.3145 -2.3838 23.0432
-51.2914 -1.69074 21.9293
-55.7608 -2.14369 18.8926
-55.5423 -2.27328 20.2752
-51.122 -1.68724 21.6473
-57.7488 -2.26336 19.855
-58.546 -2.37807 22.638
-57.8318 -2.25906 19.8721
-58.6464 -1.86466 18.339
-60.1845 -1.70634 17.7748
-60.5607 -0.490615 2.57856
-59.9604 -1.05862 7.11264
-59.7944 -0.800141 6.43697
-60.2122 -0.559596 3.61192
-61.2 -2.15109 9.28561
-60.7215 -0.683671 5.22299
-60.8643 -0.715072 5.98168
-60.9431 -1.83562 8.39539
-61.1302 -0.728749 5.62797
-61.6428 -1.43726 9.03536
-61.287 -1.21016 7.35593
-58.9111 -0.414753 -11.6534
-49.8779 -1.35378 -14.7225
-58.4448 -0.597822 -12.192
-58.1777 -0.924948 -13.6185
-58.3642 -0.664143 -12.4313
-58.7118 -1.41385 -23.3408
-59.316 -0.498545 -17.6464
-57.7418 -1.43726 -36.8777
-60.0826 -0.785422 -36.7294
-57.9618 -1.49696 -36.6842
-60.0594 -1.89101 -31.8385
-58.4172 -1.76192 -34.5055
-60.5528 -1.17621 -34.7091
-60.4409 -2.08583 -30.6739
-60.3514 -1.13516 -34.6224
-60.7863 -0.892354 -36.3293
-56.1329 -1.57054 -34.9163
-60.3844 -0.973932 -35.5816
-60.2016 -1.95427 -33.4184
-58.9497 -1.89946 -31.706
-59.4722 -0.741985 -36.5152
-56.8384 -1.06444 -43.1577
-57.9651 -1.15563 -40.3561
-54.6856 -0.995837 -44.8582
-58.9789 -0.362701 -45.048
-58.284 -0.92873 -43.8984
-55.6478 -1.15286 -45.2806
-56.6821 -1.28917 -45.6981
-55.2581 -1.05196 -44.5179
-52.9741 -0.884034 -46.129
-56.6641 -1.06973 -43.2941
-58.5336 -0.638547 -38.2983
-49.0799 -0.375825 -46.3135
-57.1109 -1.23151 -46.4235
-58.0762 -0.800795 -44.8979
-49.7755 -0.679772 -44.1351
-52.9112 -0.870525 -45.9538
-58.7745 -0.584244 -40.7412
-56.3455 -1.15423 -44.3131
-56.8964 0.524649 -55.6198
-51.7821 -0.379566 -51.6355
-54.9359 -0.789929 -49.6919
-52.5033 -0.287241 -51.8889
-51.9875 -0.678665 -49.3192
-58.1361 -0.627664 -49.0016
-56.1542 0.814148 -56.1762
-52.759 0.0744186 -54.3087
-54.6075 -0.939448 -48.7794
-55.0485 -0.341686 -53.1063
-52.6055 -0.215563 -52.4077
-56.9324 -0.740285 -51.3518
-48.8984 1.03888 -56.8757
-49.7276 -0.0493378 -53.2005
-48.4559 0.13112 -51.8809
-56.1948 0.950737 -56.5729
-48.4562 0.319022 -54.5855
-51.9482 -0.744623 -48.9298
-48.4767 -0.0650196 -49.1385
-54.6576 -0.629905 -50.4631
-50.8193 -0.294229 -52.8193
-54.4824 1.25067 -56.8583
-51.91 -0.81944 -48.4827
-54.173 -0.904349 -48.8508
-50.7125 -0.745065 -48.0102
-52.2777 -0.450303 -50.738
-55.0873 1.03679 -56.4365
-57.892 0.187053 -55.0476
-52.04 -0.392424 -51.4488
-50.3893 0.863113 -55.5398
-52.7944 -0.962076 -47.9521
-52.568 1.08882 -55.7477
-48.6256 0.129715 -52.3674
-50.6569 -0.0401791 -55.2193
-48.3918 0.967837 -56.3765
-49.6104 -0.168913 -50.6757
-53.7066 0.257698 -54.7787
-57.1366 -0.00453873 -54.2462
-52.68 1.32599 -57.1601
-54.8916 0.927322 -55.9882
-58.1755 -0.708952 -48.0589
-50.28 -0.176567 -52.8715
-51.5151 0.0357742 -55.3145
-57.2993 -0.69692 -51.4159
-57.5712 -0.618261 -51.2868
-49.8625 1.07327 -56.1592
-52.1798 1.21844 -56.6308
-56.0422 -0.650265 -51.1687
-57.8223 -0.575383 -51.3268
-56.6651 0.962731 -56.7518
-49.4869 0.00720978 -53.3529
-46.2172 0.335056 -46.3864
-44.1126 0.927481 -49.5506
-49.3267 -0.0619526 -51.3484
-47.8237 0.3273 -52.7019
-46.0435 0.614032 -48.9042
-44.3101 0.980502 -48.0531
-44.2976 0.922192 -54.6966
-47.3979 0.387347 -52.2371
-50.5798 -0.272791 -51.0719
-44.044 0.89335 -50.1927
-44.4111 0.788049 -46.8405
-52.0816 -0.482604 -50.4985
-45.5311 0.911543 -52.7984
-42.3932 1.02146 -52.5659
-50.9845 -0.335631 -53.9443
-50.2127 -0.121053 -54.1207
-44.3012 1.04631 -54.3417
-45.2268 0.94994 -52.4212
-43.9515 0.605649 -45.5466
-45.182 0.828893 -47.6374
-43.2663 1.05794 -54.5539
-42.6663 0.948854 -51.8417
-49.0118 0.043087 -52.1837
-49.7692 -0.102588 -52.0366
-50.7992 -0.764466 -47.869
-50.2954 -0.287414 -50.6706
-48.5283 0.107291 -51.7519
-44.2274 0.971724 -52.0641
-50.0408 -0.322 -50.0517
-44.1209 0.984261 -48.1956
-46.1769 0.791432 -54.6283
-48.1206 0.221515 -52.2796
-45.4249 0.926574 -52.683
-49.2852 0.0688992 -53.5748
-45.3437 0.766558 -47.5348
-45.9086 0.722748 -51.8602
-42.9526 0.808234 -46.4064
-42.5253 0.608418 -45.0181
-51.2741 -0.758106 -46.1585
-46.2843 0.549133 -48.1562
-44.2133 1.05741 -52.9177
-48.3855 -0.0859543 -47.7164
-46.9704 0.141472 -46.5167
-45.258 0.836801 -48.9948
-44.1602 0.619201 -45.7095
-49.1762 -0.110497 -50.5223
-42.8421 0.597966 -45.0752
-42.9935 1.13911 -53.7357
-42.6328 0.970729 -49.5629
-35.2107 -0.171885 -52.8481
-40.4455 0.817148 -48.5612
-40.4614 0.733371 -51.2712
-38.7325 0.18643 -46.6184
-34.2601 -0.28284 -47.3707
-35.1506 -0.0709797 -53.9883
-35.7481 -0.0385826 -48.0656
-35.1201 -0.163654 -48.5548
-42.099 0.583772 -44.862
-38.703 0.503918 -48.7147
-33.3518 -0.544336 -46.8277
-41.5973 0.99168 -47.6255
-38.8668 0.143701 -46.3556
-40.722 0.809192 -52.5948
-35.0847 -0.359168 -51.1601
-41.5796 0.868172 -50.5437
-39.288 0.628209 -50.941
-39.5816 0.0912014 -45.48
-39.0411 0.546342 -52.1529
-42.5291 1.01352 -48.9234
-42.0057 1.01155 -49.3177
-36.4314 -0.00544624 -49.214
-35.8098 -0.024979 -46.3159
-41.8531 0.883181 -50.6474
-42.6688 0.775941 -46.0999
-42.9734 1.03421 -48.3723
-38.4341 0.421149 -52.2576
-36.552 -0.0227921 -49.9836
-40.7681 0.767765 -50.872
-42.9819 0.942857 -49.7569
-36.1235 0.012672 -46.1127
-36.6188 0.0465832 -46.4527
-40.2222 0.791726 -47.9917
-37.5793 0.216827 -50.6367
-41.7142 0.691278 -45.726
-42.1866 1.00928 -52.4453
-33.7116 -0.73687 -45.1459
-34.2591 -0.473856 -45.7404
-42.8791 1.12331 -53.5787
-34.4267 -0.350986 -49.5887
-40.7684 0.783004 -50.6551
-39.6591 0.607969 -52.9995
-37.0906 0.171224 -48.4684
-40.1989 0.732889 -53.8653
-39.6078 0.666221 -49.5277
-36.0838 0.0112049 -48.0375
-40.3311 0.380117 -45.9406
-40.4474 0.782911 -49.4776
-42.718 1.05953 -48.2654
-41.7804 0.992146 -47.4167
-46.6429 -0.594899 -14.2384
-45.1274 0.36794 -10.8765
-40.7913 0.110439 -14.1407
-48.2912 -1.05425 -13.1882
-43.9674 0.83446 -8.47192
-44.112 0.235095 -12.2428
-44.4374 0.844376 -8.95289
-40.4684 0.426801 -12.0166
-44.376 0.219828 -12.0762
-43.7998 0.250825 -12.4616
-45.4918 0.022839 -11.7337
-41.2222 0.842728 -8.31291
-41.3739 0.866869 -7.9253
-45.5665 0.732224 -6.49428
-42.6023 0.550029 -11.323
-44.1703 0.447702 -11.1118
-42.9352 0.326475 -12.7335
-45.5208 -0.286058 -14.6724
-45.7301 0.548436 -9.17196
-42.1482 0.396674 -12.9746
-42.6227 0.812048 -8.24638
-45.1188 0.856927 -6.84067
-41.4871 0.604851 -10.9076
-49.0621 -1.18533 -14.0473
-43.2084 0.932101 -5.85889
-40.7452 0.968837 -7.17607
-45.2217 -0.0743385 -13.4501
-43.5535 0.610359 -10.274
-45.1359 0.530058 -10.1864
-46.3442 -0.448998 -13.3457
-48.4838 -1.10878 -14.4499
-46.1257 -0.345567 -12.7582
-43.296 0.380566 -11.8888
-60.9236 -0.0228722 -10.4441
-61.1159 0.0358978 -6.13253
-62.1612 0.677853 -4.23548
-61.2435 -0.071402 -2.44804
-59.5524 0.119936 -0.752119
-58.8899 -0.00304985 -6.54209
-62.8051 0.476787 -1.83583
-56.7301 -0.0748489 -1.55109
-58.5172 -0.398539 -8.20867
-56.9117 -0.256731 -6.38675
-60.8925 0.100274 -1.78182
-61.1235 -0.0520111 -3.62879
-59.8439 0.266689 -4.20377
-61.0323 0.0376041 -3.96388
-62.4376 0.654194 -4.29563
-58.7812 0.0501972 -0.601056
-62.2323 0.544436 -2.1102
-57.1299 -0.665781 -7.95721
-57.6334 -0.836598 -10.1151
-63.4594 0.811868 -9.25793
-59.857 -0.187182 -9.1972
-57.9334 -0.0217644 -5.95461
-58.3161 -0.4259 -8.07805
-60.2138 -0.152565 -9.23688
-55.9802 -0.191073 -0.538493
-59.637 0.217481 -2.26034
-60.3474 0.0391514 -7.15704
-60.356 0.0566311 -7.58918
-61.3249 -0.0446606 -10.1706
-60.1097 0.265619 -4.78299
-61.9756 0.798801 -5.76784
-57.6585 -0.829795 -9.91739
-61.1601 -0.109226 -9.87466
-62.9787 0.701755 -5.00823
-62.9687 0.385342 -3.04193
-59.6571 0.0375504 -7.11676
-58.4919 -0.190503 -7.17868
-60.2351 0.246055 -2.65251
-59.4032 0.0739906 -6.5131
-60.1799 -0.134074 -9.56373
-58.8468 0.163899 -2.67509
-57.6951 -0.814398 -9.68881
-21.0263 0.696257 22.1213
-27.5226 1.61178 19.0648
-26.2178 0.680795 22.8482
-28.1897 0.842818 21.1367
-27.2964 1.44469 19.8653
-22.8587 1.31717 19.3951
-27.6526 1.84397 18.0251
-24.1277 1.43159 18.3473
-29.0601 1.63277 17.3543
-23.4556 0.77359 23.3969
-24.1264 1.07856 22.9749
-29.6552 1.14803 19.0905
-30.2486 0.149255 21.8396
-21.9797 0.902227 22.232
-24.8734 0.804458 23.2358
-24.9841 1.55145 18.918
-26.7581 1.67239 14.6219
-27.3517 1.50396 19.5644
-22.91 1.32891 19.3581
-21.8733 1.16082 20.9817
-25.903 1.73024 17.8929
-28.7684 1.17937 19.5663
-29.5276 1.54872 14.6643
-29.5049 0.151878 22.4289
-23.4777 1.12248 16.1775
-22.8487 1.4502 20.1125
-24.2434 1.27365 15.4642
-30.7267 1.27441 16.5358
-28.3016 0.0112015 23.6118
-24.3471 1.30982 15.7819
-24.6572 1.39359 16.2471
-24.9096 1.53647 18.1154
-23.4999 1.6121 19.7781
-29.6607 1.171 19.0239
-28.8419 0.718258 20.9759
-30.4032 1.5563 13.7598
-27.7603 1.35614 19.7973
-30.4096 1.4506 15.1627
-22.2821 0.866949 22.7777
-23.2657 1.24788 22.229
-29.8221 1.57205 14.3195
-30.5833 0.919026 18.9113
-23.044 1.29366 18.8048
-23.9196 1.23109 14.3814
-24.5476 1.46367 18.1255
-21.4257 0.639157 22.8957
-29.079 0.523723 21.374
-27.1358 0.017205 24.2369
-23.4923 1.11958 16.0809
-26.1935 1.45239 21.0288
-28.0189 0.115462 23.3812
-24.8598 1.6141 19.2273
-25.0907 1.21054 22.2371
-29.7788 1.50925 17.7542
-27.3019 1.87106 17.2134
-29.5224 1.5717 16.0964
-28.8284 1.23478 19.3653
-24.8702 1.38333 14.8146
-25.4225 0.639625 23.3202
-26.2527 1.13521 21.7756
-28.9179 1.63999 15.862
-21.8017 0.889569 21.9178
-27.1838 1.83728 16.3354
-24.4462 0.826345 23.3675
-25.4682 0.313859 24.1732
-30.0624 -0.274214 23.8695
-25.0707 1.52919 17.2494
-30.2291 -0.0165287 22.7064
-27.077 1.88554 17.0169
-29.3283 0.39795 21.5455
-26.7183 0.0792194 24.4243
-31.0815 -0.315744 23.9983
-24.4312 0.501167 24.2931
-30.4122 0.0624012 22.1199
-25.2791 1.61081 19.1251
-31.2588 -0.227636 23.3745
-29.0077 -0.16135 23.8716
-23.1602 1.39581 21.6447
-25.0639 0.668094 23.4429
-27.4727 0.467696 22.6896
-30.2608 0.00167999 22.4852
-30.301 1.29058 18.1338
-29.827 0.352508 21.2544
-29.9117 -0.250554 23.8146
-26.3563 0.723877 22.661
-24.1822 0.559901 24.1027
-23.56 1.20484 17.2744
-25.2382 1.45469 15.323
-25.2587 1.66423 20.6583
-21.8344 0.879906 22.1119
-27.8984 0.419103 22.5978
-30.5674 1.21649 17.4704
-27.146 1.85469 16.6562
-23.2088 1.50042 19.7163
-24.2914 0.893486 23.2897
-24.2034 1.83443 20.2522
-28.6438 0.864336 20.7057
-29.0894 1.62453 16.0485
-28.038 1.72318 15.6838
-28.295 1.7221 18.0966
-25.5413 1.60023 16.879
-22.3044 1.08285 21.9112
-21.4383 0.737564 22.5646
-27.0327 1.53456 19.7382
-29.1051 0.0567272 23.008
-24.1786 1.28717 14.4246
-25.7052 1.68442 17.786
-25.0014 1.54288 17.7594
-23.6481 0.837544 23.3553
-20.9464 0.767147 21.0981
-23.7489 1.87175 21.186
-29.5688 0.472055 21.0881
-26.0211 1.18712 21.7796
-29.1837 1.5092 18.302
-29.046 1.60314 14.8729
-30.6879 0.128912 21.5959
-23.8536 1.93378 21.1506
-29.9854 1.51898 15.9981
-29.4544 1.57821 16.9528
-25.4085 1.65864 19.7276
-22.5952 0.919597 22.7745
-22.899 1.44052 19.8975
-22.5931 0.929847 22.7388
-26.202 1.27014 21.4769
-29.3137 0.995843 19.7666
-23.6199 1.7228 21.3777
-24.3554 1.88893 20.6565
-26.2556 0.604691 23.0159
-28.0258 1.73585 16.2799
-30.3016 1.43948 15.3838
-26.9021 1.92875 17.8546
-22.5983 1.16641 21.9881
-22.9402 0.561873 24.1274
-24.6487 1.33125 15.1061
-22.4498 1.32368 20.3834
-28.9944 -0.185668 24.2391
-25.3189 1.66199 19.6751
-22.5368 1.43922 21.0121
-21.6542 0.866703 21.7983
-27.2515 0.823951 21.8581
-29.6812 1.35045 18.5181
-24.7235 1.84539 21.0536
-29.8959 0.061338 22.4822
-25.9448 1.66402 16.6086
-28.1583 1.40094 19.2881
-28.7879 0.98941 20.1823
-27.5098 0.905771 21.4687
-23.6256 1.32819 22.2328
-28.2915 0.492266 22.1404
-26.3706 1.11129 21.7567
-29.286 0.653549 20.8015
-26.2442 1.45004 20.9645
-25.1648 1.58266 17.8974
-30.3303 1.0245 18.8785
-24.938 1.67619 19.7209
-27.0859 1.94094 17.9227
-31.0814 0.33063 20.2043
-26.01 0.844319 22.5609
-24.0374 1.97694 21.1699
-25.6502 0.289335 24.0478
-27.1357 1.36309 20.3599
-29.0986 1.12853 19.4895
-25.426 1.4921 15.3585
-26.377 1.76271 16.8393
-25.4636 1.55008 16.2598
-22.4147 1.17277 19.3632
-25.4125 0.578569 23.4624
-31.115 0.98725 17.4588
-24.1793 1.6334 21.8047
-26.6443 1.7652 16.0132
-25.3943 1.59566 17.3099
-26.7841 1.88988 17.6017
-25.0476 1.56423 18.4806
-29.1468 1.60909 16.6452
-24.9643 1.4514 16.2067
-29.9553 0.364867 21.0856
-29.308 0.465189 21.3499
-30.0677 -0.110361 23.1438
-26.2969 0.167355 24.067
-31.0225 1.49846 12.8975
-27.8245 1.04336 20.8665
-22.3384 0.981622 22.3121
-26.8006 1.89106 17.5692
-29.099 1.62249 17.6614
-27.5871 1.78917 16.3335
-31.2069 0.169973 20.6278
-31.7629 0.972857 16.4443
-24.937 1.30068 22.1257
-24.3517 1.34167 22.3191
-26.5653 1.37518 13.1706
-23.7735 1.20291 16.2255
-22.9788 1.60784 20.8198
-29.2964 1.53709 14.243
-27.8285 1.80633 17.2073
-23.5431 1.08909 14.5463
-30.1189 1.35657 18.1808
-28.8316 1.54679 13.528
-30.1534 1.37329 18.081
-31.6738 -0.0635845 20.9141
-28.746 0.358458 22.2071
-30.8118 0.0327919 21.9962
-26.5073 1.81306 17.2369
-24.009 1.20167 22.7684
-28.4346 1.62633 14.7273
-27.1275 1.56785 14.2021
-25.2784 1.50588 16.0955
-28.9134 1.51524 13.0504
-23.6032 1.27318 18.056
-29.016 1.54197 13.2664
-25.4316 1.63729 17.9184
-24.6701 1.47896 17.8137
-24.2181 1.96176 21.1051
-22.4983 1.167 21.9065
-26.7163 0.668755 22.5904
-28.9119 1.63661 15.6581
-29.7081 1.5404 16.4617
-22.6004 1.3925 21.2064
-27.4589 1.21892 20.6339
-26.3621 1.82387 17.9156
-24.7771 1.10869 22.603
-30.2216 0.078471 22.1702
-22.629 1.35012 20.069
-29.4612 1.5916 15.4646
-27.8715 1.75394 16.2634
-29.7328 1.55064 14.8613
-26.7976 1.82634 16.5472
-28.248 1.52874 18.7965
-25.6124 1.52512 15.3082
-30.2201 1.37848 17.4354
-27.0233 1.22657 21.0195
-24.106 1.64588 19.2427
-23.5957 1.10097 14.653
-28.4851 1.661 15.2121
-27.7795 1.21283 20.3469
-28.6939 1.67676 17.3716
-29.1571 1.61207 16.869
-24.9569 1.62797 19.3007
-25.5254 1.65428 18.3571
-29.3836 1.59895 15.5447
-23.3559 1.52427 21.553
-27.6309 1.53025 19.2543
-28.6725 1.65837 15.8569
-29.0128 1.1489 19.4868
-29.4765 0.101705 22.6269
-26.0162 1.60359 15.3256
-28.9229 -0.144145 23.8379
-26.4852 1.77827 16.7512
-26.9409 1.58126 14.2202
-24.5522 1.30734 14.9969
-24.6462 1.86068 21.0671
-28.214 0.0448586 23.536
-20.413 0.589145 21.5218
-21.264 0.757689 22.0342
-27.9397 1.62281 18.7153
-25.1931 1.59349 18.2902
-29.8746 1.4459 18.1358
-29.426 1.58319 17.0377
-29.9436 1.09979 19.044
-25.5514 1.63299 17.4232
-24.2223 1.27777 15.628
-22.8879 0.704866 23.5443
-28.0519 0.608339 21.9237
-22.935 0.925762 14.3563
-23.7267 1.77271 21.3689
-23.5848 1.41239 18.6583
-28.8904 1.63772 16.5424
-22.427 0.907852 10.7881
-23.8482 1.20366 15.8288
-25.557 1.43952 14.2424
-23.2333 1.13099 12.3235
-25.0275 1.39594 13.966
-23.6535 1.34787 10.9346
-30.1384 1.10591 18.8499
-26.8433 1.82746 16.4145
-22.373 0.858615 11.3295
-24.2135 1.36857 17.4442
-23.9395 1.62676 19.202
-28.0741 1.34772 12.5963
-27.0576 1.80609 15.6734
-27.3807 1.36368 20.1252
-27.3975 1.69547 18.8224
-27.6023 1.47643 19.4544
-23.3856 1.20617 12.1645
-25.7285 1.3226 12.755
-30.0383 1.59583 14.0465
-23.1198 1.15772 11.2214
-26.9651 1.04838 11.5907
-23.7091 1.60602 19.4349
-27.9875 1.29036 12.1666
-27.7381 1.58262 19
-27.9276 1.80082 17.7738
-26.1185 1.37321 13.2955
-25.6742 1.60721 20.0059
-23.9029 1.1901 14.7835
-29.4615 1.55182 14.6431
-29.5012 1.37334 10.6321
-28.7056 1.26341 19.3629
-29.5711 1.54833 17.5473
-25.1733 1.37116 12.8798
-26.1734 1.32888 12.6882
-24.4412 1.51468 18.7449
-30.1567 1.427 16.6733
-29.3617 1.58285 16.6125
-28.3302 1.68312 15.4061
-23.5611 1.15034 13.9164
-29.359 1.44295 18.4271
-28.1221 1.76784 17.7068
-25.7433 0.906541 22.5599
-28.5356 1.68357 16.7309
-30.3334 1.4888 15.0157
-26.3321 0.6386 22.8873
-26.9327 0.497421 22.8922
-26.0123 1.51398 20.1321
-28.4158 0.32055 22.5846
-24.7997 0.860807 23.1477
-32.0184 0.00658951 20.3018
-27.7696 1.58258 14.4657
-22.9693 1.25281 18.6941
-28.0296 1.74685 16.6164
-23.6508 1.42717 18.6541
-26.6535 1.3372 20.8502
-30.4708 0.477768 20.3601
-32.0434 0.296407 19.0124
-25.6384 0.908085 22.6166
-23.4146 1.66542 20.1208
-26.0325 1.55312 14.56
-28.0912 1.72749 18.2134
-26.3422 1.63592 18.7915
-27.2934 0.367936 23.0277
-28.6775 1.07146 19.9927
-30.1131 0.679548 20.0766
-25.8274 1.69748 18.099
-30.3563 0.170135 21.6785
-30.3621 0.60878 20.0824
-25.9479 1.60185 15.5092
-26.7594 1.60825 19.4095
-25.5807 1.08613 22.2355
-28.7489 1.66772 17.2402
-29.0547 1.56326 14.4264
-28.6937 1.42133 18.8592
-23.7311 1.37895 18.3715
-23.4332 1.16523 17.1361
-28.2762 1.53462 13.8197
-23.7543 1.51206 18.9065
-27.7061 0.783717 21.6315
-23.6618 1.66696 21.5284
-27.7854 1.61537 14.6082
-22.492 1.19253 19.3722
-29.597 1.5478 14.4346
-23.5327 1.42822 18.7768
-24.6372 1.51862 18.7921
-27.3921 1.63998 14.5878
-22.6283 0.93808 22.7134
-30.2965 1.38767 16.6394
-29.5958 1.07131 8.56818
-26.9141 1.72501 14.826
-30.1991 1.64502 12.8176
-29.7737 1.57554 14.2055
-25.2271 1.29584 11.5938
-30.4701 1.2407 9.70561
-26.6465 1.70941 15.1177
-25.1654 1.48687 16.1362
-26.1188 1.19293 12.0763
-24.6271 1.37226 10.2842
-32.8427 1.33163 10.9865
-32.2924 0.964728 15.6866
-23.6377 1.136 15.6405
-32.5472 1.18921 14.139
-24.9695 1.32955 11.1961
-26.4112 1.35899 13.0077
-31.5859 1.41286 12.4733
-26.8082 1.17586 12.4028
-31.4705 1.4236 11.0216
-30.616 1.46041 11.2788
-31.7867 1.37694 12.5182
-29.6806 1.54314 16.5225
-25.5084 1.247 11.0615
-27.9838 1.53637 14.0914
-23.4204 1.23902 11.9216
-27.1485 1.83646 16.2665
-31.1782 1.31993 9.30883
-27.4744 1.51269 14.0798
-26.1112 1.15499 10.7271
-26.6846 1.02887 8.9814
-23.4658 1.06967 14.4695
-23.5788 1.22744 12.8063
-26.7618 1.08396 11.8218
-28.773 1.20165 10.1033
-31.9625 1.40501 10.5348
-29.7176 1.65444 11.8932
-30.1396 1.51827 11.1305
-32.1822 1.2178 14.9114
-28.3216 1.40407 12.6003
-25.3888 1.48769 15.4046
-33.2135 1.63547 9.06228
-32.9894 1.24166 11.5382
-27.4732 1.48419 13.937
-27.067 1.41048 13.4807
-33.2388 1.13558 13.2049
-27.3539 1.75575 15.2267
-32.5826 1.17892 14.3105
-32.8515 1.54954 7.21924
-29.5936 1.62216 12.2704
-24.7154 1.34134 8.3101
-31.8183 1.32678 13.5675
-30.3189 1.31352 10.0472
-25.6435 1.36663 13.3685
-31.4866 1.42657 11.1395
-32.3548 1.49181 7.67379
-27.6394 0.915903 6.81805
-28.8034 1.33207 10.924
-28.9874 1.53659 13.2297
-33.7785 1.11887 14.0653
-26.7709 1.03039 9.59673
-27.6928 0.911562 6.52599
-27.9382 0.989169 8.53106
-32.1723 1.30932 11.5008
-28.9426 1.04541 6.04532
-31.7323 1.41151 8.58812
-28.3487 1.00807 7.84164
-24.7353 1.40942 12.8625
-32.9353 1.14269 13.4271
-25.8123 1.50184 14.4305
-26.9802 1.67913 14.6265
-26.9335 0.916753 7.53705
-29.419 1.28074 10.0509
-29.3222 1.56714 13.2892
-28.558 1.40376 12.0874
-33.3952 1.07861 15.0498
-29.0381 1.0442 7.96738
-28.9178 1.28379 10.5737
-30.7294 1.48301 11.4846
-32.5618 1.41894 9.94498
-34.2473 1.44819 6.91447
-25.0496 1.37248 13.374
-32.7772 1.21399 11.7074
-25.0841 1.26401 7.9225
-24.8964 1.32696 9.51128
-32.2337 1.46126 7.21846
-28.0786 1.14695 10.0918
-25.9746 1.3637 13.2178
-27.5692 0.947397 7.70492
-33.0751 1.11402 14.0827
-30.3193 1.52552 14.4943
-30.5008 1.20989 7.23494
-28.6664 1.23069 10.465
-26.0421 1.18086 11.6464
-33.4498 1.50096 6.60867
-33.8377 1.58438 8.43096
-31.2434 1.46436 12.7292
-26.9906 1.48257 13.801
-25.4003 1.16511 6.54031
-24.4637 1.35114 13.4473
-26.8582 0.992895 8.78152
-32.629 1.47948 9.65161
-34.909 1.47977 7.94041
-29.8921 1.39293 10.4677
-27.207 0.967298 8.64877
-25.9808 1.11691 8.13575
-28.0841 0.995724 8.45223
-35.3811 0.764283 15.7355
-27.3947 1.13048 11.555
-32.1202 1.39987 9.55147
-29.4688 1.35252 10.5546
-27.8543 0.950767 7.18876
-33.3742 1.17429 11.9457
-31.7281 1.38821 9.60766
-29.1767 1.05958 6.9556
-34.2022 1.29073 11.1485
-29.8805 1.57915 14.2766
-32.0323 1.42325 6.61135
-33.7423 1.44885 6.25213
-26.5894 1.05608 9.44313
-26.6428 1.70668 15.0854
-32.7056 1.42029 10.103
-29.2051 1.33312 10.627
-30.2339 1.14244 8.66769
-28.3454 0.982783 6.31044
-35.5142 1.32116 10.7356
-27.9462 1.64738 14.793
-34.9255 1.34052 10.6932
-28.3381 1.13083 9.8634
-27.7164 1.19964 11.4107
-29.275 1.07947 6.18867
-30.3019 1.53265 14.4222
-26.0971 1.38409 13.4472
-29.2109 1.2017 9.65924
-33.763 1.45975 6.42456
-34.873 1.54609 8.7974
-28.4376 1.0121 7.62701
-33.4353 1.28354 11.2761
-31.3319 1.38975 13.977
-28.7913 1.03174 7.06028
-34.4717 1.12495 14.1522
-32.014 1.17105 15.2011
-33.0889 1.60681 8.13392
-30.3776 1.6477 12.2582
-34.3218 0.88618 15.524
-33.1575 1.54436 9.65252
-26.9113 1.57359 14.1912
-26.3943 1.51525 14.0017
-31.5806 1.14293 15.8172
-33.8106 1.54386 9.51031
-32.6645 1.58621 8.62312
-34.47 0.860043 2.59541
-39.9304 0.228969 12.2575
-36.6038 1.46896 9.28293
-36.2941 1.30425 7.0816
-36.6911 1.04611 3.91136
-37.6314 1.03973 4.71704
-40.8041 -0.0220413 12.14
-37.3308 1.05919 5.67043
-38.1035 1.015 4.74481
-35.8003 0.993494 2.91768
-33.8904 1.15607 12.3885
-35.4212 1.38336 7.30622
-41.6977 0.250358 6.73097
-36.8904 1.32037 10.0856
-37.8658 1.01628 5.70828
-37.8862 1.05134 2.87923
-37.0338 1.08554 5.77725
-39.9951 0.734835 10.4105
-31.9873 1.46414 8.94906
-34.8383 1.34978 6.29454
-36.2984 1.33791 7.41792
-35.3376 1.38234 7.20948
-33.1968 0.901467 3.60343
-33.0497 1.43887 5.75985
-39.1082 1.45296 8.41285
-37.5176 1.28804 7.34101
-35.2995 1.20149 5.53737
-38.568 0.868509 11.3249
-36.0652 1.10863 4.60076
-37.498 0.914075 11.8688
-36.8956 1.16566 10.9633
-38.084 1.55155 8.67042
-41.0614 0.487042 5.00027
-33.3518 0.782523 2.97475
-38.0568 1.54975 8.66798
-39.0493 1.58163 9.14773
-32.3325 1.2877 12.1617
-39.7518 0.906412 7.12649
-35.7597 1.47197 8.49006
-38.5436 0.965267 6.06689
-32.2638 1.51401 8.76778
-36.2123 1.10013 4.48754
-38.0626 1.00802 6.04551
-40.8908 0.547563 7.23666
-35.9453 1.33896 10.4866
-34.0839 1.13426 4.58308
-37.0366 1.04109 3.70414
-34.0266 0.959774 3.75267
-38.4743 0.980664 5.07168
-34.5988 1.40224 6.73827
-31.9208 1.35218 12.5658
-34.0134 1.41565 6.17154
-27.444 1.75647 15.3463
-29.5071 1.57961 15.0112
-36.9881 0.66058 15.2588
-28.7337 1.39656 11.5971
-31.8152 1.4218 8.16198
-34.4166 1.31965 5.77755
-28.644 1.01683 6.75935
-36.971 1.50635 8.53339
-30.78 1.25532 9.72636
-32.1912 1.44471 6.6211
-34.7749 1.32776 6.01193
-28.6797 1.53653 13.8021
-34.7996 1.51852 8.38263
-34.712 1.0134 15.2124
-31.9217 1.16425 15.2621
-29.2205 1.06694 6.44196
-30.4708 1.47496 14.9374
-36.5892 0.951709 13.8824
-28.6812 1.33615 11.19
-29.9426 1.11416 7.90593
-35.8012 1.13301 14.4158
-32.6212 1.33398 5.44156
-32.8522 1.55336 7.29371
-32.5223 1.20933 13.5052
-29.2306 1.07704 9.0714
-29.0069 1.25011 10.2507
-32.3349 1.48118 7.52201
-37.0467 0.711567 15.1046
-32.4072 1.26156 12.6439
-28.3068 1.60029 14.5409
-29.7796 1.52205 11.1568
-33.8511 1.07806 15.0683
-36.7082 1.12365 5.86544
-28.153 1.13809 9.98333
-30.9848 1.27707 8.94569
-29.1048 1.46367 11.4558
-33.5144 1.13666 13.2204
-33.7101 1.10864 14.5111
-37.0451 1.26456 10.4857
-34.1465 1.11497 14.4659
-28.2344 1.23157 10.9511
-33.8877 1.11319 14.3878
-30.2502 1.63406 12.8548
-28.5705 1.57373 14.1323
-28.0773 0.952498 6.31744
-31.2988 1.32404 7.52872
-33.7342 1.39238 10.4966
-34.0957 0.799681 1.65356
-32.7776 0.753826 2.75467
-32.069 1.44697 7.64007
-28.249 1.04531 3.76788
-26.2085 1.05632 4.80917
-32.9052 1.29572 5.19644
-34.9518 1.44351 9.90729
-25.2499 0.991003 1.94714
-27.9551 1.0263 4.80093
-30.2321 1.33839 10.1639
-32.0851 1.48185 8.8898
-30.652 0.76104 1.44481
-31.6063 1.38763 9.58651
-26.3678 1.0977 9.66436
-28.5078 0.9992 6.17579
-34.7268 1.50819 8.19734
-33.9044 1.5048 7.36386
-30.666 1.38275 10.3712
-26.4456 1.0202 7.83262
-29.922 0.809355 0.950109
-28.6802 0.972176 4.1103
-33.7774 0.785268 1.47136
-27.3017 1.02397 5.07041
-28.7925 1.03403 7.23509
-28.2212 0.987752 7.37273
-29.9546 1.09333 8.77231
-32.4007 0.786495 1.15611
-30.6792 1.16601 5.59503
-33.3868 1.48831 6.30395
-28.108 1.01735 5.04722
-32.4794 1.10559 4.57784
-27.1369 1.15765 4.06146
-32.4767 1.52432 7.95502
-31.6094 1.35979 6.64212
-25.9299 1.13532 8.45827
-26.1173 1.04592 4.8812
-28.8487 1.17692 9.81207
-26.8463 0.8746 6.32409
-25.7916 1.08074 6.21942
-34.8971 1.23475 5.49277
-27.2843 0.967091 8.58614
-30.5284 0.689123 2.38417
-25.4938 1.12723 3.49596
-31.7558 1.30987 5.7525
-29.1075 1.06054 5.25261
-25.74 1.12223 3.98884
-33.3462 1.49215 6.3009
-26.4093 1.08316 1.41185
-26.0507 1.03483 6.33935
-26.7468 1.29441 2.78122
-37.3354 0.921447 1.70291
-30.9034 0.727436 2.0264
-32.0487 1.22634 5.22108
-30.9323 1.19847 5.61507
-33.8234 1.3841 5.85005
-27.9577 1.02981 5.38863
-33.3354 0.797494 3.10676
-31.3007 1.0441 4.74865
-33.5679 1.52699 7.30364
-29.6313 0.840977 3.78059
-28.9877 0.989392 4.69067
-31.0752 1.29671 8.04008
-34.0031 1.60139 9.02399
-36.8154 1.07841 5.16857
-32.8825 0.90244 3.62222
-27.8771 0.942104 5.90744
-28.3285 1.01745 2.97522
-29.7885 0.801118 1.06507
-30.8911 1.26799 7.9653
-34.7911 0.776452 1.00617
-36.4074 1.04727 3.76107
-36.3048 1.46763 9.22358
-33.6555 1.11295 4.4569
-35.323 1.32698 6.55045
-29.4147 0.843354 3.50472
-33.4281 1.5537 7.58472
-33.1098 1.00535 4.01529
-32.1159 1.37879 5.88059
-28.2369 1.0014 7.98331
-33.1181 1.57489 9.47139
-32.754 1.59342 8.49785
-29.4061 0.8046 3.28743
-35.6203 1.04564 4.01011
-31.5674 0.842889 0.0329337
-31.6785 1.40288 8.70751
-29.2383 1.07804 6.07987
-32.0661 1.46795 8.06846
-32.2864 0.947908 3.94296
-32.3359 0.882321 3.65212
-31.4234 1.34757 7.90518
-35.4845 1.27489 6.19247
-32.9398 1.08596 4.34184
-32.0658 0.790177 1.05164
-37.2503 1.04652 3.3213
-34.5879 1.20445 5.10235
-35.9316 1.01183 3.03382
-28.3676 1.0405 9.09629
-36.9475 1.03882 3.61549
-36.0433 1.10982 4.58475
-32.7421 0.763923 1.93118
-34.2965 0.725079 -0.0699529
-38.7705 1.27434 -2.81723
-35.4165 0.854805 1.80663
-32.7769 0.750182 -2.41927
-37.9822 1.19007 -2.6387
-34.9816 0.79192 -1.14329
-34.7896 0.853371 2.01476
-33.2408 1.00472 4.01586
-40.7185 0.619519 0.863914
-38.9948 0.993264 1.44895
-36.4874 0.904317 2.02148
-38.5919 1.22246 -2.53921
-38.1 0.9675 1.84599
-35.7717 0.992887 -4.15516
-36.654 1.03135 3.62797
-37.4807 0.974809 -1.4265
-38.2156 1.22678 -3.70165
-40.2204 1.13696 -3.33757
-38.4378 1.00415 4.71901
-39.108 0.921389 5.27719
-31.609 0.553106 -1.88672
-36.8408 0.933869 2.13348
-38.8297 1.13689 -1.78906
-34.7487 0.924342 3.26999
-34.9895 0.983329 3.65514
-33.1258 1.30016 5.2375
-39.2478 0.989906 2.2461
-33.0254 0.817136 -2.21693
-38.6926 1.21373 -2.42079
-36.7086 1.09836 -3.91712
-39.874 0.827582 1.63725
-38.9316 1.2958 -3.41234
-37.8924 0.818834 -0.0949782
-36.2609 1.14822 5.54391
-37.7383 0.837166 0.564222
-36.6043 1.07083 4.25359
-37.5607 1.05061 4.33416
-36.1416 0.663612 0.136962
-38.5581 1.26258 -3.48192
-35.8489 0.979104 -2.3451
-31.179 0.389533 -2.17878
-34.796 0.869867 -1.84064
-32.3198 1.31783 5.49784
-32.4119 0.737651 2.73165
-33.2002 0.775164 1.39494
-36.9024 1.14823 -2.93045
-32.6185 0.748283 -1.54674
-32.0045 0.730519 2.4933
-35.2575 0.904532 2.22717
-39.2728 0.976651 2.11975
-32.6644 0.760351 -0.257622
-34.7656 0.809449 -4.28118
-33.6825 0.790873 0.638706
-33.1738 1.18477 4.79685
-34.3591 0.816955 -1.29464
-30.4604 0.878826 0.102191
-36.2653 0.766237 -0.694645
-34.4681 0.890751 -2.20074
-33.2922 0.786596 -0.982742
-40.0087 1.17265 -2.97346
-36.9025 0.797757 -0.530763
-33.638 0.861094 -3.09584
-36.5989 1.01906 2.91325
-35.3644 0.749347 -0.811839
-32.7944 0.779054 -1.40451
-31.9756 0.606236 -1.87205
-34.2703 1.01955 3.99666
-31.6793 0.932283 4.09828
-37.4156 0.764502 -0.00950678
-34.7327 0.878976 2.5571
-39.4264 0.931199 3.99787
-39.7634 0.793275 4.90428
-32.6614 0.800175 0.184896
-30.4546 0.64441 2.7924
-32.3376 0.804777 0.780617
-32.2946 0.747055 2.46005
-34.7482 0.917416 -2.43481
-34.0677 0.772071 0.645725
-38.2017 1.17364 -2.39941
-33.7817 0.810714 -1.35385
-33.8595 0.829322 2.25863
-33.7152 0.694093 -3.91649
-38.665 1.044 3.61395
-34.2737 0.778396 0.939616
-37.5474 1.16935 -2.73664
-31.3421 0.375934 -2.57611
-37.0954 1.11027 -4.36724
-36.8211 0.971227 -1.76462
-37.8779 0.870462 0.83372
-37.0329 1.01348 2.7808
-37.6075 0.883535 1.13585
-38.6879 1.16702 -2.08507
-32.3312 0.813412 0.111651
-37.0954 1.01239 2.75944
-37.8352 1.01662 2.52414
-36.3105 1.07647 4.16877
-38.4511 1.23468 -3.99034
-35.8985 1.09509 4.40194
-35.4544 0.946749 2.63004
-34.0109 0.869577 -2.43542
-32.0261 1.45272 7.88374
-25.8799 1.18067 10.2318
-30.3368 1.17931 7.46716
-34.748 0.509231 16.2891
-30.4391 1.19456 8.13277
-31.3525 1.34642 8.66593
-28.4645 1.68113 16.1515
-27.6289 1.27094 12.7173
-32.5613 1.41797 9.95045
-33.5028 0.532428 16.4851
-31.3784 1.44039 11.6918
-30.7537 1.24374 7.40704
-26.3609 1.10702 10.1207
-31.1615 1.3991 10.447
-32.5382 0.771204 16.2443
-31.1126 1.45964 11.7126
-27.4971 0.966189 8.40713
-29.862 1.52352 16.6285
-33.2282 1.60935 8.3229
-33.6316 0.437733 16.7161
-30.5276 1.48609 14.624
-32.7393 1.15883 14.0558
-30.646 1.3544 15.4962
-33.9414 1.50804 7.48362
-33.8718 0.32964 16.9551
-35.1774 1.4796 9.58942
-29.7356 1.08783 8.33114
-34.9046 1.52793 8.57712
-28.5216 1.33992 11.5246
-33.2096 1.11555 14.0552
-28.7761 1.64556 15.5905
-26.8861 1.0406 10.8083
-30.501 1.56878 13.2193
-35.6645 1.45101 9.62757
-28.7157 1.27883 10.6756
-31.7791 1.38513 9.24758
-27.0787 0.91757 7.75524
-30.0671 1.1161 8.46359
-26.2574 1.10712 9.32388
-30.7769 1.56278 12.4835
-26.7277 1.71747 15.0018
-32.2848 1.28605 12.5842
-30.6976 1.23275 8.55362
-25.8961 1.35495 13.128
-32.8375 1.15493 13.5495
-29.9276 1.54788 15.0076
-34.5084 0.245839 16.8577
-35.2522 1.47732 9.5766
-31.1724 1.13844 16.5309
-29.4961 1.60873 12.1325
-33.159 1.58074 7.68428
-24.8811 1.28629 7.39406
-27.8558 1.12599 10.4294
-31.3752 1.44182 11.7488
-29.2325 1.0553 8.11095
-24.4591 1.4082 12.0655
-31.8937 1.03498 4.48596
-30.6012 1.22686 7.16244
-29.3115 0.928134 4.00072
-28.4243 0.986136 2.85139
-25.4561 1.25507 11.0865
-30.8759 1.26712 8.07921
-31.7957 1.41492 7.90648
-25.7305 1.12324 7.17676
-29.3561 1.07532 7.12887
-31.6279 1.37072 7.29
-30.527 1.47685 11.2775
-31.8186 1.16155 5.04476
-30.2994 1.0537 5.22695
-32.8172 1.24559 11.5138
-31.6269 0.776207 3.40713
-30.1413 1.20678 9.54713
-24.5946 1.36061 8.27728
-28.3325 1.40019 12.5282
-24.0821 1.45516 11.6276
-27.4364 0.974525 8.61908
-25.6148 1.10516 5.28157
-33.141 1.56082 9.55417
-24.0803 1.40239 12.7528
-32.75 1.57034 8.04992
-25.0084 1.2933 8.41766
-24.1859 0.921374 2.8877
-33.0955 1.43864 5.77719
-30.2093 1.13984 5.73875
-27.6598 1.18551 11.3575
-25.0356 1.29518 8.78388
-29.7244 1.13399 5.81932
-25.5477 1.15727 7.20332
-30.4004 1.16954 8.83912
-24.2811 1.30003 5.58767
-25.273 1.26322 9.31702
-26.3771 1.21977 12.3381
-24.4688 1.36232 7.48622
-27.6858 1.17908 11.1189
-33.0924 1.41211 10.4731
-26.2108 1.16162 3.42026
-31.724 1.40106 7.87962
-24.0815 1.45524 11.3029
-31.663 1.40298 8.94991
-32.2385 1.0379 4.3706
-29.5759 1.22252 9.69182
-32.5636 1.37082 5.61332
-30.9001 1.26352 8.8492
-28.1287 0.970871 7.17587
-35.6286 0.945057 2.49342
-28.6298 0.931388 1.59464
-27.1963 0.961424 5.35848
-26.1853 1.11097 1.87572
-35.48 1.45396 8.1018
-26.9729 0.851169 6.36284
-31.736 1.39966 7.69896
-33.1926 1.18551 4.80731
-33.7566 1.136 4.5818
-26.9598 0.989363 5.08442
-28.4281 0.998661 5.57182
-30.8238 0.721959 2.11407
-33.8772 1.46759 6.68023
-34.5916 1.27489 5.5538
-28.3942 0.996347 4.83235
-33.1487 1.58815 7.82162
-28.3255 0.996355 2.58161
-34.9645 1.55516 9.0143
-32.1132 1.14957 4.87264
-25.968 1.16808 10.283
-32.6769 0.76366 1.91784
-28.4821 0.970351 2.22729
-35.3231 1.38671 7.25306
-29.9027 1.2738 9.87401
-33.3681 1.22256 5.02491
-30.8149 1.4177 10.7954
-28.6661 1.01263 5.58677
-27.2259 0.932396 7.93912
-29.2231 0.881158 3.45048
-26.6113 1.16813 3.72728
-31.0908 1.29729 6.67109
-32.4519 1.49127 6.98482
-26.7254 1.15849 1.71275
-26.9595 0.991343 9.26453
-26.9977 1.33821 2.87185
-26.6699 1.20355 2.1275
-29.0427 1.26168 10.308
-30.5973 0.729923 1.94652
-27.1384 0.885312 5.7543
-35.6323 1.03268 3.78679
-28.7983 1.18867 9.96648
-28.8739 1.34932 10.9348
-33.2649 1.33373 10.9681
-31.5873 0.758096 1.63157
-34.5965 1.43446 7.16395
-34.461 1.50184 9.57981
-32.3842 0.70619 -1.606
-34.6246 0.872709 -1.91577
-25.6781 0.550774 -1.92645
-29.2491 0.488571 -1.66948
-32.6604 0.762711 1.9848
-35.2609 0.730566 0.433855
-29.6119 0.28415 -2.18494
-32.1108 0.586392 -2.10834
-27.8721 0.411346 -4.20189
-28.3622 0.979485 1.63964
-33.1326 0.166996 -6.10596
-32.8515 0.779509 -0.811911
-33.3871 0.79131 2.52254
-33.72 0.756484 -0.28272
-27.7174 1.16237 2.90952
-35.0046 0.832388 1.69091
-33.1109 0.814697 -1.89196
-35.4739 0.829248 -5.45011
-31.4885 0.803391 0.758877
-29.4004 0.8292 1.05552
-34.1378 0.847941 -3.34922
-33.9501 0.806996 1.83252
-25.7352 0.574718 -1.85442
-32.8817 0.789948 -1.31058
-35.1465 0.950339 -3.47404
-31.2447 0.486324 -1.73449
-35.1889 0.968884 -2.66377
-30.7585 0.681654 2.57442
-28.5499 0.497672 -2.23041
-30.5623 0.30306 -1.99664
-32.0443 0.823378 0.170175
-33.0248 0.795937 -0.664812
-26.3947 1.00649 0.712183
-29.2997 0.885194 0.348097
-33.735 0.865612 -2.68514
-34.3155 0.896639 -2.43794
-30.0075 0.144976 -4.13934
-25.8832 0.673897 -1.30631
-34.4565 0.813126 -1.22483
-27.6188 1.1204 2.37819
-33.3944 0.451504 -4.96731
-30.3542 0.831455 0.723778
-30.4378 0.262728 -4.3484
-31.7382 0.776121 1.26213
-30.3895 0.771489 3.7384
-28.7043 0.906538 -0.145692
-28.9674 0.888107 3.14695
-32.5011 0.789341 1.11747
-35.5539 0.863508 -5.18796
-30.963 0.339655 -2.06866
-7.45079 0.348924 16.5787
-6.88683 -0.320475 14.8889
-8.81374 1.19186 18.4803
-10.0809 0.0595631 13.6275
-8.53816 0.64044 16.5539
-9.51597 -0.522157 11.8507
-11.2595 0.224143 13.5314
-9.97499 -0.366066 10.2439
-12.8312 -0.0131939 11.4189
-10.7056 -0.23757 12.1761
-8.90499 1.32253 19.1956
-8.39228 1.04884 18.234
-10.9049 -0.21536 10.9712
-10.7325 0.696403 15.8328
-11.8879 -0.0483719 10.8592
-6.62498 -0.670693 10.8836
-7.95802 -0.219493 14.0597
-6.53403 -0.0396046 16.1331
-11.0889 0.985289 17.2757
-7.40745 0.495771 17.1024
-12.8071 -0.0023037 11.6225
-13.2801 -0.045718 10.5479
-5.61695 -0.671282 10.3083
-12.848 0.290077 13.304
-7.38275 -0.0253372 15.4025
-6.10067 -0.561899 14.7927
-10.636 -0.252528 12.1684
-10.7724 1.19612 19.2173
-7.71418 -0.57574 12.5856
-8.1286 0.890637 17.7954
-7.07055 -0.674102 11.2956
-7.43677 -0.630586 10.7692
-5.95632 -0.602675 14.3935
-12.1153 0.248923 13.0968
-7.89638 -0.359922 13.4353
-7.86678 -0.643169 11.3194
-6.40734 0.491494 26.469
-11.1539 1.08031 24.4963
-11.6046 0.803748 27.8661
-8.51891 1.18691 30.0479
-5.26137 0.550691 24.9955
-10.8801 0.864175 28.7817
-4.91253 0.73424 29.1726
-14.0345 0.628401 32.5858
-7.29602 1.07088 29.7097
-12.7509 0.851657 28.7292
-11.7032 0.843892 32.3636
-5.65108 1.18267 32.0896
-9.89835 0.946228 27.9339
-6.41924 1.21002 33.3823
-7.06835 1.13079 30.0052
-6.14122 1.2338 33.0915
-7.15808 0.922619 28.9422
-8.19938 1.04379 29.234
-6.49735 1.20544 32.172
-9.913 0.938077 27.52
-5.4759 0.457235 27.8951
-4.846 0.963106 30.0558
-5.99381 0.439272 26.2572
-5.42798 1.17693 32.1439
-12.2419 0.724249 29.0988
-10.3775 0.912874 27.3568
-11.7459 0.797953 31.5869
-8.90741 1.14305 29.353
-10.6946 0.948624 31.0721
-6.15831 1.20397 34.105
-10.339 0.953534 29.6395
-8.29826 1.08378 25.3505
-10.4034 1.04618 25.663
-10.7312 0.942868 31.0776
-10.448 1.14359 24.6742
-7.84476 1.15994 33.8569
-5.11549 0.550058 24.8634
-7.74374 1.25694 32.837
-10.3943 0.966322 30.2084
-12.6304 0.686164 29.9572
-7.30977 0.835269 25.6071
-8.44964 1.23293 31.7114
-8.63519 1.19203 33.5059
0.737194 1.28369 32.4703
-1.02342 1.16846 31.0973
-7.2086 1.02877 35.6299
0.0380148 0.676672 26.4484
-4.75827 0.267737 26.1194
-3.94099 1.22109 32.5152
-3.8238 1.14319 31.9744
-5.69977 1.24143 33.4543
1.10281 0.612642 27.219
-4.1714 1.27439 34.9927
-6.92752 0.886916 28.9113
-0.872047 1.06656 30.3063
-2.33419 1.31078 32.5625
-2.5234 1.06264 31.3121
1.90483 0.603136 26.25
1.66129 0.774562 28.1791
1.15316 0.901553 28.7346
-5.42022 1.21976 34.8779
-6.93026 1.20373 31.892
-0.693514 1.437 33.5751
-7.32915 1.24715 32.7758
-2.82828 0.095604 25.6909
-2.42787 1.34783 35.6195
-2.57071 1.27445 32.4273
-2.53317 0.57322 29.095
-4.9374 1.22847 32.5793
-3.0944 0.501348 29.135
-1.69788 0.99436 30.4494
-4.56112 1.24963 32.6361
2.40961 0.988533 31.6686
-5.81359 1.20196 32.3507
1.2966 1.10672 29.7389
-7.10788 0.785299 28.2884
-6.46363 1.15776 31.1147
-3.4649 0.0934101 25.9265
-5.66832 1.16015 31.6277
-4.45278 0.144517 26.5549
0.00505495 1.36257 32.0763
-1.28862 0.975805 30.06
-3.43255 0.113216 25.7837
-7.20311 1.04479 35.463
-1.06462 0.433012 25.9433
-2.0052 0.769408 29.525
2.35101 1.08181 35.5628
-6.78377 0.837214 28.73
2.57502 0.640139 27.8132
0.319089 1.40135 34.9609
-3.58972 0.700397 29.6095
1.31857 1.18134 30.1772
-0.879981 0.446581 26.2165
-3.88482 0.568303 29.0383
-5.86516 0.612497 28.2613
1.9143 1.17182 30.1129
0.669759 1.28239 33.5819
-6.95345 1.16892 31.0888
0.560808 1.2106 30.6024
-1.19797 1.26835 31.9373
-1.91729 0.621042 28.8439
-6.27747 0.489869 26.3216
-1.29929 1.4175 33.0817
-1.7879 1.39498 33.4778
-2.9711 1.3118 32.7753
2.67574 1.03971 35.5833
-3.39225 0.945366 30.8929
-1.98993 0.805872 29.678
-3.19022 1.33653 33.6942
0.254097 0.834803 28.1972
-2.81515 0.209805 28.0297
2.20942 0.519661 27.1816
-5.43637 0.406218 27.7242
-0.150578 0.634345 26.2233
-6.77706 1.07796 35.6056
-3.67637 0.591571 29.2156
-6.5674 1.23472 32.7372
1.37352 1.15528 29.9642
-1.30784 1.18232 31.4245
-1.03073 1.24847 31.7239
-3.02664 1.34547 33.5502
0.984098 1.26341 34.7245
-3.72185 0.939811 30.8029
-0.285165 1.18893 30.7476
-0.175603 0.846834 28.369
-2.93783 0.408322 28.8167
1.17423 0.88619 28.637
-6.8155 1.16403 31.0614
-5.38298 0.29751 26.4867
2.4377 0.827272 32.8214
1.11777 1.16888 32.7253
-0.59096 1.4326 36.0527
-4.85745 0.187335 27.2252
-7.1332 1.13656 30.093
2.68093 0.774973 28.3376
0.427137 0.943071 28.8573
-4.23609 0.90782 30.1324
1.75896 0.85086 28.5186
-6.19141 1.20382 34.0369
-6.86373 1.13176 34.7413
-2.91891 -0.042231 26.4281
1.15165 1.16143 33.5261
2.60921 0.871414 28.7481
-10.5586 1.10546 24.9179
-10.131 0.9529 28.3704
-10.7982 1.22509 22.3601
-11.1445 1.15135 19.0971
-6.7465 0.747353 28.3255
-10.1222 1.21016 18.9332
-7.0578 0.949165 24.6755
-5.51906 0.778238 23.6379
-6.3284 0.684761 19.6086
-5.37073 0.401983 27.7457
-10.7978 1.23323 22.1758
-7.63857 1.21214 21.4455
-12.04 1.01397 22.5215
-4.68773 0.626204 22.7318
-4.71276 0.352922 25.6033
-9.37416 1.37283 19.8042
-9.66897 1.24827 18.9954
-9.1648 1.0218 27.8406
-9.253 1.05727 26.3837
-10.9645 0.996153 25.7043
-10.699 0.887827 27.6328
-12.7944 1.00747 22.0537
-8.61394 0.926922 27.4802
-9.57192 1.48966 21.4537
-12 1.03922 21.5654
-11.8236 0.881637 26.2735
-5.37105 0.741237 23.1249
-9.49959 1.51525 21.1806
-5.11652 0.174422 26.9583
-7.65322 0.714229 26.759
-6.28538 0.900443 23.5357
-7.4634 0.977985 24.9569
-5.70034 0.597372 25.1425
-6.64031 0.618363 26.0678
-9.14008 1.53405 21.9454
-12.9515 0.901019 21.1235
-10.7862 0.874711 27.3706
-4.42561 0.588384 23.6865
-11.0201 1.00913 25.4175
-12.5274 1.00893 21.3546
-6.83932 0.628296 26.2528
-5.77086 0.769719 22.1542
-11.2654 0.801124 29.6327
-12.9311 0.955283 28.3101
-3.75847 0.0658299 27.3673
-6.82101 0.800832 25.2408
-10.0035 1.02993 30.078
-7.08713 1.05996 21.4275
-8.10187 0.856 26.5214
-4.08227 0.694592 29.3932
-7.35079 0.738627 27.7888
-8.64083 1.21822 24.9558
-5.39762 0.756812 23.6301
-10.0105 1.16859 25.0568
-5.1785 0.690826 24.158
-7.39415 0.817006 25.8182
-7.72283 1.15462 24.2279
-4.35664 0.485821 24.5126
-8.35853 0.902177 26.5916
-8.73726 1.50577 21.5807
-4.42134 0.582355 22.8244
-4.77412 0.565458 20.6301
-9.09403 1.04326 26.5293
-3.86315 0.206399 25.654
-10.0984 0.970548 28.8362
-8.47023 0.919622 27.8151
-6.25854 0.857634 29.081
-7.68285 1.23569 21.0287
-6.46699 0.883173 21.5447
-5.42845 0.555718 25.1224
-11.1333 0.935653 26.3532
-11.0133 0.934094 26.4283
-4.55225 0.179148 27.3478
-7.92578 1.29912 21.1367
-11.6271 0.996728 24.7452
-11.8383 1.06588 21.7138
-7.38133 0.88873 25.3913
-3.74504 0.50112 21.6949
-12.7089 0.903022 28.4263
-9.17551 1.11009 29.1756
0.509333 1.32674 33.3297
0.40252 0.687567 25.3369
-0.859115 0.766807 28.6649
-6.12142 1.23739 33.0507
0.458369 0.673889 26.0592
-2.98442 0.0569355 27.677
-0.65281 0.571952 27.3367
-4.80301 0.535143 28.4912
-2.99083 1.09846 31.7207
-6.0622 1.10521 30.2714
-4.64615 0.40963 28.1201
0.901802 0.648367 26.3751
-2.34109 0.235422 25.3274
-5.65632 1.25416 33.0117
-2.93865 1.34682 32.9366
2.04381 1.17888 30.0105
-0.553319 1.17272 30.7969
-0.212122 0.846245 28.4137
2.29039 1.13707 29.8167
-6.53524 1.11757 30.192
-3.97658 1.14274 31.9246
-6.162 1.11447 30.4054
-0.522191 1.3336 32.0033
-1.94496 0.174416 27.1155
-4.02541 0.750373 29.6116
-3.0421 0.56507 29.3662
1.62357 1.03946 33.3007
2.25896 0.839771 28.5416
2.38775 0.686888 25.342
-7.36108 1.21896 33.4163
1.48318 1.09881 29.6784
-7.16363 1.14494 34.2092
-6.3271 1.14394 30.9086
-5.21502 0.368975 25.9542
-1.98433 0.165399 27.1216
-5.13201 0.2573 26.4999
-4.36386 1.27667 34.3896
-3.65613 0.659544 29.4489
-5.92275 0.526331 25.733
1.01411 0.640673 27.3532
-5.20372 1.19287 32.3747
-0.810591 0.518491 25.4754
-4.63242 0.94034 30.0843
2.02153 1.05715 31.4286
-7.04337 0.817291 28.4421
-4.74351 1.05668 31.0066
0.624084 0.672792 25.8172
-1.5174 0.378167 25.5206
-6.97471 0.670015 27.8861
-1.07793 1.1418 30.9501
1.83727 1.05327 31.8623
7.6077 0.948587 36.4153
6.74191 0.903675 28.8757
3.66045 0.860169 34.4332
7.26925 0.973605 35.4934
2.31764 0.754292 37.5934
5.46378 0.744597 38.02
4.29432 0.892938 31.876
8.59346 1.01273 33.3385
2.46474 1.03454 36.7349
-0.236762 1.45616 34.1201
-0.0890532 1.4626 34.4973
2.85171 1.06306 35.9289
6.81758 0.874681 36.8154
7.07058 0.766626 37.7859
4.0282 0.830636 32.2316
1.468 1.07111 32.7507
6.07415 0.95816 33.9174
4.68618 1.04826 30.0861
1.48784 1.10688 31.6548
0.284798 1.40846 35.5672
3.21427 0.897519 37.113
2.94357 0.928427 31.4961
6.93263 0.913963 36.4929
5.85503 0.996277 32.9884
0.100467 1.06457 29.5954
4.62361 0.903436 32.0909
-0.466872 0.975649 29.3787
7.97942 1.00823 36.292
0.330576 1.25713 31.0648
0.619282 1.29663 32.9924
3.96472 0.920137 34.8617
8.4955 1.0374 36.4926
8.33863 0.940839 31.3584
1.84887 0.96083 29.0634
7.63212 1.01102 33.6626
6.31831 1.00318 32.6628
4.74508 0.92092 35.3338
7.42062 1.00979 32.8548
4.14844 0.757482 38.1842
8.72805 0.943065 31.5037
7.96112 0.779247 29.0024
9.04573 0.832183 29.7977
3.05985 1.01546 29.2676
8.90872 0.631049 38.1653
2.03809 1.13282 36.9128
1.70391 1.1246 34.652
5.82359 0.934973 34.2012
-0.261787 0.821352 28.3145
0.770043 1.22827 30.781
13.9841 0.929568 23.8207
17.769 0.552802 26.4288
9.6834 0.633377 28.1488
14.3188 0.684121 22.2859
13.5086 0.657861 27.1686
10.8336 0.737503 27.4707
14.7522 0.662092 25.2654
9.9776 0.491281 21.7668
18.6946 0.609082 23.3953
10.9637 0.683175 29.8853
13.4503 0.676921 28.8877
13.6731 0.759792 22.1727
9.57078 0.792796 24.3273
17.5663 0.537214 27.0599
12.7099 0.883922 22.0824
18.1849 0.574489 24.309
14.6701 0.564197 26.0397
19.0691 0.604234 23.1258
13.1408 0.719528 27.1072
11.8939 1.16884 24.1967
15.4398 0.785767 24.052
12.6446 0.616815 29.7153
16.5702 0.5181 26.2304
16.6352 0.68563 30.4566
16.9084 0.764832 29.7749
10.19 0.9258 23.9693
9.83111 0.84355 23.8021
11.7983 1.05291 22.9399
14.599 0.558539 28.2025
10.5514 0.683516 27.7966
14.8026 0.739659 29.5737
14.6799 0.677938 22.6134
17.6927 0.541662 26.8609
18.0003 0.65048 28.3792
14.6967 0.763644 23.2683
17.0838 0.679209 22.6906
18.4434 0.504031 26.0012
16.9609 0.773435 29.9332
16.5998 0.69846 30.4023
18.1736 0.799748 21.0151
17.841 0.745095 30.0462
12.987 0.801342 26.7135
10.2593 0.726125 29.3531
13.5748 0.966526 23.6943
17.527 0.700806 30.2842
9.98829 0.596821 27.2745
13.1259 0.658507 29.6821
10.725 0.694073 29.9805
17.957 0.678024 28.8166
13.7064 0.709216 29.9751
11.6048 0.932374 26.4754
10.2308 0.925195 32.4631
17.5589 0.755983 30.0293
13.7371 0.625979 26.8831
8.46807 0.655011 28.3718
16.8188 0.659949 28.7844
16.5933 0.641824 24.7419
10.4121 0.757212 30.4544
15.7217 0.537212 27.9381
16.8573 0.600247 24.9879
11.1787 0.739893 31.0623
12.4959 0.802258 27.5063
15.7196 0.628641 24.9754
13.1826 0.663956 28.7353
11.6075 0.916557 33.0198
15.5136 0.812101 30.0125
14.2022 0.63302 28.5729
11.5962 1.11762 23.7818
17.3587 0.301579 31.9989
10.1621 0.691195 28.6385
15.9591 0.615255 28.5534
11.8419 0.906358 32.9874
15.885 0.75342 23.8099
11.4122 0.898806 26.3765
16.7422 0.600657 28.1685
14.8299 0.378758 32.5715
17.6538 0.5379 27.0079
13.8601 0.475927 33.4263
11.4308 0.800874 28.0449
16.1172 0.511261 27.6217
17.4356 0.182524 32.464
13.3281 0.597461 33.328
8.44609 0.940445 31.3782
15.6307 0.656018 28.8531
11.8422 1.16038 24.1844
14.7179 0.779023 30.3467
10.4139 0.750888 30.3784
13.6458 0.684896 30.6134
13.1176 0.667291 31.3831
16.1102 0.565544 28.1038
11.0801 1.06094 23.9665
13.012 0.668687 30.1431
9.17486 0.943337 31.799
9.11748 0.777004 29.4607
8.47295 0.514891 26.7192
17.6309 0.621713 28.0822
9.88718 0.605008 26.2694
15.4861 0.480529 27.6497
14.3194 0.631781 29.0633
17.1802 0.722055 30.2276
19.748 0.844334 17.9833
27.435 0.142853 26.5263
21.2159 0.737924 18.5274
25.5746 0.435397 22.919
28.277 0.0283653 23.035
28.436 -0.121371 17.8953
23.5515 0.487224 22.268
22.9356 0.457787 23.8724
19.2609 0.911911 17.9814
18.8022 0.678753 16.7293
20.5881 0.304663 23.8855
21.3212 0.430289 16.9783
22.8847 0.734806 18.6598
18.7091 0.913513 19.3886
20.5405 0.204222 25.0816
24.4295 0.708095 17.6313
20.3248 0.2927 24.3265
19.7629 0.294231 25.5073
27.0114 0.27865 19.5122
26.9421 0.280552 21.3159
24.1023 0.747423 17.5389
28.1668 0.0620888 16.9364
27.4646 0.261319 23.2959
20.8109 0.702045 18.1746
24.6834 0.437822 25.2912
24.1329 0.766331 17.9417
27.9562 0.114137 16.771
27.8006 0.0552395 18.8307
23.3311 0.474735 21.3927
27.5485 0.114621 26.6469
24.1078 0.744494 17.5038
28.2742 0.0178585 21.4578
21.2083 0.871215 20.1052
19.8884 0.75144 17.7287
28.3356 -0.00680122 24.546
26.2341 0.312686 20.0985
24.7271 0.349846 21.0229
22.3799 0.176756 26.3651
23.3232 0.511551 23.9423
20.6104 0.26121 24.2377
27.1518 0.291978 25.2064
20.4163 0.44149 23.4265
21.7527 0.183885 25.4893
22.8016 0.677669 19.6202
26.4495 0.368925 22.5644
24.2214 0.436983 21.925
22.2783 0.725856 20.7424
20.46 0.875352 20.3225
19.3927 0.876772 20.4879
25.7632 0.432694 24.7074
46.7875 -1.34001 20.3792
48.0595 -1.65457 20.2195
51.636 -1.49573 22.0406
47.1 -1.78928 26.3525
52.666 -0.602236 24.1836
52.481 -0.570204 25.1251
48.3629 -1.67786 21.0902
49.5647 -1.61758 22.0821
47.9384 -1.78192 25.682
49.7829 -1.59393 20.6672
51.0052 -1.44642 23.3755
50.2025 -1.58069 19.4511
46.1753 -1.17173 19.6351
43.4243 -1.64936 22.5814
52.6504 -0.605741 26.5259
44.3775 -1.19692 21.2682
43.8577 -1.49266 18.5828
45.5674 -1.01725 19.1178
47.2068 -1.90048 23.3135
47.3478 -1.44204 19.1267
49.0123 -1.57609 26.6345
44.7711 -1.97148 25.1458
48.6635 -1.58965 18.5682
47.5858 -1.80712 25.6329
51.0909 -1.5618 19.5051
44.9384 -1.49468 22.5014
51.5954 -1.4385 22.3406
51.3482 -1.42248 22.8798
52.1063 -1.58053 20.8085
45.5097 -1.85611 26.593
52.9232 -0.888261 19.3156
48.4956 -1.57966 27.1781
49.0132 -1.69428 24.5934
52.9101 -0.900668 19.25
44.9191 -2.05429 24.4781
49.5653 -1.59393 20.027
47.3429 -1.92471 24.1332
53.2419 -1.11858 17.8263
49.4682 -1.60437 25.0256
44.0884 -1.9424 25.3473
46.084 -1.79452 26.966
46.2333 -1.19905 20.5507
43.5714 -1.62556 18.5325
50.1628 -1.5675 22.9516
43.8162 -1.92885 26.1816
50.432 -1.60694 18.1287
46.1081 -1.733 27.3654
45.2713 -0.958751 18.2755
46.0935 -1.14346 17.963
49.6495 -1.60311 21.5947
39.4975 -1.71589 -23.1115
38.2484 -1.69773 -20.7173
36.1484 -2.35716 -22.8084
37.533 -2.12765 -23.7225
34.6286 -2.01 -14.8123
38.8056 -1.96708 -16.6254
36.9535 -2.14375 -16.8448
34.5486 -1.77093 -17.0304
34.5858 -1.74104 -20.3746
39.9293 -2.28495 -15.4922
42.0409 -2.18546 -16.4032
37.739 -2.39893 -15.0821
43.8684 -2.08054 -19.0443
43.7484 -2.07542 -21.0872
35.3299 -1.94561 -20.3294
35.2804 -2.05691 -21.7876
42.0775 -2.45077 -14.6865
40.8241 -2.15089 -16.2406
39.1471 -1.9818 -16.5207
43.4902 -2.03295 -20.0203
34.584 -1.71666 -19.3394
36.1298 -2.49454 -14.8367
38.0103 -1.75181 -19.8564
40.9273 -1.77462 -22.9858
39.4404 -2.26413 -15.5166
41.2749 -1.78714 -22.5557
38.6714 -1.63371 -18.8752
38.7461 -1.94687 -24.3365
40.5443 -1.90326 -17.266
42.9821 -2.23447 -16.3642
36.4029 -2.088 -21.2078
37.2953 -2.06856 -17.0398
37.0536 -1.93908 -19.9705
37.8144 -1.95269 -22.7605
37.5397 -1.90363 -17.754
38.9714 -1.55107 -20.9972
39.0507 -1.57533 -18.9048
43.1524 -2.43668 -14.7641
38.2655 -2.23887 -15.6149
37.3194 -1.89043 -19.4078
39.4557 -1.99699 -16.5396
34.4183 -1.66415 -17.6597
39.6522 -1.6196 -19.77
42.3845 -1.92308 -23.8885
42.1914 -1.89217 -18.5969
38.5557 -1.83561 -23.4878
38.9512 -1.74552 -23.5088
42.3134 -1.914 -18.3393
36.5958 -2.03091 -18.8532
43.753 -2.2506 -24.2877
31.0431 -1.38352 -34.7254
22.9066 -1.65838 -35.5244
26.249 -1.19319 -35.7569
29.3917 -1.39234 -39.88
30.7376 -1.30786 -37.0887
29.9747 -1.44967 -39.4149
23.3732 -1.62654 -36.0816
31.5232 -1.1558 -36.0715
29.6835 -1.86002 -31.4578
27.2606 -1.13134 -39.5104
30.0592 -1.51035 -40.6185
23.1071 -1.09235 -40.472
29.31 -1.27665 -37.411
26.1455 -1.09415 -38.185
25.3752 -1.31366 -36.2834
25.5324 -1.38766 -35.2503
30.0085 -1.47733 -33.7631
31.1609 -1.40783 -38.4474
29.2471 -1.49954 -33.1952
30.3897 -1.43094 -38.8924
26.4815 -1.40289 -33.6835
28.153 -1.29515 -39.9932
25.9316 -1.03573 -39.1662
30.7596 -1.27754 -36.6303
29.3475 -1.33111 -38.5637
28.6968 -1.38651 -34.0112
23.7449 -1.79049 -32.944
28.7521 -1.31664 -39.6239
22.9893 -1.10476 -40.6323
30.7605 -1.28834 -36.7387
31.0388 -1.21058 -36.2067
29.2965 -1.54172 -32.8881
29.6588 -1.41184 -34.3243
25.6181 -1.80684 -31.7645
28.4262 -1.33847 -34.3018
30.1791 -1.78332 -31.9744
29.8254 -1.28641 -36.3993
31.0166 -2.08081 -31.0845
27.2591 -1.07596 -35.7398
28.3337 -1.19086 -38.3998
28.7796 -1.30916 -34.8044
30.5856 -1.3435 -34.9066
24.355 -1.06492 -40.4363
22.3789 -1.65069 -33.8257
29.4845 -1.25115 -36.2958
29.505 -1.4381 -40.2047
22.9722 -1.51608 -36.7036
31.4093 -1.70608 -32.9898
31.6764 -1.77844 -32.8039
26.4183 -1.07278 -38.0232
19.3603 -1.80081 -29.9552
18.1933 -1.71253 -29.9613
15.2107 -1.49081 -32.7769
22.3521 -2.04133 -28.3981
19.0609 -1.72411 -30.3693
20.8265 -1.86242 -30.3348
23.9079 -2.51961 -28.2999
18.8888 -1.89211 -28.6462
21.8156 -1.47763 -37.3205
16.6826 -1.22701 -33.9519
18.2256 -1.21026 -37.7194
20.5378 -1.70699 -31.3026
16.2905 -1.10679 -37.0175
14.4612 -1.08504 -36.9286
22.7882 -2.72082 -28.1879
15.8666 -1.57458 -29.7312
22.1793 -1.94635 -30.5948
14.6016 -1.18664 -37.2106
20.3748 -1.76013 -30.8283
19.3433 -1.72575 -30.5121
14.7707 -0.850171 -35.6365
20.4151 -2.76385 -28.2843
22.1159 -1.627 -34.1289
23.0937 -1.683 -34.0291
20.7727 -1.70467 -31.4481
20.4676 -1.50289 -36.6384
18.9379 -1.61488 -31.0932
19.9079 -1.92896 -28.8025
15.3795 -2.42611 -28.0816
22.2141 -1.63253 -32.9738
14.2583 -1.38638 -30.1401
17.4999 -1.73354 -29.5789
20.5936 -1.97076 -29.1086
16.8795 -1.14506 -37.1649
17.9327 -1.73257 -29.7492
24.015 -2.3409 -29.1638
14.7954 -2.32354 -28.1424
15.5925 -1.08547 -36.9708
21.4466 -1.57204 -36.8618
14.7856 -1.26479 -34.0102
23.5646 -2.31345 -29.1132
16.7684 -1.56544 -30.4957
14.3648 -1.45662 -29.0274
20.3427 -1.4995 -33.5521
21.7481 -1.94842 -30.2906
14.7414 -1.49295 -32.4009
22.024 -1.97102 -30.3037
15.67 -1.40512 -33.2918
16.7836 -1.43801 -32.057
19.6481 -1.40755 -33.8649
22.9439 -1.72087 -32.8601
25.4974 -2.17873 -29.6556
20.7884 -1.48152 -37.5172
18.9271 -1.51348 -31.8218
24.3716 -1.92992 -31.7058
21.006 -1.54957 -33.5681
20.0929 -1.85225 -30.0066
22.2365 -1.4901 -37.0786
18.5764 -1.63133 -30.7759
23.1655 -1.65096 -35.8802
19.1294 -1.704 -30.5525
17.0172 -1.42967 -31.9707
25.9393 -1.26052 -35.7044
17.9722 -1.27892 -38.1611
25.0714 -1.96577 -31.0118
16.6495 -1.39538 -32.8204
16.3321 -1.59688 -29.8732
19.3635 -1.35611 -39.2106
19.0562 -1.26363 -35.8142
22.708 -1.55344 -36.5979
25.8804 -2.09079 -29.9986
20.0377 -1.50007 -35.3314
23.572 -1.70063 -34.4205
21.4067 -1.54801 -33.07
24.9673 -1.45918 -35.4663
23.5247 -1.69871 -34.3539
21.0875 -1.4938 -37.5373
21.2959 -1.85227 -30.6984
17.4927 -1.49752 -31.4174
17.5046 -1.27788 -33.4085
23.9364 -1.39363 -37.075
22.2054 -1.63492 -36.2891
21.3823 -1.68698 -35.585
18.3817 -1.6616 -30.45
25.4495 -2.13952 -29.8598
25.4413 -1.06963 -38.3885
20.3432 -1.30644 -38.8789
17.1005 -1.71643 -29.5308
22.3378 -1.66572 -35.0955
25.231 -1.51737 -34.4345
16.8732 -1.6704 -29.723
26.2195 -2.10907 -29.8234
18.3256 -1.10426 -35.5725
21.4174 -1.73276 -31.6543
16.5179 -1.45215 -32.1407
18.2288 -1.30256 -38.3955
19.0321 -1.40982 -32.6302
23.4072 -1.91458 -31.711
23.3801 -1.32387 -37.5904
25.1227 -1.31647 -36.7316
18.503 -1.42888 -39.6362
27.0564 -1.55792 -32.3801
26.5996 -1.33465 -40.8686
27.0039 -1.01773 -38.5238
24.2896 -1.75789 -33.1358
19.7472 -1.43003 -35.0957
21.4923 -1.38126 -38.0053
23.5181 -1.82419 -32.5147
22.8894 -1.63968 -36.1046
25.81 -1.08623 -38.2186
24.1755 -1.04986 -40.4569
22.1393 -1.63066 -34.1676
23.4058 -1.93943 -31.5119
20.6854 -1.26847 -39.6429
25.2586 -1.08828 -39.819
23.1214 -1.7503 -32.7723
21.0122 -1.54079 -37.2674
26.9499 -1.06002 -39.2254
22.0663 -1.63559 -32.8437
19.6538 -1.6109 -31.5143
19.8037 -1.43333 -33.8371
19.9783 -1.39899 -37.3382
19.6157 -1.33689 -38.4298
26.6511 -1.25905 -40.4047
21.8997 -1.16853 -40.6131
19.8586 -1.53527 -32.1745
27.8417 -1.42207 -33.3649
25.7908 -1.11382 -37.9577
22.7948 -1.12315 -41.0279
19.5571 -1.37335 -35.8037
25.0727 -1.31712 -36.8194
26.8043 -1.7259 -31.6233
22.9599 -1.56909 -36.4232
19.3294 -1.34089 -38.9761
27.7608 -1.39401 -33.5862
25.015 -1.31316 -36.9649
25.695 -1.0368 -38.6682
27.3888 -1.229 -34.6751
26.454 -1.12768 -36.0753
25.1273 -1.42074 -35.5898
21.2289 -1.73227 -31.5229
26.8153 -1.27601 -40.4267
28.0254 -1.22636 -35.0541
21.2655 -1.69512 -31.8281
27.0735 -1.34861 -40.7605
18.7243 -1.38905 -39.3484
24.1498 -0.997359 -39.1406
23.2636 -1.20944 -38.1643
24.6223 -1.72693 -33.0296
21.6784 -1.20283 -39.9597
22.2338 -1.14744 -41.5745
20.9774 -1.31243 -38.7735
21.1465 -1.54333 -33.4261
20.0533 -1.50301 -35.4098
23.6053 -1.5129 -36.5738
18.3134 -1.22038 -37.5937
15.3928 -1.54507 -38.3347
21.7974 -1.20143 -39.1733
16.8079 -1.01051 -35.3164
16.7143 -1.22626 -37.4634
15.4627 -1.27199 -33.9354
17.1351 -1.02137 -35.3955
18.0098 -1.15292 -37.2409
23.0179 -1.09798 -40.4405
14.8535 -1.49932 -32.7355
15.1221 -1.49745 -32.4986
16.9151 -1.78975 -40.8814
18.3894 -1.23389 -37.9422
18.509 -1.37182 -38.9744
20.3332 -1.32669 -41.9951
15.3968 -1.84028 -40.0788
16.0181 -0.992481 -36.6433
22.0779 -1.15236 -41.7088
16.1811 -0.908187 -36.2588
17.3808 -1.22923 -33.9406
20.06 -1.32193 -38.125
22.4203 -1.13568 -41.6502
19.4896 -1.40411 -40.052
19.9767 -1.36384 -40.5537
15.8344 -1.89519 -42.2719
19.3669 -1.52868 -41.75
16.3111 -0.903085 -35.7949
15.8628 -1.14482 -34.4427
21.2707 -1.62228 -34.4222
18.7261 -1.63498 -41.5355
18.9986 -1.41244 -32.5929
16.9169 -1.26689 -37.7835
19.6001 -1.36551 -36.2655
16.5418 -1.01167 -35.1953
14.5249 -1.81667 -39.0073
19.1011 -1.29932 -35.3628
23.3047 -1.07988 -40.4911
14.6012 -1.42288 -33.4169
24.0546 -1.00616 -39.5792
18.5924 -1.3219 -33.2894
19.3105 -1.35659 -39.1862
17.1931 -1.50827 -38.9713
23.7613 -1.66923 -35.104
19.1673 -1.53778 -41.4549
15.4337 -0.79036 -35.9845
6.49138 0.83201 -13.6786
6.48131 0.117635 -16.8238
1.83548 -0.465478 -14.6201
4.53271 0.585424 -12.0382
-1.06012 -0.124989 -10.5864
5.93747 0.981039 -12.2744
0.110574 0.235007 -8.66652
5.17695 0.686614 -12.5726
-0.832753 -0.729121 -15.3864
-1.99581 -0.294913 -12.1206
0.282088 0.0687504 -7.5703
3.4969 -0.123846 -9.52226
-1.05432 -1.33394 -17.2499
5.26698 0.378693 -14.4501
5.37929 0.48426 -14.0466
4.64837 -0.0908524 -16.6245
5.69668 0.683825 -13.4811
3.66537 -0.218766 -8.0531
1.13355 -0.578912 -14.6283
0.600701 0.148502 -9.47038
0.657161 -0.754037 -15.5735
5.97287 0.0510967 -16.9138
7.26594 0.989266 -10.0945
1.73721 -0.0418304 -9.37272
3.29304 -0.110083 -14.0131
1.52083 -0.358509 -13.4524
5.02772 0.278554 -14.6518
4.70697 0.00158615 -15.983
1.96274 -0.0753479 -11.8334
2.17668 -0.10136 -10.5181
0.98798 -0.502554 -13.862
6.52679 0.616863 -8.65767
0.831726 -0.762059 -16.9203
4.56933 0.580546 -12.1307
7.07459 1.11421 -11.3235
4.93219 -0.0358852 -16.5778
3.03638 -0.037611 -13.0664
-1.43366 -0.465292 -12.9721
6.86096 0.827457 -14.0997
4.9795 0.216174 -7.61272
0.0977561 0.104388 -9.77618
2.00059 -0.589252 -16.6303
-1.89327 -1.14226 -16.9004
1.89682 -0.559246 -15.9409
-2.41361 -0.181125 -10.8211
1.64627 -0.223589 -12.5894
1.54708 -0.55875 -15.0086
0.18626 0.18712 -8.41383
7.03614 1.13175 -11.5426
0.445667 -0.362162 -11.9738
-0.532907 -0.0513748 -6.14986
-5.765 -0.638512 -13.1053
-2.89596 -0.073558 -7.97303
-0.843585 -0.246978 -11.0939
-6.88716 -0.700984 -12.7727
-7.17312 0.0186447 -8.46286
-0.271669 0.24239 -9.07811
-0.0235536 0.030257 -6.8527
1.08793 -0.219981 -5.50714
-8.00688 0.0893726 -8.53488
-2.95333 -0.170446 -4.95231
-6.24078 -0.414756 -11.6057
-2.83065 -0.0860653 -8.82969
-7.93883 0.120818 -5.70856
-1.04409 -0.0548939 -6.06929
-7.84849 -0.363451 -10.471
-0.625378 -0.000664902 -6.54446
-5.98687 -0.797618 -13.8405
-6.24841 -0.775962 -13.6183
-5.10427 -0.468124 -12.5166
1.09312 -0.219554 -5.49829
-0.317141 -0.374423 -11.6536
-0.112056 0.0100056 -10.0916
-4.34742 -0.124311 -6.03297
-6.53101 -0.705128 -13.0385
-6.8011 -0.150727 -9.88593
-1.01693 -0.578764 -13.6205
-0.930868 0.0601799 -7.55645
-0.964133 0.127776 -8.22542
-6.31677 -0.53139 -12.1907
0.0795996 -0.0818001 -6.05952
-0.898519 -0.717902 -14.6425
-3.40378 -0.0845009 -6.79288
-0.806353 0.0021595 -9.78156
-4.85036 -0.0247307 -4.82444
-1.41703 -0.382141 -12.3894
-2.64265 -0.126387 -9.85938
-8.08104 -0.164842 -9.83405
-4.14477 -0.0954128 -8.4772
0.0460293 -0.638849 -13.7114
-7.68828 0.123355 -6.38882
-5.37253 -0.118388 -7.63306
1.55456 -0.287843 -6.06105
-2.20837 -0.473271 -13.3623
0.87308 0.09375 -9.4016
-1.64164 -0.376562 -12.4699
-1.44022 -0.0696854 -10.1884
1.21001 -0.24342 -5.70948
0.754363 -0.18041 -5.93501
1.36992 -0.152031 -7.29277
-9.74753 -0.556769 -0.842912
-10.1192 -0.532951 -0.860308
-5.9083 -0.0467228 0.613431
-10.1015 0.0676254 -5.29983
-10.2685 -0.186061 -3.41501
-4.02806 -0.0995007 -5.92821
-12.6068 -0.511531 -7.658
-6.05875 0.146922 -0.404056
-5.16121 -0.119252 -7.4639
-7.66891 0.0667889 -3.41105
-5.48196 0.125773 -0.244444
-9.59188 -0.640834 -0.292663
-7.36281 -0.173674 -0.658275
-11.0137 -0.319772 -8.05168
-4.57769 -0.13054 -6.38843
-8.52099 -0.145807 -3.26028
-7.62222 -0.196616 -0.999777
-7.73483 -0.267621 -0.700391
-8.44927 -0.726983 1.041
-8.24388 0.239106 -6.50745
-11.1651 -0.104747 -5.26596
-10.8184 -0.267067 -8.04314
-11.831 -0.384908 -7.30551
-12.9324 -0.497749 -7.47001
-3.98777 -0.088456 -5.77714
-11.7022 -0.517959 -8.26318
-5.12703 0.0132145 -4.73829
-12.2156 -0.22466 -5.87938
-3.72043 0.111424 -0.506598
-5.9791 -0.207265 -6.30206
-5.45113 -0.135876 1.13377
-9.69443 -0.202641 -3.39578
-8.93756 0.274268 -7.16238
-12.6868 -0.525811 -7.71659
-11.4721 -0.285388 -7.18771
-7.20808 0.124465 -2.53516
-3.35526 -0.0872074 26.9293
-7.67057 1.11992 20.1346
-9.05642 0.981598 26.9512
-10.1923 1.35367 21.8961
-10.0785 1.04375 26.011
-11.1546 1.07717 24.5568
-5.77812 0.663234 20.4386
-6.35858 0.885133 22.2843
-12.6936 0.998839 22.5261
-3.57896 0.427185 28.6816
-11.2113 1.18907 21.4985
-10.0815 0.936199 28.0398
-10.7334 0.880043 27.3214
-6.60487 0.936453 22.0854
-3.02474 0.343971 23.8979
-4.99898 0.649128 21.2739
-8.43293 1.34297 23.2271
-11.699 0.988268 24.6984
-4.6645 0.11979 27.0794
-4.22686 0.223095 27.6739
-12.8129 0.958526 27.7536
-2.91121 0.416312 21.0602
-10.3116 1.18346 24.4811
-5.00509 0.653991 21.3847
-5.51688 0.236626 27.0346
-3.39676 0.0993965 25.8291
-3.59361 0.463969 23.1068
-7.09683 1.06634 21.142
-8.39844 1.44285 21.023
-5.68931 0.664648 20.5399
-10.0477 1.2367 24.3459
-4.93642 0.317157 27.6568
-12.8548 0.941937 19.9381
-5.7238 0.743939 21.6111
-3.32779 0.0529369 26.0448
-3.52921 0.457661 22.245
-2.91274 0.393708 21.9578
-10.6119 1.22732 19.6033
-5.16958 0.38574 25.8257
-8.09844 0.822727 26.7132
-12.0686 1.02148 22.1668
-10.1633 1.28901 19.7266
-9.09854 1.17422 25.6582
-7.48411 1.06106 24.4896
-3.86766 0.501789 22.7498
-12.1611 0.988885 23.5988
-7.89153 0.805476 27.6788
-11.2919 1.12272 23.0082
-6.24689 0.832988 24.4374
-11.3835 1.13087 22.2523
